station_id,station_name,longitude_wgs84,latitude_wgs84,month,peak_offpeak_ratio,weekday_weekend_ratio,peak_share,weekend_share,ratio_reliable
5677,Zählfeld J_36.1_1_I (veraltet),9.999514,53.580505,2025-01,4.890701071080818,2.2914604835289127,0.525914873566829,0.1514842154861002,True
5677,Zählfeld J_36.1_1_I (veraltet),9.999514,53.580505,2025-02,4.936851002173388,1.7064641744548288,0.5039006174437091,0.18989167005582874,True
5677,Zählfeld J_36.1_1_I (veraltet),9.999514,53.580505,2025-03,4.280627198124266,1.649658085177382,0.45624721786191225,0.22400018742825012,True
5677,Zählfeld J_36.1_1_I (veraltet),9.999514,53.580505,2025-04,2.755876581353597,1.9551140231449966,0.3812841174941513,0.203656528896976,True
5677,Zählfeld J_36.1_1_I (veraltet),9.999514,53.580505,2025-05,2.7605841371918545,1.5586837595570788,0.354226478020939,0.2608262132751122,True
5677,Zählfeld J_36.1_1_I (veraltet),9.999514,53.580505,2025-06,2.848678250844108,1.6534082972482191,0.3739722695207979,0.23219005919078894,True
5677,Zählfeld J_36.1_1_I (veraltet),9.999514,53.580505,2025-07,2.818792746938126,1.580871509828388,0.39706599001831655,0.18034246920633853,True
5677,Zählfeld J_36.1_1_I (veraltet),9.999514,53.580505,2025-08,2.636832755266052,1.5462962962962963,0.3576468968365977,0.2354480052321779,True
5677,Zählfeld J_36.1_1_I (veraltet),9.999514,53.580505,2025-09,2.797511073613162,1.531082887700535,0.3899276768389487,0.19192097371670488,True
5677,Zählfeld J_36.1_1_I (veraltet),9.999514,53.580505,2025-10,2.981908757210278,2.115938399899837,0.4069124671282134,0.18370632748349702,True
5677,Zählfeld J_36.1_1_I (veraltet),9.999514,53.580505,2025-11,4.597094160379994,2.5752983519605985,0.5067294958267886,0.1625858511195294,True
5677,Zählfeld J_36.1_1_I (veraltet),9.999514,53.580505,2025-12,3.988235294117647,2.635314995563443,0.4833650190114068,0.15304182509505704,True
5677,Zählfeld J_36.1_1_I (veraltet),9.999514,53.580505,2026-01,4.36520737327189,2.2590425306364756,0.48949693822184326,0.17409503139291527,True
5677,Zählfeld J_36.1_1_I (veraltet),9.999514,53.580505,2026-02,4.531985996180777,2.001522359657469,0.5014791336502905,0.16656101426307449,True
5678,Zählfeld J_36.1_2_I (veraltet),9.999549,53.580513,2025-01,2.911144130757801,2.6410994069221916,0.4264321783040223,0.13411979801497476,True
5678,Zählfeld J_36.1_2_I (veraltet),9.999549,53.580513,2025-02,2.983739837398374,1.855029171528588,0.4101916628720454,0.17738129734652483,True
5678,Zählfeld J_36.1_2_I (veraltet),9.999549,53.580513,2025-03,2.785218062524122,1.737550424259285,0.3778766854300301,0.21510668935724572,True
5678,Zählfeld J_36.1_2_I (veraltet),9.999549,53.580513,2025-04,1.851383986624559,1.947645150464258,0.30366324641787973,0.20427797710185333,True
5678,Zählfeld J_36.1_2_I (veraltet),9.999549,53.580513,2025-05,1.8811394891944992,1.427277000208899,0.2781893721491037,0.2781603184287748,True
5678,Zählfeld J_36.1_2_I (veraltet),9.999549,53.580513,2025-06,1.776873516446253,1.4994145822245875,0.2789533924246054,0.25007319864782135,True
5678,Zählfeld J_36.1_2_I (veraltet),9.999549,53.580513,2025-07,1.7414026130049556,1.4800421891480136,0.2973867104352063,0.19029056497320032,True
5678,Zählfeld J_36.1_2_I (veraltet),9.999549,53.580513,2025-08,1.7661479905966642,1.6732100119077093,0.2884647029784433,0.22154571883056332,True
5678,Zählfeld J_36.1_2_I (veraltet),9.999549,53.580513,2025-09,1.7261102708648426,1.4483514168334561,0.29193312094505036,0.2006836732321001,True
5678,Zählfeld J_36.1_2_I (veraltet),9.999549,53.580513,2025-10,1.8224248605195275,2.161898307272757,0.30969202067467966,0.18050585680643483,True
5678,Zählfeld J_36.1_2_I (veraltet),9.999549,53.580513,2025-11,2.743284032598853,2.636118038237739,0.40149758133987146,0.15943277450135843,True
5678,Zählfeld J_36.1_2_I (veraltet),9.999549,53.580513,2025-12,2.4334893048128343,2.790458167587121,0.3825812807881773,0.14577339901477832,True
5678,Zählfeld J_36.1_2_I (veraltet),9.999549,53.580513,2026-01,2.976744186046512,2.6418291937545146,0.42199055511004185,0.15272208856811903,True
5678,Zählfeld J_36.1_2_I (veraltet),9.999549,53.580513,2026-02,2.904413793103448,2.262227506936187,0.4179966650786089,0.1502501191043354,True
5679,Zählfeld B_39.5_1_I (veraltet),10.036357,53.57573,2025-01,3.5997310623038996,2.9592014470422723,0.4791909066499597,0.12145350398281572,True
5679,Zählfeld B_39.5_1_I (veraltet),10.036357,53.57573,2025-02,3.584126247389185,2.056987493202828,0.4557365439093484,0.16280099150141644,True
5679,Zählfeld B_39.5_1_I (veraltet),10.036357,53.57573,2025-03,3.178398058252427,2.147048125128497,0.42105263157894735,0.18152770241755592,True
5679,Zählfeld B_39.5_1_I (veraltet),10.036357,53.57573,2025-04,2.0323643133323785,2.5032768200598374,0.3366223908918406,0.16648481973434534,True
5679,Zählfeld B_39.5_1_I (veraltet),10.036357,53.57573,2025-05,2.0249888442659527,2.0207340946166394,0.3167667178556471,0.2139466703895016,True
5679,Zählfeld B_39.5_1_I (veraltet),10.036357,53.57573,2025-06,2.0694271183187793,2.18697218082464,0.33225485891243556,0.18608305793718657,True
5679,Zählfeld B_39.5_1_I (veraltet),10.036357,53.57573,2025-07,1.9940747291620606,1.9439739750077454,0.3386882364869432,0.15176982177860893,True
5679,Zählfeld B_39.5_1_I (veraltet),10.036357,53.57573,2025-08,1.8793304221251819,1.8743988906036815,0.30713419130765757,0.2025834383995052,True
5679,Zählfeld B_39.5_1_I (veraltet),10.036357,53.57573,2025-09,1.9980905098338746,1.8124691646542546,0.3329674001240991,0.16710419550379457,True
5679,Zählfeld B_39.5_1_I (veraltet),10.036357,53.57573,2025-10,2.0895031896385077,2.5245958230251424,0.3454016744423851,0.1586885664983703,True
5679,Zählfeld B_39.5_1_I (veraltet),10.036357,53.57573,2025-11,3.3161863722057636,2.551348999129678,0.4389974329720479,0.1638619509412436,True
5679,Zählfeld B_39.5_1_I (veraltet),10.036357,53.57573,2025-12,2.7587604981175793,2.776032723262275,0.4089114010989011,0.14641998626373626,True
5679,Zählfeld B_39.5_1_I (veraltet),10.036357,53.57573,2026-01,3.002098880597015,2.4550709706959704,0.41892023821146146,0.1624524065215269,True
5679,Zählfeld B_39.5_1_I (veraltet),10.036357,53.57573,2026-02,3.060289389067524,2.2082601054481548,0.4275318374772589,0.153358938076949,True
5680,Zählfeld B_39.5_2_G (veraltet),10.036357,53.57573,2025-01,1.5753899480069324,1.5189873417721518,0.2712623097582811,0.21217547000895254,True
5680,Zählfeld B_39.5_2_G (veraltet),10.036357,53.57573,2025-02,1.797945205479452,1.4650980392156863,0.2943650126156434,0.2144659377628259,True
5680,Zählfeld B_39.5_2_G (veraltet),10.036357,53.57573,2025-03,1.7301038062283738,1.7405143875732112,0.2871912693854107,0.2148190695002872,True
5680,Zählfeld B_39.5_2_G (veraltet),10.036357,53.57573,2025-04,1.5924453280318094,1.9154228855721394,0.2749742533470649,0.2070030895983522,True
5680,Zählfeld B_39.5_2_G (veraltet),10.036357,53.57573,2025-05,1.4910536779324057,1.5628301886792453,0.2455795677799607,0.26031434184675833,True
5680,Zählfeld B_39.5_2_G (veraltet),10.036357,53.57573,2025-06,1.5974781765276431,1.7913832199546484,0.27164769915883225,0.2182088075210292,True
5680,Zählfeld B_39.5_2_G (veraltet),10.036357,53.57573,2025-07,1.4936601859678784,1.6840104537894987,0.2754911131898971,0.17118802619270346,True
5680,Zählfeld B_39.5_2_G (veraltet),10.036357,53.57573,2025-08,1.6275167785234899,1.376659678546471,0.2613146551724138,0.25700431034482757,True
5680,Zählfeld B_39.5_2_G (veraltet),10.036357,53.57573,2025-09,1.546742209631728,1.3572938689217757,0.2683046683046683,0.2113022113022113,True
5680,Zählfeld B_39.5_2_G (veraltet),10.036357,53.57573,2025-10,1.4762979683972914,1.734225370589007,0.2587537091988131,0.21543026706231455,True
5680,Zählfeld B_39.5_2_G (veraltet),10.036357,53.57573,2025-11,1.6309859154929578,1.6606060606060604,0.270687237026648,0.2314165497896213,True
5680,Zählfeld B_39.5_2_G (veraltet),10.036357,53.57573,2025-12,1.7351097178683383,1.9652615144418424,0.2949640287769784,0.1950439648281375,True
5680,Zählfeld B_39.5_2_G (veraltet),10.036357,53.57573,2026-01,1.3574144486692015,1.3181504485852313,0.22884615384615384,0.2653846153846154,True
5680,Zählfeld B_39.5_2_G (veraltet),10.036357,53.57573,2026-02,1.6207627118644068,1.321818181818182,0.2692713833157339,0.23231256599788808,True
5683,Zählfeld G_40.1_1_G (veraltet),10.042909,53.5987,2025-01,2.1,1.6363636363636362,0.32941176470588235,0.2,True
5683,Zählfeld G_40.1_1_G (veraltet),10.042909,53.5987,2025-02,1.7625000000000002,1.4514285714285715,0.29012345679012347,0.21604938271604937,True
5683,Zählfeld G_40.1_1_G (veraltet),10.042909,53.5987,2025-03,2.55,1.5661375661375663,0.35233160621761656,0.23316062176165803,True
5683,Zählfeld G_40.1_1_G (veraltet),10.042909,53.5987,2025-04,1.8125,2.3333333333333335,0.31016042780748665,0.17647058823529413,True
5683,Zählfeld G_40.1_1_G (veraltet),10.042909,53.5987,2025-05,1.7926829268292683,1.5010416666666664,0.2737430167597765,0.2681564245810056,True
5683,Zählfeld G_40.1_1_G (veraltet),10.042909,53.5987,2025-06,1.7222222222222225,1.888888888888889,0.28837209302325584,0.20930232558139536,True
5683,Zählfeld G_40.1_1_G (veraltet),10.042909,53.5987,2025-07,1.5410958904109588,1.423510466988728,0.2727272727272727,0.19636363636363635,True
5683,Zählfeld G_40.1_1_G (veraltet),10.042909,53.5987,2025-08,1.5,1.2653061224489797,0.2421875,0.2734375,True
5683,Zählfeld G_40.1_1_G (veraltet),10.042909,53.5987,2025-09,1.4491525423728815,1.1570247933884297,0.24782608695652175,0.2391304347826087,True
5683,Zählfeld G_40.1_1_G (veraltet),10.042909,53.5987,2025-10,1.3392857142857142,1.6413373860182372,0.23923444976076555,0.22488038277511962,True
5683,Zählfeld G_40.1_1_G (veraltet),10.042909,53.5987,2025-11,1.4805194805194806,1.6911764705882355,0.2550335570469799,0.22818791946308725,True
5683,Zählfeld G_40.1_1_G (veraltet),10.042909,53.5987,2025-12,1.4776119402985075,1.7006802721088434,0.2578125,0.21875,True
5683,Zählfeld G_40.1_1_G (veraltet),10.042909,53.5987,2026-01,1.411764705882353,1.7857142857142858,0.25263157894736843,0.21052631578947367,True
5683,Zählfeld G_40.1_1_G (veraltet),10.042909,53.5987,2026-02,2.093023255813953,1.123076923076923,0.30303030303030304,0.26262626262626265,True
5684,Zählfeld G_40.1_2_I (veraltet),10.042909,53.5987,2025-01,2.3702786377708978,2.311430263547527,0.375,0.15037225705329155,True
5684,Zählfeld G_40.1_2_I (veraltet),10.042909,53.5987,2025-02,2.496782496782497,1.801159725882973,0.3716831114091388,0.18172238720183925,True
5684,Zählfeld G_40.1_2_I (veraltet),10.042909,53.5987,2025-03,2.414647782333209,1.8947842078491215,0.356382539813516,0.20084165360178233,True
5684,Zählfeld G_40.1_2_I (veraltet),10.042909,53.5987,2025-04,1.5224673860525042,2.378048780487805,0.2781603107344633,0.17372881355932204,True
5684,Zählfeld G_40.1_2_I (veraltet),10.042909,53.5987,2025-05,1.3169687455401742,1.6504910714285717,0.22881797217882913,0.249944208881946,True
5684,Zählfeld G_40.1_2_I (veraltet),10.042909,53.5987,2025-06,1.331674545906942,1.692823803967328,0.2373287215644539,0.22801649594253026,True
5684,Zählfeld G_40.1_2_I (veraltet),10.042909,53.5987,2025-07,1.516410653110841,1.626651144046926,0.2766086115142719,0.1761611030478955,True
5684,Zählfeld G_40.1_2_I (veraltet),10.042909,53.5987,2025-08,1.4290556154675707,1.6593939393939394,0.25070947863455767,0.22297899943241709,True
5684,Zählfeld G_40.1_2_I (veraltet),10.042909,53.5987,2025-09,1.843150016270745,1.6459854014598543,0.31170546475152716,0.1809476638599967,True
5684,Zählfeld G_40.1_2_I (veraltet),10.042909,53.5987,2025-10,1.7406524653657083,2.3171690694626474,0.30458242101970595,0.17047231779793556,True
5684,Zählfeld G_40.1_2_I (veraltet),10.042909,53.5987,2025-11,2.3782796413151774,2.2901994060246076,0.3629590207557211,0.17919866190222764,True
5684,Zählfeld G_40.1_2_I (veraltet),10.042909,53.5987,2025-12,2.1598885793871867,2.2746138166457914,0.3461298098384073,0.17310954379073298,True
5684,Zählfeld G_40.1_2_I (veraltet),10.042909,53.5987,2026-01,2.275229357798165,2.1225544481358436,0.3522727272727273,0.18323863636363635,True
5684,Zählfeld G_40.1_2_I (veraltet),10.042909,53.5987,2026-02,2.2909250072950105,2.217981651376147,0.36683487524530417,0.15278945892907206,True
5685,Zählfeld B_39.6_1_G (veraltet),10.036151,53.57526,2025-01,1.8277580071174375,2.111768368617684,0.3171545016672842,0.16228232678769916,True
5685,Zählfeld B_39.6_1_G (veraltet),10.036151,53.57526,2025-02,1.9319371727748693,1.6672566371681417,0.3159246575342466,0.1934931506849315,True
5685,Zählfeld B_39.6_1_G (veraltet),10.036151,53.57526,2025-03,1.7517053206002728,1.8276269185360092,0.2924496071062521,0.2066962760505637,True
5685,Zählfeld B_39.6_1_G (veraltet),10.036151,53.57526,2025-04,1.5327102803738317,2.2005444646098002,0.27553763440860213,0.1851478494623656,True
5685,Zählfeld B_39.6_1_G (veraltet),10.036151,53.57526,2025-05,1.5229846768820785,2.0337418300653596,0.26504347826086955,0.2128695652173913,True
5685,Zählfeld B_39.6_1_G (veraltet),10.036151,53.57526,2025-06,1.4121546961325966,2.2445193929173692,0.26175115207373273,0.18218125960061443,True
5685,Zählfeld B_39.6_1_G (veraltet),10.036151,53.57526,2025-07,1.6904622586307783,1.8403788204907447,0.3031161473087819,0.15895498898331759,True
5685,Zählfeld B_39.6_1_G (veraltet),10.036151,53.57526,2025-08,1.7441860465116281,1.608325449385052,0.283661119515885,0.22844175491679275,True
5685,Zählfeld B_39.6_1_G (veraltet),10.036151,53.57526,2025-09,1.3897385298470646,1.8499922033369716,0.26458157227387996,0.16427162581008733,True
5685,Zählfeld B_39.6_1_G (veraltet),10.036151,53.57526,2025-10,1.2098646034816247,2.573379444887825,0.24251235824367548,0.15615004361733062,True
5685,Zählfeld B_39.6_1_G (veraltet),10.036151,53.57526,2025-11,1.8029739776951674,2.1390728476821192,0.3042659974905897,0.18946047678795483,True
5685,Zählfeld B_39.6_1_G (veraltet),10.036151,53.57526,2025-12,1.5968051118210862,2.4663169803558573,0.2911569381335197,0.16183152743795876,True
5685,Zählfeld B_39.6_1_G (veraltet),10.036151,53.57526,2026-01,1.8579795021961931,2.2316384180790965,0.3152011922503726,0.17585692995529062,True
5685,Zählfeld B_39.6_1_G (veraltet),10.036151,53.57526,2026-02,1.4972677595628416,1.6710659898477156,0.26862745098039215,0.1931372549019608,True
5686,Zählfeld B_39.6_2_I (veraltet),10.036151,53.57526,2025-01,2.0919340849956636,2.7239406124342715,0.35718901453957996,0.1305735056542811,True
5686,Zählfeld B_39.6_2_I (veraltet),10.036151,53.57526,2025-02,2.1040848717734524,1.9564841498559078,0.34226081284904813,0.16974440503852267,True
5686,Zählfeld B_39.6_2_I (veraltet),10.036151,53.57526,2025-03,1.988500379429105,2.062767929556251,0.32385488563116765,0.18755347669841993,True
5686,Zählfeld B_39.6_2_I (veraltet),10.036151,53.57526,2025-04,1.4417320902845927,2.3831117546399896,0.2682965803771173,0.17342373190887092,True
5686,Zählfeld B_39.6_2_I (veraltet),10.036151,53.57526,2025-05,1.4929344033496161,1.9298896382587367,0.2585894297887771,0.22178406309491433,True
5686,Zählfeld B_39.6_2_I (veraltet),10.036151,53.57526,2025-06,1.483249949969982,2.1353082465972775,0.26807143942188755,0.189731125626614,True
5686,Zählfeld B_39.6_2_I (veraltet),10.036151,53.57526,2025-07,1.4467772886330286,1.9147933020633336,0.27533834586466166,0.15372717508055853,True
5686,Zählfeld B_39.6_2_I (veraltet),10.036151,53.57526,2025-08,1.4785704628419487,1.7823513586225452,0.2605360333531864,0.21083978558665872,True
5686,Zählfeld B_39.6_2_I (veraltet),10.036151,53.57526,2025-09,1.4019751280175567,1.7300159321506008,0.2631711447796036,0.17368517416578935,True
5686,Zählfeld B_39.6_2_I (veraltet),10.036151,53.57526,2025-10,1.4465595256670305,2.423732129036648,0.2719007537319999,0.16420799483825557,True
5686,Zählfeld B_39.6_2_I (veraltet),10.036151,53.57526,2025-11,2.018199737187911,2.3780123295348403,0.3323055952226405,0.17373101389069193,True
5686,Zählfeld B_39.6_2_I (veraltet),10.036151,53.57526,2025-12,1.7650916784203101,2.757130615742441,0.31586718661265284,0.1472759625941771,True
5686,Zählfeld B_39.6_2_I (veraltet),10.036151,53.57526,2026-01,1.9646191646191646,2.2963973178770316,0.3277586489588457,0.1717494671257583,True
5686,Zählfeld B_39.6_2_I (veraltet),10.036151,53.57526,2026-02,1.8536063913581637,2.1012787723785165,0.3208296815658779,0.15991820040899796,True
5689,Zählfeld B_28.6_1_G (veraltet),9.971825,53.566864,2025-01,2.5839314656170407,2.667896466247766,0.3953147877013177,0.15300146412884333,True
5689,Zählfeld B_28.6_1_G (veraltet),9.971825,53.566864,2025-02,2.5643478260869563,2.288012872083669,0.3976537216828479,0.13713592233009708,True
5689,Zählfeld B_28.6_1_G (veraltet),9.971825,53.566864,2025-03,2.3961937716262978,2.1714007240323028,0.36418616881409416,0.17985800683670786,True
5689,Zählfeld B_28.6_1_G (veraltet),9.971825,53.566864,2025-04,2.3284804367606915,2.486624203821656,0.36383024098955,0.1674130944764342,True
5689,Zählfeld B_28.6_1_G (veraltet),9.971825,53.566864,2025-05,2.5046004842615015,2.1913249211356467,0.36371308016877635,0.20063291139240505,True
5689,Zählfeld B_28.6_1_G (veraltet),9.971825,53.566864,2025-06,2.5317531305903396,2.3695402298850574,0.37792910074103747,0.1742439415181254,True
5689,Zählfeld B_28.6_1_G (veraltet),9.971825,53.566864,2025-07,2.4225181598062955,1.9449601042175544,0.3789772727272727,0.15170454545454545,True
5689,Zählfeld B_28.6_1_G (veraltet),9.971825,53.566864,2025-08,2.2077528770442156,1.5906315906315907,0.3262620837808808,0.23039742212674544,True
5689,Zählfeld B_28.6_1_G (veraltet),9.971825,53.566864,2025-09,2.169550173010381,1.7828922132719602,0.3485823207052657,0.16940671908506075,True
5689,Zählfeld B_28.6_1_G (veraltet),9.971825,53.566864,2025-10,2.3950276243093924,2.344931921331316,0.36899897854954034,0.1687946884576098,True
5689,Zählfeld B_28.6_1_G (veraltet),9.971825,53.566864,2025-11,2.201501154734411,2.251124437781109,0.3463215258855586,0.18174386920980926,True
5689,Zählfeld B_28.6_1_G (veraltet),9.971825,53.566864,2025-12,1.9208229426433912,2.341789052069426,0.32438408085912823,0.1689829437776374,True
5689,Zählfeld B_28.6_1_G (veraltet),9.971825,53.566864,2026-01,2.039671682626539,1.6707482993197278,0.3149556400506971,0.2217997465145754,True
5689,Zählfeld B_28.6_1_G (veraltet),9.971825,53.566864,2026-02,2.2470930232558137,1.74818401937046,0.348512173128945,0.18620378719567177,True
5690,Zählfeld B_28.6_2_I (veraltet),9.971825,53.566864,2025-01,2.7313278108802015,3.4862385321100917,0.4221912720519963,0.12144846796657381,True
5690,Zählfeld B_28.6_2_I (veraltet),9.971825,53.566864,2025-02,2.5333888946765284,2.1283245679939897,0.391027496382055,0.14592378195851424,True
5690,Zählfeld B_28.6_2_I (veraltet),9.971825,53.566864,2025-03,2.4325846211599824,2.0784769947792117,0.364311013661663,0.1864001799066734,True
5690,Zählfeld B_28.6_2_I (veraltet),9.971825,53.566864,2025-04,1.5793611606973301,2.3174950986045437,0.2836822823929105,0.17746259798203065,True
5690,Zählfeld B_28.6_2_I (veraltet),9.971825,53.566864,2025-05,1.6227670753064798,1.9800600109110749,0.274727229601518,0.21738614800759012,True
5690,Zählfeld B_28.6_2_I (veraltet),9.971825,53.566864,2025-06,1.6298238634308655,2.076803270709627,0.28372022741438907,0.19403887199440908,True
5690,Zählfeld B_28.6_2_I (veraltet),9.971825,53.566864,2025-07,1.6136581813366877,1.8390012914334912,0.2941261652638248,0.15905511811023623,True
5690,Zählfeld B_28.6_2_I (veraltet),9.971825,53.566864,2025-08,1.7467678351913865,1.7912689614795834,0.2907089947089947,0.210010582010582,True
5690,Zählfeld B_28.6_2_I (veraltet),9.971825,53.566864,2025-09,1.620372553643009,1.8892892868764535,0.2940962489033445,0.16140628677807972,True
5690,Zählfeld B_28.6_2_I (veraltet),9.971825,53.566864,2025-10,1.679316593321253,2.55270293170649,0.3024589476039947,0.15721599015301985,True
5690,Zählfeld B_28.6_2_I (veraltet),9.971825,53.566864,2025-11,2.433791485082132,2.5846727898966706,0.37529853292391674,0.16209174653391645,True
5690,Zählfeld B_28.6_2_I (veraltet),9.971825,53.566864,2025-12,2.1641094062708475,2.7311858307165786,0.35684951598709297,0.1484672924611323,True
5690,Zählfeld B_28.6_2_I (veraltet),9.971825,53.566864,2026-01,2.4758586361373816,2.57044721715968,0.38147097170028377,0.15630032977989108,True
5690,Zählfeld B_28.6_2_I (veraltet),9.971825,53.566864,2026-02,2.4527946873270614,2.1707865168539326,0.3798334018922254,0.1555944055944056,True
5692,Zählfeld E_38.1_2_I (veraltet),10.010535,53.576782,2025-01,2.0106382978723403,2.0519895440023235,0.3345724907063197,0.16622411046202867,True
5692,Zählfeld E_38.1_2_I (veraltet),10.010535,53.576782,2025-02,2.041306796845663,1.5840707964601768,0.3232827832292596,0.2016057091882248,True
5692,Zählfeld E_38.1_2_I (veraltet),10.010535,53.576782,2025-03,1.905785123966942,1.4722222222222223,0.2935336048879837,0.24439918533604887,True
5692,Zählfeld E_38.1_2_I (veraltet),10.010535,53.576782,2025-04,1.4517482517482516,1.2170920562087755,0.2311482254697286,0.2911899791231733,True
5692,Zählfeld E_38.1_2_I (veraltet),10.010535,53.576782,2025-05,1.5483870967741935,1.4564477252184391,0.24710934919061778,0.2741162867525603,True
5692,Zählfeld E_38.1_2_I (veraltet),10.010535,53.576782,2025-06,1.4384680851063831,0.7777380100214746,0.1972689075630252,0.39131652661064426,True
5692,Zählfeld E_38.1_2_I (veraltet),10.010535,53.576782,2025-07,1.3686497326203209,1.4806822284998193,0.2536938946194592,0.19022395688133073,True
5692,Zählfeld E_38.1_2_I (veraltet),10.010535,53.576782,2025-08,1.6538308060654427,1.3507409530758674,0.2627424876378851,0.2606504374286801,True
5692,Zählfeld E_38.1_2_I (veraltet),10.010535,53.576782,2025-09,1.4890549919914575,1.1240641711229946,0.2506290438533429,0.24442846872753415,True
5692,Zählfeld E_38.1_2_I (veraltet),10.010535,53.576782,2025-10,1.4709287691920463,1.6733078988271868,0.2561135945306337,0.22153562976597424,True
5692,Zählfeld E_38.1_2_I (veraltet),10.010535,53.576782,2025-11,1.951789606516003,1.8961711197381443,0.30752247279608896,0.21431950796404353,True
5692,Zählfeld E_38.1_2_I (veraltet),10.010535,53.576782,2025-12,1.7990297990297992,2.221067330348593,0.3051973427119969,0.18151621727237202,True
5692,Zählfeld E_38.1_2_I (veraltet),10.010535,53.576782,2026-01,2.303471300774729,2.1664876476906554,0.36031548360315485,0.1627231216272312,True
5692,Zählfeld E_38.1_2_I (veraltet),10.010535,53.576782,2026-02,2.110195159504824,1.739851355595101,0.33499377334993774,0.19146948941469488,True
5693,Zählfeld G_40.6_1_G (veraltet),10.040742,53.598392,2025-01,,,0.35,0.1,False
5693,Zählfeld G_40.6_1_G (veraltet),10.040742,53.598392,2025-02,,,0.2916666666666667,0.25,False
5693,Zählfeld G_40.6_1_G (veraltet),10.040742,53.598392,2025-03,,,0.20588235294117646,0.38235294117647056,False
5693,Zählfeld G_40.6_1_G (veraltet),10.040742,53.598392,2025-04,,,0.1875,0.5208333333333334,False
5693,Zählfeld G_40.6_1_G (veraltet),10.040742,53.598392,2025-05,,,0.1951219512195122,0.3170731707317073,False
5693,Zählfeld G_40.6_1_G (veraltet),10.040742,53.598392,2025-06,2.0624999999999996,0.6136363636363636,0.22448979591836735,0.4489795918367347,True
5693,Zählfeld G_40.6_1_G (veraltet),10.040742,53.598392,2025-07,1.3636363636363638,1.7123745819397995,0.2597402597402597,0.16883116883116883,True
5693,Zählfeld G_40.6_1_G (veraltet),10.040742,53.598392,2025-08,1.9,1.0144927536231882,0.2638888888888889,0.3194444444444444,True
5693,Zählfeld G_40.6_1_G (veraltet),10.040742,53.598392,2025-09,,,0.17391304347826086,0.391304347826087,False
5693,Zählfeld G_40.6_1_G (veraltet),10.040742,53.598392,2025-10,,,0.05263157894736842,0.42105263157894735,False
5694,Zählfeld G_40.6_2_I (veraltet),10.040742,53.598392,2025-01,3.0545924933680033,3.1906603366016753,0.4811696438730231,0.1062692001365343,True
5694,Zählfeld G_40.6_2_I (veraltet),10.040742,53.598392,2025-02,2.747806570087737,1.7725342142520055,0.39004257537579284,0.18411677817360328,True
5694,Zählfeld G_40.6_2_I (veraltet),10.040742,53.598392,2025-03,2.3764845605700713,1.6779251104995412,0.3443024906439541,0.2210607820363918,True
5694,Zählfeld G_40.6_2_I (veraltet),10.040742,53.598392,2025-04,1.651890002759128,1.3053576958810778,0.2567544386311004,0.2769534265374389,True
5694,Zählfeld G_40.6_2_I (veraltet),10.040742,53.598392,2025-05,1.6636645088657471,1.4942613543203804,0.26075256958842474,0.26904583351713796,True
5694,Zählfeld G_40.6_2_I (veraltet),10.040742,53.598392,2025-06,1.5996661101836394,1.640585923544123,0.2665442710506551,0.23358090628390218,True
5694,Zählfeld G_40.6_2_I (veraltet),10.040742,53.598392,2025-07,1.6641895030190432,1.5462016667629002,0.29127713194049265,0.18364360621087716,True
5694,Zählfeld G_40.6_2_I (veraltet),10.040742,53.598392,2025-08,1.709708997063273,1.5315362243347657,0.2769177549078959,0.23717893280290583,True
5694,Zählfeld G_40.6_2_I (veraltet),10.040742,53.598392,2025-09,1.6452599388379205,1.4989515233748612,0.28503311258278147,0.1952317880794702,True
5694,Zählfeld G_40.6_2_I (veraltet),10.040742,53.598392,2025-10,1.7322483076479909,1.9962088072324293,0.28635714285714287,0.21771428571428572,True
5694,Zählfeld G_40.6_2_I (veraltet),10.040742,53.598392,2025-11,2.7368892873151056,2.1092617007251153,0.38565022421524664,0.19162508684393356,True
5694,Zählfeld G_40.6_2_I (veraltet),10.040742,53.598392,2025-12,2.432459677419355,2.3392802882319748,0.37203206907184705,0.16913351834720938,True
5694,Zählfeld G_40.6_2_I (veraltet),10.040742,53.598392,2026-01,2.5205230657464583,1.9953523179329633,0.368605577689243,0.19266932270916334,True
5694,Zählfeld G_40.6_2_I (veraltet),10.040742,53.598392,2026-02,2.646533044420368,1.9982746225736878,0.39052757793764986,0.16678657074340528,True
5695,Zählfeld J_47.1_1_I (veraltet),10.207702,53.491257,2025-01,1.7077478924126857,2.4432946732411973,0.31072641612797197,0.14342062013805193,True
5695,Zählfeld J_47.1_1_I (veraltet),10.207702,53.491257,2025-02,1.6685584562996596,1.6244075829383888,0.2867845019314058,0.19758866908580125,True
5695,Zählfeld J_47.1_1_I (veraltet),10.207702,53.491257,2025-03,1.6482213438735176,1.6737454774264588,0.27605309919515,0.22149054039928923,True
5695,Zählfeld J_47.1_1_I (veraltet),10.207702,53.491257,2025-04,1.378391793514229,1.8240281224152195,0.24708603968324583,0.2151436960583682,True
5695,Zählfeld J_47.1_1_I (veraltet),10.207702,53.491257,2025-05,1.4449728260869565,1.328405315614618,0.22989623865110245,0.2928015564202335,True
5695,Zählfeld J_47.1_1_I (veraltet),10.207702,53.491257,2025-06,1.4340241538690919,1.4300346220427005,0.23962926975110246,0.25906271021750504,True
5695,Zählfeld J_47.1_1_I (veraltet),10.207702,53.491257,2025-07,1.542985807860262,1.3834502103786817,0.2714049110679052,0.20090732339598186,True
5695,Zählfeld J_47.1_1_I (veraltet),10.207702,53.491257,2025-08,1.3958302745558655,1.450665736380022,0.23906155703077853,0.24713337356668677,True
5695,Zählfeld J_47.1_1_I (veraltet),10.207702,53.491257,2025-09,1.5643549131170227,1.322241154655708,0.2688069758224336,0.21569560047562425,True
5695,Zählfeld J_47.1_1_I (veraltet),10.207702,53.491257,2025-10,1.6244327464149573,2.0108451137789776,0.28401409121203464,0.1914691040655051,True
5695,Zählfeld J_47.1_1_I (veraltet),10.207702,53.491257,2025-11,1.7674136886735312,1.6789675767918089,0.28565834557023984,0.2294664708761625,True
5695,Zählfeld J_47.1_1_I (veraltet),10.207702,53.491257,2025-12,1.6937433722163309,1.862596576276322,0.2873798985209975,0.203605743279715,True
5695,Zählfeld J_47.1_1_I (veraltet),10.207702,53.491257,2026-01,1.795958795562599,1.6187266819111805,0.2893527384144006,0.22730754500191497,True
5695,Zählfeld J_47.1_1_I (veraltet),10.207702,53.491257,2026-02,1.8597687518529502,1.5489723600283487,0.30414545454545455,0.20523636363636363,True
5696,Zählfeld J_47.1_2_I (veraltet),10.207702,53.491257,2025-01,1.5863349424433717,2.0086192876890547,0.28735748158611646,0.16920593280193724,True
5696,Zählfeld J_47.1_2_I (veraltet),10.207702,53.491257,2025-02,1.6148796498905909,1.5147894221351617,0.27682864450127875,0.2089002557544757,True
5696,Zählfeld J_47.1_2_I (veraltet),10.207702,53.491257,2025-03,1.5467239527389904,1.4620246606569267,0.2566060791202077,0.2456850465862227,True
5696,Zählfeld J_47.1_2_I (veraltet),10.207702,53.491257,2025-04,1.4474011439940315,1.7348661233993015,0.25263706211746323,0.22372704779268135,True
5696,Zählfeld J_47.1_2_I (veraltet),10.207702,53.491257,2025-05,1.4123975409836065,1.3597847147470399,0.22791245582491165,0.28799057598115196,True
5696,Zählfeld J_47.1_2_I (veraltet),10.207702,53.491257,2025-06,1.4586438152011922,1.4526584122359794,0.2433793360686311,0.25606117120477434,True
5696,Zählfeld J_47.1_2_I (veraltet),10.207702,53.491257,2025-07,1.4881437125748502,1.3523322372427231,0.26373766316459724,0.20458452722063036,True
5696,Zählfeld J_47.1_2_I (veraltet),10.207702,53.491257,2025-08,1.40703153316419,1.3904899135446684,0.2378239294247381,0.2551001654107701,True
5696,Zählfeld J_47.1_2_I (veraltet),10.207702,53.491257,2025-09,1.4118898475357524,1.2663664351321782,0.24862637362637363,0.2230894105894106,True
5696,Zählfeld J_47.1_2_I (veraltet),10.207702,53.491257,2025-10,1.3798069557223842,1.756724369964788,0.24785336856010567,0.21325957727873185,True
5696,Zählfeld J_47.1_2_I (veraltet),10.207702,53.491257,2025-11,1.6079021970233875,1.6240164855751216,0.26680190509790086,0.23540306932439584,True
5696,Zählfeld J_47.1_2_I (veraltet),10.207702,53.491257,2025-12,1.499146595865731,1.7729351627656713,0.26265948963317387,0.2117224880382775,True
5696,Zählfeld J_47.1_2_I (veraltet),10.207702,53.491257,2026-01,1.5323207347227128,1.5654624647706892,0.2592326998924346,0.23323771961276443,True
5696,Zählfeld J_47.1_2_I (veraltet),10.207702,53.491257,2026-02,1.6359143327841845,1.4608695652173913,0.27702608453061794,0.21495327102803738,True
5697,Zählfeld B_9.1_1_G (veraltet),10.107728,53.537624,2025-01,1.2547770700636942,1.6462212486308871,0.23621103117505995,0.19904076738609114,True
5697,Zählfeld B_9.1_1_G (veraltet),10.107728,53.537624,2025-02,1.197651663405088,1.4895833333333333,0.2249173098125689,0.21168687982359427,True
5697,Zählfeld B_9.1_1_G (veraltet),10.107728,53.537624,2025-03,1.2210884353741496,1.3711192133465915,0.21471291866028708,0.2577751196172249,True
5697,Zählfeld B_9.1_1_G (veraltet),10.107728,53.537624,2025-04,1.2435897435897436,1.5875299760191846,0.22286042504307868,0.2395175186674325,True
5697,Zählfeld B_9.1_1_G (veraltet),10.107728,53.537624,2025-05,1.2857142857142856,1.4210037174721188,0.21628630705394192,0.279045643153527,True
5697,Zählfeld B_9.1_1_G (veraltet),10.107728,53.537624,2025-06,1.5065359477124185,1.3440545808966862,0.24365750528541227,0.2711416490486258,True
5697,Zählfeld B_9.1_1_G (veraltet),10.107728,53.537624,2025-07,1.5128939828080228,1.7558528428093647,0.27980922098569155,0.16534181240063592,True
5697,Zählfeld B_9.1_1_G (veraltet),10.107728,53.537624,2025-08,1.4254658385093166,1.5387107223841916,0.2459807073954984,0.23633440514469453,True
5697,Zählfeld B_9.1_1_G (veraltet),10.107728,53.537624,2025-09,1.5611650485436892,1.4829545454545454,0.27487179487179486,0.19692307692307692,True
5697,Zählfeld B_9.1_1_G (veraltet),10.107728,53.537624,2025-10,1.2945590994371483,2.0185185185185186,0.24390243902439024,0.19088016967126192,True
5697,Zählfeld B_9.1_1_G (veraltet),10.107728,53.537624,2025-11,1.0291479820627802,1.4826732673267324,0.19101123595505617,0.25218476903870163,True
5697,Zählfeld B_9.1_1_G (veraltet),10.107728,53.537624,2025-12,0.959016393442623,1.7293233082706767,0.18993506493506493,0.2159090909090909,True
5697,Zählfeld B_9.1_1_G (veraltet),10.107728,53.537624,2026-01,1.222222222222222,1.1452682338758289,0.20446096654275092,0.2936802973977695,True
5697,Zählfeld B_9.1_1_G (veraltet),10.107728,53.537624,2026-02,1.173913043478261,1.451546391752577,0.22048997772828507,0.21603563474387527,True
5698,Zählfeld B_9.1_2_I (veraltet),10.107728,53.537624,2025-01,2.148956356736243,1.9682059961315281,0.34553775743707094,0.17208237986270022,True
5698,Zählfeld B_9.1_2_I (veraltet),10.107728,53.537624,2025-02,1.9230080572963295,1.5371069182389938,0.30995670995670993,0.2064935064935065,True
5698,Zählfeld B_9.1_2_I (veraltet),10.107728,53.537624,2025-03,1.8380403458213257,1.615007215007215,0.2934032569693624,0.22771184101573283,True
5698,Zählfeld B_9.1_2_I (veraltet),10.107728,53.537624,2025-04,1.5831325301204817,1.6357069143446854,0.2645566561971491,0.2341145204155593,True
5698,Zählfeld B_9.1_2_I (veraltet),10.107728,53.537624,2025-05,1.5518711511132164,1.3860346184107002,0.2440768886902101,0.2840858292355834,True
5698,Zählfeld B_9.1_2_I (veraltet),10.107728,53.537624,2025-06,1.5972651080723423,1.2669584245076586,0.24912280701754386,0.28297213622291023,True
5698,Zählfeld B_9.1_2_I (veraltet),10.107728,53.537624,2025-07,1.7425897035881437,1.1709759738071164,0.2832868374334263,0.22901344154197312,True
5698,Zählfeld B_9.1_2_I (veraltet),10.107728,53.537624,2025-08,1.4068270844991606,1.1574074074074074,0.2261808367071525,0.291497975708502,True
5698,Zählfeld B_9.1_2_I (veraltet),10.107728,53.537624,2025-09,1.5429052159282108,1.115702479338843,0.25614525139664807,0.24581005586592178,True
5698,Zählfeld B_9.1_2_I (veraltet),10.107728,53.537624,2025-10,1.5366350067842605,1.4824421388667197,0.2563667232597623,0.2431239388794567,True
5698,Zählfeld B_9.1_2_I (veraltet),10.107728,53.537624,2025-11,1.8215223097112863,1.535953177257525,0.28501026694045173,0.24558521560574947,True
5698,Zählfeld B_9.1_2_I (veraltet),10.107728,53.537624,2025-12,1.6804123711340206,1.8243922041390395,0.2847161572052402,0.20698689956331878,True
5698,Zählfeld B_9.1_2_I (veraltet),10.107728,53.537624,2026-01,2.0,1.484593837535014,0.3028571428571429,0.24285714285714285,True
5698,Zählfeld B_9.1_2_I (veraltet),10.107728,53.537624,2026-02,1.9011815252416757,1.704201680672269,0.3141640042598509,0.1900958466453674,True
5699,Zählfeld B_9.3_1_I (veraltet),10.108598,53.537655,2025-01,1.610894941634241,1.970620842572062,0.2893081761006289,0.1719077568134172,True
5699,Zählfeld B_9.3_1_I (veraltet),10.108598,53.537655,2025-02,1.4227353463587922,1.5961538461538463,0.25722543352601157,0.2003853564547206,True
5699,Zählfeld B_9.3_1_I (veraltet),10.108598,53.537655,2025-03,1.4319727891156462,1.9951002909202267,0.26084262701363076,0.1926889714993804,True
5699,Zählfeld B_9.3_1_I (veraltet),10.108598,53.537655,2025-04,1.4918032786885247,2.133956386292835,0.2690715552927262,0.18982850384387936,True
5699,Zählfeld B_9.3_1_I (veraltet),10.108598,53.537655,2025-05,1.3622754491017963,1.7382863340563994,0.23722627737226276,0.24035453597497394,True
5699,Zählfeld B_9.3_1_I (veraltet),10.108598,53.537655,2025-06,1.5595353339787026,1.7760180995475114,0.2668986083499006,0.21968190854870775,True
5699,Zählfeld B_9.3_1_I (veraltet),10.108598,53.537655,2025-07,1.625510204081633,1.5278058645096055,0.2862533692722372,0.18544474393530996,True
5699,Zählfeld B_9.3_1_I (veraltet),10.108598,53.537655,2025-08,1.3445212240868707,1.6712235133287763,0.24084880636604775,0.22175066312997346,True
5699,Zählfeld B_9.3_1_I (veraltet),10.108598,53.537655,2025-09,1.2748538011695907,1.436855036855037,0.23799126637554585,0.2019650655021834,True
5699,Zählfeld B_9.3_1_I (veraltet),10.108598,53.537655,2025-10,1.3097014925373134,1.8900343642611683,0.24273858921161826,0.2012448132780083,True
5699,Zählfeld B_9.3_1_I (veraltet),10.108598,53.537655,2025-11,1.5495652173913044,1.6964980544747081,0.2630646589902569,0.22763507528786536,True
5699,Zählfeld B_9.3_1_I (veraltet),10.108598,53.537655,2025-12,1.4169741697416973,1.958762886597938,0.25806451612903225,0.19556451612903225,True
5699,Zählfeld B_9.3_1_I (veraltet),10.108598,53.537655,2026-01,1.3837209302325582,1.9098277608915908,0.2526539278131635,0.19957537154989385,True
5699,Zählfeld B_9.3_1_I (veraltet),10.108598,53.537655,2026-02,1.5504201680672267,2.1392592592592594,0.2870478413068845,0.15752625437572929,True
5700,Zählfeld B_9.3_2_G (veraltet),10.108598,53.537655,2025-01,1.5783132530120483,1.9930069930069931,0.28602620087336245,0.1703056768558952,True
5700,Zählfeld B_9.3_2_G (veraltet),10.108598,53.537655,2025-02,1.3214285714285716,1.6314606741573032,0.24557522123893805,0.19690265486725664,True
5700,Zählfeld B_9.3_2_G (veraltet),10.108598,53.537655,2025-03,1.4698492462311556,1.7539189588879032,0.25862068965517243,0.21352785145888595,True
5700,Zählfeld B_9.3_2_G (veraltet),10.108598,53.537655,2025-04,1.2,2.5819672131147544,0.2393617021276596,0.1622340425531915,True
5700,Zählfeld B_9.3_2_G (veraltet),10.108598,53.537655,2025-05,1.3493449781659388,1.7557692307692307,0.23623853211009174,0.23853211009174313,True
5700,Zählfeld B_9.3_2_G (veraltet),10.108598,53.537655,2025-06,1.5061475409836065,1.7452380952380953,0.2598091198303287,0.22269353128313893,True
5700,Zählfeld B_9.3_2_G (veraltet),10.108598,53.537655,2025-07,1.729064039408867,1.5041128084606346,0.2969543147208122,0.18781725888324874,True
5700,Zählfeld B_9.3_2_G (veraltet),10.108598,53.537655,2025-08,1.2464358452138493,1.85928303905832,0.23367697594501718,0.20389461626575028,True
5700,Zählfeld B_9.3_2_G (veraltet),10.108598,53.537655,2025-09,1.150537634408602,1.4036363636363636,0.22016460905349794,0.205761316872428,True
5700,Zählfeld B_9.3_2_G (veraltet),10.108598,53.537655,2025-10,1.3389473684210527,1.8378812199036918,0.24508670520231213,0.20578034682080926,True
5700,Zählfeld B_9.3_2_G (veraltet),10.108598,53.537655,2025-11,1.315186246418338,1.8057553956834531,0.23868954758190328,0.21684867394695787,True
5700,Zählfeld B_9.3_2_G (veraltet),10.108598,53.537655,2025-12,1.3695652173913044,1.9336219336219338,0.25149700598802394,0.19760479041916168,True
5700,Zählfeld B_9.3_2_G (veraltet),10.108598,53.537655,2026-01,1.6039603960396038,1.1904761904761905,0.2488479262672811,0.2857142857142857,True
5700,Zählfeld B_9.3_2_G (veraltet),10.108598,53.537655,2026-02,1.2032085561497325,1.4356164383561643,0.22388059701492538,0.21791044776119403,True
5701,Zählfeld B_46.8_1_G (veraltet),10.093715,53.655895,2025-01,1.6306532663316584,2.191728329809725,0.2967535436671239,0.1572930955647005,True
5701,Zählfeld B_46.8_1_G (veraltet),10.093715,53.655895,2025-02,1.642105263157895,1.6220689655172413,0.2837653478854025,0.19781718963165076,True
5701,Zählfeld B_46.8_1_G (veraltet),10.093715,53.655895,2025-03,1.8980628454758228,1.687336425276023,0.2681473456121343,0.2258938244853738,True
5701,Zählfeld B_46.8_1_G (veraltet),10.093715,53.655895,2025-04,1.477990217874611,1.9315304948216343,0.26218646474207286,0.20563180312352106,True
5701,Zählfeld B_46.8_1_G (veraltet),10.093715,53.655895,2025-05,1.5317124735729386,1.6534712482468443,0.2536320672151234,0.24960616138631192,True
5701,Zählfeld B_46.8_1_G (veraltet),10.093715,53.655895,2025-06,1.6278846153846154,1.9160031847133758,0.2789586422804416,0.20695336958312738,True
5701,Zählfeld B_46.8_1_G (veraltet),10.093715,53.655895,2025-07,1.6204756980351602,1.543283968740555,0.28621004566210045,0.1839269406392694,True
5701,Zählfeld B_46.8_1_G (veraltet),10.093715,53.655895,2025-08,1.6191744340878826,1.533802007339612,0.26748790145182577,0.23691157061152662,True
5701,Zählfeld B_46.8_1_G (veraltet),10.093715,53.655895,2025-09,1.3675659104843656,1.7496546007184304,0.2592398884239888,0.17207112970711297,True
5701,Zählfeld B_46.8_1_G (veraltet),10.093715,53.655895,2025-10,1.5733389051399918,1.8861485962463163,0.2746771722477566,0.20157583716349312,True
5701,Zählfeld B_46.8_1_G (veraltet),10.093715,53.655895,2025-11,2.2094468614045994,1.6770708283313327,0.3267162944582299,0.22966639095671354,True
5701,Zählfeld B_46.8_1_G (veraltet),10.093715,53.655895,2025-12,1.6472980825101684,1.9774514167037531,0.28567110036275695,0.19407496977025393,True
5701,Zählfeld B_46.8_1_G (veraltet),10.093715,53.655895,2026-01,2.0279329608938546,1.5873015873015874,0.31025641025641026,0.23076923076923078,True
5701,Zählfeld B_46.8_1_G (veraltet),10.093715,53.655895,2026-02,1.654387865655471,1.5034120734908136,0.280750137892995,0.21014892443463873,True
5702,Zählfeld B_46.8_2_I (veraltet),10.093715,53.655895,2025-01,1.4082346086618762,2.4087018040325434,0.2730764885323692,0.1451813354423229,True
5702,Zählfeld B_46.8_2_I (veraltet),10.093715,53.655895,2025-02,1.4261585993820804,1.666783013379872,0.259851384823238,0.19353749155595587,True
5702,Zählfeld B_46.8_2_I (veraltet),10.093715,53.655895,2025-03,1.9572334346435363,1.6444956589862738,0.27195225916453536,0.23042260382413834,True
5702,Zählfeld B_46.8_2_I (veraltet),10.093715,53.655895,2025-04,1.3082508250825082,2.0263893200869294,0.2435637480798771,0.19791090629800306,True
5702,Zählfeld B_46.8_2_I (veraltet),10.093715,53.655895,2025-05,1.5104477611940297,1.5946683114035087,0.2489982425307557,0.2564499121265378,True
5702,Zählfeld B_46.8_2_I (veraltet),10.093715,53.655895,2025-06,1.4984718381603843,1.8417947801215588,0.26198473282442747,0.2135114503816794,True
5702,Zählfeld B_46.8_2_I (veraltet),10.093715,53.655895,2025-07,1.4802296750619863,1.4677440041041427,0.26709522463972873,0.19157954224357163,True
5702,Zählfeld B_46.8_2_I (veraltet),10.093715,53.655895,2025-08,1.5058398220244718,1.783567796050459,0.263773198889376,0.21072628963904722,True
5702,Zählfeld B_46.8_2_I (veraltet),10.093715,53.655895,2025-09,1.5656970912738213,1.5167434886433055,0.27660956881275844,0.19338452451269936,True
5702,Zählfeld B_46.8_2_I (veraltet),10.093715,53.655895,2025-10,1.4404836881219296,2.0732546445773568,0.26380622837370243,0.18678200692041522,True
5702,Zählfeld B_46.8_2_I (veraltet),10.093715,53.655895,2025-11,1.4778636683063948,1.835464915312824,0.25937985643454453,0.21409013542514616,True
5702,Zählfeld B_46.8_2_I (veraltet),10.093715,53.655895,2025-12,1.2120573355817874,2.2698564158487824,0.23785885662281792,0.17340944816745263,True
5702,Zählfeld B_46.8_2_I (veraltet),10.093715,53.655895,2026-01,1.3849493487698987,1.604957889718735,0.24357342835327056,0.22881140239246628,True
5702,Zählfeld B_46.8_2_I (veraltet),10.093715,53.655895,2026-02,1.5752102148863283,1.8762452107279692,0.28379060764181113,0.1757279919205521,True
5703,Zählfeld A_22.1_1_I (veraltet),9.868756,53.571373,2025-01,2.452380952380952,3.0093321482986286,0.3959552064181849,0.1196724051479191,True
5703,Zählfeld A_22.1_1_I (veraltet),9.868756,53.571373,2025-02,2.2996051332675225,1.8632537960954445,0.35723048612176045,0.17673669682564025,True
5703,Zählfeld A_22.1_1_I (veraltet),9.868756,53.571373,2025-03,2.1105463786531136,1.7635709900903271,0.32517619420516836,0.21260767423649177,True
5703,Zählfeld A_22.1_1_I (veraltet),9.868756,53.571373,2025-04,1.359689262530595,2.1277656590838268,0.2525348354580492,0.19027571894455975,True
5703,Zählfeld A_22.1_1_I (veraltet),9.868756,53.571373,2025-05,1.4794639413806403,1.7138531187122739,0.2500366622671946,0.24294862394290462,True
5703,Zählfeld A_22.1_1_I (veraltet),9.868756,53.571373,2025-06,1.5516221545079765,1.7608695652173914,0.2655042326094958,0.22115384615384615,True
5703,Zählfeld A_22.1_1_I (veraltet),9.868756,53.571373,2025-07,1.4639828998931244,1.6453001132502831,0.27072216293134116,0.17451282659393652,True
5703,Zählfeld A_22.1_1_I (veraltet),9.868756,53.571373,2025-08,1.439285038774352,1.6148574731149503,0.25038250826711417,0.22772814767286906,True
5703,Zählfeld A_22.1_1_I (veraltet),9.868756,53.571373,2025-09,1.4368791390728477,1.6094137076796036,0.26416314728151274,0.18430163984324469,True
5703,Zählfeld A_22.1_1_I (veraltet),9.868756,53.571373,2025-10,1.3784386617100373,2.2117998338051574,0.2590516112129945,0.1771548336389835,True
5703,Zählfeld A_22.1_1_I (veraltet),9.868756,53.571373,2025-11,2.256852087429166,2.1370944992947813,0.34791677809274213,0.18960261004439216,True
5703,Zählfeld A_22.1_1_I (veraltet),9.868756,53.571373,2025-12,1.8837912780438617,2.4484379739156807,0.3229193673839772,0.1628208452164895,True
5703,Zählfeld A_22.1_1_I (veraltet),9.868756,53.571373,2026-01,2.296426774031203,1.8685416000852242,0.34552476147205813,0.20308950477055884,True
5703,Zählfeld A_22.1_1_I (veraltet),9.868756,53.571373,2026-02,2.3408657772937653,2.284366812227074,0.37298282144716294,0.14901093180635086,True
5704,Zählfeld A_22.1_2_G (veraltet),9.868756,53.571373,2025-01,3.363885839736553,2.5626197141594225,0.45582329317269077,0.13766175814368586,True
5704,Zählfeld A_22.1_2_G (veraltet),9.868756,53.571373,2025-02,3.084422110552764,1.616016016016016,0.4063555114200596,0.1984111221449851,True
5704,Zählfeld A_22.1_2_G (veraltet),9.868756,53.571373,2025-03,2.4367771781033154,1.4824976348155157,0.33923683786829817,0.24311705039446144,True
5704,Zählfeld A_22.1_2_G (veraltet),9.868756,53.571373,2025-04,1.2500622665006225,1.737324373854612,0.22839590443686006,0.223481228668942,True
5704,Zählfeld A_22.1_2_G (veraltet),9.868756,53.571373,2025-05,1.4446505875077302,1.4102211915804495,0.23383383383383383,0.2805805805805806,True
5704,Zählfeld A_22.1_2_G (veraltet),9.868756,53.571373,2025-06,1.3866619368570414,1.678338762214984,0.24355140186915888,0.22953271028037384,True
5704,Zählfeld A_22.1_2_G (veraltet),9.868756,53.571373,2025-07,1.5355504587155964,1.474439629060068,0.27393617021276595,0.19087561374795417,True
5704,Zählfeld A_22.1_2_G (veraltet),9.868756,53.571373,2025-08,1.7971563981042653,1.2493519958527735,0.271244635193133,0.2759656652360515,True
5704,Zählfeld A_22.1_2_G (veraltet),9.868756,53.571373,2025-09,1.3309820944112858,1.351278144574234,0.24215202369200395,0.21204343534057254,True
5704,Zählfeld A_22.1_2_G (veraltet),9.868756,53.571373,2025-10,1.4532981530343008,1.8224813735017817,0.25873731679819617,0.20715896279594137,True
5704,Zählfeld A_22.1_2_G (veraltet),9.868756,53.571373,2025-11,2.943112701252236,2.2077352472089316,0.40376969518480343,0.18465616256810485,True
5704,Zählfeld A_22.1_2_G (veraltet),9.868756,53.571373,2025-12,2.432152117545376,2.067604243770047,0.36391852570320077,0.1871968962172648,True
5704,Zählfeld A_22.1_2_G (veraltet),9.868756,53.571373,2026-01,2.861774744027304,1.497906855049712,0.3704440026507621,0.24121935056328694,True
5704,Zählfeld A_22.1_2_G (veraltet),9.868756,53.571373,2026-02,3.0189018901890186,2.1640776699029125,0.42332449829609997,0.15600151457781145,True
5705,Zählfeld B_31.5_1_G (veraltet),9.972654,53.581577,2025-01,1.452239060105568,2.222965313987758,0.27548449612403103,0.15542635658914727,True
5705,Zählfeld B_31.5_1_G (veraltet),9.972654,53.581577,2025-02,1.5491071428571428,1.8643796455117212,0.2803757196242804,0.17664882335117665,True
5705,Zählfeld B_31.5_1_G (veraltet),9.972654,53.581577,2025-03,1.6157221206581351,1.760043499173934,0.2755073412512859,0.21294304685308146,True
5705,Zählfeld B_31.5_1_G (veraltet),9.972654,53.581577,2025-04,1.4263819528155672,2.4820393974507535,0.26821449387993007,0.16767048766271614,True
5705,Zählfeld B_31.5_1_G (veraltet),9.972654,53.581577,2025-05,1.4567665585035312,2.021081208687441,0.25694374305625695,0.21391778608221393,True
5705,Zählfeld B_31.5_1_G (veraltet),9.972654,53.581577,2025-06,1.4585573892082329,2.2590191657271705,0.2678516702421085,0.1812238226580856,True
5705,Zählfeld B_31.5_1_G (veraltet),9.972654,53.581577,2025-07,1.4601518026565465,2.3594955768868813,0.2853170189098999,0.12847608453837597,True
5705,Zählfeld B_31.5_1_G (veraltet),9.972654,53.581577,2025-08,1.4637326813365936,1.8431768467104157,0.2605919907138712,0.20531050493325595,True
5705,Zählfeld B_31.5_1_G (veraltet),9.972654,53.581577,2025-09,1.413890192397935,1.8897036664992464,0.26863409415121253,0.161376604850214,True
5705,Zählfeld B_31.5_1_G (veraltet),9.972654,53.581577,2025-10,1.2299457177322075,2.2557533651758574,0.24008830022075056,0.17430463576158942,True
5705,Zählfeld B_31.5_1_G (veraltet),9.972654,53.581577,2025-11,1.515096065873742,1.8684688777828262,0.2647228083637061,0.21110684826395548,True
5705,Zählfeld B_31.5_1_G (veraltet),9.972654,53.581577,2025-12,1.317643531704392,2.5441874022842303,0.25706264256887174,0.15765923846288823,True
5705,Zählfeld B_31.5_1_G (veraltet),9.972654,53.581577,2026-01,1.5922063666300768,1.8718748951307094,0.27640417321709304,0.20280120051450623,True
5705,Zählfeld B_31.5_1_G (veraltet),9.972654,53.581577,2026-02,1.643164230438521,1.8308963763509216,0.29043656673885787,0.17930012538470308,True
5706,Zählfeld B_31.5_2_I (veraltet),9.972654,53.581577,2025-01,1.9258513279310507,2.4371639577282,0.3347745371048903,0.14372954223459866,True
5706,Zählfeld B_31.5_2_I (veraltet),9.972654,53.581577,2025-02,1.9761470602730276,1.8411925601750547,0.32624667431472576,0.1784764089921648,True
5706,Zählfeld B_31.5_2_I (veraltet),9.972654,53.581577,2025-03,1.9522108634068236,1.902443409796351,0.31529112211811977,0.2001949434067355,True
5706,Zählfeld B_31.5_2_I (veraltet),9.972654,53.581577,2025-04,1.6336062992125984,2.290043896516298,0.2893750209219027,0.17920864995146119,True
5706,Zählfeld B_31.5_2_I (veraltet),9.972654,53.581577,2025-05,1.647457627118644,1.9802039082412914,0.2774298618223334,0.21737378485921996,True
5706,Zählfeld B_31.5_2_I (veraltet),9.972654,53.581577,2025-06,1.6378874928972789,2.1541743643881412,0.2866257872058336,0.1883824991713623,True
5706,Zählfeld B_31.5_2_I (veraltet),9.972654,53.581577,2025-07,1.6328452500442816,1.859112131887464,0.2969016715514187,0.157605719990982,True
5706,Zählfeld B_31.5_2_I (veraltet),9.972654,53.581577,2025-08,1.6873769922432758,1.8130524731991724,0.28510230429169436,0.2080122060952232,True
5706,Zählfeld B_31.5_2_I (veraltet),9.972654,53.581577,2025-09,1.6028124250419764,1.729173530678967,0.2877187883485113,0.17375508622360009,True
5706,Zählfeld B_31.5_2_I (veraltet),9.972654,53.581577,2025-10,1.6067847773744925,2.3351038831874273,0.2897074545631257,0.16938477986198852,True
5706,Zählfeld B_31.5_2_I (veraltet),9.972654,53.581577,2025-11,1.9546171077739982,2.090307676152473,0.3183541096584575,0.19302726259248,True
5706,Zählfeld B_31.5_2_I (veraltet),9.972654,53.581577,2025-12,1.7053931955383201,2.493913330917736,0.3043254927979796,0.16032788990432978,True
5706,Zählfeld B_31.5_2_I (veraltet),9.972654,53.581577,2026-01,1.9736424541607898,2.074042215311321,0.32272432432432435,0.18672432432432431,True
5706,Zählfeld B_31.5_2_I (veraltet),9.972654,53.581577,2026-02,2.0247707590422825,1.8572285966460724,0.3315503003003003,0.17720845845845845,True
5707,Zählfeld D_50.5_1_G (veraltet),9.985782,53.456486,2025-01,1.5240641711229947,1.2608047690014903,0.2543507362784471,0.24497991967871485,True
5707,Zählfeld D_50.5_1_G (veraltet),9.985782,53.456486,2025-02,1.4679334916864606,1.0810344827586207,0.239813736903376,0.270081490104773,True
5707,Zählfeld D_50.5_1_G (veraltet),9.985782,53.456486,2025-03,1.5425867507886437,1.0460934946060805,0.23335719398711524,0.31281317108088763,True
5707,Zählfeld D_50.5_1_G (veraltet),9.985782,53.456486,2025-04,1.2633587786259544,1.1539256198347108,0.20674578388507184,0.3023110555902561,True
5707,Zählfeld D_50.5_1_G (veraltet),9.985782,53.456486,2025-05,1.350189633375474,1.0728741496598642,0.20518731988472622,0.3389048991354467,True
5707,Zählfeld D_50.5_1_G (veraltet),9.985782,53.456486,2025-06,1.2919463087248322,1.1501798561151078,0.2098092643051771,0.30299727520435965,True
5707,Zählfeld D_50.5_1_G (veraltet),9.985782,53.456486,2025-07,1.2358490566037736,0.9905322180347459,0.21593406593406594,0.2598901098901099,True
5707,Zählfeld D_50.5_1_G (veraltet),9.985782,53.456486,2025-08,1.4340836012861735,1.0782703886152163,0.2243460764587525,0.30633802816901406,True
5707,Zählfeld D_50.5_1_G (veraltet),9.985782,53.456486,2025-09,1.3616352201257862,0.9793468667255075,0.22765509989484753,0.2707676130389064,True
5707,Zählfeld D_50.5_1_G (veraltet),9.985782,53.456486,2025-10,1.11340206185567,1.0256410256410258,0.18485237483953787,0.3170731707317073,True
5707,Zählfeld D_50.5_1_G (veraltet),9.985782,53.456486,2025-11,1.6551724137931034,1.0426829268292683,0.24031620553359684,0.3241106719367589,True
5707,Zählfeld D_50.5_1_G (veraltet),9.985782,53.456486,2025-12,1.5281837160751566,1.1034798534798536,0.2357487922705314,0.30144927536231886,True
5707,Zählfeld D_50.5_1_G (veraltet),9.985782,53.456486,2026-01,1.6851851851851853,0.8251793868232224,0.22807017543859648,0.3659147869674185,True
5707,Zählfeld D_50.5_1_G (veraltet),9.985782,53.456486,2026-02,1.2424242424242424,0.835820895522388,0.19806763285024154,0.32367149758454106,True
5708,Zählfeld D_50.5_2_I (veraltet),9.985782,53.456486,2025-01,1.68860510805501,2.171958742036606,0.30306770098730607,0.1584978843441467,True
5708,Zählfeld D_50.5_2_I (veraltet),9.985782,53.456486,2025-02,1.6926378342687354,1.6566433566433567,0.29054743284597073,0.19449166950017002,True
5708,Zählfeld D_50.5_2_I (veraltet),9.985782,53.456486,2025-03,1.6902007083825266,1.6293835363602807,0.27886863020102853,0.2261570827489481,True
5708,Zählfeld D_50.5_2_I (veraltet),9.985782,53.456486,2025-04,1.4871382636655948,1.8952014486192847,0.26223776223776224,0.20875070875070875,True
5708,Zählfeld D_50.5_2_I (veraltet),9.985782,53.456486,2025-05,1.4831582759869613,1.6582389477530142,0.24843024843024844,0.24906724906724906,True
5708,Zählfeld D_50.5_2_I (veraltet),9.985782,53.456486,2025-06,1.5535622757560226,1.5640845070422533,0.2585295121119072,0.24223814397816446,True
5708,Zählfeld D_50.5_2_I (veraltet),9.985782,53.456486,2025-07,1.4654197477163984,1.519481961147086,0.2670418516169943,0.1862714013950539,True
5708,Zählfeld D_50.5_2_I (veraltet),9.985782,53.456486,2025-08,1.5057581573896353,1.505024763186998,0.25386295607151527,0.24035272227166088,True
5708,Zählfeld D_50.5_2_I (veraltet),9.985782,53.456486,2025-09,1.4503944174757282,1.547432550043516,0.26389003891694957,0.19027904280864452,True
5708,Zählfeld D_50.5_2_I (veraltet),9.985782,53.456486,2025-10,1.4420260374288039,1.7559222270468473,0.255376634604993,0.21333621528153032,True
5708,Zählfeld D_50.5_2_I (veraltet),9.985782,53.456486,2025-11,1.74430823117338,1.8504098360655739,0.28945074106364427,0.21272885789014823,True
5708,Zählfeld D_50.5_2_I (veraltet),9.985782,53.456486,2025-12,1.5610010427528676,1.921898171033119,0.27428885529751273,0.19857083963171637,True
5708,Zählfeld D_50.5_2_I (veraltet),9.985782,53.456486,2026-01,1.5460448642266824,1.7462585034013607,0.26721763085399447,0.21426385062748698,True
5708,Zählfeld D_50.5_2_I (veraltet),9.985782,53.456486,2026-02,1.53625,1.447258225324028,0.2653281519861831,0.2165371329879102,True
5709,Zählfeld C_22.2_1_G (veraltet),9.868201,53.571205,2025-01,2.140186915887851,1.6423357664233578,0.3333333333333333,0.19941775836972345,True
5709,Zählfeld C_22.2_1_G (veraltet),9.868201,53.571205,2025-02,1.6185567010309279,1.2190476190476192,0.2638655462184874,0.24705882352941178,True
5709,Zählfeld C_22.2_1_G (veraltet),9.868201,53.571205,2025-03,1.8322784810126584,1.3929939792008756,0.28257686676427524,0.2547584187408492,True
5709,Zählfeld C_22.2_1_G (veraltet),9.868201,53.571205,2025-04,1.3793103448275863,1.5941422594142258,0.23976023976023977,0.23876123876123875,True
5709,Zählfeld C_22.2_1_G (veraltet),9.868201,53.571205,2025-05,1.3988269794721409,1.5942028985507246,0.23643122676579925,0.25650557620817843,True
5709,Zählfeld C_22.2_1_G (veraltet),9.868201,53.571205,2025-06,1.3605095541401275,1.3298368298368297,0.2267515923566879,0.2732484076433121,True
5709,Zählfeld C_22.2_1_G (veraltet),9.868201,53.571205,2025-07,1.4851157662624035,1.5669507438971544,0.27097163548581776,0.1816535908267954,True
5709,Zählfeld C_22.2_1_G (veraltet),9.868201,53.571205,2025-08,1.406934306569343,1.3038548752834467,0.2338489535941765,0.267515923566879,True
5709,Zählfeld C_22.2_1_G (veraltet),9.868201,53.571205,2025-09,1.3346007604562737,1.444409249287298,0.24597056762438682,0.20112123335669235,True
5709,Zählfeld C_22.2_1_G (veraltet),9.868201,53.571205,2025-10,1.4716157205240175,1.7731601731601732,0.25943033102386454,0.21170130869899922,True
5709,Zählfeld C_22.2_1_G (veraltet),9.868201,53.571205,2025-11,1.9544554455445546,1.3762376237623763,0.28935795954265614,0.26649076517150394,True
5709,Zählfeld C_22.2_1_G (veraltet),9.868201,53.571205,2025-12,1.5529411764705883,1.9634703196347034,0.27450980392156865,0.19518716577540107,True
5709,Zählfeld C_22.2_1_G (veraltet),9.868201,53.571205,2026-01,1.920863309352518,1.074964639321075,0.270516717325228,0.3069908814589666,True
5709,Zählfeld C_22.2_1_G (veraltet),9.868201,53.571205,2026-02,1.8685121107266436,1.1100591715976331,0.28213166144200624,0.26489028213166144,True
5710,Zählfeld C_22.2_2_I (veraltet),9.868201,53.571205,2025-01,2.383216783216783,1.7041027154663517,0.3570081709616593,0.1935889377749843,True
5710,Zählfeld C_22.2_2_I (veraltet),9.868201,53.571205,2025-02,2.313782991202346,1.2885333333333333,0.3322804801010739,0.2368919772583702,True
5710,Zählfeld C_22.2_2_I (veraltet),9.868201,53.571205,2025-03,2.1540697674418605,1.3465481886534518,0.30875,0.26125,True
5710,Zählfeld C_22.2_2_I (veraltet),9.868201,53.571205,2025-04,1.474187380497132,1.6846652267818574,0.2540781018289669,0.22886801779535343,True
5710,Zählfeld C_22.2_2_I (veraltet),9.868201,53.571205,2025-05,1.7878495660559306,1.6610401459854014,0.2805265546981389,0.24875170222423967,True
5710,Zählfeld C_22.2_2_I (veraltet),9.868201,53.571205,2025-06,1.646523178807947,1.468602825745683,0.26435406698564595,0.2539872408293461,True
5710,Zählfeld C_22.2_2_I (veraltet),9.868201,53.571205,2025-07,1.6746490503715938,1.3259552042160738,0.2837951301427372,0.20780856423173805,True
5710,Zählfeld C_22.2_2_I (veraltet),9.868201,53.571205,2025-08,1.7202531645569623,1.4126605296056371,0.27256317689530685,0.25210589651022863,True
5710,Zählfeld C_22.2_2_I (veraltet),9.868201,53.571205,2025-09,1.6368038740920097,1.4240565160810559,0.281198003327787,0.2034109816971714,True
5710,Zählfeld C_22.2_2_I (veraltet),9.868201,53.571205,2025-10,1.734426229508197,1.9424266881894,0.2942157953281424,0.19688542825361513,True
5710,Zählfeld C_22.2_2_I (veraltet),9.868201,53.571205,2025-11,2.1929824561403506,1.6263736263736266,0.32299741602067183,0.2351421188630491,True
5710,Zählfeld C_22.2_2_I (veraltet),9.868201,53.571205,2025-12,2.11742892459827,2.0664869721473496,0.33627797408716137,0.1872791519434629,True
5710,Zählfeld C_22.2_2_I (veraltet),9.868201,53.571205,2026-01,3.137681159420289,1.6133333333333333,0.39471285323609845,0.22789425706472197,True
5710,Zählfeld C_22.2_2_I (veraltet),9.868201,53.571205,2026-02,2.3877551020408165,1.4183150183150184,0.34568896051571313,0.2199838839645447,True
5711,Zählfeld D_22.2_1_G (veraltet),9.868206,53.57122,2025-01,,,0.25,0.25,False
5711,Zählfeld D_22.2_1_G (veraltet),9.868206,53.57122,2025-02,,,0.375,0.375,False
5711,Zählfeld D_22.2_1_G (veraltet),9.868206,53.57122,2025-03,,,0.25,0.25,False
5711,Zählfeld D_22.2_1_G (veraltet),9.868206,53.57122,2025-04,,,0.22727272727272727,0.2727272727272727,False
5711,Zählfeld D_22.2_1_G (veraltet),9.868206,53.57122,2025-05,,,0.23529411764705882,0.4117647058823529,False
5711,Zählfeld D_22.2_1_G (veraltet),9.868206,53.57122,2025-06,,,0.47619047619047616,0.3333333333333333,False
5711,Zählfeld D_22.2_1_G (veraltet),9.868206,53.57122,2025-07,,,0.10526315789473684,0.42105263157894735,False
5711,Zählfeld D_22.2_1_G (veraltet),9.868206,53.57122,2025-08,,,0.07692307692307693,0.4230769230769231,False
5711,Zählfeld D_22.2_1_G (veraltet),9.868206,53.57122,2025-09,,,0.15,0.4,False
5711,Zählfeld D_22.2_1_G (veraltet),9.868206,53.57122,2025-10,,,0.25806451612903225,0.12903225806451613,False
5711,Zählfeld D_22.2_1_G (veraltet),9.868206,53.57122,2025-11,,,0.09090909090909091,0.36363636363636365,False
5711,Zählfeld D_22.2_1_G (veraltet),9.868206,53.57122,2025-12,,,0.0,0.5,False
5711,Zählfeld D_22.2_1_G (veraltet),9.868206,53.57122,2026-01,,,0.16666666666666666,0.16666666666666666,False
5711,Zählfeld D_22.2_1_G (veraltet),9.868206,53.57122,2026-02,,,0.16666666666666666,0.0,False
5713,Zählfeld B_16.1_1_I (veraltet),10.018952,53.490955,2025-01,2.1590163934426227,2.094925789374173,0.3619126133553174,0.13520197856553998,True
5713,Zählfeld B_16.1_1_I (veraltet),10.018952,53.490955,2025-02,2.1993865030674846,1.486842105263158,0.3333333333333333,0.21199442119944212,True
5713,Zählfeld B_16.1_1_I (veraltet),10.018952,53.490955,2025-03,1.9077079107505073,1.219198790627362,0.2795363352652697,0.2808738296923763,True
5713,Zählfeld B_16.1_1_I (veraltet),10.018952,53.490955,2025-04,1.5573314801945795,1.378310214375788,0.25075528700906347,0.26619671030547165,True
5713,Zählfeld B_16.1_1_I (veraltet),10.018952,53.490955,2025-05,1.4875690607734806,1.0722772277227723,0.2191028379615502,0.3390296002441257,True
5713,Zählfeld B_16.1_1_I (veraltet),10.018952,53.490955,2025-06,1.5601480567550894,1.2833333333333334,0.24620327102803738,0.2803738317757009,True
5713,Zählfeld B_16.1_1_I (veraltet),10.018952,53.490955,2025-07,1.6061867935752527,1.1938020351526364,0.27002700270027,0.22562256225622562,True
5713,Zählfeld B_16.1_1_I (veraltet),10.018952,53.490955,2025-08,1.533716675378986,1.3048973143759874,0.24784591991890523,0.2673593512417638,True
5713,Zählfeld B_16.1_1_I (veraltet),10.018952,53.490955,2025-09,1.2360335195530725,1.3590993110401612,0.23019898556379242,0.2110807647288334,True
5713,Zählfeld B_16.1_1_I (veraltet),10.018952,53.490955,2025-10,1.2853828306264503,1.376406587674193,0.22284794851166534,0.2570394207562349,True
5713,Zählfeld B_16.1_1_I (veraltet),10.018952,53.490955,2025-11,2.0011210762331837,1.5521920668058455,0.30264496439471006,0.24364191251271616,True
5713,Zählfeld B_16.1_1_I (veraltet),10.018952,53.490955,2025-12,1.5921985815602837,1.6988062442607899,0.27080820265379973,0.2189384800965018,True
5713,Zählfeld B_16.1_1_I (veraltet),10.018952,53.490955,2026-01,2.206896551724138,1.1723602484472049,0.30141287284144425,0.28885400313971743,True
5713,Zählfeld B_16.1_1_I (veraltet),10.018952,53.490955,2026-02,1.9722772277227725,1.24,0.2999096657633243,0.24390243902439024,True
5714,Zählfeld B_16.1_2_G (veraltet),10.018952,53.490955,2025-01,2.0769230769230766,1.5355826661583427,0.3371757925072046,0.17579250720461095,True
5714,Zählfeld B_16.1_2_G (veraltet),10.018952,53.490955,2025-02,2.2459016393442623,1.1962616822429906,0.32084309133489464,0.2505854800936768,True
5714,Zählfeld B_16.1_2_G (veraltet),10.018952,53.490955,2025-03,1.7061068702290076,1.0300751879699248,0.24792013311148087,0.3161397670549085,True
5714,Zählfeld B_16.1_2_G (veraltet),10.018952,53.490955,2025-04,1.7914285714285716,1.091796875,0.25644171779141106,0.3141104294478528,True
5714,Zählfeld B_16.1_2_G (veraltet),10.018952,53.490955,2025-05,1.3790849673202614,0.9352791878172588,0.19830827067669174,0.37030075187969924,True
5714,Zählfeld B_16.1_2_G (veraltet),10.018952,53.490955,2025-06,1.3457943925233644,0.9961439588688945,0.20618556701030927,0.33419243986254293,True
5714,Zählfeld B_16.1_2_G (veraltet),10.018952,53.490955,2025-07,1.486092715231788,0.9966894725226219,0.24556795797767564,0.2586999343401182,True
5714,Zählfeld B_16.1_2_G (veraltet),10.018952,53.490955,2025-08,1.5426136363636365,1.292309184366211,0.24814916369618864,0.2692624074581848,True
5714,Zählfeld B_16.1_2_G (veraltet),10.018952,53.490955,2025-09,1.737235367372354,1.4499714122355631,0.2931904161412358,0.2005044136191677,True
5714,Zählfeld B_16.1_2_G (veraltet),10.018952,53.490955,2025-10,1.4050632911392404,1.1904761904761905,0.22783251231527094,0.2857142857142857,True
5714,Zählfeld B_16.1_2_G (veraltet),10.018952,53.490955,2025-11,2.1951219512195124,1.383116883116883,0.3103448275862069,0.2655172413793103,True
5714,Zählfeld B_16.1_2_G (veraltet),10.018952,53.490955,2025-12,1.8547717842323652,1.3555787278415017,0.2827324478178368,0.25996204933586337,True
5714,Zählfeld B_16.1_2_G (veraltet),10.018952,53.490955,2026-01,2.206896551724138,1.1413454270597128,0.29906542056074764,0.29439252336448596,True
5714,Zählfeld B_16.1_2_G (veraltet),10.018952,53.490955,2026-02,1.480263157894737,1.0682352941176472,0.2403846153846154,0.2724358974358974,True
5715,Zählfeld B_50.6_1_I (veraltet),9.984691,53.456963,2025-01,1.3780837636259322,2.025809686744145,0.2618839947666812,0.16801133885739206,True
5715,Zählfeld B_50.6_1_I (veraltet),9.984691,53.456963,2025-02,1.4533600802407223,1.5982721382289415,0.2610246433203632,0.2001729355814959,True
5715,Zählfeld B_50.6_1_I (veraltet),9.984691,53.456963,2025-03,1.5138736479071955,1.4154463271837072,0.25095501676151866,0.25173462228112575,True
5715,Zählfeld B_50.6_1_I (veraltet),9.984691,53.456963,2025-04,1.2652218449034125,1.8437789761042647,0.24267506592440669,0.18524758277175504,True
5715,Zählfeld B_50.6_1_I (veraltet),9.984691,53.456963,2025-05,1.290878419086637,1.5372027313397694,0.22156728919774152,0.2635105788918533,True
5715,Zählfeld B_50.6_1_I (veraltet),9.984691,53.456963,2025-06,1.2892311255210747,1.4988835329441101,0.22603113076131065,0.250923626673127,True
5715,Zählfeld B_50.6_1_I (veraltet),9.984691,53.456963,2025-07,1.335925664074336,1.365164921653271,0.24554466473602138,0.20305190465582534,True
5715,Zählfeld B_50.6_1_I (veraltet),9.984691,53.456963,2025-08,1.2959889349930844,1.3996192278662116,0.22509158609092547,0.2538586271094829,True
5715,Zählfeld B_50.6_1_I (veraltet),9.984691,53.456963,2025-09,1.2470337693945848,1.32507534230322,0.23039739193974482,0.21533359563824406,True
5715,Zählfeld B_50.6_1_I (veraltet),9.984691,53.456963,2025-10,1.2537753222836097,1.6812974043178874,0.22968960863697707,0.22071524966261807,True
5715,Zählfeld B_50.6_1_I (veraltet),9.984691,53.456963,2025-11,1.4399288045090477,1.5256880733944955,0.2442632850241546,0.24682971014492755,True
5715,Zählfeld B_50.6_1_I (veraltet),9.984691,53.456963,2025-12,1.3615827550568433,1.9233173170826985,0.25022385022385024,0.19845339845339846,True
5715,Zählfeld B_50.6_1_I (veraltet),9.984691,53.456963,2026-01,1.5745967741935485,1.5196570892773427,0.2620805369127517,0.23859060402684565,True
5715,Zählfeld B_50.6_1_I (veraltet),9.984691,53.456963,2026-02,1.3998510796723753,1.2492600422832982,0.24099474426355597,0.2425330085886425,True
5716,Zählfeld B_50.6_2_G (veraltet),9.984691,53.456963,2025-01,1.6321782178217823,1.5135878356518926,0.2773851590106007,0.212771327612317,True
5716,Zählfeld B_50.6_2_G (veraltet),9.984691,53.456963,2025-02,1.5659596482152094,1.2232848232848232,0.258452868852459,0.2464139344262295,True
5716,Zählfeld B_50.6_2_G (veraltet),9.984691,53.456963,2025-03,1.535575679172057,1.122746341307202,0.23773282595633888,0.2978169437212097,True
5716,Zählfeld B_50.6_2_G (veraltet),9.984691,53.456963,2025-04,1.6935675256523541,1.3827476622693704,0.27791311408850994,0.23264311814859928,True
5716,Zählfeld B_50.6_2_G (veraltet),9.984691,53.456963,2025-05,1.516783216783217,1.2822414726583649,0.23500731350560702,0.30017877458150494,True
5716,Zählfeld B_50.6_2_G (veraltet),9.984691,53.456963,2025-06,1.4451896796763966,1.3958652452376303,0.24000649983750405,0.26454338641533964,True
5716,Zählfeld B_50.6_2_G (veraltet),9.984691,53.456963,2025-07,1.4814814814814816,1.1268612269207863,0.2526068438830959,0.2358642972536349,True
5716,Zählfeld B_50.6_2_G (veraltet),9.984691,53.456963,2025-08,1.400066291017567,1.20961128423815,0.2283119831360467,0.28247121777201234,True
5716,Zählfeld B_50.6_2_G (veraltet),9.984691,53.456963,2025-09,1.5432239657631954,1.2056101300323663,0.2609639600521059,0.2317267332464901,True
5716,Zählfeld B_50.6_2_G (veraltet),9.984691,53.456963,2025-10,1.4393063583815031,1.4029959810010961,0.24206092028515877,0.25340246273493194,True
5716,Zählfeld B_50.6_2_G (veraltet),9.984691,53.456963,2025-11,1.538374717832957,1.2266625991458207,0.24081272084805655,0.2895759717314488,True
5716,Zählfeld B_50.6_2_G (veraltet),9.984691,53.456963,2025-12,1.4043478260869566,1.5598413981599106,0.24428058234070713,0.2338816411419928,True
5716,Zählfeld B_50.6_2_G (veraltet),9.984691,53.456963,2026-01,1.5217105263157893,1.4546031746031747,0.25353502137454786,0.24662939822426833,True
5716,Zählfeld B_50.6_2_G (veraltet),9.984691,53.456963,2026-02,1.4599358974358974,1.1656544502617803,0.24371321562332798,0.25548421615837347,True
5717,Zählfeld A_50.2_1_G (veraltet),9.987232,53.456978,2025-01,1.6842105263157894,1.992537313432836,0.2983050847457627,0.17033898305084746,True
5717,Zählfeld A_50.2_1_G (veraltet),9.987232,53.456978,2025-02,1.560090702947846,1.6688796680497926,0.2759727236261532,0.19334135579622944,True
5717,Zählfeld A_50.2_1_G (veraltet),9.987232,53.456978,2025-03,1.544642857142857,1.2204478971850574,0.24448841153193895,0.2806670435274166,True
5717,Zählfeld A_50.2_1_G (veraltet),9.987232,53.456978,2025-04,1.3636363636363635,1.723378212974296,0.24222405725295898,0.22488301679053124,True
5717,Zählfeld A_50.2_1_G (veraltet),9.987232,53.456978,2025-05,1.3128517823639776,1.6271718146718148,0.22750548646671542,0.2526213118751524,True
5717,Zählfeld A_50.2_1_G (veraltet),9.987232,53.456978,2025-06,1.4808510638297872,1.6300309597523222,0.25290697674418605,0.23473837209302326,True
5717,Zählfeld A_50.2_1_G (veraltet),9.987232,53.456978,2025-07,1.4358638743455499,1.2434415703540636,0.2529398201521789,0.21858427484436246,True
5717,Zählfeld A_50.2_1_G (veraltet),9.987232,53.456978,2025-08,1.3042876901798064,1.3278716504522956,0.22303689687795647,0.2639545884578997,True
5717,Zählfeld A_50.2_1_G (veraltet),9.987232,53.456978,2025-09,1.3271422541156606,1.0538977561878324,0.2280243690165361,0.2565274151436031,True
5717,Zählfeld A_50.2_1_G (veraltet),9.987232,53.456978,2025-10,1.3230293663060277,1.5505294085037975,0.23413566739606126,0.2349562363238512,True
5717,Zählfeld A_50.2_1_G (veraltet),9.987232,53.456978,2025-11,1.7092541436464088,1.1656410256410257,0.25400246305418717,0.3001847290640394,True
5717,Zählfeld A_50.2_1_G (veraltet),9.987232,53.456978,2025-12,1.508783344176968,1.7799352750809059,0.26400273224043713,0.21106557377049182,True
5717,Zählfeld A_50.2_1_G (veraltet),9.987232,53.456978,2026-01,1.5782747603833864,1.5579473798651882,0.2640299305184393,0.2340994120791021,True
5717,Zählfeld A_50.2_1_G (veraltet),9.987232,53.456978,2026-02,1.7784256559766762,0.8956284153005465,0.25727541121889497,0.308730493462674,True
5718,Zählfeld A_50.2_2_I (veraltet),9.987232,53.456978,2025-01,1.6591375770020533,2.217986314760508,0.3006511627906977,0.15572093023255815,True
5718,Zählfeld A_50.2_2_I (veraltet),9.987232,53.456978,2025-02,1.6828225231646472,1.727810650887574,0.2918057100482017,0.18798665183537264,True
5718,Zählfeld A_50.2_2_I (veraltet),9.987232,53.456978,2025-03,1.6757041326664912,1.3381698194227858,0.2643248629795715,0.2624564025909317,True
5718,Zählfeld A_50.2_2_I (veraltet),9.987232,53.456978,2025-04,1.2884765625,1.7534738859607093,0.2337869445035084,0.22187965128641293,True
5718,Zählfeld A_50.2_2_I (veraltet),9.987232,53.456978,2025-05,1.4254947613504076,1.5516326530612243,0.23781316760536025,0.2617013012235386,True
5718,Zählfeld A_50.2_2_I (veraltet),9.987232,53.456978,2025-06,1.4845588235294118,1.458393113342898,0.24652014652014653,0.2553113553113553,True
5718,Zählfeld A_50.2_2_I (veraltet),9.987232,53.456978,2025-07,1.3248610007942812,1.3262696382900985,0.2426887821911829,0.20776953295504147,True
5718,Zählfeld A_50.2_2_I (veraltet),9.987232,53.456978,2025-08,1.3232306129359972,1.3752484366668283,0.2273520684238087,0.2572002094606389,True
5718,Zählfeld A_50.2_2_I (veraltet),9.987232,53.456978,2025-09,1.3675937122128174,1.2407802723592196,0.2421545237658286,0.22664709120939622,True
5718,Zählfeld A_50.2_2_I (veraltet),9.987232,53.456978,2025-10,1.3349056603773584,1.72484984984985,0.24132050188817153,0.2163479108295773,True
5718,Zählfeld A_50.2_2_I (veraltet),9.987232,53.456978,2025-11,1.7538595980192253,1.501103752759382,0.2767512410369553,0.24986210700496414,True
5718,Zählfeld A_50.2_2_I (veraltet),9.987232,53.456978,2025-12,1.568576388888889,2.000152016113708,0.27731737262124,0.19229588704726827,True
5718,Zählfeld A_50.2_2_I (veraltet),9.987232,53.456978,2026-01,1.635352286773795,1.8601190476190477,0.2808917197452229,0.20382165605095542,True
5718,Zählfeld A_50.2_2_I (veraltet),9.987232,53.456978,2026-02,1.49008373732922,1.2117752007136484,0.24950188177994245,0.2481735665264556,True
5719,Zählfeld D_2.2_1_I (veraltet),9.966833,53.55737,2025-01,2.274879500992345,2.35341119919042,0.3674016072532454,0.1480870938938114,True
5719,Zählfeld D_2.2_1_I (veraltet),9.966833,53.55737,2025-02,2.1960658330450253,1.6358501575446378,0.33960057780936875,0.19647811432371082,True
5719,Zählfeld D_2.2_1_I (veraltet),9.966833,53.55737,2025-03,2.0195116553555623,1.7430346624246404,0.31600180067871736,0.21457510907957614,True
5719,Zählfeld D_2.2_1_I (veraltet),9.966833,53.55737,2025-04,1.6196991127684197,1.801847616754935,0.27444931041244525,0.21721681155631087,True
5719,Zählfeld D_2.2_1_I (veraltet),9.966833,53.55737,2025-05,1.6544436706487384,1.6371678914641041,0.26606962859579747,0.25146674937323926,True
5719,Zählfeld D_2.2_1_I (veraltet),9.966833,53.55737,2025-06,1.6332158725294927,1.7852883877442587,0.27537748156185016,0.2187907673628602,True
5719,Zählfeld D_2.2_1_I (veraltet),9.966833,53.55737,2025-07,1.6324513207200164,1.5081744519258025,0.28635373820469395,0.18740624243890636,True
5719,Zählfeld D_2.2_1_I (veraltet),9.966833,53.55737,2025-08,1.6989548185334542,1.5638472114947441,0.27716391659841844,0.2334223916866936,True
5719,Zählfeld D_2.2_1_I (veraltet),9.966833,53.55737,2025-09,1.5968729771448489,1.4174655542696584,0.27645955906122716,0.20416370336846187,True
5719,Zählfeld D_2.2_1_I (veraltet),9.966833,53.55737,2025-10,1.64808536098923,1.9182191933034558,0.2840569248221099,0.19887594101268433,True
5719,Zählfeld D_2.2_1_I (veraltet),9.966833,53.55737,2025-11,2.046495244804509,1.8744439598778893,0.3201337104654153,0.2105756162068839,True
5719,Zählfeld D_2.2_1_I (veraltet),9.966833,53.55737,2025-12,1.8516823354774863,2.100153678923498,0.31111526790539135,0.18483185767136384,True
5719,Zählfeld D_2.2_1_I (veraltet),9.966833,53.55737,2026-01,2.0682819383259914,2.277992277992278,0.33752695902228613,0.17289719626168223,True
5719,Zählfeld D_2.2_1_I (veraltet),9.966833,53.55737,2026-02,2.1766031550911698,1.698336414048059,0.3403164840796976,0.19062720225510923,True
5721,Zählfeld B_16.6_1_I (veraltet),10.014789,53.491993,2025-01,1.5186104218362284,1.8670539986329457,0.2756756756756757,0.17972972972972973,True
5721,Zählfeld B_16.6_1_I (veraltet),10.014789,53.491993,2025-02,1.5857142857142856,1.4436507936507936,0.2707705553164012,0.21696082651743434,True
5721,Zählfeld B_16.6_1_I (veraltet),10.014789,53.491993,2025-03,1.4926739926739927,1.2964431055441044,0.24299344066785927,0.26863446630888493,True
5721,Zählfeld B_16.6_1_I (veraltet),10.014789,53.491993,2025-04,1.3796791443850267,1.455701394585726,0.23447986577181207,0.25566275167785235,True
5721,Zählfeld B_16.6_1_I (veraltet),10.014789,53.491993,2025-05,1.4396325459317587,1.2105725439167208,0.22296747967479674,0.3123983739837398,True
5721,Zählfeld B_16.6_1_I (veraltet),10.014789,53.491993,2025-06,1.519362186788155,1.4293948126801155,0.24906646751306946,0.2591486183719193,True
5721,Zählfeld B_16.6_1_I (veraltet),10.014789,53.491993,2025-07,1.4708449028163428,1.237483530961792,0.25680448784541865,0.2194057760232703,True
5721,Zählfeld B_16.6_1_I (veraltet),10.014789,53.491993,2025-08,1.4639556377079483,1.2972363226170334,0.23989095865515675,0.2685143116765107,True
5721,Zählfeld B_16.6_1_I (veraltet),10.014789,53.491993,2025-09,1.4013452914798206,1.1711537027369678,0.24295432458697766,0.2369290573372206,True
5721,Zählfeld B_16.6_1_I (veraltet),10.014789,53.491993,2025-10,1.464026770775237,1.4275013376136971,0.2459246767847105,0.2501405283867341,True
5721,Zählfeld B_16.6_1_I (veraltet),10.014789,53.491993,2025-11,1.6067484662576688,1.6169250645994833,0.26640219713152274,0.23619163869392737,True
5721,Zählfeld B_16.6_1_I (veraltet),10.014789,53.491993,2025-12,1.4176042356055594,1.7089093701996927,0.2509666080843585,0.2179261862917399,True
5721,Zählfeld B_16.6_1_I (veraltet),10.014789,53.491993,2026-01,1.801418439716312,1.0466914038342607,0.2578680203045685,0.31269035532994927,True
5721,Zählfeld B_16.6_1_I (veraltet),10.014789,53.491993,2026-02,1.7583732057416266,1.3461928934010152,0.28488372093023256,0.22906976744186047,True
5722,Zählfeld B_16.6_2_G (veraltet),10.014789,53.491993,2025-01,1.66030534351145,1.3647540983606559,0.2741020793950851,0.23062381852551986,True
5722,Zählfeld B_16.6_2_G (veraltet),10.014789,53.491993,2025-02,1.9871794871794872,1.0038709677419355,0.2849264705882353,0.2849264705882353,True
5722,Zählfeld B_16.6_2_G (veraltet),10.014789,53.491993,2025-03,1.7908163265306125,1.083982683982684,0.2597114317425083,0.3052164261931188,True
5722,Zählfeld B_16.6_2_G (veraltet),10.014789,53.491993,2025-04,1.75736568457539,1.14375,0.2570342205323194,0.3041825095057034,True
5722,Zählfeld B_16.6_2_G (veraltet),10.014789,53.491993,2025-05,1.553054662379421,0.9491773308957953,0.215962441314554,0.36686787391012743,True
5722,Zählfeld B_16.6_2_G (veraltet),10.014789,53.491993,2025-06,1.5753768844221105,1.1606118546845126,0.2406447898675878,0.30109383995394357,True
5722,Zählfeld B_16.6_2_G (veraltet),10.014789,53.491993,2025-07,1.7109067017082786,0.936153544849197,0.2647956070774863,0.2708968883465528,True
5722,Zählfeld B_16.6_2_G (veraltet),10.014789,53.491993,2025-08,1.6538461538461537,1.0686685802605431,0.2458313482610767,0.30824202000952833,True
5722,Zählfeld B_16.6_2_G (veraltet),10.014789,53.491993,2025-09,1.6329113924050633,0.9506493506493507,0.2549407114624506,0.2766798418972332,True
5722,Zählfeld B_16.6_2_G (veraltet),10.014789,53.491993,2025-10,1.6928982725527832,1.2478946562547848,0.261101243339254,0.2761989342806394,True
5722,Zählfeld B_16.6_2_G (veraltet),10.014789,53.491993,2025-11,2.6955445544554455,1.604602510460251,0.36083499005964215,0.23757455268389663,True
5722,Zählfeld B_16.6_2_G (veraltet),10.014789,53.491993,2025-12,2.490716180371353,1.4538558786346398,0.34170305676855894,0.24672489082969432,True
5722,Zählfeld B_16.6_2_G (veraltet),10.014789,53.491993,2026-01,2.6370967741935485,0.9648033126293996,0.3132183908045977,0.33045977011494254,True
5722,Zählfeld B_16.6_2_G (veraltet),10.014789,53.491993,2026-02,1.7600000000000002,1.1609756097560977,0.275,0.25625,True
5727,Zählfeld A_25.1_1_I (veraltet),9.998648,53.557594,2025-01,3.338115816767502,3.0668017323098082,0.46468705633226653,0.11769377000264697,True
5727,Zählfeld A_25.1_1_I (veraltet),9.998648,53.557594,2025-02,3.24776558434212,2.1807196801421593,0.43925727007734855,0.15499552434070096,True
5727,Zählfeld A_25.1_1_I (veraltet),9.998648,53.557594,2025-03,3.2233679979026477,2.030320525156627,0.41954581904420674,0.18998140280834655,True
5727,Zählfeld A_25.1_1_I (veraltet),9.998648,53.557594,2025-04,1.999128160418483,2.347550990025309,0.3296779421759816,0.17558948083860512,True
5727,Zählfeld A_25.1_1_I (veraltet),9.998648,53.557594,2025-05,2.0939293032786885,1.8849627753076206,0.31821419812918217,0.22587614298560102,True
5727,Zählfeld A_25.1_1_I (veraltet),9.998648,53.557594,2025-06,2.055353448890791,1.9767655918777196,0.3244929445814611,0.2018761895109069,True
5727,Zählfeld A_25.1_1_I (veraltet),9.998648,53.557594,2025-07,2.0514869691290354,1.5523886758467238,0.3317777854030127,0.1830456713447483,True
5727,Zählfeld A_25.1_1_I (veraltet),9.998648,53.557594,2025-08,1.9568504658622272,1.2053797768083485,0.2829832350407528,0.28318202902392153,True
5727,Zählfeld A_25.1_1_I (veraltet),9.998648,53.557594,2025-09,1.9773635153129163,1.0535364495990756,0.29533431446640945,0.2565928165148562,True
5727,Zählfeld A_25.1_1_I (veraltet),9.998648,53.557594,2025-10,2.2408195155829502,2.1662441397944963,0.3505184038457621,0.18020899109852728,True
5727,Zählfeld A_25.1_1_I (veraltet),9.998648,53.557594,2025-11,3.039078653543959,2.5970443875373457,0.4219910079068405,0.16144424729978812,True
5727,Zählfeld A_25.1_1_I (veraltet),9.998648,53.557594,2025-12,2.754545454545455,2.8540884893969802,0.410228414202734,0.14298816438834783,True
5727,Zählfeld A_25.1_1_I (veraltet),9.998648,53.557594,2026-01,3.044956385596064,2.653061224489796,0.4270656879352532,0.15217391304347827,True
5727,Zählfeld A_25.1_1_I (veraltet),9.998648,53.557594,2026-02,3.066928852341795,2.320574358974359,0.4311910003920741,0.14702777694001268,True
5728,Zählfeld A_25.1_2_G (veraltet),9.998648,53.557594,2025-01,2.724401321222131,2.6989488028031925,0.41328447951897784,0.13162344983089064,True
5728,Zählfeld A_25.1_2_G (veraltet),9.998648,53.557594,2025-02,2.852080624187256,1.9023513870541608,0.40268980078949784,0.1737354264206371,True
5728,Zählfeld A_25.1_2_G (veraltet),9.998648,53.557594,2025-03,2.6472096999844554,1.7604727740584862,0.3689632759181021,0.21290217744556386,True
5728,Zählfeld A_25.1_2_G (veraltet),9.998648,53.557594,2025-04,1.839607201309329,1.9226267880364112,0.3016639828234031,0.2063875469672571,True
5728,Zählfeld A_25.1_2_G (veraltet),9.998648,53.557594,2025-05,1.879930278884462,1.5446818572656922,0.28408552141421894,0.2625697062741291,True
5728,Zählfeld A_25.1_2_G (veraltet),9.998648,53.557594,2025-06,1.9759650757835878,1.638641209536732,0.3042621167833594,0.23379330659597128,True
5728,Zählfeld A_25.1_2_G (veraltet),9.998648,53.557594,2025-07,1.7813587931216373,1.619846673457353,0.30670517396398117,0.17677029125684549,True
5728,Zählfeld A_25.1_2_G (veraltet),9.998648,53.557594,2025-08,1.703018765297797,1.5616844120542204,0.27749711956040063,0.23367012319418595,True
5728,Zählfeld A_25.1_2_G (veraltet),9.998648,53.557594,2025-09,1.5497049477984568,1.2309109330385928,0.26293900184842883,0.22804990757855823,True
5728,Zählfeld A_25.1_2_G (veraltet),9.998648,53.557594,2025-10,1.9389411182582879,1.933114876013851,0.3149898717083052,0.19764637792997009,True
5728,Zählfeld A_25.1_2_G (veraltet),9.998648,53.557594,2025-11,2.6686968204209585,2.2462734241908007,0.38506571550420654,0.18206490132981817,True
5728,Zählfeld A_25.1_2_G (veraltet),9.998648,53.557594,2025-12,2.293137643792146,2.5442585442585446,0.36492756367768203,0.1576555250449768,True
5728,Zählfeld A_25.1_2_G (veraltet),9.998648,53.557594,2026-01,2.8599902771025767,2.3319114361161892,0.405290895938824,0.16957734835176191,True
5728,Zählfeld A_25.1_2_G (veraltet),9.998648,53.557594,2026-02,3.11889400921659,2.3248850952068283,0.43489156626506026,0.14679518072289158,True
5729,Zählfeld J_27.1_1_I (veraltet),9.995789,53.559383,2025-01,4.937726956656108,3.0994971842316974,0.5495279368518805,0.1165970180054687,True
5729,Zählfeld J_27.1_1_I (veraltet),9.995789,53.559383,2025-02,5.184883999043291,2.045792856075325,0.5298689870942511,0.16354614782948768,True
5729,Zählfeld J_27.1_1_I (veraltet),9.995789,53.559383,2025-03,4.370729755414395,1.85142887295808,0.47167031009634847,0.204582624888673,True
5729,Zählfeld J_27.1_1_I (veraltet),9.995789,53.559383,2025-04,3.0299955363785145,2.0473448108632395,0.4038575950120178,0.19628281097546466,True
5729,Zählfeld J_27.1_1_I (veraltet),9.995789,53.559383,2025-05,3.033796850538724,1.6797124079425747,0.3787755102040816,0.2466685829261282,True
5729,Zählfeld J_27.1_1_I (veraltet),9.995789,53.559383,2025-06,3.0795804520890235,1.4427643554525897,0.376177851598684,0.2573652324826184,True
5729,Zählfeld J_27.1_1_I (veraltet),9.995789,53.559383,2025-07,3.0818998366902557,1.2880148371672768,0.3989872828948064,0.21262830745161052,True
5729,Zählfeld J_27.1_1_I (veraltet),9.995789,53.559383,2025-08,2.8975942509053136,1.6294155696090613,0.38020464992927866,0.22615364214992928,True
5729,Zählfeld J_27.1_1_I (veraltet),9.995789,53.559383,2025-09,3.252583340821278,1.3827879317796798,0.4118838468890811,0.20821765053934732,True
5729,Zählfeld J_27.1_1_I (veraltet),9.995789,53.559383,2025-10,3.3801952342384585,2.3090309114218144,0.4392156862745098,0.17097042206713195,True
5729,Zählfeld J_27.1_1_I (veraltet),9.995789,53.559383,2025-11,5.023424428332404,2.7398425596749614,0.5294705490457342,0.15432848689109221,True
5729,Zählfeld J_27.1_1_I (veraltet),9.995789,53.559383,2025-12,4.117039370078739,3.0370549574613928,0.5000688610384244,0.135541477298811,True
5729,Zählfeld J_27.1_1_I (veraltet),9.995789,53.559383,2026-01,4.7907585004359206,2.8520362568619944,0.5269466820099732,0.14307633294975067,True
5729,Zählfeld J_27.1_1_I (veraltet),9.995789,53.559383,2026-02,4.836139506915213,2.2633955709943554,0.52447096416577,0.1501842251133066,True
5730,Zählfeld J_27.1_2_G (veraltet),9.995789,53.559383,2025-01,3.1552082531372703,3.0100145575021333,0.45127510570824525,0.1196485200845666,True
5730,Zählfeld J_27.1_2_G (veraltet),9.995789,53.559383,2025-02,3.197082018927445,1.9753393665158372,0.42902498650665144,0.16839699018954185,True
5730,Zählfeld J_27.1_2_G (veraltet),9.995789,53.559383,2025-03,2.7815058516248934,1.8223096140510864,0.3814315824275737,0.20717444311278257,True
5730,Zählfeld J_27.1_2_G (veraltet),9.995789,53.559383,2025-04,1.8337181727408887,2.018805223238721,0.3040542638065377,0.1985068140191848,True
5730,Zählfeld J_27.1_2_G (veraltet),9.995789,53.559383,2025-05,1.9180629539951572,1.624124796464294,0.29134240529606475,0.2529753585877161,True
5730,Zählfeld J_27.1_2_G (veraltet),9.995789,53.559383,2025-06,1.8673712721170548,1.3488838848639124,0.2798988588524981,0.27043342423680794,True
5730,Zählfeld J_27.1_2_G (veraltet),9.995789,53.559383,2025-07,1.865752133619561,1.143922783273402,0.294039013763739,0.2331666501633825,True
5730,Zählfeld J_27.1_2_G (veraltet),9.995789,53.559383,2025-08,1.872464812146736,1.5799971429110502,0.2952966468290381,0.2315890202658417,True
5730,Zählfeld J_27.1_2_G (veraltet),9.995789,53.559383,2025-09,1.853903511212509,1.5050922031704952,0.30761879700289463,0.19459025248258383,True
5730,Zählfeld J_27.1_2_G (veraltet),9.995789,53.559383,2025-10,2.006241747689353,2.2602112427991568,0.33100962490592944,0.17402067572384838,True
5730,Zählfeld J_27.1_2_G (veraltet),9.995789,53.559383,2025-11,2.7625876354365837,2.594776868991247,0.40194737452185003,0.1615625362234844,True
5730,Zählfeld J_27.1_2_G (veraltet),9.995789,53.559383,2025-12,2.371079064025588,3.0163457084243266,0.38126302682510893,0.13634518041306878,True
5730,Zählfeld J_27.1_2_G (veraltet),9.995789,53.559383,2026-01,2.948310948310948,2.9290925124258456,0.4263433582484845,0.13983873815549408,True
5730,Zählfeld J_27.1_2_G (veraltet),9.995789,53.559383,2026-02,2.85519801980198,2.456680647094068,0.41935483870967744,0.14002265195687738,True
5732,Zählfeld B_27.2_2_G (veraltet),9.993346,53.55816,2025-01,3.1546802389909274,3.6155212756738018,0.4604651162790698,0.10164728682170543,True
5732,Zählfeld B_27.2_2_G (veraltet),9.993346,53.55816,2025-02,3.1468734852157056,2.4188841201716738,0.439301664636622,0.14190012180267966,True
5732,Zählfeld B_27.2_2_G (veraltet),9.993346,53.55816,2025-03,2.9937978085590244,2.2895048566690357,0.41348295357204046,0.17217748843584033,True
5732,Zählfeld B_27.2_2_G (veraltet),9.993346,53.55816,2025-04,1.8023209283713486,2.482623086470832,0.3123872936607019,0.16763767512831182,True
5732,Zählfeld B_27.2_2_G (veraltet),9.993346,53.55816,2025-05,1.7320692497938994,2.238213399503722,0.293825606600937,0.1972589329417523,True
5732,Zählfeld B_27.2_2_G (veraltet),9.993346,53.55816,2025-06,1.7573913043478258,2.2367130008176614,0.301912160143412,0.18270092620256947,True
5732,Zählfeld B_27.2_2_G (veraltet),9.993346,53.55816,2025-07,1.8270846394984326,1.8466298501556009,0.31851268935667915,0.15850219686536823,True
5732,Zählfeld B_27.2_2_G (veraltet),9.993346,53.55816,2025-08,1.7803052116325944,1.9355402829512267,0.29889058081357406,0.197447610760641,True
5732,Zählfeld B_27.2_2_G (veraltet),9.993346,53.55816,2025-09,1.779808739862002,1.8191493037559172,0.31032736022288354,0.16659279427594503,True
5732,Zählfeld B_27.2_2_G (veraltet),9.993346,53.55816,2025-10,1.9955099422706861,2.5436018028610623,0.336469824789098,0.15768981181051264,True
5732,Zählfeld B_27.2_2_G (veraltet),9.993346,53.55816,2025-11,2.653000594177065,2.5411324786324787,0.3921482522395925,0.16441243632531177,True
5732,Zählfeld B_27.2_2_G (veraltet),9.993346,53.55816,2025-12,2.255808807258243,2.727930535455861,0.36541563608990213,0.148618130981826,True
5732,Zählfeld B_27.2_2_G (veraltet),9.993346,53.55816,2026-01,2.57163601161665,2.755871579400991,0.39355555555555555,0.14733333333333334,True
5732,Zählfeld B_27.2_2_G (veraltet),9.993346,53.55816,2026-02,2.750254841997961,2.2977596741344195,0.40736826211686544,0.1482711762041371,True
5733,Zählfeld H_29.4_1_I (veraltet),9.970359,53.576,2025-01,3.6613779803646564,2.4371311896006156,0.4706419227258899,0.1437311969712335,True
5733,Zählfeld H_29.4_1_I (veraltet),9.970359,53.576,2025-02,3.7230880753896343,1.936347621843805,0.4589658523507925,0.17120739921584396,True
5733,Zählfeld H_29.4_1_I (veraltet),9.970359,53.576,2025-03,3.4226939203354303,1.8655614419680915,0.4245408743702259,0.20334796034454738,True
5733,Zählfeld H_29.4_1_I (veraltet),9.970359,53.576,2025-04,2.466532258064516,2.3575048442390822,0.37225496844191747,0.17497783109905587,True
5733,Zählfeld H_29.4_1_I (veraltet),9.970359,53.576,2025-05,2.488418680355578,1.9416767335105098,0.3533144898938723,0.22073489413897926,True
5733,Zählfeld H_29.4_1_I (veraltet),9.970359,53.576,2025-06,2.4817950063632344,2.0513840947722985,0.3513965006887254,0.2182819964244893,True
5733,Zählfeld H_29.4_1_I (veraltet),9.970359,53.576,2025-07,2.4191806229883803,1.7392880122910455,0.37201459670315845,0.16665408330187492,True
5733,Zählfeld H_29.4_1_I (veraltet),9.970359,53.576,2025-08,2.405218025907681,1.6178462210572302,0.3437907474052052,0.22740311896938403,True
5733,Zählfeld H_29.4_1_I (veraltet),9.970359,53.576,2025-09,2.3938074046018367,1.694827509260499,0.3654062960714595,0.17665423640620934,True
5733,Zählfeld H_29.4_1_I (veraltet),9.970359,53.576,2025-10,2.5150877192982453,2.1324107990774657,0.3727896817141668,0.1825462866652798,True
5733,Zählfeld H_29.4_1_I (veraltet),9.970359,53.576,2025-11,3.5655572928300208,2.156882888171412,0.4408694211224039,0.1881904551480336,True
5733,Zählfeld H_29.4_1_I (veraltet),9.970359,53.576,2025-12,3.0938963279388814,2.396654163395462,0.4235492577597841,0.1657557354925776,True
5733,Zählfeld H_29.4_1_I (veraltet),9.970359,53.576,2026-01,3.460947503201025,2.309884299790572,0.4441158348736907,0.1709180529882933,True
5733,Zählfeld H_29.4_1_I (veraltet),9.970359,53.576,2026-02,3.503979739507959,1.9809366391184573,0.4482343684916925,0.16800111075114546,True
5734,Zählfeld H_29.4_2_G (veraltet),9.970359,53.576,2025-01,1.1590909090909092,0.860501567398119,0.18888888888888888,0.32222222222222224,True
5734,Zählfeld H_29.4_2_G (veraltet),9.970359,53.576,2025-02,1.7368421052631577,1.1428571428571428,0.2716049382716049,0.25925925925925924,True
5734,Zählfeld H_29.4_2_G (veraltet),9.970359,53.576,2025-03,2.0181818181818185,1.4132104454685097,0.3008130081300813,0.25203252032520324,True
5734,Zählfeld H_29.4_2_G (veraltet),9.970359,53.576,2025-04,2.0909090909090913,1.435897435897436,0.304635761589404,0.2582781456953642,True
5734,Zählfeld H_29.4_2_G (veraltet),9.970359,53.576,2025-05,1.7910447761194028,1.3375000000000001,0.26490066225165565,0.2913907284768212,True
5734,Zählfeld H_29.4_2_G (veraltet),9.970359,53.576,2025-06,2.2794117647058822,1.2796942780417269,0.29605263157894735,0.3092105263157895,True
5734,Zählfeld H_29.4_2_G (veraltet),9.970359,53.576,2025-07,1.272727272727273,1.2575250836120402,0.23333333333333334,0.21666666666666667,True
5734,Zählfeld H_29.4_2_G (veraltet),9.970359,53.576,2025-08,2.0625,0.8385093167701864,0.25984251968503935,0.36220472440944884,True
5734,Zählfeld H_29.4_2_G (veraltet),9.970359,53.576,2025-09,2.142857142857143,1.0909090909090908,0.3125,0.25,True
5734,Zählfeld H_29.4_2_G (veraltet),9.970359,53.576,2025-10,1.0961538461538463,1.126984126984127,0.18811881188118812,0.297029702970297,True
5734,Zählfeld H_29.4_2_G (veraltet),9.970359,53.576,2025-11,1.309090909090909,1.462962962962963,0.22641509433962265,0.25471698113207547,True
5734,Zählfeld H_29.4_2_G (veraltet),9.970359,53.576,2025-12,1.3125,1.4935064935064937,0.23076923076923078,0.24175824175824176,True
5734,Zählfeld H_29.4_2_G (veraltet),9.970359,53.576,2026-01,1.875,0.6516290726817042,0.2222222222222222,0.4222222222222222,True
5734,Zählfeld H_29.4_2_G (veraltet),9.970359,53.576,2026-02,2.7,0.8941176470588235,0.32727272727272727,0.3090909090909091,True
5735,Zählfeld H_29.2_1_G (veraltet),9.970477,53.57606,2025-01,3.2222222222222223,1.7355371900826444,0.4190751445086705,0.1907514450867052,True
5735,Zählfeld H_29.2_1_G (veraltet),9.970477,53.57606,2025-02,2.496644295302014,1.56,0.36151603498542273,0.20408163265306123,True
5735,Zählfeld H_29.2_1_G (veraltet),9.970477,53.57606,2025-03,3.068702290076336,1.8027210884353742,0.4,0.208955223880597,True
5735,Zählfeld H_29.2_1_G (veraltet),9.970477,53.57606,2025-04,2.6715328467153285,1.8239436619718308,0.3696969696969697,0.21515151515151515,True
5735,Zählfeld H_29.2_1_G (veraltet),9.970477,53.57606,2025-05,3.2376237623762374,1.8934426229508197,0.4022140221402214,0.22509225092250923,True
5735,Zählfeld H_29.2_1_G (veraltet),9.970477,53.57606,2025-06,2.4603174603174605,1.978817299205649,0.3469387755102041,0.22448979591836735,True
5735,Zählfeld H_29.2_1_G (veraltet),9.970477,53.57606,2025-07,4.285714285714286,3.404479578392622,0.5337078651685393,0.09269662921348315,True
5735,Zählfeld H_29.2_1_G (veraltet),9.970477,53.57606,2025-08,1.878048780487805,2.506265664160401,0.3235294117647059,0.15966386554621848,True
5735,Zählfeld H_29.2_1_G (veraltet),9.970477,53.57606,2025-09,2.520618556701031,1.6859504132231404,0.37557603686635943,0.1774193548387097,True
5735,Zählfeld H_29.2_1_G (veraltet),9.970477,53.57606,2025-10,2.8360655737704916,1.8426501035196687,0.3861607142857143,0.20535714285714285,True
5735,Zählfeld H_29.2_1_G (veraltet),9.970477,53.57606,2025-11,2.7962962962962963,2.173611111111111,0.3922077922077922,0.18701298701298702,True
5735,Zählfeld H_29.2_1_G (veraltet),9.970477,53.57606,2025-12,2.444444444444444,2.121212121212121,0.36666666666666664,0.18333333333333332,True
5735,Zählfeld H_29.2_1_G (veraltet),9.970477,53.57606,2026-01,3.125,1.794871794871795,0.4032258064516129,0.20967741935483872,True
5735,Zählfeld H_29.2_1_G (veraltet),9.970477,53.57606,2026-02,3.1818181818181817,2.4727272727272727,0.4430379746835443,0.13924050632911392,True
5736,Zählfeld H_29.2_2_I (veraltet),9.970477,53.57606,2025-01,2.073937570515231,2.3164991643964195,0.34739388441622254,0.15009260309180936,True
5736,Zählfeld H_29.2_2_I (veraltet),9.970477,53.57606,2025-02,2.0199368793780312,1.7861955628594905,0.32876042997820043,0.1829662482146884,True
5736,Zählfeld H_29.2_2_I (veraltet),9.970477,53.57606,2025-03,2.1982536217503474,1.8324274031634102,0.33565649525771946,0.2062664767734311,True
5736,Zählfeld H_29.2_2_I (veraltet),9.970477,53.57606,2025-04,1.7745411203814065,2.0989688128772634,0.3001645134755891,0.1923839938065515,True
5736,Zählfeld H_29.2_2_I (veraltet),9.970477,53.57606,2025-05,1.7644315161241786,1.7910633484162894,0.2833293065957961,0.23493597487315776,True
5736,Zählfeld H_29.2_2_I (veraltet),9.970477,53.57606,2025-06,1.7506818010326723,1.8393229982252846,0.27869986168741356,0.23747207149696775,True
5736,Zählfeld H_29.2_2_I (veraltet),9.970477,53.57606,2025-07,1.8425863691356366,1.6633594791612556,0.3146910944279909,0.17294579516495626,True
5736,Zählfeld H_29.2_2_I (veraltet),9.970477,53.57606,2025-08,1.9592783505154638,1.590957948175219,0.30406378326489253,0.23036104741080476,True
5736,Zählfeld H_29.2_2_I (veraltet),9.970477,53.57606,2025-09,1.741222879684418,1.6034776034776037,0.2993624813491884,0.1848578016910069,True
5736,Zählfeld H_29.2_2_I (veraltet),9.970477,53.57606,2025-10,1.7598044661704255,1.996030581296211,0.29850746268656714,0.1926164631388512,True
5736,Zählfeld H_29.2_2_I (veraltet),9.970477,53.57606,2025-11,1.9402183971867482,2.039737123643589,0.31542049044681814,0.1968707687678652,True
5736,Zählfeld H_29.2_2_I (veraltet),9.970477,53.57606,2025-12,1.803000652315721,2.221920453859617,0.3091376803489543,0.17649032546695,True
5736,Zählfeld H_29.2_2_I (veraltet),9.970477,53.57606,2026-01,1.9662190225668006,2.160018787484645,0.32440211060097307,0.18063455081203317,True
5736,Zählfeld H_29.2_2_I (veraltet),9.970477,53.57606,2026-02,1.9745771840999675,1.8556962025316457,0.32654588210143765,0.17732884399551066,True
5739,Zählfeld J_16.3_1_G (veraltet),10.018706,53.491585,2025-01,,,0.3548387096774194,0.2903225806451613,False
5739,Zählfeld J_16.3_1_G (veraltet),10.018706,53.491585,2025-02,,,0.17647058823529413,0.29411764705882354,False
5739,Zählfeld J_16.3_1_G (veraltet),10.018706,53.491585,2025-03,,,0.125,0.3333333333333333,False
5739,Zählfeld J_16.3_1_G (veraltet),10.018706,53.491585,2025-04,,,0.26666666666666666,0.3,False
5739,Zählfeld J_16.3_1_G (veraltet),10.018706,53.491585,2025-05,,,0.13333333333333333,0.3111111111111111,False
5739,Zählfeld J_16.3_1_G (veraltet),10.018706,53.491585,2025-06,,,0.09302325581395349,0.23255813953488372,False
5739,Zählfeld J_16.3_1_G (veraltet),10.018706,53.491585,2025-07,,,0.34285714285714286,0.22857142857142856,False
5739,Zählfeld J_16.3_1_G (veraltet),10.018706,53.491585,2025-08,,,0.0967741935483871,0.4838709677419355,False
5739,Zählfeld J_16.3_1_G (veraltet),10.018706,53.491585,2025-09,,,0.1282051282051282,0.3333333333333333,False
5739,Zählfeld J_16.3_1_G (veraltet),10.018706,53.491585,2025-10,,,0.11538461538461539,0.3076923076923077,False
5739,Zählfeld J_16.3_1_G (veraltet),10.018706,53.491585,2025-11,,,0.2,0.325,False
5739,Zählfeld J_16.3_1_G (veraltet),10.018706,53.491585,2025-12,,,0.21052631578947367,0.3157894736842105,False
5739,Zählfeld J_16.3_1_G (veraltet),10.018706,53.491585,2026-01,,,0.3125,0.1875,False
5739,Zählfeld J_16.3_1_G (veraltet),10.018706,53.491585,2026-02,,,0.34285714285714286,0.22857142857142856,False
5740,Zählfeld J_16.3_2_I (veraltet),10.018706,53.491585,2025-01,1.6355932203389831,1.7081887578070782,0.28466076696165193,0.19321533923303835,True
5740,Zählfeld J_16.3_2_I (veraltet),10.018706,53.491585,2025-02,1.8344594594594594,1.353191489361702,0.2928802588996764,0.22815533980582525,True
5740,Zählfeld J_16.3_2_I (veraltet),10.018706,53.491585,2025-03,1.5069124423963134,1.1168208290510448,0.23440860215053763,0.2989247311827957,True
5740,Zählfeld J_16.3_2_I (veraltet),10.018706,53.491585,2025-04,1.0052770448548813,1.2134292565947242,0.17774667599720084,0.2918124562631211,True
5740,Zählfeld J_16.3_2_I (veraltet),10.018706,53.491585,2025-05,1.3726235741444865,0.9898278560250392,0.20178870877585242,0.3571827836780324,True
5740,Zählfeld J_16.3_2_I (veraltet),10.018706,53.491585,2025-06,1.0835214446952595,1.0806451612903225,0.18140589569160998,0.3163265306122449,True
5740,Zählfeld J_16.3_2_I (veraltet),10.018706,53.491585,2025-07,1.1284686536485098,1.108902691511387,0.20807276861853324,0.23877202956225127,True
5740,Zählfeld J_16.3_2_I (veraltet),10.018706,53.491585,2025-08,1.0766129032258065,1.2941628264208906,0.19305856832971802,0.26898047722342733,True
5740,Zählfeld J_16.3_2_I (veraltet),10.018706,53.491585,2025-09,1.178433889602054,1.1082737487231868,0.21235253296322,0.24705065926439973,True
5740,Zählfeld J_16.3_2_I (veraltet),10.018706,53.491585,2025-10,1.1121951219512196,1.5804274465691788,0.20783956244302643,0.2315405651777575,True
5740,Zählfeld J_16.3_2_I (veraltet),10.018706,53.491585,2025-11,1.5034168564920272,1.576555023923445,0.2534562211981567,0.24078341013824886,True
5740,Zählfeld J_16.3_2_I (veraltet),10.018706,53.491585,2025-12,1.532608695652174,1.4158390628978865,0.253028263795424,0.25168236877523553,True
5740,Zählfeld J_16.3_2_I (veraltet),10.018706,53.491585,2026-01,1.6875,1.199040767386091,0.25766871165644173,0.2842535787321063,True
5740,Zählfeld J_16.3_2_I (veraltet),10.018706,53.491585,2026-02,1.970414201183432,1.9649122807017545,0.3293768545994065,0.16913946587537093,True
5741,Zählfeld B_11.1_1_G (veraltet),10.027673,53.53323,2025-01,1.143529411764706,1.876065340909091,0.22657342657342658,0.17902097902097902,True
5741,Zählfeld B_11.1_1_G (veraltet),10.027673,53.53323,2025-02,1.0122699386503067,1.2492836676217767,0.1911049339819319,0.2425295343988881,True
5741,Zählfeld B_11.1_1_G (veraltet),10.027673,53.53323,2025-03,1.2642310960067968,1.1997991967871486,0.21223791185280275,0.28412494651262304,True
5741,Zählfeld B_11.1_1_G (veraltet),10.027673,53.53323,2025-04,0.8957169459962757,1.1406761177753544,0.1598537720172815,0.30475240943835163,True
5741,Zählfeld B_11.1_1_G (veraltet),10.027673,53.53323,2025-05,1.0929368029739777,1.2413899138991389,0.18504531722054382,0.30702416918429004,True
5741,Zählfeld B_11.1_1_G (veraltet),10.027673,53.53323,2025-06,1.143103448275862,1.4052631578947368,0.20349907918968693,0.26243093922651933,True
5741,Zählfeld B_11.1_1_G (veraltet),10.027673,53.53323,2025-07,1.3333333333333333,1.2417211083577384,0.24036281179138322,0.21882086167800455,True
5741,Zählfeld B_11.1_1_G (veraltet),10.027673,53.53323,2025-08,1.3170731707317072,1.1200759373516849,0.21407333994053518,0.2983151635282458,True
5741,Zählfeld B_11.1_1_G (veraltet),10.027673,53.53323,2025-09,1.2195845697329377,0.9793388429752067,0.21076923076923076,0.27076923076923076,True
5741,Zählfeld B_11.1_1_G (veraltet),10.027673,53.53323,2025-10,0.891398783666377,1.85627253512371,0.18230277185501065,0.20415778251599148,True
5741,Zählfeld B_11.1_1_G (veraltet),10.027673,53.53323,2025-11,1.0961538461538463,1.9002433090024333,0.21186011150532186,0.20831221490116575,True
5741,Zählfeld B_11.1_1_G (veraltet),10.027673,53.53323,2025-12,0.8540816326530613,1.7529935950988582,0.17426608369768895,0.21361648969394129,True
5741,Zählfeld B_11.1_1_G (veraltet),10.027673,53.53323,2026-01,0.9040307101727447,1.8991596638655464,0.18514150943396226,0.20047169811320756,True
5741,Zählfeld B_11.1_1_G (veraltet),10.027673,53.53323,2026-02,1.0801749271137027,2.0172972972972976,0.22093023255813954,0.16547406082289803,True
5742,Zählfeld B_11.1_2_I (veraltet),10.027673,53.53323,2025-01,2.6456375838926176,3.6619023434665894,0.4215253829497153,0.10048921324885716,True
5742,Zählfeld B_11.1_2_I (veraltet),10.027673,53.53323,2025-02,2.5176678445229683,2.2704471101417667,0.3879451159751715,0.14978765109441358,True
5742,Zählfeld B_11.1_2_I (veraltet),10.027673,53.53323,2025-03,2.357512953367876,1.9137516194706645,0.35236198694545856,0.19924770439207876,True
5742,Zählfeld B_11.1_2_I (veraltet),10.027673,53.53323,2025-04,1.4190689070448588,1.874362495096116,0.2535007641786113,0.2105828410921558,True
5742,Zählfeld B_11.1_2_I (veraltet),10.027673,53.53323,2025-05,1.3766020374630297,1.9100130378096478,0.2442138401445811,0.22357605083658835,True
5742,Zählfeld B_11.1_2_I (veraltet),10.027673,53.53323,2025-06,1.775047258979206,2.115577889447236,0.30067243035542746,0.19116234390009607,True
5742,Zählfeld B_11.1_2_I (veraltet),10.027673,53.53323,2025-07,1.8902654867256636,2.0801806888763408,0.3311627906976744,0.14325581395348838,True
5742,Zählfeld B_11.1_2_I (veraltet),10.027673,53.53323,2025-08,2.457256461232604,1.9279393173198482,0.36108676599474143,0.19807186678352323,True
5742,Zählfeld B_11.1_2_I (veraltet),10.027673,53.53323,2025-09,1.4068047337278107,1.6952624839948782,0.26285240464344944,0.17661691542288557,True
5742,Zählfeld B_11.1_2_I (veraltet),10.027673,53.53323,2025-10,1.4959324155193994,3.042410383450846,0.2877000842459983,0.13533517872186784,True
5742,Zählfeld B_11.1_2_I (veraltet),10.027673,53.53323,2025-11,2.681911925269926,3.039719626168224,0.40533553355335533,0.14125412541254126,True
5742,Zählfeld B_11.1_2_I (veraltet),10.027673,53.53323,2025-12,2.3679487179487175,3.247246781448736,0.38471151843365964,0.12789002291189336,True
5742,Zählfeld B_11.1_2_I (veraltet),10.027673,53.53323,2026-01,2.515729265967588,3.237647585473672,0.3976194063582944,0.1282205815880669,True
5742,Zählfeld B_11.1_2_I (veraltet),10.027673,53.53323,2026-02,2.5817508105604445,3.156777996070727,0.41051701281484754,0.11246133451171011,True
5743,Zählfeld B_48.1_1_I (veraltet),10.186197,53.48948,2025-01,1.3684118368061635,2.827930174563591,0.27366319991595756,0.12637882130475891,True
5743,Zählfeld B_48.1_1_I (veraltet),10.186197,53.48948,2025-02,1.4293598233995584,1.870862470862471,0.2658591664955861,0.17614452884417983,True
5743,Zählfeld B_48.1_1_I (veraltet),10.186197,53.48948,2025-03,1.4499795835034708,1.646422528402224,0.2527402135231317,0.22434163701067616,True
5743,Zählfeld B_48.1_1_I (veraltet),10.186197,53.48948,2025-04,1.194540491355778,2.0033898305084747,0.22790479662517577,0.1997291807718348,True
5743,Zählfeld B_48.1_1_I (veraltet),10.186197,53.48948,2025-05,1.2531333470310253,1.5714285714285714,0.2182501341921632,0.25925925925925924,True
5743,Zählfeld B_48.1_1_I (veraltet),10.186197,53.48948,2025-06,1.2418532284553547,1.641710156563629,0.22441424554826617,0.23345829428303655,True
5743,Zählfeld B_48.1_1_I (veraltet),10.186197,53.48948,2025-07,1.2934924787442774,1.595661288852429,0.24735015476972141,0.17897007785385988,True
5743,Zählfeld B_48.1_1_I (veraltet),10.186197,53.48948,2025-08,1.3230304212168487,1.4732298613395538,0.23128451626099406,0.2442728574350583,True
5743,Zählfeld B_48.1_1_I (veraltet),10.186197,53.48948,2025-09,1.183815692383373,1.491189620408521,0.22747896776632953,0.19604877587673694,True
5743,Zählfeld B_48.1_1_I (veraltet),10.186197,53.48948,2025-10,1.1960421247540793,2.1299918931303092,0.2329591560724912,0.18271571544495538,True
5743,Zählfeld B_48.1_1_I (veraltet),10.186197,53.48948,2025-11,1.513409434740751,2.25732562938506,0.27450980392156865,0.181335129471636,True
5743,Zählfeld B_48.1_1_I (veraltet),10.186197,53.48948,2025-12,1.3471337579617835,2.547592385218365,0.2610880874702407,0.15748170355347854,True
5743,Zählfeld B_48.1_1_I (veraltet),10.186197,53.48948,2026-01,1.4017417644831505,2.1581732108047897,0.2608879492600423,0.18076109936575052,True
5743,Zählfeld B_48.1_1_I (veraltet),10.186197,53.48948,2026-02,1.362086776859504,2.1758454106280194,0.26376594148537136,0.15528882220555137,True
5744,Zählfeld B_48.1_2_G (veraltet),10.186197,53.48948,2025-01,2.5203316225819186,2.587208585173307,0.394220081511671,0.1365320489070026,True
5744,Zählfeld B_48.1_2_G (veraltet),10.186197,53.48948,2025-02,2.447103274559194,1.73,0.3648826291079812,0.18779342723004694,True
5744,Zählfeld B_48.1_2_G (veraltet),10.186197,53.48948,2025-03,2.1905460951262476,1.5546761640944469,0.3230709275136399,0.2344764873993245,True
5744,Zählfeld B_48.1_2_G (veraltet),10.186197,53.48948,2025-04,1.5127659574468084,1.8459530026109663,0.2637729549248748,0.21313299944351696,True
5744,Zählfeld B_48.1_2_G (veraltet),10.186197,53.48948,2025-05,1.5506653019447287,1.4063146997929608,0.24495537446643384,0.2811408614668219,True
5744,Zählfeld B_48.1_2_G (veraltet),10.186197,53.48948,2025-06,1.4811797295095326,1.4714285714285715,0.24670249145090375,0.2536231884057971,True
5744,Zählfeld B_48.1_2_G (veraltet),10.186197,53.48948,2025-07,1.5906759906759909,1.437282198179131,0.27898609975470157,0.19484873262469338,True
5744,Zählfeld B_48.1_2_G (veraltet),10.186197,53.48948,2025-08,1.5718162434580345,1.2721065320453702,0.25016196205460434,0.27237390097177233,True
5744,Zählfeld B_48.1_2_G (veraltet),10.186197,53.48948,2025-09,1.3573176700930005,1.3816009001668412,0.24659848821698532,0.20835927078701647,True
5744,Zählfeld B_48.1_2_G (veraltet),10.186197,53.48948,2025-10,1.456567060458652,1.8850676072898296,0.2609236897796589,0.20166811900908752,True
5744,Zählfeld B_48.1_2_G (veraltet),10.186197,53.48948,2025-11,2.319725864123957,2.1468253968253967,0.3536867929671528,0.1889055472263868,True
5744,Zählfeld B_48.1_2_G (veraltet),10.186197,53.48948,2025-12,2.0950211519687603,2.4436952755536825,0.3441308531109686,0.16308531109685695,True
5744,Zählfeld B_48.1_2_G (veraltet),10.186197,53.48948,2026-01,2.1757105943152455,1.9307885097358783,0.33720464557468965,0.19783740488586304,True
5744,Zählfeld B_48.1_2_G (veraltet),10.186197,53.48948,2026-02,2.428571428571429,1.9870967741935484,0.3724039829302987,0.16756756756756758,True
5745,Zählfeld J_37.3_1_I (veraltet),10.019996,53.566193,2025-01,2.8158964879852126,1.640116763969975,0.3875152625152625,0.19963369963369965,True
5745,Zählfeld J_37.3_1_I (veraltet),10.019996,53.566193,2025-02,2.6867236024844723,1.216189290161893,0.3555247341655109,0.24749576205886886,True
5745,Zählfeld J_37.3_1_I (veraltet),10.019996,53.566193,2025-03,2.6995153473344105,1.2660135644310475,0.34418125643666325,0.2733264675592173,True
5745,Zählfeld J_37.3_1_I (veraltet),10.019996,53.566193,2025-04,1.9277313788989265,1.486732489972231,0.2927473210125796,0.25166951389967385,True
5745,Zählfeld J_37.3_1_I (veraltet),10.019996,53.566193,2025-05,1.92792623259315,1.1718208445203806,0.26625604241384687,0.319429284266334,True
5745,Zählfeld J_37.3_1_I (veraltet),10.019996,53.566193,2025-06,1.9840743198407433,1.3817144959529066,0.2923061882882002,0.26571512366800276,True
5745,Zählfeld J_37.3_1_I (veraltet),10.019996,53.566193,2025-07,2.124632254613533,1.248771904098541,0.3242713690913544,0.21785451873622336,True
5745,Zählfeld J_37.3_1_I (veraltet),10.019996,53.566193,2025-08,2.31881686595343,1.5437558222368348,0.3331886495578102,0.23574412674298736,True
5745,Zählfeld J_37.3_1_I (veraltet),10.019996,53.566193,2025-09,2.152362948960302,1.2925499122682222,0.32602221967701295,0.2195624785247967,True
5745,Zählfeld J_37.3_1_I (veraltet),10.019996,53.566193,2025-10,2.122692480864475,1.5629185469081617,0.31760307194826193,0.23352869846402588,True
5745,Zählfeld J_37.3_1_I (veraltet),10.019996,53.566193,2025-11,2.7774750227066303,1.7257189365165493,0.3727450024378352,0.22464651389566065,True
5745,Zählfeld J_37.3_1_I (veraltet),10.019996,53.566193,2025-12,2.41006711409396,1.950493612078978,0.3580616212982351,0.19623093030212385,True
5745,Zählfeld J_37.3_1_I (veraltet),10.019996,53.566193,2026-01,2.838294448913918,1.5317882472137792,0.3708609271523179,0.2371491643014822,True
5745,Zählfeld J_37.3_1_I (veraltet),10.019996,53.566193,2026-02,2.8101063829787236,1.495277207392197,0.38158179848320695,0.21105092091007585,True
5746,Zählfeld J_37.3_2_I (veraltet),10.019996,53.566193,2025-01,2.821497120921306,2.1496408996408998,0.407179657636696,0.1598803390393884,True
5746,Zählfeld J_37.3_2_I (veraltet),10.019996,53.566193,2025-02,2.7977795400475816,1.650804403048264,0.3884393063583815,0.19504541701073494,True
5746,Zählfeld J_37.3_2_I (veraltet),10.019996,53.566193,2025-03,2.7422454021410925,1.7747066758290704,0.37652645861601086,0.21155585707824515,True
5746,Zählfeld J_37.3_2_I (veraltet),10.019996,53.566193,2025-04,1.8737316798196166,1.8217446270543616,0.30166076776476997,0.21535529539885653,True
5746,Zählfeld J_37.3_2_I (veraltet),10.019996,53.566193,2025-05,1.6329908675799085,1.6299196787148593,0.2635408990420044,0.25230287398673545,True
5746,Zählfeld J_37.3_2_I (veraltet),10.019996,53.566193,2025-06,1.6698483997754072,1.7255186721991702,0.2772443367204251,0.22466672881513935,True
5746,Zählfeld J_37.3_2_I (veraltet),10.019996,53.566193,2025-07,1.667825731233381,1.6016422781345405,0.29355221946214494,0.17842099578788206,True
5746,Zählfeld J_37.3_2_I (veraltet),10.019996,53.566193,2025-08,1.774980330448466,1.287305122494432,0.27134953091171515,0.2700264613904258,True
5746,Zählfeld J_37.3_2_I (veraltet),10.019996,53.566193,2025-09,1.6946428571428571,1.3715925394548063,0.2853277209861696,0.2095610342754059,True
5746,Zählfeld J_37.3_2_I (veraltet),10.019996,53.566193,2025-10,1.683801055848847,1.9235904282633254,0.28815977175463625,0.19843081312410843,True
5746,Zählfeld J_37.3_2_I (veraltet),10.019996,53.566193,2025-11,2.524822695035461,1.7834249084249085,0.3569280128333668,0.21896932023260476,True
5746,Zählfeld J_37.3_2_I (veraltet),10.019996,53.566193,2025-12,1.8305785123966942,2.127388535031847,0.309645852749301,0.18289841565703635,True
5746,Zählfeld J_37.3_2_I (veraltet),10.019996,53.566193,2026-01,2.3514412416851442,1.6839351125065412,0.3425387596899225,0.22044573643410853,True
5746,Zählfeld J_37.3_2_I (veraltet),10.019996,53.566193,2026-02,2.6424751718869364,1.743008849557522,0.38090518665345224,0.18665345226296665,True
5747,Zählfeld H_21.3_1_I (veraltet),9.933929,53.550266,2025-01,2.236305619570998,2.3642589068141797,0.3640797714219747,0.1475078645848365,True
5747,Zählfeld H_21.3_1_I (veraltet),9.933929,53.550266,2025-02,2.2123787860648867,1.7653033297856164,0.3460382552032132,0.1847316237395725,True
5747,Zählfeld H_21.3_1_I (veraltet),9.933929,53.550266,2025-03,2.0938626468798276,1.6776521196142369,0.320176097927628,0.22108880060131,True
5747,Zählfeld H_21.3_1_I (veraltet),9.933929,53.550266,2025-04,1.7432776965700103,1.966971157912543,0.2930366510097027,0.20267768368361505,True
5747,Zählfeld H_21.3_1_I (veraltet),9.933929,53.550266,2025-05,1.7302082963698946,1.631966611018364,0.2735780773956808,0.25206618525812585,True
5747,Zählfeld H_21.3_1_I (veraltet),9.933929,53.550266,2025-06,1.7014008827480334,1.7663302090843547,0.28205128205128205,0.22062098364827892,True
5747,Zählfeld H_21.3_1_I (veraltet),9.933929,53.550266,2025-07,1.673350160233686,1.5451467149563107,0.2922697417303177,0.18374595060480875,True
5747,Zählfeld H_21.3_1_I (veraltet),9.933929,53.550266,2025-08,1.827323611163995,1.623542519064907,0.2926905132192846,0.22678620437288446,True
5747,Zählfeld H_21.3_1_I (veraltet),9.933929,53.550266,2025-09,1.735468345057386,1.5577630106642917,0.29712384121701924,0.18925600190159259,True
5747,Zählfeld H_21.3_1_I (veraltet),9.933929,53.550266,2025-10,1.7067875686658136,2.066250433576136,0.294704632715508,0.1872965756494962,True
5747,Zählfeld H_21.3_1_I (veraltet),9.933929,53.550266,2025-11,2.1479274498716894,2.0296326782590803,0.3347704948038478,0.1976571556405198,True
5747,Zählfeld H_21.3_1_I (veraltet),9.933929,53.550266,2025-12,1.9949618608155193,2.1933791101434714,0.32815186579302014,0.17837724801338353,True
5747,Zählfeld H_21.3_1_I (veraltet),9.933929,53.550266,2026-01,2.2205834152736807,2.0751742557488115,0.34596333554613695,0.18664147474850637,True
5747,Zählfeld H_21.3_1_I (veraltet),9.933929,53.550266,2026-02,2.2181598062953998,1.9237670162910063,0.3519130301167793,0.1721342962507683,True
5748,Zählfeld H_21.3_2_G (veraltet),9.933929,53.550266,2025-01,2.267772511848341,2.048218673218673,0.35883014623172105,0.16647919010123735,True
5748,Zählfeld H_21.3_2_G (veraltet),9.933929,53.550266,2025-02,2.6311475409836067,1.706832298136646,0.3785377358490566,0.18985849056603774,True
5748,Zählfeld H_21.3_2_G (veraltet),9.933929,53.550266,2025-03,2.2448979591836733,1.646380525304292,0.3319919517102616,0.2243460764587525,True
5748,Zählfeld H_21.3_2_G (veraltet),9.933929,53.550266,2025-04,1.7486338797814207,1.7449799196787146,0.28622540250447226,0.22271914132379247,True
5748,Zählfeld H_21.3_2_G (veraltet),9.933929,53.550266,2025-05,1.834437086092715,1.3120915032679736,0.2673745173745174,0.2953667953667954,True
5748,Zählfeld H_21.3_2_G (veraltet),9.933929,53.550266,2025-06,1.7443298969072165,1.3599290780141844,0.2688274547187798,0.2688274547187798,True
5748,Zählfeld H_21.3_2_G (veraltet),9.933929,53.550266,2025-07,1.9271523178807948,1.4218824653607263,0.3142548596112311,0.19654427645788336,True
5748,Zählfeld H_21.3_2_G (veraltet),9.933929,53.550266,2025-08,1.838961038961039,1.4355062413314843,0.28536880290205563,0.24909310761789602,True
5748,Zählfeld H_21.3_2_G (veraltet),9.933929,53.550266,2025-09,2.1073825503355703,1.740423098913665,0.34130434782608693,0.17282608695652174,True
5748,Zählfeld H_21.3_2_G (veraltet),9.933929,53.550266,2025-10,1.8859649122807016,1.3959899749373434,0.2878179384203481,0.2543507362784471,True
5748,Zählfeld H_21.3_2_G (veraltet),9.933929,53.550266,2025-11,2.7843137254901964,1.5775401069518717,0.3655083655083655,0.24066924066924067,True
5748,Zählfeld H_21.3_2_G (veraltet),9.933929,53.550266,2025-12,1.9441340782122905,1.448208149239077,0.29591836734693877,0.24744897959183673,True
5748,Zählfeld H_21.3_2_G (veraltet),9.933929,53.550266,2026-01,2.232954545454546,1.4917395529640427,0.3234567901234568,0.2419753086419753,True
5748,Zählfeld H_21.3_2_G (veraltet),9.933929,53.550266,2026-02,2.391459074733096,1.3466666666666667,0.3419847328244275,0.22900763358778625,True
5749,Zählfeld H_21.4_1_G (veraltet),9.933929,53.550247,2025-01,1.7534246575342467,1.7968929804372842,0.3004694835680751,0.18544600938967137,True
5749,Zählfeld H_21.4_1_G (veraltet),9.933929,53.550247,2025-02,1.3333333333333333,1.218018018018018,0.23162583518930957,0.24721603563474387,True
5749,Zählfeld H_21.4_1_G (veraltet),9.933929,53.550247,2025-03,1.467248908296943,1.1276455026455028,0.2309278350515464,0.29690721649484536,True
5749,Zählfeld H_21.4_1_G (veraltet),9.933929,53.550247,2025-04,1.402173913043478,1.4568345323741005,0.23713235294117646,0.2555147058823529,True
5749,Zählfeld H_21.4_1_G (veraltet),9.933929,53.550247,2025-05,1.7727272727272725,1.2833333333333332,0.26,0.3,True
5749,Zählfeld H_21.4_1_G (veraltet),9.933929,53.550247,2025-06,1.2584745762711864,0.8678756476683938,0.1875,0.36553030303030304,True
5749,Zählfeld H_21.4_1_G (veraltet),9.933929,53.550247,2025-07,1.3882352941176472,0.9903750414868902,0.23412698412698413,0.25992063492063494,True
5749,Zählfeld H_21.4_1_G (veraltet),9.933929,53.550247,2025-08,1.206405693950178,1.1581422692533803,0.20323741007194246,0.29136690647482016,True
5749,Zählfeld H_21.4_1_G (veraltet),9.933929,53.550247,2025-09,2.2964601769911503,1.3434343434343434,0.34122287968441817,0.21301775147928995,True
5749,Zählfeld H_21.4_1_G (veraltet),9.933929,53.550247,2025-10,1.5122950819672132,1.386999244142101,0.24949290060851928,0.25557809330628806,True
5749,Zählfeld H_21.4_1_G (veraltet),9.933929,53.550247,2025-11,1.3448275862068966,1.3125,0.22413793103448276,0.27586206896551724,True
5749,Zählfeld H_21.4_1_G (veraltet),9.933929,53.550247,2025-12,1.4927536231884055,1.4194139194139195,0.24879227053140096,0.25120772946859904,True
5749,Zählfeld H_21.4_1_G (veraltet),9.933929,53.550247,2026-01,1.7647058823529411,1.1479591836734693,0.2617801047120419,0.2931937172774869,True
5749,Zählfeld H_21.4_1_G (veraltet),9.933929,53.550247,2026-02,1.8571428571428572,1.2505747126436781,0.28969359331476324,0.24233983286908078,True
5750,Zählfeld H_21.4_2_I (veraltet),9.933929,53.550247,2025-01,3.185820468839337,2.560328506819058,0.4440666259331084,0.13776797811014,True
5750,Zählfeld H_21.4_2_I (veraltet),9.933929,53.550247,2025-02,3.2964029740772993,1.859801157441757,0.43086782937591933,0.17700672410170204,True
5750,Zählfeld H_21.4_2_I (veraltet),9.933929,53.550247,2025-03,3.0924257768775654,1.8226699962685498,0.4024430848628626,0.20714196528904982,True
5750,Zählfeld H_21.4_2_I (veraltet),9.933929,53.550247,2025-04,2.236957910426574,2.1176597210263477,0.3455586073055606,0.19101031199118465,True
5750,Zählfeld H_21.4_2_I (veraltet),9.933929,53.550247,2025-05,2.2764344728264985,1.7828036599846335,0.3297159324825031,0.23576780568135036,True
5750,Zählfeld H_21.4_2_I (veraltet),9.933929,53.550247,2025-06,2.273798153454314,1.8421930604982206,0.3391102036940316,0.2134751436304069,True
5750,Zählfeld H_21.4_2_I (veraltet),9.933929,53.550247,2025-07,2.384662855658049,1.6820878088128421,0.3669775671785029,0.1713501679462572,True
5750,Zählfeld H_21.4_2_I (veraltet),9.933929,53.550247,2025-08,2.2013864410762545,1.6795853868597075,0.32974304822245687,0.2208905315029919,True
5750,Zählfeld H_21.4_2_I (veraltet),9.933929,53.550247,2025-09,2.19637110368713,1.6320318817142199,0.3456573958845831,0.18221283246027842,True
5750,Zählfeld H_21.4_2_I (veraltet),9.933929,53.550247,2025-10,2.442415017757484,2.1681219176974693,0.3679584193227853,0.18008102117251396,True
5750,Zählfeld H_21.4_2_I (veraltet),9.933929,53.550247,2025-11,3.3496127706654018,2.1009308649722835,0.42611842766663316,0.19223886598974566,True
5750,Zählfeld H_21.4_2_I (veraltet),9.933929,53.550247,2025-12,2.928523714094856,2.224896275962346,0.40688663047009144,0.17629588379971228,True
5750,Zählfeld H_21.4_2_I (veraltet),9.933929,53.550247,2026-01,3.1757554706495315,2.1968517557516,0.42262179902006103,0.17814551169455486,True
5750,Zählfeld H_21.4_2_I (veraltet),9.933929,53.550247,2026-02,3.2012667722310195,2.083410331793364,0.4330796549974632,0.1610688313884661,True
5755,Zählfeld B_21.1_1_I (veraltet),9.936625,53.55037,2025-01,2.282345971563981,2.57061310782241,0.3727504934401486,0.13729246487867178,True
5755,Zählfeld B_21.1_1_I (veraltet),9.936625,53.55037,2025-02,2.278650105460511,1.9375483870967745,0.35780525502318394,0.17111945241775225,True
5755,Zählfeld B_21.1_1_I (veraltet),9.936625,53.55037,2025-03,2.2154400221627113,1.8273057286510201,0.3369711781560762,0.20672509691555704,True
5755,Zählfeld B_21.1_1_I (veraltet),9.936625,53.55037,2025-04,1.699083060036142,2.1333637192342754,0.2929243976737746,0.18987122680697868,True
5755,Zählfeld B_21.1_1_I (veraltet),9.936625,53.55037,2025-05,1.7865439403900945,1.8270038022813686,0.28688063063063063,0.23138372747747749,True
5755,Zählfeld B_21.1_1_I (veraltet),9.936625,53.55037,2025-06,1.7382559305045107,2.075518089216719,0.29563586771224004,0.19413569723832252,True
5755,Zählfeld B_21.1_1_I (veraltet),9.936625,53.55037,2025-07,1.7529080445696095,1.6671686383146638,0.30514435527704065,0.17261885730728652,True
5755,Zählfeld B_21.1_1_I (veraltet),9.936625,53.55037,2025-08,1.7638167217760985,1.739047963925748,0.2906628264507843,0.2149612734986183,True
5755,Zählfeld B_21.1_1_I (veraltet),9.936625,53.55037,2025-09,1.6427683896620278,1.7276715274045047,0.29230922296288925,0.1738798792823268,True
5755,Zählfeld B_21.1_1_I (veraltet),9.936625,53.55037,2025-10,1.7314228590469842,2.392579112324335,0.3051982378854626,0.16599118942731278,True
5755,Zählfeld B_21.1_1_I (veraltet),9.936625,53.55037,2025-11,2.25146255850234,2.263363590519415,0.3511565308636343,0.18093891144669008,True
5755,Zählfeld B_21.1_1_I (veraltet),9.936625,53.55037,2025-12,1.9800984817398442,2.4595321690757372,0.3331089826559669,0.1622055397359565,True
5755,Zählfeld B_21.1_1_I (veraltet),9.936625,53.55037,2026-01,2.210933470861269,2.1909966172261255,0.34853658536585364,0.17853658536585365,True
5755,Zählfeld B_21.1_1_I (veraltet),9.936625,53.55037,2026-02,2.3369465368363036,1.9631018753167766,0.363761153054221,0.16926904598490047,True
5756,Zählfeld B_21.1_2_G (veraltet),9.936625,53.55037,2025-01,1.6675324675324674,1.8084535390808456,0.291354663036079,0.18447923757658272,True
5756,Zählfeld B_21.1_2_G (veraltet),9.936625,53.55037,2025-02,1.5076726342710998,1.5614617940199336,0.266260162601626,0.20392953929539295,True
5756,Zählfeld B_21.1_2_G (veraltet),9.936625,53.55037,2025-03,1.7795591182364732,1.709126088358594,0.2911952779144122,0.21790457452041317,True
5756,Zählfeld B_21.1_2_G (veraltet),9.936625,53.55037,2025-04,1.6724286949006049,1.7293666026871402,0.27765820060266894,0.22427894963409384,True
5756,Zählfeld B_21.1_2_G (veraltet),9.936625,53.55037,2025-05,1.6597014925373137,1.3649443561208265,0.25388127853881276,0.28721461187214614,True
5756,Zählfeld B_21.1_2_G (veraltet),9.936625,53.55037,2025-06,1.7479224376731304,1.6608527131782946,0.28295964125560535,0.23139013452914797,True
5756,Zählfeld B_21.1_2_G (veraltet),9.936625,53.55037,2025-07,1.8845814977973567,1.3913043478260871,0.30865800865800863,0.2,True
5756,Zählfeld B_21.1_2_G (veraltet),9.936625,53.55037,2025-08,1.63248730964467,1.4285714285714286,0.26429980276134124,0.25,True
5756,Zählfeld B_21.1_2_G (veraltet),9.936625,53.55037,2025-09,1.7416812609457093,1.5019762845849802,0.29571810883140054,0.19491525423728814,True
5756,Zählfeld B_21.1_2_G (veraltet),9.936625,53.55037,2025-10,1.5976138828633406,1.7614061331338817,0.2735376044568245,0.2128133704735376,True
5756,Zählfeld B_21.1_2_G (veraltet),9.936625,53.55037,2025-11,1.6683107274969173,1.4606481481481481,0.2662337662337662,0.2550177095631641,True
5756,Zählfeld B_21.1_2_G (veraltet),9.936625,53.55037,2025-12,1.3872651356993737,2.0094664371772804,0.2556260819388344,0.19157530294287364,True
5756,Zählfeld B_21.1_2_G (veraltet),9.936625,53.55037,2026-01,1.7837837837837838,1.6054421768707485,0.2875816993464052,0.22875816993464052,True
5756,Zählfeld B_21.1_2_G (veraltet),9.936625,53.55037,2026-02,1.8821052631578947,1.5082926829268293,0.3047034764826176,0.20961145194274028,True
5757,Zählfeld J_42.7_1_I (veraltet),10.044535,53.563873,2025-01,3.690654205607477,2.494618243766455,0.47389895595823833,0.14088563542541702,True
5757,Zählfeld J_42.7_1_I (veraltet),10.044535,53.563873,2025-02,3.521489971346705,1.8404312668463612,0.44357555341674687,0.17853705486044275,True
5757,Zählfeld J_42.7_1_I (veraltet),10.044535,53.563873,2025-03,3.1572687224669598,2.005035181718417,0.41436128696557106,0.19191743994449745,True
5757,Zählfeld J_42.7_1_I (veraltet),10.044535,53.563873,2025-04,2.0692717584369453,2.247244094488189,0.33390656348523934,0.1820005732301519,True
5757,Zählfeld J_42.7_1_I (veraltet),10.044535,53.563873,2025-05,2.1203874538745384,1.9091776110068794,0.32149101335757746,0.22365200363661794,True
5757,Zählfeld J_42.7_1_I (veraltet),10.044535,53.563873,2025-06,2.1166990001492314,2.108671586715867,0.33439422872904734,0.1916684348256595,True
5757,Zählfeld J_42.7_1_I (veraltet),10.044535,53.563873,2025-07,2.099016662114176,1.953382514518914,0.34943046176931997,0.15114930768706092,True
5757,Zählfeld J_42.7_1_I (veraltet),10.044535,53.563873,2025-08,2.0194964691433834,1.7878057182225284,0.3177075786117954,0.21033183596580204,True
5757,Zählfeld J_42.7_1_I (veraltet),10.044535,53.563873,2025-09,2.036518475750577,1.867308850090307,0.3384427173287277,0.16299654576856648,True
5757,Zählfeld J_42.7_1_I (veraltet),10.044535,53.563873,2025-10,2.302242508434213,2.452835385166212,0.3636107193229901,0.16257639868359192,True
5757,Zählfeld J_42.7_1_I (veraltet),10.044535,53.563873,2025-11,3.5675232367413887,2.515075376884422,0.453125,0.16583333333333333,True
5757,Zählfeld J_42.7_1_I (veraltet),10.044535,53.563873,2025-12,2.9061967026719726,2.6092525617842073,0.41611721611721614,0.15433455433455434,True
5757,Zählfeld J_42.7_1_I (veraltet),10.044535,53.563873,2026-01,2.919237240605721,2.317065138641902,0.4091016269747701,0.17047866069323273,True
5757,Zählfeld J_42.7_1_I (veraltet),10.044535,53.563873,2026-02,3.346206269877328,2.1187713310580203,0.44354110207768743,0.15880758807588075,True
5758,Zählfeld J_42.7_2_I (veraltet),10.044535,53.563873,2025-01,2.24284717376134,2.3974258970358813,0.36543490619670266,0.14576463899943148,True
5758,Zählfeld J_42.7_2_I (veraltet),10.044535,53.563873,2025-02,2.2068320074871317,1.8170238824249847,0.347364932051707,0.180422052811844,True
5758,Zählfeld J_42.7_2_I (veraltet),10.044535,53.563873,2025-03,2.2053307008884504,1.9763497685575606,0.3414075036295561,0.19416214564071216,True
5758,Zählfeld J_42.7_2_I (veraltet),10.044535,53.563873,2025-04,1.4666144726540653,2.100347112653834,0.2652144894120502,0.1922820217219829,True
5758,Zählfeld J_42.7_2_I (veraltet),10.044535,53.563873,2025-05,1.4900118906064208,1.7782815309529925,0.2534587378640777,0.2362257281553398,True
5758,Zählfeld J_42.7_2_I (veraltet),10.044535,53.563873,2025-06,1.4672661476039037,1.985233918128655,0.2623683746102712,0.2011883051944232,True
5758,Zählfeld J_42.7_2_I (veraltet),10.044535,53.563873,2025-07,1.4957635666733913,1.7685325714965927,0.27802463580628833,0.16435120085494123,True
5758,Zählfeld J_42.7_2_I (veraltet),10.044535,53.563873,2025-08,1.4978753541076488,1.7232397232397232,0.2609178386380459,0.21650629163582533,True
5758,Zählfeld J_42.7_2_I (veraltet),10.044535,53.563873,2025-09,1.4878238630045593,1.7597122302158275,0.27474896815129674,0.17125608328713116,True
5758,Zählfeld J_42.7_2_I (veraltet),10.044535,53.563873,2025-10,1.518942731277533,2.3461872741411645,0.2794165316045381,0.1687196110210697,True
5758,Zählfeld J_42.7_2_I (veraltet),10.044535,53.563873,2025-11,2.027624309392265,2.299140980293077,0.33125733369437677,0.17862622980413395,True
5758,Zählfeld J_42.7_2_I (veraltet),10.044535,53.563873,2025-12,1.9592220828105396,2.6213688818145644,0.334332512578953,0.15373086393319774,True
5758,Zählfeld J_42.7_2_I (veraltet),10.044535,53.563873,2026-01,1.9844926894107224,2.1057951482479784,0.3247063940843845,0.18442801217920834,True
5758,Zählfeld J_42.7_2_I (veraltet),10.044535,53.563873,2026-02,1.9977294842685698,2.1534591194968553,0.33711001642036126,0.1566502463054187,True
5759,Zählfeld B_16.2_1_G (veraltet),10.019236,53.490765,2025-01,2.1744,1.909090909090909,0.3460656990068755,0.17647058823529413,True
5759,Zählfeld B_16.2_1_G (veraltet),10.019236,53.490765,2025-02,2.444104134762634,1.4363636363636363,0.35115511551155115,0.21782178217821782,True
5759,Zählfeld B_16.2_1_G (veraltet),10.019236,53.490765,2025-03,1.7614410905550146,1.4268207282913166,0.27736890524379026,0.250229990800368,True
5759,Zählfeld B_16.2_1_G (veraltet),10.019236,53.490765,2025-04,1.2608966376089663,1.6200284090909092,0.22613065326633167,0.23584589614740367,True
5759,Zählfeld B_16.2_1_G (veraltet),10.019236,53.490765,2025-05,1.187683284457478,1.3316378433367242,0.20071364852809992,0.29229854296758845,True
5759,Zählfeld B_16.2_1_G (veraltet),10.019236,53.490765,2025-06,1.2821052631578949,1.6066350710900474,0.2283464566929134,0.2373453318335208,True
5759,Zählfeld B_16.2_1_G (veraltet),10.019236,53.490765,2025-07,1.472252448313384,1.2966577935522037,0.259568345323741,0.21151079136690648,True
5759,Zählfeld B_16.2_1_G (veraltet),10.019236,53.490765,2025-08,1.3947895791583167,1.0089717046238784,0.21561338289962825,0.32063197026022305,True
5759,Zählfeld B_16.2_1_G (veraltet),10.019236,53.490765,2025-09,1.1614349775784754,1.0678941311852705,0.20819935691318328,0.2540192926045016,True
5759,Zählfeld B_16.2_1_G (veraltet),10.019236,53.490765,2025-10,1.2293046357615893,1.5901027077497665,0.2236782647989155,0.23045639403524626,True
5759,Zählfeld B_16.2_1_G (veraltet),10.019236,53.490765,2025-11,1.9233753637245394,1.831168831168831,0.30687093779015784,0.21448467966573817,True
5759,Zählfeld B_16.2_1_G (veraltet),10.019236,53.490765,2025-12,1.726962457337884,1.806914546640574,0.28914285714285715,0.20857142857142857,True
5759,Zählfeld B_16.2_1_G (veraltet),10.019236,53.490765,2026-01,1.8027522935779816,1.1786558595069232,0.2673469387755102,0.28775510204081634,True
5759,Zählfeld B_16.2_1_G (veraltet),10.019236,53.490765,2026-02,2.0122699386503067,1.1347222222222222,0.29683257918552036,0.26063348416289595,True
5760,Zählfeld B_16.2_2_I (veraltet),10.019236,53.490765,2025-01,1.8847487001733103,2.105977584059776,0.3230837789661319,0.1626559714795009,True
5760,Zählfeld B_16.2_2_I (veraltet),10.019236,53.490765,2025-02,1.823296354992076,1.4919117647058824,0.2980956082394092,0.2114263505635445,True
5760,Zählfeld B_16.2_2_I (veraltet),10.019236,53.490765,2025-03,1.7375643224699826,1.3743344777827537,0.27238504974455496,0.25732723850497446,True
5760,Zählfeld B_16.2_2_I (veraltet),10.019236,53.490765,2025-04,1.4871194379391102,1.5182250396196513,0.24931291715744014,0.24774244208873183,True
5760,Zählfeld B_16.2_2_I (veraltet),10.019236,53.490765,2025-05,1.548465266558966,1.200406976744186,0.23346729996346366,0.3142126415783705,True
5760,Zählfeld B_16.2_2_I (veraltet),10.019236,53.490765,2025-06,1.4802164355765979,1.5175257731958762,0.24850962357349685,0.24782830863566685,True
5760,Zählfeld B_16.2_2_I (veraltet),10.019236,53.490765,2025-07,1.5582089552238805,1.3724300640377485,0.2727272727272727,0.20219435736677116,True
5760,Zählfeld B_16.2_2_I (veraltet),10.019236,53.490765,2025-08,1.2425068119891007,0.9730033745781776,0.19663648124191463,0.32858990944372574,True
5760,Zählfeld B_16.2_2_I (veraltet),10.019236,53.490765,2025-09,1.3893735130848532,1.040169133192389,0.23453815261044178,0.25903614457831325,True
5760,Zählfeld B_16.2_2_I (veraltet),10.019236,53.490765,2025-10,1.4588722193481634,1.5834435626102292,0.25153866738025155,0.23120149852823121,True
5760,Zählfeld B_16.2_2_I (veraltet),10.019236,53.490765,2025-11,1.9432449105490437,1.6590062111801243,0.3020713463751438,0.23158803222094362,True
5760,Zählfeld B_16.2_2_I (veraltet),10.019236,53.490765,2025-12,1.9531250000000002,1.7408017572762218,0.30962491153573957,0.21479122434536446,True
5760,Zählfeld B_16.2_2_I (veraltet),10.019236,53.490765,2026-01,1.7338129496402876,1.238471673254282,0.2645444566410538,0.27771679473106475,True
5760,Zählfeld B_16.2_2_I (veraltet),10.019236,53.490765,2026-02,1.7748868778280542,1.0928155339805825,0.2721123829344433,0.2679500520291363,True
5761,Zählfeld B_33.2_1_G (veraltet),9.890217,53.60187,2025-01,1.5166931637519874,1.9370454545454545,0.2772449869224063,0.17436791630340018,True
5761,Zählfeld B_33.2_1_G (veraltet),9.890217,53.60187,2025-02,1.3761840324763195,1.5345195729537364,0.24944812362030905,0.20676968359087564,True
5761,Zählfeld B_33.2_1_G (veraltet),9.890217,53.60187,2025-03,1.4855224506924045,1.546642357945913,0.2532188841201717,0.23540772532188842,True
5761,Zählfeld B_33.2_1_G (veraltet),9.890217,53.60187,2025-04,1.1753912574203993,1.7079470198675497,0.21775644871025795,0.22645470905818837,True
5761,Zählfeld B_33.2_1_G (veraltet),9.890217,53.60187,2025-05,1.0354997269251776,1.3808868501529052,0.1835075493612079,0.2848432055749129,True
5761,Zählfeld B_33.2_1_G (veraltet),9.890217,53.60187,2025-06,1.0695067264573992,1.603356890459364,0.2003359932801344,0.2377152456950861,True
5761,Zählfeld B_33.2_1_G (veraltet),9.890217,53.60187,2025-07,1.1878172588832487,1.3664596273291927,0.22608695652173913,0.2028985507246377,True
5761,Zählfeld B_33.2_1_G (veraltet),9.890217,53.60187,2025-08,1.1494130202774815,1.2220650636492223,0.19933370349805662,0.280399777901166,True
5761,Zählfeld B_33.2_1_G (veraltet),9.890217,53.60187,2025-09,1.2311255210745715,1.2289375441428716,0.22453117080587937,0.22833248859604663,True
5761,Zählfeld B_33.2_1_G (veraltet),9.890217,53.60187,2025-10,1.2795527156549522,1.6562340612973523,0.23222439660795824,0.223309415090237,True
5761,Zählfeld B_33.2_1_G (veraltet),9.890217,53.60187,2025-11,1.4857142857142858,1.4899169632265716,0.24798807749627422,0.2512667660208644,True
5761,Zählfeld B_33.2_1_G (veraltet),9.890217,53.60187,2025-12,1.3838209982788297,1.522733387140167,0.240466576940332,0.23822341857335128,True
5761,Zählfeld B_33.2_1_G (veraltet),9.890217,53.60187,2026-01,1.7391304347826086,1.109076109076109,0.25673940949935814,0.30038510911424904,True
5761,Zählfeld B_33.2_1_G (veraltet),9.890217,53.60187,2026-02,1.7204819277108432,1.9510737628384687,0.3020304568527919,0.1713197969543147,True
5762,Zählfeld B_33.2_2_I (veraltet),9.890217,53.60187,2025-01,2.1943568464730285,2.889394965224349,0.37005625997145014,0.12402384751028633,True
5762,Zählfeld B_33.2_2_I (veraltet),9.890217,53.60187,2025-02,2.210324436630973,1.9830291970802922,0.35301324756872654,0.16785358756413202,True
5762,Zählfeld B_33.2_2_I (veraltet),9.890217,53.60187,2025-03,1.928102315935016,1.8635870488739001,0.31162011173184356,0.2035195530726257,True
5762,Zählfeld B_33.2_2_I (veraltet),9.890217,53.60187,2025-04,1.3016647991035697,2.242177722152691,0.24742126882701962,0.1823368324965769,True
5762,Zählfeld B_33.2_2_I (veraltet),9.890217,53.60187,2025-05,1.3533741316572943,1.6407429445766746,0.2328311067480473,0.251056383114943,True
5762,Zählfeld B_33.2_2_I (veraltet),9.890217,53.60187,2025-06,1.334316840671811,1.9458936213572449,0.2449175137477087,0.20442426262289617,True
5762,Zählfeld B_33.2_2_I (veraltet),9.890217,53.60187,2025-07,1.3417770249461043,1.564509920201421,0.2528290389972145,0.18188544568245124,True
5762,Zählfeld B_33.2_2_I (veraltet),9.890217,53.60187,2025-08,1.3865674684060334,1.5397576655183145,0.24142887563884158,0.23621166950596253,True
5762,Zählfeld B_33.2_2_I (veraltet),9.890217,53.60187,2025-09,1.3288232565331684,1.6723867556790177,0.2521455921834426,0.17860129395713217,True
5762,Zählfeld B_33.2_2_I (veraltet),9.890217,53.60187,2025-10,1.3752849073431772,2.056969544495227,0.2552416685058486,0.18798278525711765,True
5762,Zählfeld B_33.2_2_I (veraltet),9.890217,53.60187,2025-11,2.484623015873016,2.0445636094674553,0.3639997093234503,0.19649734757648427,True
5762,Zählfeld B_33.2_2_I (veraltet),9.890217,53.60187,2025-12,2.0220560747663554,2.153920153920154,0.3297366495976591,0.18105340160936356,True
5762,Zählfeld B_33.2_2_I (veraltet),9.890217,53.60187,2026-01,2.7824961160020716,1.8290825101970616,0.38179492645491364,0.2065657642293754,True
5762,Zählfeld B_33.2_2_I (veraltet),9.890217,53.60187,2026-02,2.6553398058252426,2.1183289243571206,0.39442374714577577,0.15995673596923446,True
5763,Zählfeld B_45.3_1_G (veraltet),10.119637,53.60592,2025-01,2.2065916398713825,3.74248844375963,0.38204592901878914,0.09853862212943633,True
5763,Zählfeld B_45.3_1_G (veraltet),10.119637,53.60592,2025-02,2.2564935064935066,2.144370860927152,0.3617907339927121,0.15720978656949505,True
5763,Zählfeld B_45.3_1_G (veraltet),10.119637,53.60592,2025-03,1.7837837837837838,1.5385487528344672,0.2847495779403489,0.23635340461451884,True
5763,Zählfeld B_45.3_1_G (veraltet),10.119637,53.60592,2025-04,1.0452801227935533,2.2818181818181817,0.2119514472455649,0.17973856209150327,True
5763,Zählfeld B_45.3_1_G (veraltet),10.119637,53.60592,2025-05,1.3000931966449207,1.7228105906313644,0.22917693445046822,0.24199112863479547,True
5763,Zählfeld B_45.3_1_G (veraltet),10.119637,53.60592,2025-06,1.3369565217391304,1.7898550724637678,0.24095840867992765,0.21835443037974683,True
5763,Zählfeld B_45.3_1_G (veraltet),10.119637,53.60592,2025-07,1.2834101382488479,1.796135265700483,0.25101397025687244,0.16223524109959442,True
5763,Zählfeld B_45.3_1_G (veraltet),10.119637,53.60592,2025-08,1.3775811209439528,1.4691614691614692,0.2376590330788804,0.24478371501272264,True
5763,Zählfeld B_45.3_1_G (veraltet),10.119637,53.60592,2025-09,1.215136650315347,1.598883572567783,0.23486387647297846,0.1852905323039415,True
5763,Zählfeld B_45.3_1_G (veraltet),10.119637,53.60592,2025-10,1.3066361556064072,2.3157376645748737,0.25165271044513,0.17055971793741737,True
5763,Zählfeld B_45.3_1_G (veraltet),10.119637,53.60592,2025-11,1.8862275449101797,2.24,0.31558608844997854,0.18248175182481752,True
5763,Zählfeld B_45.3_1_G (veraltet),10.119637,53.60592,2025-12,1.613284804367607,2.0582145901838995,0.28399807784718883,0.18789043728976454,True
5763,Zählfeld B_45.3_1_G (veraltet),10.119637,53.60592,2026-01,2.0336538461538463,1.5979853479853479,0.31125827814569534,0.22958057395143489,True
5763,Zählfeld B_45.3_1_G (veraltet),10.119637,53.60592,2026-02,2.1216216216216215,1.895,0.3420479302832244,0.17429193899782136,True
5765,Zählfeld B_31.3_1_I (veraltet),9.971251,53.58233,2025-01,2.520158625247852,2.1288020390824127,0.38294667068394095,0.16119313046098221,True
5765,Zählfeld B_31.3_1_I (veraltet),9.971251,53.58233,2025-02,2.4475671997277986,1.691001267427123,0.36334707237240876,0.19129591465632198,True
5765,Zählfeld B_31.3_1_I (veraltet),9.971251,53.58233,2025-03,2.37524624303484,1.6996353424204078,0.34517704218094375,0.21885505361568475,True
5765,Zählfeld B_31.3_1_I (veraltet),9.971251,53.58233,2025-04,1.8634717527764368,1.9668521773091194,0.30549563634204746,0.20268745918347153,True
5765,Zählfeld B_31.3_1_I (veraltet),9.971251,53.58233,2025-05,1.9465430083986786,1.7322992700729927,0.29868440340076224,0.24098504837291118,True
5765,Zählfeld B_31.3_1_I (veraltet),9.971251,53.58233,2025-06,2.0224600601539,1.8092021950189956,0.31549218535782836,0.2165249977150169,True
5765,Zählfeld B_31.3_1_I (veraltet),9.971251,53.58233,2025-07,1.9535160476018754,1.5973834547119619,0.32385171368617394,0.1788116290331259,True
5765,Zählfeld B_31.3_1_I (veraltet),9.971251,53.58233,2025-08,1.8476293282404717,1.6547619047619049,0.2959696727853152,0.22346368715083798,True
5765,Zählfeld B_31.3_1_I (veraltet),9.971251,53.58233,2025-09,1.8673882017126548,1.4696640511374859,0.3075551899081311,0.19835066893890424,True
5765,Zählfeld B_31.3_1_I (veraltet),9.971251,53.58233,2025-10,2.02651001656876,1.9383938010432278,0.32365464649137576,0.19721427024946475,True
5765,Zählfeld B_31.3_1_I (veraltet),9.971251,53.58233,2025-11,2.454962370649106,1.832977714556662,0.353589756618058,0.21431837813119253,True
5765,Zählfeld B_31.3_1_I (veraltet),9.971251,53.58233,2025-12,2.1703930760908765,2.063276201988804,0.34105913353922873,0.18751593800470348,True
5765,Zählfeld B_31.3_1_I (veraltet),9.971251,53.58233,2026-01,2.4116793616249548,1.8078274566824186,0.35273209549071616,0.20848806366047745,True
5765,Zählfeld B_31.3_1_I (veraltet),9.971251,53.58233,2026-02,2.465429588205389,1.7228365384615385,0.3660967047899445,0.18842713169516476,True
5766,Zählfeld B_31.3_2_G (veraltet),9.971251,53.58233,2025-01,2.2041198501872654,1.4157704064304315,0.32858738135120047,0.22417643774427695,True
5766,Zählfeld B_31.3_2_G (veraltet),9.971251,53.58233,2025-02,2.1267650834403082,1.2485345838218054,0.31418005973545726,0.2426397383018063,True
5766,Zählfeld B_31.3_2_G (veraltet),9.971251,53.58233,2025-03,1.9905213270142181,1.3222096656252076,0.2932479053721045,0.26478560867422374,True
5766,Zählfeld B_31.3_2_G (veraltet),9.971251,53.58233,2025-04,1.5080049261083746,1.7001857872735717,0.2584969389909225,0.22725353599324466,True
5766,Zählfeld B_31.3_2_G (veraltet),9.971251,53.58233,2025-05,1.6548576396435557,1.3781853281853282,0.2541049259110933,0.2852422907488987,True
5766,Zählfeld B_31.3_2_G (veraltet),9.971251,53.58233,2025-06,1.535672514619883,1.5802770986145072,0.25719882468168465,0.24035259549461313,True
5766,Zählfeld B_31.3_2_G (veraltet),9.971251,53.58233,2025-07,1.5058242146134841,1.4488497307880568,0.26949682554723775,0.19359423860513597,True
5766,Zählfeld B_31.3_2_G (veraltet),9.971251,53.58233,2025-08,1.4217042971595046,1.3093081435472742,0.2357772677859645,0.26669887667592707,True
5766,Zählfeld B_31.3_2_G (veraltet),9.971251,53.58233,2025-09,1.5531826663902137,1.2490934687086728,0.26420484604803723,0.22547878531372342,True
5766,Zählfeld B_31.3_2_G (veraltet),9.971251,53.58233,2025-10,1.6281073098695547,1.522837706511176,0.2679873602333495,0.23821098687408848,True
5766,Zählfeld B_31.3_2_G (veraltet),9.971251,53.58233,2025-11,2.08746194298367,1.4072117593017914,0.3027456647398844,0.2621628131021195,True
5766,Zählfeld B_31.3_2_G (veraltet),9.971251,53.58233,2025-12,1.7724028548770816,1.6045432730763078,0.2863915940543311,0.22885699641209636,True
5766,Zählfeld B_31.3_2_G (veraltet),9.971251,53.58233,2026-01,2.2213983050847457,1.1972164535286187,0.3043762246897453,0.28456346614413236,True
5766,Zählfeld B_31.3_2_G (veraltet),9.971251,53.58233,2026-02,2.248541423570595,1.1744125326370758,0.3195688225538972,0.25406301824212274,True
5767,Zählfeld B_34.1_1_I (veraltet),9.931616,53.628723,2025-01,3.454566420664207,3.8705974552830535,0.4840523509452254,0.09558894813378575,True
5767,Zählfeld B_34.1_1_I (veraltet),9.931616,53.628723,2025-02,3.4288950415303296,2.6196923076923078,0.4627063378846546,0.13246382718565314,True
5767,Zählfeld B_34.1_1_I (veraltet),9.931616,53.628723,2025-03,2.681948424068768,2.1339790153349476,0.38589981447124305,0.18243661100803957,True
5767,Zählfeld B_34.1_1_I (veraltet),9.931616,53.628723,2025-04,1.2854118358705513,2.459041999305797,0.24926686217008798,0.16897360703812317,True
5767,Zählfeld B_34.1_1_I (veraltet),9.931616,53.628723,2025-05,1.2760641579272056,1.9307799442896936,0.23225915113406692,0.22170446889737255,True
5767,Zählfeld B_34.1_1_I (veraltet),9.931616,53.628723,2025-06,1.3438554876379891,2.0468145473304102,0.2486327729390318,0.1963236783471744,True
5767,Zählfeld B_34.1_1_I (veraltet),9.931616,53.628723,2025-07,1.5113979675913212,1.6999081536292253,0.27811189164603023,0.16985899833223833,True
5767,Zählfeld B_34.1_1_I (veraltet),9.931616,53.628723,2025-08,1.4000876424189308,1.6550462344854868,0.2470997679814385,0.2234338747099768,True
5767,Zählfeld B_34.1_1_I (veraltet),9.931616,53.628723,2025-09,1.3650097920358109,1.9781919614555599,0.26415809420682185,0.15527883053600433,True
5767,Zählfeld B_34.1_1_I (veraltet),9.931616,53.628723,2025-10,1.4839766415040594,2.71731531111629,0.2816022054650126,0.14911213816589639,True
5767,Zählfeld B_34.1_1_I (veraltet),9.931616,53.628723,2025-11,3.3703703703703707,2.9971894322653174,0.45342762999276703,0.14297195210158323,True
5767,Zählfeld B_34.1_1_I (veraltet),9.931616,53.628723,2025-12,2.7183750789307513,3.3611698771480536,0.4163845633039946,0.12409323919141116,True
5767,Zählfeld B_34.1_1_I (veraltet),9.931616,53.628723,2026-01,3.5533453887884265,3.016983016983017,0.4683031458531935,0.1363203050524309,True
5767,Zählfeld B_34.1_1_I (veraltet),9.931616,53.628723,2026-02,3.1652173913043478,3.0130146082337315,0.4532295719844358,0.11719844357976654,True
5768,Zählfeld B_34.1_2_G (veraltet),9.931616,53.628723,2025-01,1.148014440433213,3.3479020979020984,0.24662633783154955,0.10888785481619358,True
5768,Zählfeld B_34.1_2_G (veraltet),9.931616,53.628723,2025-02,1.163312693498452,2.5985507246376813,0.24214596423392942,0.1333977767037216,True
5768,Zählfeld B_34.1_2_G (veraltet),9.931616,53.628723,2025-03,1.2449127906976745,2.1362738643844636,0.23981520369592607,0.18227635447291055,True
5768,Zählfeld B_34.1_2_G (veraltet),9.931616,53.628723,2025-04,0.8860635696821516,2.499056603773585,0.18999685435671596,0.1667190940547342,True
5768,Zählfeld B_34.1_2_G (veraltet),9.931616,53.628723,2025-05,0.9204359673024523,2.067241379310345,0.1854413702239789,0.21014492753623187,True
5768,Zählfeld B_34.1_2_G (veraltet),9.931616,53.628723,2025-06,0.8913134704154427,2.352359208523592,0.18890074706510138,0.17529348986125934,True
5768,Zählfeld B_34.1_2_G (veraltet),9.931616,53.628723,2025-07,1.1535108958837772,1.8146620120596635,0.23304960375697095,0.16084531846199002,True
5768,Zählfeld B_34.1_2_G (veraltet),9.931616,53.628723,2025-08,1.4225352112676055,1.5257531584062196,0.24514563106796117,0.23786407766990292,True
5768,Zählfeld B_34.1_2_G (veraltet),9.931616,53.628723,2025-09,0.8939137785291631,2.0193983231957913,0.1945364238410596,0.15259381898454746,True
5768,Zählfeld B_34.1_2_G (veraltet),9.931616,53.628723,2025-10,0.9926025554808339,2.089536479780382,0.20246913580246914,0.18559670781893003,True
5768,Zählfeld B_34.1_2_G (veraltet),9.931616,53.628723,2025-11,1.1368015414258188,2.802872062663185,0.233201581027668,0.15138339920948615,True
5768,Zählfeld B_34.1_2_G (veraltet),9.931616,53.628723,2025-12,1.049770290964778,3.0090459122717186,0.2238001958863859,0.1366307541625857,True
5768,Zählfeld B_34.1_2_G (veraltet),9.931616,53.628723,2026-01,1.2317073170731707,1.9439775910364145,0.2337962962962963,0.19675925925925927,True
5768,Zählfeld B_34.1_2_G (veraltet),9.931616,53.628723,2026-02,1.1482381530984205,2.742168674698795,0.2415644171779141,0.1273006134969325,True
5769,Zählfeld B_46.1_1_I (veraltet),10.094483,53.656406,2025-01,2.122690531177829,2.3887193753926232,0.35378175519630484,0.14621824480369516,True
5769,Zählfeld B_46.1_1_I (veraltet),10.094483,53.656406,2025-02,2.106092755380418,1.7303543913713404,0.33502097497468536,0.1877621871835672,True
5769,Zählfeld B_46.1_1_I (veraltet),10.094483,53.656406,2025-03,1.8672328086164043,1.720479704797048,0.30046995300469953,0.21677832216778323,True
5769,Zählfeld B_46.1_1_I (veraltet),10.094483,53.656406,2025-04,1.3717969123030398,2.008775778850373,0.25124617402710975,0.19930039352864015,True
5769,Zählfeld B_46.1_1_I (veraltet),10.094483,53.656406,2025-05,1.5990752972258915,1.6057232704402515,0.2589858793324775,0.25513478818998714,True
5769,Zählfeld B_46.1_1_I (veraltet),10.094483,53.656406,2025-06,1.5399816176470589,1.160324171952079,0.23705432937181664,0.30114601018675724,True
5769,Zählfeld B_46.1_1_I (veraltet),10.094483,53.656406,2025-07,1.5436930578724497,1.5171438670908448,0.27638017782066304,0.1865049279757392,True
5769,Zählfeld B_46.1_1_I (veraltet),10.094483,53.656406,2025-08,1.4592710904602877,1.48034069382384,0.24759793052475979,0.2433850702143385,True
5769,Zählfeld B_46.1_1_I (veraltet),10.094483,53.656406,2025-09,1.3853697024346259,1.4728294815740164,0.2533547708861542,0.19800878115144394,True
5769,Zählfeld B_46.1_1_I (veraltet),10.094483,53.656406,2025-10,1.5913043478260869,2.021536252692032,0.28051350833493005,0.190649549722169,True
5769,Zählfeld B_46.1_1_I (veraltet),10.094483,53.656406,2025-11,2.3621659634317864,2.0619253650621956,0.35454929280135106,0.19516571669833227,True
5769,Zählfeld B_46.1_1_I (veraltet),10.094483,53.656406,2025-12,1.836346560225405,2.2847825363548635,0.3142099554055683,0.17247197782330964,True
5769,Zählfeld B_46.1_1_I (veraltet),10.094483,53.656406,2026-01,2.15625,1.8801176564114794,0.33367071524966263,0.20209176788124156,True
5769,Zählfeld B_46.1_1_I (veraltet),10.094483,53.656406,2026-02,2.3457232422749668,2.1450134770889484,0.3698368989620843,0.1571700910823978,True
5770,Zählfeld B_46.1_2_G (veraltet),10.094483,53.656406,2025-01,1.6015037593984962,1.6257378984651714,0.2780678851174935,0.2010443864229765,True
5770,Zählfeld B_46.1_2_G (veraltet),10.094483,53.656406,2025-02,1.9528301886792454,1.3725490196078431,0.3053097345132743,0.22566371681415928,True
5770,Zählfeld B_46.1_2_G (veraltet),10.094483,53.656406,2025-03,1.8078947368421052,1.2888888888888888,0.2745803357314149,0.2697841726618705,True
5770,Zählfeld B_46.1_2_G (veraltet),10.094483,53.656406,2025-04,1.4453961456102784,1.6320754716981132,0.2488938053097345,0.2345132743362832,True
5770,Zählfeld B_46.1_2_G (veraltet),10.094483,53.656406,2025-05,1.6693548387096773,0.9230434782608696,0.22402597402597402,0.37337662337662336,True
5770,Zählfeld B_46.1_2_G (veraltet),10.094483,53.656406,2025-06,1.2515337423312882,0.7264150943396227,0.17435897435897435,0.4076923076923077,True
5770,Zählfeld B_46.1_2_G (veraltet),10.094483,53.656406,2025-07,1.7057851239669422,1.1304347826086958,0.2771958098307816,0.23529411764705882,True
5770,Zählfeld B_46.1_2_G (veraltet),10.094483,53.656406,2025-08,1.7204968944099381,1.2698412698412698,0.26507177033492824,0.2727272727272727,True
5770,Zählfeld B_46.1_2_G (veraltet),10.094483,53.656406,2025-09,1.5561719833564494,1.0999497739829232,0.25669183253260125,0.2484557309540151,True
5770,Zählfeld B_46.1_2_G (veraltet),10.094483,53.656406,2025-10,1.832764505119454,1.3378684807256236,0.2796875,0.2625,True
5770,Zählfeld B_46.1_2_G (veraltet),10.094483,53.656406,2025-11,2.024390243902439,1.5488721804511276,0.30458715596330277,0.24403669724770644,True
5770,Zählfeld B_46.1_2_G (veraltet),10.094483,53.656406,2025-12,1.8901098901098903,1.3000292141396435,0.28289473684210525,0.2680921052631579,True
5770,Zählfeld B_46.1_2_G (veraltet),10.094483,53.656406,2026-01,2.016,0.9757236227824464,0.27009646302250806,0.3279742765273312,True
5770,Zählfeld B_46.1_2_G (veraltet),10.094483,53.656406,2026-02,1.9101123595505618,1.3984,0.302491103202847,0.22241992882562278,True
5771,Zählfeld G_2.4_1_I (veraltet),9.967564,53.557423,2025-01,2.1835836354220612,2.231009836845077,0.35597598966643873,0.15495276448091583,True
5771,Zählfeld G_2.4_1_I (veraltet),9.967564,53.557423,2025-02,2.0470031545741323,1.594319880418535,0.3242392444910808,0.20056962974066855,True
5771,Zählfeld G_2.4_1_I (veraltet),9.967564,53.557423,2025-03,1.9088020710755473,1.5774069494390308,0.298685276570671,0.23188112248655815,True
5771,Zählfeld G_2.4_1_I (veraltet),9.967564,53.557423,2025-04,1.5118169627891382,1.7491389953863148,0.26058881312839477,0.22230729226857737,True
5771,Zählfeld G_2.4_1_I (veraltet),9.967564,53.557423,2025-05,1.5363378815911193,1.542400278790478,0.2496512070350484,0.262856015445539,True
5771,Zählfeld G_2.4_1_I (veraltet),9.967564,53.557423,2025-06,1.516078366537158,1.6323353651248955,0.25698871996076506,0.23448469137532404,True
5771,Zählfeld G_2.4_1_I (veraltet),9.967564,53.557423,2025-07,1.5216321050275996,1.4682572362843647,0.27207010149779265,0.19152540112301106,True
5771,Zählfeld G_2.4_1_I (veraltet),9.967564,53.557423,2025-08,1.5107215342530222,1.4747911888172416,0.25317204460086956,0.24407737126970513,True
5771,Zählfeld G_2.4_1_I (veraltet),9.967564,53.557423,2025-09,1.4694333005659024,1.398169849897771,0.26091509927963885,0.206399750916373,True
5771,Zählfeld G_2.4_1_I (veraltet),9.967564,53.557423,2025-10,1.5437445319335084,1.7995963166055946,0.26866126146701685,0.20924213010543946,True
5771,Zählfeld G_2.4_1_I (veraltet),9.967564,53.557423,2025-11,1.8517898077940398,1.7981570434271148,0.29863288331520466,0.21756563653038155,True
5771,Zählfeld G_2.4_1_I (veraltet),9.967564,53.557423,2025-12,1.7250176180408738,1.963085283301712,0.2938112156712118,0.19521797580180525,True
5771,Zählfeld G_2.4_1_I (veraltet),9.967564,53.557423,2026-01,1.9726182607874612,2.1314441125761885,0.32425385295897935,0.1826139591190576,True
5771,Zählfeld G_2.4_1_I (veraltet),9.967564,53.557423,2026-02,2.092988668555241,1.6646527777777778,0.33133766102721063,0.19373717668426896,True
5772,Zählfeld G_2.4_2_G (veraltet),9.967564,53.557423,2025-01,1.8658536585365852,0.5387038703870387,0.21794871794871795,0.43162393162393164,True
5772,Zählfeld G_2.4_2_G (veraltet),9.967564,53.557423,2025-02,1.627659574468085,0.6373626373626373,0.21610169491525424,0.3855932203389831,True
5772,Zählfeld G_2.4_2_G (veraltet),9.967564,53.557423,2025-03,1.403846153846154,0.46011653606590314,0.15665236051502146,0.5085836909871244,True
5772,Zählfeld G_2.4_2_G (veraltet),9.967564,53.557423,2025-04,1.8072289156626506,0.4962686567164179,0.18726591760299627,0.50187265917603,True
5772,Zählfeld G_2.4_2_G (veraltet),9.967564,53.557423,2025-05,1.717391304347826,0.447003745318352,0.16322314049586778,0.5516528925619835,True
5772,Zählfeld G_2.4_2_G (veraltet),9.967564,53.557423,2025-06,1.6799999999999997,0.7647058823529412,0.21705426356589147,0.3953488372093023,True
5772,Zählfeld G_2.4_2_G (veraltet),9.967564,53.557423,2025-07,1.7119565217391306,0.6243586281393465,0.23333333333333334,0.35777777777777775,True
5772,Zählfeld G_2.4_2_G (veraltet),9.967564,53.557423,2025-08,1.3611111111111112,0.4658062601987836,0.15433070866141732,0.5055118110236221,True
5772,Zählfeld G_2.4_2_G (veraltet),9.967564,53.557423,2025-09,1.4038461538461537,0.5108756274400446,0.18622448979591838,0.41581632653061223,True
5772,Zählfeld G_2.4_2_G (veraltet),9.967564,53.557423,2025-10,1.460526315789474,0.8749516066589238,0.21203438395415472,0.3524355300859599,True
5772,Zählfeld G_2.4_2_G (veraltet),9.967564,53.557423,2025-11,1.6859504132231402,0.5338983050847457,0.18579234972677597,0.48360655737704916,True
5772,Zählfeld G_2.4_2_G (veraltet),9.967564,53.557423,2025-12,1.6511627906976745,1.0351966873706002,0.24315068493150685,0.3150684931506849,True
5772,Zählfeld G_2.4_2_G (veraltet),9.967564,53.557423,2026-01,1.9390243902439026,1.1278195488721805,0.2760416666666667,0.296875,True
5772,Zählfeld G_2.4_2_G (veraltet),9.967564,53.557423,2026-02,2.0704225352112675,0.676056338028169,0.25654450261780104,0.3717277486910995,True
5773,Zählfeld B_39.8_1_I (veraltet),10.035666,53.574757,2025-01,,,0.25806451612903225,0.3870967741935484,False
5773,Zählfeld B_39.8_1_I (veraltet),10.035666,53.574757,2025-02,3.4285714285714284,0.7058823529411764,0.3404255319148936,0.3617021276595745,True
5773,Zählfeld B_39.8_1_I (veraltet),10.035666,53.574757,2025-03,,,0.09803921568627451,0.47058823529411764,False
5773,Zählfeld B_39.8_1_I (veraltet),10.035666,53.574757,2025-04,,,0.2222222222222222,0.1111111111111111,False
5773,Zählfeld B_39.8_1_I (veraltet),10.035666,53.574757,2025-05,,,0.375,0.0,False
5773,Zählfeld B_39.8_1_I (veraltet),10.035666,53.574757,2025-06,,,0.8571428571428571,0.07142857142857142,False
5773,Zählfeld B_39.8_1_I (veraltet),10.035666,53.574757,2025-07,1.522952853598015,1.1276122721209427,0.25733752620545075,0.2357442348008386,True
5773,Zählfeld B_39.8_1_I (veraltet),10.035666,53.574757,2025-08,1.4983416252072967,1.5796983285772523,0.2559369246022379,0.2316226807044049,True
5773,Zählfeld B_39.8_1_I (veraltet),10.035666,53.574757,2025-09,1.5920333246550378,1.41491687222991,0.27581074376437686,0.20445627170628297,True
5773,Zählfeld B_39.8_1_I (veraltet),10.035666,53.574757,2025-10,1.5786750532616414,2.0752634773492247,0.2804390138408305,0.1866349480968858,True
5773,Zählfeld B_39.8_1_I (veraltet),10.035666,53.574757,2025-11,2.156260899895361,1.9104419746704573,0.3314389877761098,0.20743083851597685,True
5773,Zählfeld B_39.8_1_I (veraltet),10.035666,53.574757,2025-12,1.8980213089802132,2.2080417181281735,0.3187627811860941,0.17740286298568508,True
5773,Zählfeld B_39.8_1_I (veraltet),10.035666,53.574757,2026-01,2.292787132445338,1.8602432625804914,0.3449018940682772,0.20381082000680503,True
5773,Zählfeld B_39.8_1_I (veraltet),10.035666,53.574757,2026-02,2.198442840865932,1.9394261424017003,0.35059507586081584,0.1709821022985373,True
5774,Zählfeld B_39.8_2_G (veraltet),10.035666,53.574757,2025-01,1.5,0.5053475935828877,0.18421052631578946,0.4473684210526316,True
5774,Zählfeld B_39.8_2_G (veraltet),10.035666,53.574757,2025-02,2.333333333333333,0.512,0.24561403508771928,0.43859649122807015,True
5774,Zählfeld B_39.8_2_G (veraltet),10.035666,53.574757,2025-03,1.7307692307692308,0.8488612836438924,0.234375,0.359375,True
5774,Zählfeld B_39.8_2_G (veraltet),10.035666,53.574757,2025-04,2.625,0.625,0.25925925925925924,0.4444444444444444,True
5774,Zählfeld B_39.8_2_G (veraltet),10.035666,53.574757,2025-05,1.692307692307692,2.580769230769231,0.2972972972972973,0.17567567567567569,True
5774,Zählfeld B_39.8_2_G (veraltet),10.035666,53.574757,2025-06,1.777777777777778,1.4333333333333333,0.27586206896551724,0.25862068965517243,True
5774,Zählfeld B_39.8_2_G (veraltet),10.035666,53.574757,2025-07,1.2399250234301782,1.6865650775898224,0.24244090159428258,0.17097306212204508,True
5774,Zählfeld B_39.8_2_G (veraltet),10.035666,53.574757,2025-08,1.3641618497109826,1.506384676775738,0.2375041932237504,0.2401878564240188,True
5774,Zählfeld B_39.8_2_G (veraltet),10.035666,53.574757,2025-09,1.409623430962343,1.6008202323991798,0.2604964045465089,0.18510786360473208,True
5774,Zählfeld B_39.8_2_G (veraltet),10.035666,53.574757,2025-10,1.390625,2.095811818703385,0.2580861030559893,0.18514387686816863,True
5774,Zählfeld B_39.8_2_G (veraltet),10.035666,53.574757,2025-11,2.2068680182043856,1.6646825396825398,0.3259395050412466,0.230980751604033,True
5774,Zählfeld B_39.8_2_G (veraltet),10.035666,53.574757,2025-12,1.9186622625928986,2.2142299542767927,0.3210362694300518,0.17699481865284974,True
5774,Zählfeld B_39.8_2_G (veraltet),10.035666,53.574757,2026-01,2.3030104712041886,1.6660498396249692,0.33774834437086093,0.22228620788943276,True
5774,Zählfeld B_39.8_2_G (veraltet),10.035666,53.574757,2026-02,2.262781748213304,2.016429699842022,0.3587866108786611,0.1655334728033473,True
5775,Zählfeld B_48.2_1_G (veraltet),10.186606,53.48963,2025-01,1.2238493723849373,3.1109399075500774,0.2560735390676297,0.11621799080761655,True
5775,Zählfeld B_48.2_1_G (veraltet),10.186606,53.48963,2025-02,1.0193285859613428,2.270689655172414,0.2156229825693996,0.14977404777275663,True
5775,Zählfeld B_48.2_1_G (veraltet),10.186606,53.48963,2025-03,1.1484593837535013,1.7990767735665696,0.2189001601708489,0.20928990923651897,True
5775,Zählfeld B_48.2_1_G (veraltet),10.186606,53.48963,2025-04,1.1996466431095405,2.3488142292490117,0.2355185570586195,0.17551161984044397,True
5775,Zählfeld B_48.2_1_G (veraltet),10.186606,53.48963,2025-05,1.3638253638253637,1.8956486042692942,0.24224519940915806,0.22488921713441654,True
5775,Zählfeld B_48.2_1_G (veraltet),10.186606,53.48963,2025-06,1.300982800982801,2.1772388059701493,0.245993031358885,0.1867595818815331,True
5775,Zählfeld B_48.2_1_G (veraltet),10.186606,53.48963,2025-07,1.3778501628664495,1.746929225969975,0.2624720774385704,0.16604616530156366,True
5775,Zählfeld B_48.2_1_G (veraltet),10.186606,53.48963,2025-08,1.5102840352595495,1.5102321920503738,0.254581475978207,0.23972263496780585,True
5775,Zählfeld B_48.2_1_G (veraltet),10.186606,53.48963,2025-09,1.2544731610337971,1.9651056014692376,0.24881703470031546,0.15615141955835962,True
5775,Zählfeld B_48.2_1_G (veraltet),10.186606,53.48963,2025-10,1.391566265060241,2.389380530973451,0.2642156862745098,0.1661764705882353,True
5775,Zählfeld B_48.2_1_G (veraltet),10.186606,53.48963,2025-11,1.123989218328841,2.361111111111111,0.22491909385113268,0.17475728155339806,True
5775,Zählfeld B_48.2_1_G (veraltet),10.186606,53.48963,2025-12,1.1866666666666668,2.5891568748711604,0.23940820443846672,0.15534633490248823,True
5775,Zählfeld B_48.2_1_G (veraltet),10.186606,53.48963,2026-01,1.2517985611510791,2.5015873015873016,0.24733475479744135,0.15991471215351813,True
5775,Zählfeld B_48.2_1_G (veraltet),10.186606,53.48963,2026-02,0.9839034205231388,2.2956521739130435,0.2103225806451613,0.14838709677419354,True
5776,Zählfeld B_48.2_2_I (veraltet),10.186606,53.48963,2025-01,2.749747729566095,2.9999999999999996,0.42084942084942084,0.12,True
5776,Zählfeld B_48.2_2_I (veraltet),10.186606,53.48963,2025-02,2.789217391304348,2.1483059051306874,0.40616927518614193,0.1569670262877982,True
5776,Zählfeld B_48.2_2_I (veraltet),10.186606,53.48963,2025-03,2.172161172161172,1.8823654881885565,0.3351797422563871,0.20189916346371242,True
5776,Zählfeld B_48.2_2_I (veraltet),10.186606,53.48963,2025-04,1.487498105773602,2.0975350616234594,0.26767015706806285,0.1924901832460733,True
5776,Zählfeld B_48.2_2_I (veraltet),10.186606,53.48963,2025-05,1.4517814726840854,1.6920715692711754,0.24611419827655634,0.24530885076910686,True
5776,Zählfeld B_48.2_2_I (veraltet),10.186606,53.48963,2025-06,1.455242966751918,1.8070539419087135,0.2558453237410072,0.21672661870503598,True
5776,Zählfeld B_48.2_2_I (veraltet),10.186606,53.48963,2025-07,1.5782111064010174,1.7098414834458053,0.28645071939678385,0.1690390090020774,True
5776,Zählfeld B_48.2_2_I (veraltet),10.186606,53.48963,2025-08,1.515997968511935,1.6260697827518105,0.2596555323590814,0.2265135699373695,True
5776,Zählfeld B_48.2_2_I (veraltet),10.186606,53.48963,2025-09,1.4434894714224322,1.6688859298712826,0.26673548796950686,0.17890891765266417,True
5776,Zählfeld B_48.2_2_I (veraltet),10.186606,53.48963,2025-10,1.4859701492537312,2.326459842714719,0.2749668581528944,0.1699072028281043,True
5776,Zählfeld B_48.2_2_I (veraltet),10.186606,53.48963,2025-11,2.618017524644031,2.4149011299435026,0.38606904906117506,0.17153240460327074,True
5776,Zählfeld B_48.2_2_I (veraltet),10.186606,53.48963,2025-12,2.097757331799885,2.649986548291633,0.3488238668961561,0.1523235800344234,True
5776,Zählfeld B_48.2_2_I (veraltet),10.186606,53.48963,2026-01,2.52073732718894,2.2459692538432696,0.37672176308539945,0.174931129476584,True
5776,Zählfeld B_48.2_2_I (veraltet),10.186606,53.48963,2026-02,2.553156146179402,2.637475345167653,0.3992207792207792,0.1316883116883117,True
5777,Zählfeld A_39.2_1_I (veraltet),10.034096,53.57585,2025-01,2.696629213483146,2.492523249621041,0.40663320414257575,0.1409873562488087,True
5777,Zählfeld A_39.2_1_I (veraltet),10.034096,53.57585,2025-02,2.7327600194710366,1.9579384871155445,0.3958259888599027,0.16963970951138688,True
5777,Zählfeld A_39.2_1_I (veraltet),10.034096,53.57585,2025-03,2.6367217280813215,1.75859854431283,0.3681017508381672,0.2130807301367676,True
5777,Zählfeld A_39.2_1_I (veraltet),10.034096,53.57585,2025-04,1.6204568023833166,1.9678565386567417,0.2796572407883462,0.20260497000856897,True
5777,Zählfeld A_39.2_1_I (veraltet),10.034096,53.57585,2025-05,1.7047738693467336,1.5327421555252387,0.2666622998067664,0.2640749353158877,True
5777,Zählfeld A_39.2_1_I (veraltet),10.034096,53.57585,2025-06,1.6431877641376536,1.650121584894865,0.2715963144064132,0.2325449888567342,True
5777,Zählfeld A_39.2_1_I (veraltet),10.034096,53.57585,2025-07,1.7371934013457782,1.5653249774741456,0.30004217629692115,0.18180795726135246,True
5777,Zählfeld A_39.2_1_I (veraltet),10.034096,53.57585,2025-08,1.6544587984447512,1.7363231217321122,0.2789532117367169,0.21522601110229977,True
5777,Zählfeld A_39.2_1_I (veraltet),10.034096,53.57585,2025-09,1.7177097203728364,1.546190982734637,0.29477292202227934,0.19040274207369323,True
5777,Zählfeld A_39.2_1_I (veraltet),10.034096,53.57585,2025-10,1.815281708258297,2.5692871556232753,0.31803840259623184,0.1563598665825295,True
5777,Zählfeld A_39.2_1_I (veraltet),10.034096,53.57585,2025-11,2.6718022611394368,2.021450580706329,0.377655574356082,0.19829855235946606,True
5777,Zählfeld A_39.2_1_I (veraltet),10.034096,53.57585,2025-12,2.3102374464772284,2.2801651373079945,0.35989327511976227,0.17276089988478563,True
5777,Zählfeld A_39.2_1_I (veraltet),10.034096,53.57585,2026-01,2.448321091290661,2.015077424612877,0.3634770417104802,0.19114382521322584,True
5777,Zählfeld A_39.2_1_I (veraltet),10.034096,53.57585,2026-02,2.732602193419741,1.9418439716312057,0.39525828502206456,0.17080557238037553,True
5778,Zählfeld A_39.2_2_G (veraltet),10.034096,53.57585,2025-01,1.915451895043732,1.4574268837343323,0.30427231677665856,0.21917332407085793,True
5778,Zählfeld A_39.2_2_G (veraltet),10.034096,53.57585,2025-02,1.7764423076923075,1.1705449189985273,0.27719429857464367,0.25468867216804203,True
5778,Zählfeld A_39.2_2_G (veraltet),10.034096,53.57585,2025-03,1.8682487725040915,1.3169954174138274,0.28185185185185185,0.26555555555555554,True
5778,Zählfeld A_39.2_2_G (veraltet),10.034096,53.57585,2025-04,1.539353264185479,1.3671444321940462,0.24830233244759375,0.26778860348390904,True
5778,Zählfeld A_39.2_2_G (veraltet),10.034096,53.57585,2025-05,1.554160125588697,1.1978603603603604,0.23387668320340185,0.3146704464918498,True
5778,Zählfeld A_39.2_2_G (veraltet),10.034096,53.57585,2025-06,1.4958448753462603,1.2212189616252822,0.2360655737704918,0.2904918032786885,True
5778,Zählfeld A_39.2_2_G (veraltet),10.034096,53.57585,2025-07,1.5742904841402336,1.2948960302457466,0.27128883774453394,0.21173762945914845,True
5778,Zählfeld A_39.2_2_G (veraltet),10.034096,53.57585,2025-08,1.5072904009720534,1.1694330165035227,0.23764367816091955,0.289367816091954,True
5778,Zählfeld A_39.2_2_G (veraltet),10.034096,53.57585,2025-09,1.6896551724137931,1.2978402812656955,0.28143893591293834,0.218863361547763,True
5778,Zählfeld A_39.2_2_G (veraltet),10.034096,53.57585,2025-10,1.6657175398633257,1.5706234184495054,0.2739533576847429,0.23264962067996628,True
5778,Zählfeld A_39.2_2_G (veraltet),10.034096,53.57585,2025-11,1.825015792798484,1.3056410256410256,0.2735018460664584,0.2769099687588753,True
5778,Zählfeld A_39.2_2_G (veraltet),10.034096,53.57585,2025-12,1.8370672097759675,1.5535060177917321,0.2906864324846922,0.23461166612955206,True
5778,Zählfeld A_39.2_2_G (veraltet),10.034096,53.57585,2026-01,1.972407231208373,1.3314988916915083,0.2921775898520085,0.2634249471458774,True
5778,Zählfeld A_39.2_2_G (veraltet),10.034096,53.57585,2026-02,1.8894348894348894,1.3092105263157894,0.29599692070823713,0.2340261739799846,True
5779,Zählfeld E_24.4_1_I (veraltet),9.81227,53.563923,2025-01,2.3549083063646172,2.2588734958034182,0.3723349820910796,0.15333447040764114,True
5779,Zählfeld E_24.4_1_I (veraltet),9.81227,53.563923,2025-02,2.358929812369701,1.6424920127795528,0.35398091662756137,0.1958391991240419,True
5779,Zählfeld E_24.4_1_I (veraltet),9.81227,53.563923,2025-03,2.0953125,1.4398304523478374,0.30902177670238506,0.2485309367438645,True
5779,Zählfeld E_24.4_1_I (veraltet),9.81227,53.563923,2025-04,1.621093097108474,1.7085650723025583,0.27138420213212455,0.22639133719466129,True
5779,Zählfeld E_24.4_1_I (veraltet),9.81227,53.563923,2025-05,1.3908281998631074,1.3209472107824785,0.22364076601364738,0.2939687431212855,True
5779,Zählfeld E_24.4_1_I (veraltet),9.81227,53.563923,2025-06,1.7747103771259551,1.358796296296296,0.2717083663534473,0.26899128268991285,True
5779,Zählfeld E_24.4_1_I (veraltet),9.81227,53.563923,2025-07,2.008720930232558,1.3625714615219864,0.3194883254989597,0.20335979039839716,True
5779,Zählfeld E_24.4_1_I (veraltet),9.81227,53.563923,2025-08,2.2407495256166983,1.353064373897707,0.3162599176458773,0.26031937330521243,True
5779,Zählfeld E_24.4_1_I (veraltet),9.81227,53.563923,2025-09,1.6689450222882616,1.3007948335817188,0.27936128935979704,0.21847485449932846,True
5779,Zählfeld E_24.4_1_I (veraltet),9.81227,53.563923,2025-10,1.9075067024128687,1.840901091165083,0.3088107638888889,0.2055121527777778,True
5779,Zählfeld E_24.4_1_I (veraltet),9.81227,53.563923,2025-11,2.3700081499592502,1.8435926133184106,0.3471824259789876,0.2133476599808978,True
5779,Zählfeld E_24.4_1_I (veraltet),9.81227,53.563923,2025-12,1.9388816644993496,2.0366795366795367,0.3181818181818182,0.18950064020486557,True
5779,Zählfeld E_24.4_1_I (veraltet),9.81227,53.563923,2026-01,2.176470588235294,1.7241673055626545,0.3294618660472319,0.21641502129307008,True
5779,Zählfeld E_24.4_1_I (veraltet),9.81227,53.563923,2026-02,2.3996763754045305,2.06306027820711,0.3722389558232932,0.1623995983935743,True
5780,Zählfeld E_24.4_2_G (veraltet),9.81227,53.563923,2025-01,1.5315789473684212,2.668388429752066,0.2930513595166163,0.13293051359516617,True
5780,Zählfeld E_24.4_2_G (veraltet),9.81227,53.563923,2025-02,1.7378048780487805,2.204255319148936,0.3104575163398693,0.15359477124183007,True
5780,Zählfeld E_24.4_2_G (veraltet),9.81227,53.563923,2025-03,1.1602209944751383,1.3582251082251084,0.20648967551622419,0.25958702064896755,True
5780,Zählfeld E_24.4_2_G (veraltet),9.81227,53.563923,2025-04,1.3469387755102038,2.0221518987341773,0.24843161856963614,0.19824341279799249,True
5780,Zählfeld E_24.4_2_G (veraltet),9.81227,53.563923,2025-05,1.2820512820512822,1.4502631578947367,0.2170767004341534,0.27496382054992763,True
5780,Zählfeld E_24.4_2_G (veraltet),9.81227,53.563923,2025-06,1.2883435582822087,1.6642857142857141,0.23102310231023102,0.23102310231023102,True
5780,Zählfeld E_24.4_2_G (veraltet),9.81227,53.563923,2025-07,1.829268292682927,2.0456306500215238,0.3237410071942446,0.14532374100719425,True
5780,Zählfeld E_24.4_2_G (veraltet),9.81227,53.563923,2025-08,2.523529411764706,1.273911273911274,0.3325581395348837,0.27209302325581397,True
5780,Zählfeld E_24.4_2_G (veraltet),9.81227,53.563923,2025-09,1.4189189189189186,2.134265734265734,0.27435610302351626,0.1455767077267637,True
5780,Zählfeld E_24.4_2_G (veraltet),9.81227,53.563923,2025-10,1.506072874493927,2.1285140562249,0.27312775330396477,0.1828193832599119,True
5780,Zählfeld E_24.4_2_G (veraltet),9.81227,53.563923,2025-11,1.2046332046332047,2.2974683544303796,0.23529411764705882,0.17873303167420815,True
5780,Zählfeld E_24.4_2_G (veraltet),9.81227,53.563923,2025-12,1.1528925619834711,2.2468142186452043,0.229064039408867,0.1748768472906404,True
5780,Zählfeld E_24.4_2_G (veraltet),9.81227,53.563923,2026-01,1.8358208955223883,1.7142857142857142,0.2971014492753623,0.21739130434782608,True
5780,Zählfeld E_24.4_2_G (veraltet),9.81227,53.563923,2026-02,1.11864406779661,2.16,0.22916666666666666,0.15625,True
5781,Zählfeld B_35.2_1_G (veraltet),9.951065,53.61623,2025-01,1.8636363636363635,1.453706809795371,0.29902755267423015,0.21961102106969205,True
5781,Zählfeld B_35.2_1_G (veraltet),9.951065,53.61623,2025-02,1.7551020408163265,1.1365853658536587,0.273015873015873,0.26031746031746034,True
5781,Zählfeld B_35.2_1_G (veraltet),9.951065,53.61623,2025-03,1.6628352490421456,1.1613703597671534,0.2529137529137529,0.2907925407925408,True
5781,Zählfeld B_35.2_1_G (veraltet),9.951065,53.61623,2025-04,1.5507968127490042,1.1468373493975903,0.23731138545953362,0.3036122542295382,True
5781,Zählfeld B_35.2_1_G (veraltet),9.951065,53.61623,2025-05,1.3752310536044363,1.0481884057971016,0.20615128844555278,0.34413965087281795,True
5781,Zählfeld B_35.2_1_G (veraltet),9.951065,53.61623,2025-06,1.3977566867989646,1.07124842370744,0.21669341894060995,0.3182182985553772,True
5781,Zählfeld B_35.2_1_G (veraltet),9.951065,53.61623,2025-07,1.4174830444611908,0.9413465012646032,0.23430493273542602,0.26980568011958145,True
5781,Zählfeld B_35.2_1_G (veraltet),9.951065,53.61623,2025-08,1.5084337349397592,1.1335272022294924,0.23560406473466317,0.2958223560406473,True
5781,Zählfeld B_35.2_1_G (veraltet),9.951065,53.61623,2025-09,1.3168469860896443,1.040078201368524,0.22602467170712295,0.2590529247910863,True
5781,Zählfeld B_35.2_1_G (veraltet),9.951065,53.61623,2025-10,1.3648498331479422,1.1955031532766658,0.22361946418808093,0.28485511208310554,True
5781,Zählfeld B_35.2_1_G (veraltet),9.951065,53.61623,2025-11,1.42467718794835,1.1473214285714286,0.22425474254742547,0.3035230352303523,True
5781,Zählfeld B_35.2_1_G (veraltet),9.951065,53.61623,2025-12,1.3248322147651006,1.452922077922078,0.23071528751753156,0.24684431977559607,True
5781,Zählfeld B_35.2_1_G (veraltet),9.951065,53.61623,2026-01,1.6935483870967745,1.3635564927077843,0.26743075453677173,0.2588347659980898,True
5781,Zählfeld B_35.2_1_G (veraltet),9.951065,53.61623,2026-02,1.8605577689243027,1.2577319587628863,0.2904228855721393,0.24129353233830847,True
5782,Zählfeld B_35.2_2_I (veraltet),9.951065,53.61623,2025-01,2.080278812642711,2.9821520951888254,0.36008487269096356,0.12063155267099351,True
5782,Zählfeld B_35.2_2_I (veraltet),9.951065,53.61623,2025-02,2.067369503728465,2.11476861167002,0.34308391474108685,0.15906035972604493,True
5782,Zählfeld B_35.2_2_I (veraltet),9.951065,53.61623,2025-03,2.002016129032258,2.0332556935817805,0.3242922704068478,0.1897591914608364,True
5782,Zählfeld B_35.2_2_I (veraltet),9.951065,53.61623,2025-04,1.262263005195331,2.3349966733200263,0.2439177031995619,0.17636704998826566,True
5782,Zählfeld B_35.2_2_I (veraltet),9.951065,53.61623,2025-05,1.308636836628512,1.7841820745847696,0.23215802104485878,0.23562857670297213,True
5782,Zählfeld B_35.2_2_I (veraltet),9.951065,53.61623,2025-06,1.3380416109944646,1.9191859483195406,0.24469421949176207,0.20668109466629433,True
5782,Zählfeld B_35.2_2_I (veraltet),9.951065,53.61623,2025-07,1.3454950727358046,1.5809345465312623,0.2537922793507485,0.18033657516513427,True
5782,Zählfeld B_35.2_2_I (veraltet),9.951065,53.61623,2025-08,1.3347364201242733,1.793468345192483,0.24331335866705642,0.20980707395498394,True
5782,Zählfeld B_35.2_2_I (veraltet),9.951065,53.61623,2025-09,1.3185651353052235,1.6692390491306806,0.25070897799475894,0.17887784039918153,True
5782,Zählfeld B_35.2_2_I (veraltet),9.951065,53.61623,2025-10,1.416442165638307,2.4093986459577863,0.2677937697160883,0.1650236593059937,True
5782,Zählfeld B_35.2_2_I (veraltet),9.951065,53.61623,2025-11,1.9651557200123344,2.3876037959667853,0.3272568552942385,0.17315394885488344,True
5782,Zählfeld B_35.2_2_I (veraltet),9.951065,53.61623,2025-12,1.7990049751243784,2.7838383838383836,0.32011331444759206,0.14606940509915015,True
5782,Zählfeld B_35.2_2_I (veraltet),9.951065,53.61623,2026-01,2.0732853982300883,2.337002216616984,0.3394919168591224,0.16927047955440838,True
5782,Zählfeld B_35.2_2_I (veraltet),9.951065,53.61623,2026-02,2.030210016155089,2.2489707475622964,0.3426584867075665,0.15100204498977504,True
5785,Zählfeld J_31.4_1_I (veraltet),9.970928,53.581524,2025-01,2.144483868305966,1.9247741165332293,0.34378348347156634,0.17528473352117147,True
5785,Zählfeld J_31.4_1_I (veraltet),9.970928,53.581524,2025-02,2.134738458912876,1.507553551296505,0.3285657998423956,0.20969267139479905,True
5785,Zählfeld J_31.4_1_I (veraltet),9.970928,53.581524,2025-03,1.9832540831093655,1.4681626040029723,0.30051375227116095,0.2449094668253869,True
5785,Zählfeld J_31.4_1_I (veraltet),9.970928,53.581524,2025-04,1.6925512587594085,1.7366297833102813,0.2800566864210255,0.2235506312805978,True
5785,Zählfeld J_31.4_1_I (veraltet),9.970928,53.581524,2025-05,1.7634346408665476,1.448107943151103,0.26830029280468487,0.2752604041664667,True
5785,Zählfeld J_31.4_1_I (veraltet),9.970928,53.581524,2025-06,1.7693732633528867,1.6046535784771996,0.2828517138415221,0.23756878809564938,True
5785,Zählfeld J_31.4_1_I (veraltet),9.970928,53.581524,2025-07,1.8086433912923796,1.4246597685916713,0.3023143461856998,0.19623631176957762,True
5785,Zählfeld J_31.4_1_I (veraltet),9.970928,53.581524,2025-08,1.7939049037336454,1.4731407389974112,0.28279296727620296,0.24428402545463693,True
5785,Zählfeld J_31.4_1_I (veraltet),9.970928,53.581524,2025-09,1.7305461575640406,1.3584834952062708,0.2885777842255428,0.2111562454664152,True
5785,Zählfeld J_31.4_1_I (veraltet),9.970928,53.581524,2025-10,1.7692402035935488,1.7828945558581606,0.2927727715538237,0.21078908913784705,True
5785,Zählfeld J_31.4_1_I (veraltet),9.970928,53.581524,2025-11,1.9866939611054246,1.6031589338598222,0.3036845810842525,0.2377376202769303,True
5785,Zählfeld J_31.4_1_I (veraltet),9.970928,53.581524,2025-12,1.7706356567025756,1.8906814596162655,0.2964807912844037,0.20118979357798164,True
5785,Zählfeld J_31.4_1_I (veraltet),9.970928,53.581524,2026-01,1.9989492644851397,1.6712584496334102,0.31120302860347726,0.22174705552439708,True
5785,Zählfeld J_31.4_1_I (veraltet),9.970928,53.581524,2026-02,2.0152242651364327,1.5206391478029293,0.3181364392678869,0.20826400443704937,True
5786,Zählfeld J_31.4_2_I (veraltet),9.970928,53.581524,2025-01,2.4859905111449287,1.7967983424874414,0.36911360102077434,0.18545396546911758,True
5786,Zählfeld J_31.4_2_I (veraltet),9.970928,53.581524,2025-02,2.4825456247075337,1.4371297148114075,0.35421841198621906,0.2177309510455893,True
5786,Zählfeld J_31.4_2_I (veraltet),9.970928,53.581524,2025-03,2.3381360697216755,1.4503987350474357,0.3297451604270124,0.24716762318237237,True
5786,Zählfeld J_31.4_2_I (veraltet),9.970928,53.581524,2025-04,1.9489274770173648,1.7024522858411009,0.30440587449933243,0.2270196740307832,True
5786,Zählfeld J_31.4_2_I (veraltet),9.970928,53.581524,2025-05,1.9963211069624422,1.434891622226045,0.2888433396096003,0.27709321448149293,True
5786,Zählfeld J_31.4_2_I (veraltet),9.970928,53.581524,2025-06,2.008024919486828,1.56421292173741,0.3038393327901069,0.2422230743421368,True
5786,Zählfeld J_31.4_2_I (veraltet),9.970928,53.581524,2025-07,2.018301610541728,1.4037135441463302,0.32232042648709314,0.1985830527497194,True
5786,Zählfeld J_31.4_2_I (veraltet),9.970928,53.581524,2025-08,1.9156626506024095,1.4087771658307948,0.29125632515370803,0.2526252788508624,True
5786,Zählfeld J_31.4_2_I (veraltet),9.970928,53.581524,2025-09,1.8900015565817465,1.3495140417762983,0.30446339017051155,0.2122617853560682,True
5786,Zählfeld J_31.4_2_I (veraltet),9.970928,53.581524,2025-10,1.9371954882199827,1.7161509444467644,0.30714285714285716,0.2172063492063492,True
5786,Zählfeld J_31.4_2_I (veraltet),9.970928,53.581524,2025-11,2.3340283904082124,1.58947519357614,0.33286439747460883,0.23929453746911886,True
5786,Zählfeld J_31.4_2_I (veraltet),9.970928,53.581524,2025-12,2.1001379098988657,1.9131251993826683,0.3297127598152425,0.19929994226327943,True
5786,Zählfeld J_31.4_2_I (veraltet),9.970928,53.581524,2026-01,2.3451082532964356,1.6312690960578284,0.33960396039603963,0.22595473833097596,True
5786,Zählfeld J_31.4_2_I (veraltet),9.970928,53.581524,2026-02,2.409013716525147,1.4773347605030773,0.35047608187467927,0.2130680198414961,True
5787,Zählfeld X_44.1_1_I (veraltet),10.146441,53.595352,2025-01,1.6508670520231215,2.612337662337662,0.30689877498388135,0.13539651837524178,True
5787,Zählfeld X_44.1_1_I (veraltet),10.146441,53.595352,2025-02,1.6913730255164034,1.9208955223880597,0.29839228295819936,0.17234726688102894,True
5787,Zählfeld X_44.1_1_I (veraltet),10.146441,53.595352,2025-03,1.7238421955403087,1.652714015662976,0.2832980972515856,0.22367864693446088,True
5787,Zählfeld X_44.1_1_I (veraltet),10.146441,53.595352,2025-04,1.2856575981714866,1.9433740995141566,0.2244958481613286,0.22597864768683273,True
5787,Zählfeld X_44.1_1_I (veraltet),10.146441,53.595352,2025-05,1.4305835010060364,1.6980021030494217,0.2438898893748392,0.24466169282222794,True
5787,Zählfeld X_44.1_1_I (veraltet),10.146441,53.595352,2025-06,1.5227920227920229,1.861078546307151,0.2653922542204568,0.21176762661370407,True
5787,Zählfeld X_44.1_1_I (veraltet),10.146441,53.595352,2025-07,1.4509536784741146,1.4912701129750086,0.26433358153387937,0.18912881608339538,True
5787,Zählfeld X_44.1_1_I (veraltet),10.146441,53.595352,2025-08,1.4975450081833062,1.541309103146559,0.2543786488740617,0.23603002502085071,True
5787,Zählfeld X_44.1_1_I (veraltet),10.146441,53.595352,2025-09,1.5371321812237273,1.4848102716955178,0.27214090796328455,0.19672537831803522,True
5787,Zählfeld X_44.1_1_I (veraltet),10.146441,53.595352,2025-10,1.5041782729805013,1.9371069182389935,0.2680565897244974,0.19731943410275501,True
5787,Zählfeld X_44.1_1_I (veraltet),10.146441,53.595352,2025-11,2.2641002685765446,1.9639278557114228,0.3428222854819032,0.20292801952013012,True
5787,Zählfeld X_44.1_1_I (veraltet),10.146441,53.595352,2025-12,1.9716024340770792,2.3436603557085487,0.3296032553407935,0.1688708036622584,True
5787,Zählfeld X_44.1_1_I (veraltet),10.146441,53.595352,2026-01,1.8561872909698995,1.772893772893773,0.30130293159609123,0.21172638436482086,True
5787,Zählfeld X_44.1_1_I (veraltet),10.146441,53.595352,2026-02,2.0985221674876846,1.8648648648648647,0.33890214797136037,0.1766109785202864,True
5788,Zählfeld X_44.1_2_I (veraltet),10.146441,53.595352,2025-01,2.1934235976789167,2.499224325162892,0.3629380700912146,0.14066250600096014,True
5788,Zählfeld X_44.1_2_I (veraltet),10.146441,53.595352,2025-02,2.5888157894736845,1.470995670995671,0.36418324849606665,0.21378991207774178,True
5788,Zählfeld X_44.1_2_I (veraltet),10.146441,53.595352,2025-03,2.0734385724090596,1.5791834903544193,0.31400062363579667,0.2316806984720923,True
5788,Zählfeld X_44.1_2_I (veraltet),10.146441,53.595352,2025-04,1.4521363130405,1.7581647841695125,0.23870481927710843,0.24397590361445784,True
5788,Zählfeld X_44.1_2_I (veraltet),10.146441,53.595352,2025-05,1.380848748639826,1.5621164021164022,0.2331220721961973,0.2604023146872417,True
5788,Zählfeld X_44.1_2_I (veraltet),10.146441,53.595352,2025-06,1.4341906202723147,1.7656626506024096,0.25206062217495345,0.2206859877692103,True
5788,Zählfeld X_44.1_2_I (veraltet),10.146441,53.595352,2025-07,1.508729388942774,1.5160521005320124,0.2721784776902887,0.18661417322834645,True
5788,Zählfeld X_44.1_2_I (veraltet),10.146441,53.595352,2025-08,1.6402366863905324,1.5716690716690718,0.27128596594245447,0.23253082795067528,True
5788,Zählfeld X_44.1_2_I (veraltet),10.146441,53.595352,2025-09,1.3822937625754528,1.5784753363228698,0.2563671984326896,0.18723761544920234,True
5788,Zählfeld X_44.1_2_I (veraltet),10.146441,53.595352,2025-10,1.2663421418636995,1.9554408108624977,0.23869445536767597,0.19583169484860402,True
5788,Zählfeld X_44.1_2_I (veraltet),10.146441,53.595352,2025-11,2.170275590551181,2.114734299516908,0.3394919168591224,0.19122401847575057,True
5788,Zählfeld X_44.1_2_I (veraltet),10.146441,53.595352,2025-12,1.8331491712707186,2.3615160349854225,0.3156392694063927,0.1678082191780822,True
5788,Zählfeld X_44.1_2_I (veraltet),10.146441,53.595352,2026-01,2.2857142857142856,1.6780045351473922,0.3368421052631579,0.22105263157894736,True
5788,Zählfeld X_44.1_2_I (veraltet),10.146441,53.595352,2026-02,2.263852242744063,2.1983471074380163,0.3638676844783715,0.15394402035623408,True
5791,Zählfeld H_30.1_1_I (veraltet),9.99935,53.580128,2025-01,4.38232121922626,2.8250367871370634,0.518535164377861,0.12649188514357054,True
5791,Zählfeld H_30.1_1_I (veraltet),9.99935,53.580128,2025-02,4.5972,2.0228856714927606,0.505217348301271,0.16509239569424525,True
5791,Zählfeld H_30.1_1_I (veraltet),9.99935,53.580128,2025-03,3.989251004498781,1.8739347934776904,0.45511818427579076,0.20262344409313696,True
5791,Zählfeld H_30.1_1_I (veraltet),9.99935,53.580128,2025-04,2.5475853331345952,2.0715060945065957,0.36993328247000956,0.1944385825365648,True
5791,Zählfeld H_30.1_1_I (veraltet),9.99935,53.580128,2025-05,2.649252584252392,1.7198599323591348,0.3553255146928078,0.24230570008272193,True
5791,Zählfeld H_30.1_1_I (veraltet),9.99935,53.580128,2025-06,2.6480876486832847,1.5227743875733597,0.35295476197349807,0.24718525361586652,True
5791,Zählfeld H_30.1_1_I (veraltet),9.99935,53.580128,2025-07,2.700824133105271,1.4746742733790763,0.38334265199223116,0.19085103878523924,True
5791,Zählfeld H_30.1_1_I (veraltet),9.99935,53.580128,2025-08,2.54982184176507,1.6177851007378152,0.3503527689949881,0.23179201126651663,True
5792,Zählfeld H_30.1_2_G (veraltet),9.999404,53.580128,2025-01,1.5942028985507248,0.5815328169588259,0.2037037037037037,0.412962962962963,True
5792,Zählfeld H_30.1_2_G (veraltet),9.999404,53.580128,2025-02,2.0677966101694913,0.6133333333333333,0.24696356275303644,0.39473684210526316,True
5792,Zählfeld H_30.1_2_G (veraltet),9.999404,53.580128,2025-03,2.0460251046025104,0.6836734693877551,0.23900293255131966,0.41055718475073316,True
5792,Zählfeld H_30.1_2_G (veraltet),9.999404,53.580128,2025-04,2.0032894736842106,0.7996845425867507,0.24635922330097088,0.38470873786407767,True
5792,Zählfeld H_30.1_2_G (veraltet),9.999404,53.580128,2025-05,1.7383177570093458,1.1243951612903225,0.24635761589403973,0.32847682119205296,True
5792,Zählfeld H_30.1_2_G (veraltet),9.999404,53.580128,2025-06,2.1907356948228887,0.8722527472527474,0.2682682682682683,0.36436436436436437,True
5792,Zählfeld H_30.1_2_G (veraltet),9.999404,53.580128,2025-07,1.8728813559322033,0.9523809523809524,0.28152866242038216,0.267515923566879,True
5792,Zählfeld H_30.1_2_G (veraltet),9.999404,53.580128,2025-08,2.0583027063147346,0.9798342199678337,0.26941747572815533,0.3325242718446602,True
5793,Zählfeld H_30.2_1_G (veraltet),9.99935,53.580128,2025-01,1.4150943396226414,0.19679615538646378,0.1041046995835812,0.6751933372992267,True
5793,Zählfeld H_30.2_1_G (veraltet),9.99935,53.580128,2025-02,2.002994011976048,0.21239275500476643,0.13885429638854296,0.6531755915317559,True
5793,Zählfeld H_30.2_1_G (veraltet),9.99935,53.580128,2025-03,2.7022332506203477,0.3483876836312366,0.20022062879205738,0.5774958632101489,True
5793,Zählfeld H_30.2_1_G (veraltet),9.99935,53.580128,2025-04,2.7406542056074765,0.12588379956962803,0.09602161100196463,0.7988703339882122,True
5793,Zählfeld H_30.2_1_G (veraltet),9.99935,53.580128,2025-05,1.8984690115799976,1.4057298031228784,0.27857115582878306,0.2812249417694452,True
5793,Zählfeld H_30.2_1_G (veraltet),9.99935,53.580128,2025-06,1.8688025441074478,1.2140995140716744,0.27186888634601897,0.2916983500055369,True
5793,Zählfeld H_30.2_1_G (veraltet),9.99935,53.580128,2025-07,1.888937696756717,1.8635374225595802,0.3255975366598521,0.1572903258373085,True
5793,Zählfeld H_30.2_1_G (veraltet),9.99935,53.580128,2025-08,2.1963470319634704,0.5097728092318788,0.2142237640936687,0.4891587163920208,True
5794,Zählfeld H_30.2_2_I (veraltet),9.999377,53.580128,2025-01,2.4849560175929626,2.6954168849882105,0.39334963093062447,0.1317731944081836,True
5794,Zählfeld H_30.2_2_I (veraltet),9.999377,53.580128,2025-02,2.265675470264108,1.8881451200817578,0.3550548248062708,0.17481408696040554,True
5794,Zählfeld H_30.2_2_I (veraltet),9.999377,53.580128,2025-03,2.4892812105926856,1.8516892056735992,0.360716531497396,0.20455974589252027,True
5794,Zählfeld H_30.2_2_I (veraltet),9.999377,53.580128,2025-04,1.8453046450834507,2.0111929086538463,0.3050146080748253,0.199108558437285,True
5794,Zählfeld H_30.2_2_I (veraltet),9.999377,53.580128,2025-05,1.8788290215187755,1.6848964719896296,0.2903270306855315,0.24609641068087565,True
5794,Zählfeld H_30.2_2_I (veraltet),9.999377,53.580128,2025-06,1.8619361465377045,1.4926055560811025,0.28686611332220313,0.25092773553405123,True
5794,Zählfeld H_30.2_2_I (veraltet),9.999377,53.580128,2025-07,1.9055243276904672,1.4076122224416672,0.31147738596547625,0.19814201677971005,True
5794,Zählfeld H_30.2_2_I (veraltet),9.999377,53.580128,2025-08,1.942301853214839,1.5745971405729768,0.2975210316333697,0.2366450995920685,True
5795,Zählfeld A_29.1_1_I (veraltet),9.97035,53.575794,2025-01,2.4386141944164144,2.364465025591031,0.3822529196214378,0.14749690243323754,True
5795,Zählfeld A_29.1_1_I (veraltet),9.97035,53.575794,2025-02,2.3472586312677786,1.9178994748687173,0.36321267671275437,0.17257003780228886,True
5795,Zählfeld A_29.1_1_I (veraltet),9.97035,53.575794,2025-03,2.3148080271236138,1.87465456555255,0.3473158860772546,0.20256140567963868,True
5795,Zählfeld A_29.1_1_I (veraltet),9.97035,53.575794,2025-04,1.762054604349838,2.1632052467838223,0.3005509337458759,0.18774369741266358,True
5795,Zählfeld A_29.1_1_I (veraltet),9.97035,53.575794,2025-05,1.8444465981779414,1.8544182124789208,0.2936429563338991,0.2287455639561796,True
5795,Zählfeld A_29.1_1_I (veraltet),9.97035,53.575794,2025-06,1.7730498604876868,1.935899328363717,0.2952217912980245,0.2052629984244334,True
5795,Zählfeld A_29.1_1_I (veraltet),9.97035,53.575794,2025-07,1.825611307420495,1.7766606822262117,0.3163781193968431,0.1637224067487728,True
5795,Zählfeld A_29.1_1_I (veraltet),9.97035,53.575794,2025-08,1.9080695308083664,1.764885240153369,0.30615646258503404,0.21248299319727892,True
5795,Zählfeld A_29.1_1_I (veraltet),9.97035,53.575794,2025-09,1.7525528592023063,1.7242653067895788,0.30453570477994707,0.1741635484022483,True
5795,Zählfeld A_29.1_1_I (veraltet),9.97035,53.575794,2025-10,1.8491202699445648,2.148088831945334,0.31213637658163473,0.18145571422759266,True
5795,Zählfeld A_29.1_1_I (veraltet),9.97035,53.575794,2025-11,2.396491389630721,2.2039377186054385,0.36196536615898184,0.18491550177341956,True
5795,Zählfeld A_29.1_1_I (veraltet),9.97035,53.575794,2025-12,2.147478736330498,2.47676050162238,0.34991461875417623,0.16125918776449624,True
5795,Zählfeld A_29.1_1_I (veraltet),9.97035,53.575794,2026-01,2.479173958697935,2.0845317992969,0.3683307332293292,0.1859594383775351,True
5795,Zählfeld A_29.1_1_I (veraltet),9.97035,53.575794,2026-02,2.506218178783073,1.9268346111719605,0.37691583505931087,0.17190736207870458,True
5796,Zählfeld A_29.1_2_I (veraltet),9.97035,53.575794,2025-01,3.295540658700087,2.347349813081404,0.4457822775228273,0.14841273596063775,True
5796,Zählfeld A_29.1_2_I (veraltet),9.97035,53.575794,2025-02,3.4026570648125154,1.9006496199032483,0.43904549059188236,0.1738639367505347,True
5796,Zählfeld A_29.1_2_I (veraltet),9.97035,53.575794,2025-03,3.116125350706168,1.898209027916141,0.40731348014992447,0.20055196076603204,True
5796,Zählfeld A_29.1_2_I (veraltet),9.97035,53.575794,2025-04,2.4271371199082044,2.1587174806024647,0.3631174627698382,0.1880605982575855,True
5796,Zählfeld A_29.1_2_I (veraltet),9.97035,53.575794,2025-05,2.450218872395747,1.770095038190193,0.34299022792298445,0.23705925444719347,True
5796,Zählfeld A_29.1_2_I (veraltet),9.97035,53.575794,2025-06,2.4970919324577863,1.8599314416301655,0.35801323434473853,0.21187056165267915,True
5796,Zählfeld A_29.1_2_I (veraltet),9.97035,53.575794,2025-07,2.5150718541885735,1.7667240949777716,0.38102191718992684,0.16449176280051508,True
5796,Zählfeld A_29.1_2_I (veraltet),9.97035,53.575794,2025-08,2.378685381470897,1.7255594202293039,0.3465954014990986,0.21627818716594452,True
5796,Zählfeld A_29.1_2_I (veraltet),9.97035,53.575794,2025-09,2.4847920742096297,1.725709180254635,0.37418573159432683,0.17404319007911054,True
5796,Zählfeld A_29.1_2_I (veraltet),9.97035,53.575794,2025-10,2.5846535677352636,2.119054682092356,0.37789389650918065,0.18348573916829958,True
5796,Zählfeld A_29.1_2_I (veraltet),9.97035,53.575794,2025-11,3.251122334455668,2.289016747148875,0.42684791217697227,0.17927464957359415,True
5796,Zählfeld A_29.1_2_I (veraltet),9.97035,53.575794,2025-12,2.776273764258555,2.4337556311718607,0.4019819423034574,0.16364236952213168,True
5796,Zählfeld A_29.1_2_I (veraltet),9.97035,53.575794,2026-01,3.221400872515754,2.062005976479661,0.4206503679088536,0.18760977925468786,True
5796,Zählfeld A_29.1_2_I (veraltet),9.97035,53.575794,2026-02,3.38800350262697,1.9414770459081838,0.4397654038940226,0.1708323388004228,True
5797,Zählfeld G_32.2_1_G (veraltet),9.95375,53.57567,2025-01,1.502092050209205,1.5948616600790517,0.2655325443786982,0.20414201183431951,True
5797,Zählfeld G_32.2_1_G (veraltet),9.95375,53.57567,2025-02,1.5466666666666666,1.27875,0.25912137006701413,0.23827252419955325,True
5797,Zählfeld G_32.2_1_G (veraltet),9.95375,53.57567,2025-03,1.7616511318242343,1.4667158853205364,0.279290690310323,0.24509183027232426,True
5797,Zählfeld G_32.2_1_G (veraltet),9.95375,53.57567,2025-04,1.471933471933472,1.8769633507853403,0.2599118942731278,0.21035242290748898,True
5797,Zählfeld G_32.2_1_G (veraltet),9.95375,53.57567,2025-05,1.5260545905707195,1.3456740442655934,0.23934617629889082,0.29013426736719206,True
5797,Zählfeld G_32.2_1_G (veraltet),9.95375,53.57567,2025-06,1.56198347107438,1.4804597701149425,0.2559489262913523,0.2524666279744631,True
5797,Zählfeld G_32.2_1_G (veraltet),9.95375,53.57567,2025-07,1.3856353591160222,1.4702041950270872,0.2555012224938875,0.19132029339853301,True
5797,Zählfeld G_32.2_1_G (veraltet),9.95375,53.57567,2025-08,1.512471655328798,1.5335552666406254,0.25608907446068196,0.2372999304105776,True
5797,Zählfeld G_32.2_1_G (veraltet),9.95375,53.57567,2025-09,1.6177215189873415,1.4356552538370722,0.2795275590551181,0.2020997375328084,True
5797,Zählfeld G_32.2_1_G (veraltet),9.95375,53.57567,2025-10,1.5435684647302905,1.8295739348370925,0.26956521739130435,0.20652173913043478,True
5797,Zählfeld G_32.2_1_G (veraltet),9.95375,53.57567,2025-11,1.5160796324655437,1.164691943127962,0.23487544483985764,0.300355871886121,True
5797,Zählfeld G_32.2_1_G (veraltet),9.95375,53.57567,2025-12,1.2352941176470589,2.2119815668202767,0.24,0.17714285714285713,True
5797,Zählfeld G_32.2_1_G (veraltet),9.95375,53.57567,2026-01,1.6129032258064515,0.9774436090225563,0.23510971786833856,0.3275862068965517,True
5797,Zählfeld G_32.2_1_G (veraltet),9.95375,53.57567,2026-02,1.4933920704845816,1.2477064220183487,0.2516703786191537,0.24276169265033407,True
5798,Zählfeld G_32.2_2_I (veraltet),9.95375,53.57567,2025-01,2.3678105364910587,1.675899533885517,0.3545632192226967,0.1962075703843092,True
5798,Zählfeld G_32.2_2_I (veraltet),9.95375,53.57567,2025-02,2.4144144144144146,1.442880960320107,0.3491351233987117,0.21705145834841139,True
5798,Zählfeld G_32.2_2_I (veraltet),9.95375,53.57567,2025-03,2.287158342754539,1.4555390783764488,0.32595035682806855,0.24650990873162548,True
5798,Zählfeld G_32.2_2_I (veraltet),9.95375,53.57567,2025-04,1.9993845206954917,1.773332605610741,0.31196581196581197,0.21994141937962164,True
5798,Zählfeld G_32.2_2_I (veraltet),9.95375,53.57567,2025-05,1.9953503286836618,1.4650991792065662,0.2904181835153552,0.2729394193969943,True
5798,Zählfeld G_32.2_2_I (veraltet),9.95375,53.57567,2025-06,2.0180360721442887,1.58635477582846,0.30577875362048024,0.23965243389703822,True
5798,Zählfeld G_32.2_2_I (veraltet),9.95375,53.57567,2025-07,1.948459306342407,1.4164598392184395,0.3161233914719993,0.19714836569071426,True
5798,Zählfeld G_32.2_2_I (veraltet),9.95375,53.57567,2025-08,1.9193371776789914,1.4437062097746232,0.2937194987370331,0.2483998332393261,True
5798,Zählfeld G_32.2_2_I (veraltet),9.95375,53.57567,2025-09,1.8188568226393949,1.3446570629972048,0.29710062015149086,0.2128652829584201,True
5798,Zählfeld G_32.2_2_I (veraltet),9.95375,53.57567,2025-10,1.9032906764168191,1.7551057801160865,0.3053258255616165,0.21341427649715525,True
5798,Zählfeld G_32.2_2_I (veraltet),9.95375,53.57567,2025-11,2.1905328082039093,1.5170054730258014,0.3174080175727622,0.2478922376199244,True
5798,Zählfeld G_32.2_2_I (veraltet),9.95375,53.57567,2025-12,1.849570200573066,1.943726672408843,0.30633898305084745,0.19677966101694916,True
5798,Zählfeld G_32.2_2_I (veraltet),9.95375,53.57567,2026-01,2.2490842490842495,1.5478505076690432,0.3276663871312038,0.23526721049020355,True
5798,Zählfeld G_32.2_2_I (veraltet),9.95375,53.57567,2026-02,2.291319857312723,1.4401294498381878,0.3389025677101653,0.2173760112557158,True
5799,Zählfeld G_32.1_1_I (veraltet),9.953787,53.57574,2025-01,1.8509768287142205,1.6411285502023807,0.30543164523747046,0.19953518011770438,True
5799,Zählfeld G_32.1_1_I (veraltet),9.953787,53.57574,2025-02,1.955571565802113,1.3695038991206239,0.3054159477908634,0.22605205911034432,True
5799,Zählfeld G_32.1_1_I (veraltet),9.953787,53.57574,2025-03,1.8449460873951697,1.3908302515897453,0.2836741223350106,0.25505366336057705,True
5799,Zählfeld G_32.1_1_I (veraltet),9.953787,53.57574,2025-04,1.6973881717202042,1.7488543645914834,0.28100693322730547,0.22233542904003378,True
5799,Zählfeld G_32.1_1_I (veraltet),9.953787,53.57574,2025-05,1.7067751525582853,1.4840823466092574,0.2645710543549443,0.27039219966528416,True
5799,Zählfeld G_32.1_1_I (veraltet),9.953787,53.57574,2025-06,1.7175907258064516,1.5960200532023736,0.27723134747272593,0.23854733605056988,True
5799,Zählfeld G_32.1_1_I (veraltet),9.953787,53.57574,2025-07,1.7172244675536987,1.38418872393478,0.2909271355044199,0.2008216585500958,True
5799,Zählfeld G_32.1_1_I (veraltet),9.953787,53.57574,2025-08,1.7863533469871726,1.4743426917885656,0.2821030053877384,0.24413349334831347,True
5799,Zählfeld G_32.1_1_I (veraltet),9.953787,53.57574,2025-09,1.6408332935161736,1.3298419642031978,0.2776443765310825,0.21472749763515972,True
5799,Zählfeld G_32.1_1_I (veraltet),9.953787,53.57574,2025-10,1.6353138387036692,1.6588679144670186,0.27410945646405044,0.22303393587462145,True
5799,Zählfeld G_32.1_1_I (veraltet),9.953787,53.57574,2025-11,1.7510910882725608,1.5563087991145543,0.27894772253246314,0.24315414115589046,True
5799,Zählfeld G_32.1_1_I (veraltet),9.953787,53.57574,2025-12,1.5208747514910537,1.8908271401045968,0.26873319281924557,0.20117741114906607,True
5799,Zählfeld G_32.1_1_I (veraltet),9.953787,53.57574,2026-01,1.733772198407838,1.6570206745763802,0.28449770140929986,0.22322707061572086,True
5799,Zählfeld G_32.1_1_I (veraltet),9.953787,53.57574,2026-02,1.879939781708694,1.4287603305785124,0.3009761388286334,0.21872740419378164,True
5800,Zählfeld G_32.1_2_G (veraltet),9.953787,53.57574,2025-01,1.883720930232558,0.9510231465951023,0.26970033296337403,0.30077691453940064,True
5800,Zählfeld G_32.1_2_G (veraltet),9.953787,53.57574,2025-02,2.1964285714285716,0.7759999999999999,0.2789115646258503,0.3401360544217687,True
5800,Zählfeld G_32.1_2_G (veraltet),9.953787,53.57574,2025-03,1.8933901918976548,0.8928571428571428,0.25234441602728047,0.34782608695652173,True
5800,Zählfeld G_32.1_2_G (veraltet),9.953787,53.57574,2025-04,1.7123287671232876,1.2344497607655502,0.25862068965517243,0.2882758620689655,True
5800,Zählfeld G_32.1_2_G (veraltet),9.953787,53.57574,2025-05,1.4148936170212767,1.3042857142857143,0.22542372881355932,0.2966101694915254,True
5800,Zählfeld G_32.1_2_G (veraltet),9.953787,53.57574,2025-06,1.6829268292682926,1.431578947368421,0.26634877384196187,0.25885558583106266,True
5800,Zählfeld G_32.1_2_G (veraltet),9.953787,53.57574,2025-07,1.7810304449648713,1.2934188643383226,0.29357266936884774,0.2119281991893457,True
5800,Zählfeld G_32.1_2_G (veraltet),9.953787,53.57574,2025-08,1.869269949066214,0.9665352340511576,0.25718290119131043,0.33006306937631397,True
5800,Zählfeld G_32.1_2_G (veraltet),9.953787,53.57574,2025-09,1.4819277108433735,0.9970962698235427,0.242284963887065,0.26723571897570586,True
5800,Zählfeld G_32.1_2_G (veraltet),9.953787,53.57574,2025-10,1.4208333333333334,1.2536925440151248,0.23292349726775957,0.27527322404371585,True
5800,Zählfeld G_32.1_2_G (veraltet),9.953787,53.57574,2025-11,1.4629324546952225,1.0524475524475525,0.2222222222222222,0.32207207207207206,True
5800,Zählfeld G_32.1_2_G (veraltet),9.953787,53.57574,2025-12,1.133492252681764,1.5248647935628543,0.2089650626235992,0.23796967699406724,True
5800,Zählfeld G_32.1_2_G (veraltet),9.953787,53.57574,2026-01,2.0723404255319147,1.3324390789179523,0.3009888751545117,0.26328800988875156,True
5800,Zählfeld G_32.1_2_G (veraltet),9.953787,53.57574,2026-02,2.318315377081293,1.1365777080062793,0.32243563547200654,0.26031875766244383,True
5822,Zählfeld G_40.2_1_I (veraltet),10.042891,53.598804,2025-01,2.616198803497469,2.1969396939693966,0.3927054191275515,0.15697855144544606,True
5822,Zählfeld G_40.2_1_I (veraltet),10.042891,53.598804,2025-02,2.862779592862528,1.7773714285714284,0.3985933235355868,0.18370774721813982,True
5822,Zählfeld G_40.2_1_I (veraltet),10.042891,53.598804,2025-03,3.3969976905311774,1.8701261874379695,0.4232562154696133,0.20295234806629833,True
5822,Zählfeld G_40.2_1_I (veraltet),10.042891,53.598804,2025-04,1.5750322488175432,1.8673218673218674,0.2715546000444807,0.21120913336792943,True
5822,Zählfeld G_40.2_1_I (veraltet),10.042891,53.598804,2025-05,1.4934725848563968,1.3464438122332858,0.23597359735973597,0.290016501650165,True
5822,Zählfeld G_40.2_1_I (veraltet),10.042891,53.598804,2025-06,1.7359389895138226,1.4611764705882353,0.27309538092381525,0.2549490101979604,True
5822,Zählfeld G_40.2_1_I (veraltet),10.042891,53.598804,2025-07,1.6969496021220156,1.6197581682531514,0.2974198047419805,0.17677824267782427,True
5822,Zählfeld G_40.2_1_I (veraltet),10.042891,53.598804,2025-08,1.5451358457493427,1.5248680515738249,0.2590551759606201,0.23796928954522079,True
5822,Zählfeld G_40.2_1_I (veraltet),10.042891,53.598804,2025-09,1.7853618421052628,1.4542955326460483,0.29846026945284576,0.20002749518834204,True
5822,Zählfeld G_40.2_1_I (veraltet),10.042891,53.598804,2025-10,1.8585842148087877,2.237510679437025,0.31541010770505384,0.17547638773819388,True
5822,Zählfeld G_40.2_1_I (veraltet),10.042891,53.598804,2025-11,2.616727412238634,2.1347331583552056,0.37746969948530634,0.18977253860202556,True
5822,Zählfeld G_40.2_1_I (veraltet),10.042891,53.598804,2025-12,2.4640776699029123,2.2546270330902973,0.3723227383863081,0.1743765281173594,True
5822,Zählfeld G_40.2_1_I (veraltet),10.042891,53.598804,2026-01,2.2232480067142255,1.9678429140580536,0.34271298272850764,0.19483795847079372,True
5822,Zählfeld G_40.2_1_I (veraltet),10.042891,53.598804,2026-02,2.7455357142857144,1.9953488372093022,0.39805825242718446,0.1669902912621359,True
5823,Zählfeld G_40.2_2_G (veraltet),10.042891,53.598804,2025-01,,,0.24528301886792453,0.16981132075471697,False
5823,Zählfeld G_40.2_2_G (veraltet),10.042891,53.598804,2025-02,,,0.23076923076923078,0.28205128205128205,False
5823,Zählfeld G_40.2_2_G (veraltet),10.042891,53.598804,2025-03,2.375,1.023809523809524,0.30158730158730157,0.31746031746031744,True
5823,Zählfeld G_40.2_2_G (veraltet),10.042891,53.598804,2025-04,,,0.25,0.1590909090909091,False
5823,Zählfeld G_40.2_2_G (veraltet),10.042891,53.598804,2025-05,,,0.1875,0.3333333333333333,False
5823,Zählfeld G_40.2_2_G (veraltet),10.042891,53.598804,2025-06,,,0.12121212121212122,0.18181818181818182,False
5823,Zählfeld G_40.2_2_G (veraltet),10.042891,53.598804,2025-07,1.3846153846153846,0.881159420289855,0.22641509433962265,0.2830188679245283,True
5823,Zählfeld G_40.2_2_G (veraltet),10.042891,53.598804,2025-08,2.3684210526315788,1.619047619047619,0.3409090909090909,0.22727272727272727,True
5823,Zählfeld G_40.2_2_G (veraltet),10.042891,53.598804,2025-09,1.3928571428571428,0.8770053475935828,0.22413793103448276,0.29310344827586204,True
5823,Zählfeld G_40.2_2_G (veraltet),10.042891,53.598804,2025-10,1.4210526315789473,2.4242424242424243,0.26865671641791045,0.16417910447761194,True
5823,Zählfeld G_40.2_2_G (veraltet),10.042891,53.598804,2025-11,1.3636363636363638,1.8461538461538463,0.2459016393442623,0.21311475409836064,True
5823,Zählfeld G_40.2_2_G (veraltet),10.042891,53.598804,2025-12,,,0.32653061224489793,0.10204081632653061,False
5823,Zählfeld G_40.2_2_G (veraltet),10.042891,53.598804,2026-01,2.0,0.8503401360544217,0.2564102564102564,0.358974358974359,True
5823,Zählfeld G_40.2_2_G (veraltet),10.042891,53.598804,2026-02,,,0.32,0.16,False
5824,Zählfeld A_1.3_1_G (veraltet),9.990172,53.55968,2025-01,2.4341317365269464,1.8065693430656933,0.36522911051212936,0.18463611859838275,True
5824,Zählfeld A_1.3_1_G (veraltet),9.990172,53.55968,2025-02,2.4487951807228914,1.0816143497757849,0.3280871670702179,0.26997578692493945,True
5824,Zählfeld A_1.3_1_G (veraltet),9.990172,53.55968,2025-03,2.2361396303901437,1.4404338247754618,0.3209549071618037,0.2484526967285588,True
5824,Zählfeld A_1.3_1_G (veraltet),9.990172,53.55968,2025-04,2.5384615384615383,0.5070422535211268,0.23076923076923078,0.4965034965034965,True
5824,Zählfeld A_1.3_1_G (veraltet),9.990172,53.55968,2025-05,2.1610169491525424,1.7019817073170733,0.31645569620253167,0.24422933730454208,True
5824,Zählfeld A_1.3_1_G (veraltet),9.990172,53.55968,2025-06,2.021311475409836,0.9836223506743736,0.2668831168831169,0.337012987012987,True
5824,Zählfeld A_1.3_1_G (veraltet),9.990172,53.55968,2025-07,1.9927007299270072,1.0272583915296238,0.2981651376146789,0.2529488859764089,True
5824,Zählfeld A_1.3_1_G (veraltet),9.990172,53.55968,2025-08,2.15625,1.1442441054091539,0.29529243937232524,0.29386590584878747,True
5824,Zählfeld A_1.3_1_G (veraltet),9.990172,53.55968,2025-09,2.209511568123393,0.9182667799490228,0.30381760339342523,0.28366914103923646,True
5824,Zählfeld A_1.3_1_G (veraltet),9.990172,53.55968,2025-10,2.1272727272727274,1.3025951121189216,0.3038243626062323,0.26770538243626063,True
5824,Zählfeld A_1.3_1_G (veraltet),9.990172,53.55968,2025-11,2.102189781021898,1.603211009174312,0.31406761177753545,0.23773173391494,True
5824,Zählfeld A_1.3_1_G (veraltet),9.990172,53.55968,2025-12,1.9635193133047208,1.2487852283770648,0.2863849765258216,0.27605633802816903,True
5824,Zählfeld A_1.3_1_G (veraltet),9.990172,53.55968,2026-01,2.1594827586206895,1.484375,0.31688804554079697,0.2428842504743833,True
5824,Zählfeld A_1.3_1_G (veraltet),9.990172,53.55968,2026-02,3.055813953488372,1.7535353535353535,0.41088180112570355,0.18574108818011256,True
5825,Zählfeld A_1.3_2_I (veraltet),9.990172,53.55968,2025-01,2.428499071416512,3.59188967777171,0.40161943319838056,0.10224766159430407,True
5825,Zählfeld A_1.3_2_I (veraltet),9.990172,53.55968,2025-02,2.3534656796769853,2.3505817174515236,0.37568482114083146,0.14542378343538512,True
5825,Zählfeld A_1.3_2_I (veraltet),9.990172,53.55968,2025-03,2.265686019265816,2.4315047907575047,0.35980815744320177,0.16376904471502698,True
5825,Zählfeld A_1.3_2_I (veraltet),9.990172,53.55968,2025-04,1.6271910312305367,2.726200461312644,0.2971580845912614,0.15498107014607673,True
5825,Zählfeld A_1.3_2_I (veraltet),9.990172,53.55968,2025-05,1.642473851750796,2.293831195359098,0.2853688984403394,0.19340107137777918,True
5825,Zählfeld A_1.3_2_I (veraltet),9.990172,53.55968,2025-06,1.6414994253381663,2.2836015658982167,0.29013204156574735,0.17962340807875615,True
5825,Zählfeld A_1.3_2_I (veraltet),9.990172,53.55968,2025-07,1.600464413607878,1.9226897241173686,0.29459747562916155,0.1531925412102767,True
5825,Zählfeld A_1.3_2_I (veraltet),9.990172,53.55968,2025-08,1.6605785368743213,2.10069374913782,0.2904607308143953,0.18479312012157215,True
5825,Zählfeld A_1.3_2_I (veraltet),9.990172,53.55968,2025-09,1.5036162923486867,2.064139051544593,0.28386123138283537,0.14978171430624673,True
5825,Zählfeld A_1.3_2_I (veraltet),9.990172,53.55968,2025-10,1.713580856050327,2.7499874061760115,0.30988177559669866,0.1476020521971894,True
5825,Zählfeld A_1.3_2_I (veraltet),9.990172,53.55968,2025-11,2.1723470754576577,2.889341536415032,0.35803468491672186,0.14752127946623494,True
5825,Zählfeld A_1.3_2_I (veraltet),9.990172,53.55968,2025-12,1.9168218497827436,3.2481418832333793,0.34000385367062125,0.12785928596988633,True
5825,Zählfeld A_1.3_2_I (veraltet),9.990172,53.55968,2026-01,2.352547466193143,2.775546630968318,0.3751551983271254,0.14644187414232504,True
5825,Zählfeld A_1.3_2_I (veraltet),9.990172,53.55968,2026-02,2.251410153102337,2.3505861136158703,0.3663781799108314,0.14542355100970364,True
5826,Zählfeld D_40.4_1_G (veraltet),10.042236,53.598213,2025-01,,,0.25,0.21428571428571427,False
5826,Zählfeld D_40.4_1_G (veraltet),10.042236,53.598213,2025-02,,,0.13333333333333333,0.3333333333333333,False
5826,Zählfeld D_40.4_1_G (veraltet),10.042236,53.598213,2025-03,1.6956521739130435,0.6857142857142856,0.21311475409836064,0.4098360655737705,True
5826,Zählfeld D_40.4_1_G (veraltet),10.042236,53.598213,2025-04,1.772727272727273,1.1666666666666667,0.26,0.3,True
5826,Zählfeld D_40.4_1_G (veraltet),10.042236,53.598213,2025-05,1.3846153846153848,1.3933333333333333,0.22641509433962265,0.2830188679245283,True
5826,Zählfeld D_40.4_1_G (veraltet),10.042236,53.598213,2025-06,2.2258064516129035,2.25,0.3484848484848485,0.18181818181818182,True
5826,Zählfeld D_40.4_1_G (veraltet),10.042236,53.598213,2025-07,,,0.3793103448275862,0.13793103448275862,False
5826,Zählfeld D_40.4_1_G (veraltet),10.042236,53.598213,2025-08,,,0.16981132075471697,0.32075471698113206,False
5826,Zählfeld D_40.4_1_G (veraltet),10.042236,53.598213,2025-09,3.0000000000000004,0.8128342245989305,0.34545454545454546,0.3090909090909091,True
5826,Zählfeld D_40.4_1_G (veraltet),10.042236,53.598213,2025-10,,,0.37037037037037035,0.2222222222222222,False
5826,Zählfeld D_40.4_1_G (veraltet),10.042236,53.598213,2025-11,1.8947368421052633,1.1071428571428572,0.26666666666666666,0.3111111111111111,True
5826,Zählfeld D_40.4_1_G (veraltet),10.042236,53.598213,2025-12,1.65,1.1355311355311355,0.25,0.29545454545454547,True
5826,Zählfeld D_40.4_1_G (veraltet),10.042236,53.598213,2026-01,,,0.21052631578947367,0.3684210526315789,False
5826,Zählfeld D_40.4_1_G (veraltet),10.042236,53.598213,2026-02,,,0.37037037037037035,0.2222222222222222,False
5827,Zählfeld D_40.4_2_I (veraltet),10.042236,53.598213,2025-01,1.89766081871345,1.981571060518429,0.32115993665874903,0.17112034837688045,True
5827,Zählfeld D_40.4_2_I (veraltet),10.042236,53.598213,2025-02,2.0953961012028204,1.47103726986978,0.32331765383507727,0.213785158874916,True
5827,Zählfeld D_40.4_2_I (veraltet),10.042236,53.598213,2025-03,1.9460935312237468,1.4070621975264384,0.2939720812182741,0.2528553299492386,True
5827,Zählfeld D_40.4_2_I (veraltet),10.042236,53.598213,2025-04,1.584966270478638,1.6360614397065565,0.2647705929702173,0.23407566407298094,True
5827,Zählfeld D_40.4_2_I (veraltet),10.042236,53.598213,2025-05,1.5129337539432177,1.4080708661417323,0.2410777118729265,0.2808887101638685,True
5827,Zählfeld D_40.4_2_I (veraltet),10.042236,53.598213,2025-06,1.5141094366339638,1.524282786885246,0.252568709824366,0.24700106291441007,True
5827,Zählfeld D_40.4_2_I (veraltet),10.042236,53.598213,2025-07,1.548021035150844,1.3788849845282425,0.27180832968848717,0.20143849929532973,True
5827,Zählfeld D_40.4_2_I (veraltet),10.042236,53.598213,2025-08,1.5550581915846016,1.3467799571190342,0.2522143168288079,0.26121678524756786,True
5827,Zählfeld D_40.4_2_I (veraltet),10.042236,53.598213,2025-09,1.5306002928257687,1.316065922381712,0.26469843520534764,0.2164885805438801,True
5827,Zählfeld D_40.4_2_I (veraltet),10.042236,53.598213,2025-10,1.5128746863858444,1.7254331758148553,0.262727022564667,0.2162905888827738,True
5827,Zählfeld D_40.4_2_I (veraltet),10.042236,53.598213,2025-11,2.001361470388019,1.6261620185922976,0.3060587133041849,0.23516552154903186,True
5827,Zählfeld D_40.4_2_I (veraltet),10.042236,53.598213,2025-12,1.7154362416107383,1.8822583885875026,0.2903390696881922,0.2019083319134435,True
5827,Zählfeld D_40.4_2_I (veraltet),10.042236,53.598213,2026-01,1.8129338691998538,1.7439135787759639,0.2958855098389982,0.21449016100178891,True
5827,Zählfeld D_40.4_2_I (veraltet),10.042236,53.598213,2026-02,1.908647329899702,1.5516709511568123,0.30914120126448896,0.20495258166491043,True
5828,Zählfeld A_25.2_1_G (veraltet),9.996308,53.558098,2025-01,2.212121212121212,1.8041958041958042,0.3459715639810427,0.1848341232227488,True
5828,Zählfeld A_25.2_1_G (veraltet),9.996308,53.558098,2025-02,2.0833333333333335,1.525,0.3246753246753247,0.2077922077922078,True
5828,Zählfeld A_25.2_1_G (veraltet),9.996308,53.558098,2025-03,1.8250000000000002,0.9882232462877625,0.25524475524475526,0.32517482517482516,True
5828,Zählfeld A_25.2_1_G (veraltet),9.996308,53.558098,2025-04,1.5279503105590062,0.43862815884476536,0.1576923076923077,0.5326923076923077,True
5828,Zählfeld A_25.2_1_G (veraltet),9.996308,53.558098,2025-05,1.86144578313253,0.9021341463414634,0.23787528868360278,0.3787528868360277,True
5828,Zählfeld A_25.2_1_G (veraltet),9.996308,53.558098,2025-06,1.2838427947598254,0.43716577540106955,0.1398002853067047,0.5335235378031383,True
5828,Zählfeld A_25.2_1_G (veraltet),9.996308,53.558098,2025-07,1.4548494983277591,1.0650674662668664,0.2461799660441426,0.2461799660441426,True
5828,Zählfeld A_25.2_1_G (veraltet),9.996308,53.558098,2025-08,1.4210526315789473,0.31139419674451524,0.12708600770218229,0.6046213093709885,True
5828,Zählfeld A_25.2_1_G (veraltet),9.996308,53.558098,2025-09,1.519650655021834,0.755750273822563,0.22700587084148727,0.324853228962818,True
5828,Zählfeld A_25.2_1_G (veraltet),9.996308,53.558098,2025-10,1.601123595505618,1.287128712871287,0.2540106951871658,0.2700534759358289,True
5828,Zählfeld A_25.2_1_G (veraltet),9.996308,53.558098,2025-11,1.2926829268292683,0.9565217391304347,0.19776119402985073,0.34328358208955223,True
5828,Zählfeld A_25.2_1_G (veraltet),9.996308,53.558098,2025-12,0.9609375000000001,1.018685955394816,0.16532258064516128,0.3185483870967742,True
5828,Zählfeld A_25.2_1_G (veraltet),9.996308,53.558098,2026-01,1.65,1.4401858304297328,0.26666666666666666,0.24848484848484848,True
5828,Zählfeld A_25.2_1_G (veraltet),9.996308,53.558098,2026-02,1.6486486486486485,1.250909090909091,0.2687224669603524,0.2422907488986784,True
5829,Zählfeld A_25.2_2_I (veraltet),9.996308,53.558098,2025-01,3.5510323334631866,3.253861782063272,0.481518164890456,0.11168337229111366,True
5829,Zählfeld A_25.2_2_I (veraltet),9.996308,53.558098,2025-02,3.5850806026762196,2.265072030443055,0.4627121409921671,0.15008975195822455,True
5829,Zählfeld A_25.2_2_I (veraltet),9.996308,53.558098,2025-03,3.2104577167829484,2.202778661575989,0.4250563371703514,0.1777513855898654,True
5829,Zählfeld A_25.2_2_I (veraltet),9.996308,53.558098,2025-04,1.9700904121110179,2.3208394698085417,0.3261283838462944,0.1772521993369358,True
5829,Zählfeld A_25.2_2_I (veraltet),9.996308,53.558098,2025-05,1.9316378301027708,1.4874424826110217,0.2859495060373216,0.2699462707262118,True
5829,Zählfeld A_25.2_2_I (veraltet),9.996308,53.558098,2025-06,1.9916341613631698,1.758080260303688,0.3106462691226975,0.22142702754629073,True
5829,Zählfeld A_25.2_2_I (veraltet),9.996308,53.558098,2025-07,2.000857338820302,1.4670061932157565,0.323420177383592,0.19165742793791574,True
5829,Zählfeld A_25.2_2_I (veraltet),9.996308,53.558098,2025-08,1.7620282498344737,1.774090107423441,0.29171576553122686,0.21161382258639116,True
5829,Zählfeld A_25.2_2_I (veraltet),9.996308,53.558098,2025-09,2.0783233132932533,1.6531347259408256,0.3354628281848078,0.18030621596851582,True
5829,Zählfeld A_25.2_2_I (veraltet),9.996308,53.558098,2025-10,2.2090106233201072,2.6732878129526174,0.35995620209604257,0.15119662130455186,True
5829,Zählfeld A_25.2_2_I (veraltet),9.996308,53.558098,2025-11,3.2322352941176473,2.663080635431329,0.4366497139224412,0.15807374443738081,True
5829,Zählfeld A_25.2_2_I (veraltet),9.996308,53.558098,2025-12,2.8100607111882043,2.7741542742847205,0.41279669762641896,0.14650460574093185,True
5829,Zählfeld A_25.2_2_I (veraltet),9.996308,53.558098,2026-01,3.1455223880597014,2.5251623376623376,0.43063193004597494,0.15865861354007033,True
5829,Zählfeld A_25.2_2_I (veraltet),9.996308,53.558098,2026-02,3.277362338545207,2.066927811975378,0.4374376190908266,0.16214499591688594,True
5830,Zählfeld D_40.5_1_I (veraltet),10.042127,53.59801,2025-01,2.267175572519084,2.0454545454545454,0.358695652173913,0.16666666666666666,True
5830,Zählfeld D_40.5_1_I (veraltet),10.042127,53.59801,2025-02,2.23145212428662,1.5413358243811304,0.33865845443171977,0.20604369165624098,True
5830,Zählfeld D_40.5_1_I (veraltet),10.042127,53.59801,2025-03,2.2312472259209946,1.547816037611956,0.32617440955099924,0.23527121723332467,True
5830,Zählfeld D_40.5_1_I (veraltet),10.042127,53.59801,2025-04,1.593587521663778,1.8787878787878787,0.27399709464744665,0.21019108280254778,True
5830,Zählfeld D_40.5_1_I (veraltet),10.042127,53.59801,2025-05,1.5586519766688272,1.5339809674861222,0.2516743407283382,0.26391795730431145,True
5830,Zählfeld D_40.5_1_I (veraltet),10.042127,53.59801,2025-06,1.5372689938398356,1.706556997219648,0.2620360161705255,0.22659736441434347,True
5830,Zählfeld D_40.5_1_I (veraltet),10.042127,53.59801,2025-07,1.608679245283019,1.5184986595174264,0.2840011991605876,0.18636954132107525,True
5830,Zählfeld D_40.5_1_I (veraltet),10.042127,53.59801,2025-08,1.5168130869433505,1.457905544147844,0.2531344792719919,0.2462082912032356,True
5830,Zählfeld D_40.5_1_I (veraltet),10.042127,53.59801,2025-09,1.5567883211678832,1.4393286145758883,0.27273657289002556,0.20168797953964193,True
5830,Zählfeld D_40.5_1_I (veraltet),10.042127,53.59801,2025-10,1.6423213580734308,1.8765160219583812,0.2821678084514685,0.2024011395238418,True
5830,Zählfeld D_40.5_1_I (veraltet),10.042127,53.59801,2025-11,2.1657996308105387,1.812897526501767,0.32862271789779235,0.21617905431212284,True
5830,Zählfeld D_40.5_1_I (veraltet),10.042127,53.59801,2025-12,1.8824948311509304,2.0399524889320806,0.3125911938889366,0.189254141275427,True
5830,Zählfeld D_40.5_1_I (veraltet),10.042127,53.59801,2026-01,2.0910224438902745,1.8552344601962925,0.32683687390372246,0.2042486844669655,True
5830,Zählfeld D_40.5_1_I (veraltet),10.042127,53.59801,2026-02,2.1096374889478335,1.5832876712328765,0.32960353640005524,0.20168531565133305,True
5831,Zählfeld D_40.5_2_G (veraltet),10.042127,53.59801,2025-01,1.6153846153846154,1.5340909090909092,0.27631578947368424,0.21052631578947367,True
5831,Zählfeld D_40.5_2_G (veraltet),10.042127,53.59801,2025-02,1.263157894736842,1.35,0.22857142857142856,0.22857142857142856,True
5831,Zählfeld D_40.5_2_G (veraltet),10.042127,53.59801,2025-03,1.4651162790697674,1.3852813852813852,0.2441860465116279,0.2558139534883721,True
5831,Zählfeld D_40.5_2_G (veraltet),10.042127,53.59801,2025-04,1.9090909090909092,1.1739130434782608,0.2727272727272727,0.2987012987012987,True
5831,Zählfeld D_40.5_2_G (veraltet),10.042127,53.59801,2025-05,1.5681818181818183,1.6021739130434782,0.25555555555555554,0.25555555555555554,True
5831,Zählfeld D_40.5_2_G (veraltet),10.042127,53.59801,2025-06,1.0465116279069766,1.8125,0.20270270270270271,0.21621621621621623,True
5831,Zählfeld D_40.5_2_G (veraltet),10.042127,53.59801,2025-07,2.052631578947368,0.8561872909698998,0.28888888888888886,0.28888888888888886,True
5831,Zählfeld D_40.5_2_G (veraltet),10.042127,53.59801,2025-08,1.6304347826086956,2.113095238095238,0.28735632183908044,0.1839080459770115,True
5831,Zählfeld D_40.5_2_G (veraltet),10.042127,53.59801,2025-09,0.7627118644067797,1.2813852813852813,0.15789473684210525,0.22105263157894736,True
5831,Zählfeld D_40.5_2_G (veraltet),10.042127,53.59801,2025-10,1.6363636363636365,1.2142857142857144,0.2535211267605634,0.28169014084507044,True
5831,Zählfeld D_40.5_2_G (veraltet),10.042127,53.59801,2025-11,1.0769230769230769,2.65,0.2222222222222222,0.15873015873015872,True
5831,Zählfeld D_40.5_2_G (veraltet),10.042127,53.59801,2025-12,1.125,1.4550264550264551,0.2054794520547945,0.2465753424657534,True
5831,Zählfeld D_40.5_2_G (veraltet),10.042127,53.59801,2026-01,,,0.20454545454545456,0.3409090909090909,False
5831,Zählfeld D_40.5_2_G (veraltet),10.042127,53.59801,2026-02,2.1818181818181817,1.1692307692307693,0.3137254901960784,0.2549019607843137,True
5833,Zählfeld D_6.2_2_G (veraltet),9.966496,53.5413,2025-01,,,0.2222222222222222,0.4166666666666667,False
5833,Zählfeld D_6.2_2_G (veraltet),9.966496,53.5413,2025-02,,,0.11904761904761904,0.2619047619047619,False
5833,Zählfeld D_6.2_2_G (veraltet),9.966496,53.5413,2025-03,,,0.20930232558139536,0.46511627906976744,False
5834,Zählfeld A_43.1_1_G (veraltet),10.064118,53.57115,2025-01,1.0390879478827362,1.9738238415281217,0.21309285237140949,0.17167668670674682,True
5834,Zählfeld A_43.1_1_G (veraltet),10.064118,53.57115,2025-02,1.2335526315789473,1.8190812720848057,0.23885350318471338,0.18025477707006368,True
5834,Zählfeld A_43.1_1_G (veraltet),10.064118,53.57115,2025-03,1.3009615384615385,2.125748502994012,0.24712328767123287,0.18301369863013697,True
5834,Zählfeld A_43.1_1_G (veraltet),10.064118,53.57115,2025-04,1.576544315129812,2.078048780487805,0.27767265846736044,0.19394512771996217,True
5834,Zählfeld A_43.1_1_G (veraltet),10.064118,53.57115,2025-05,1.4316109422492402,1.9985046728971962,0.25332795482049214,0.21581282775312627,True
5834,Zählfeld A_43.1_1_G (veraltet),10.064118,53.57115,2025-06,1.6133440514469453,1.9401622718052738,0.27805486284289277,0.20490440565253532,True
5834,Zählfeld A_43.1_1_G (veraltet),10.064118,53.57115,2025-07,1.4187725631768955,1.851039697542533,0.2702888583218707,0.15818431911966988,True
5834,Zählfeld A_43.1_1_G (veraltet),10.064118,53.57115,2025-08,1.3645320197044335,1.3970356354462314,0.23316498316498316,0.2542087542087542,True
5834,Zählfeld A_43.1_1_G (veraltet),10.064118,53.57115,2025-09,1.364169381107492,1.4630630630630632,0.2503586800573888,0.1990674318507891,True
5834,Zählfeld A_43.1_1_G (veraltet),10.064118,53.57115,2025-10,1.1865671641791045,2.248677248677249,0.23389232127096204,0.17475728155339806,True
5834,Zählfeld A_43.1_1_G (veraltet),10.064118,53.57115,2025-11,1.442361761949391,1.4849624060150375,0.24289772727272727,0.2518939393939394,True
5834,Zählfeld A_43.1_1_G (veraltet),10.064118,53.57115,2025-12,1.1495098039215685,2.323315493344312,0.2299019607843137,0.17009803921568628,True
5834,Zählfeld A_43.1_1_G (veraltet),10.064118,53.57115,2026-01,1.0671641791044775,1.6119491274770779,0.20254957507082152,0.22804532577903683,True
5834,Zählfeld A_43.1_1_G (veraltet),10.064118,53.57115,2026-02,1.3417533432392272,1.2329113924050634,0.23333333333333334,0.24496124031007752,True
5835,Zählfeld A_43.1_2_I (veraltet),10.064118,53.57115,2025-01,1.896902340978955,2.3700835463319727,0.3303477670022855,0.14719871517697203,True
5835,Zählfeld A_43.1_2_I (veraltet),10.064118,53.57115,2025-02,1.9280224472367937,1.810420168067227,0.32043795620437954,0.1809610705596107,True
5835,Zählfeld A_43.1_2_I (veraltet),10.064118,53.57115,2025-03,1.898944732605974,1.8829012765781927,0.30938019057609933,0.2018533088556692,True
5835,Zählfeld A_43.1_2_I (veraltet),10.064118,53.57115,2025-04,1.3420902703044884,2.2727634194831015,0.25335197533519754,0.1803255180325518,True
5835,Zählfeld A_43.1_2_I (veraltet),10.064118,53.57115,2025-05,1.3649668271107063,1.8302514132698602,0.24045237358633254,0.23106802791241277,True
5835,Zählfeld A_43.1_2_I (veraltet),10.064118,53.57115,2025-06,1.3882433356117567,1.9519071310116085,0.2518430842069665,0.203922894825837,True
5835,Zählfeld A_43.1_2_I (veraltet),10.064118,53.57115,2025-07,1.3554499623341254,1.6726362346657764,0.2576328310864393,0.17215173143008194,True
5835,Zählfeld A_43.1_2_I (veraltet),10.064118,53.57115,2025-08,1.3722785565165523,1.713566870046988,0.24560630929981184,0.217462668641659,True
5835,Zählfeld A_43.1_2_I (veraltet),10.064118,53.57115,2025-09,1.3057547664859193,1.5936038325214044,0.24691562200244765,0.1857903615254854,True
5835,Zählfeld A_43.1_2_I (veraltet),10.064118,53.57115,2025-10,1.3392318986167993,2.233358389710181,0.2543925315954027,0.17574529922057333,True
5835,Zählfeld A_43.1_2_I (veraltet),10.064118,53.57115,2025-11,1.8456796164008218,1.9829408938010575,0.30419005225469326,0.2013741048964583,True
5835,Zählfeld A_43.1_2_I (veraltet),10.064118,53.57115,2025-12,1.5694727643460529,2.3572104764910065,0.28574459058124735,0.16806321595248197,True
5835,Zählfeld A_43.1_2_I (veraltet),10.064118,53.57115,2026-01,1.7928452579034944,1.9850458273034248,0.30169396612067756,0.19347613047739046,True
5835,Zählfeld A_43.1_2_I (veraltet),10.064118,53.57115,2026-02,1.9039478322171308,1.613745106568073,0.3111283912217038,0.19863487126317608,True
5836,Zählfeld A_43.2_1_I (veraltet),10.065,53.57146,2025-01,1.789922480620155,1.8604804175216345,0.30632821828151946,0.18025029850086233,True
5836,Zählfeld A_43.2_1_I (veraltet),10.065,53.57146,2025-02,1.805484268859201,1.4985559547225427,0.2940937598700537,0.22009655732527186,True
5836,Zählfeld A_43.2_1_I (veraltet),10.065,53.57146,2025-03,1.809932785660941,1.560765782139828,0.28832312176551067,0.23377550413419784,True
5836,Zählfeld A_43.2_1_I (veraltet),10.065,53.57146,2025-04,1.4432127759511508,1.9553516061019471,0.2586690238666498,0.20363682283116555,True
5836,Zählfeld A_43.2_1_I (veraltet),10.065,53.57146,2025-05,1.4663556967050417,1.6652639015036836,0.24679912805993334,0.24827741725338878,True
5836,Zählfeld A_43.2_1_I (veraltet),10.065,53.57146,2025-06,1.4824744267222572,1.7549254071290286,0.25739249008863413,0.22173682482765586,True
5836,Zählfeld A_43.2_1_I (veraltet),10.065,53.57146,2025-07,1.549327892462794,1.6731405870668727,0.2819482363219395,0.17210876924757015,True
5836,Zählfeld A_43.2_1_I (veraltet),10.065,53.57146,2025-08,1.501299056474771,1.4064816595099232,0.24916596691101378,0.252933300047659,True
5836,Zählfeld A_43.2_1_I (veraltet),10.065,53.57146,2025-09,1.518306585006035,1.4303454863875178,0.2679209560998698,0.20269790557330494,True
5836,Zählfeld A_43.2_1_I (veraltet),10.065,53.57146,2025-10,1.4943739953563138,1.7250208224079957,0.2605689727659177,0.21633110664735833,True
5836,Zählfeld A_43.2_1_I (veraltet),10.065,53.57146,2025-11,1.6771331058020478,1.4619604974396485,0.2671979865771812,0.25484712900820283,True
5836,Zählfeld A_43.2_1_I (veraltet),10.065,53.57146,2025-12,1.4982093663911844,1.7132259976812143,0.26062682704749124,0.2174965256146068,True
5836,Zählfeld A_43.2_1_I (veraltet),10.065,53.57146,2026-01,1.503916449086162,1.311557674323122,0.24497086717985794,0.2663632883936546,True
5836,Zählfeld A_43.2_1_I (veraltet),10.065,53.57146,2026-02,1.575,1.3141567624492252,0.26392838335966295,0.23335088643145516,True
5837,Zählfeld A_43.2_2_G (veraltet),10.065,53.57146,2025-01,1.3900709219858156,1.3771707558247328,0.24412268410400126,0.2290207068348124,True
5837,Zählfeld A_43.2_2_G (veraltet),10.065,53.57146,2025-02,1.4188011037564963,0.941435982276257,0.22243946458114003,0.30997142427432695,True
5837,Zählfeld A_43.2_2_G (veraltet),10.065,53.57146,2025-03,1.429490022172949,1.2435107376283847,0.2333586708654577,0.2769030296449126,True
5837,Zählfeld A_43.2_2_G (veraltet),10.065,53.57146,2025-04,1.4702194357366773,1.4118811881188118,0.2428793371310202,0.2615225271879855,True
5837,Zählfeld A_43.2_2_G (veraltet),10.065,53.57146,2025-05,1.3975638977635783,1.381776180698152,0.22732144597096365,0.28471207249342295,True
5837,Zählfeld A_43.2_2_G (veraltet),10.065,53.57146,2025-06,1.4635562244678566,1.3817891373801916,0.24076825127334464,0.26570458404074704,True
5837,Zählfeld A_43.2_2_G (veraltet),10.065,53.57146,2025-07,1.4206951658010387,1.5607038329983427,0.2628039317123642,0.18224817086689823,True
5837,Zählfeld A_43.2_2_G (veraltet),10.065,53.57146,2025-08,1.475600656618415,1.177461338233042,0.23475783475783477,0.287962962962963,True
5837,Zählfeld A_43.2_2_G (veraltet),10.065,53.57146,2025-09,1.4199431152752218,1.0936413313462494,0.24109425600818135,0.24953127663200955,True
5837,Zählfeld A_43.2_2_G (veraltet),10.065,53.57146,2025-10,1.3876811594202898,1.4496396849338027,0.2380656389855793,0.2472650422675286,True
5837,Zählfeld A_43.2_2_G (veraltet),10.065,53.57146,2025-11,1.4437814070351758,1.237016961007169,0.2313770887859875,0.28784980873766863,True
5837,Zählfeld A_43.2_2_G (veraltet),10.065,53.57146,2025-12,1.3373171601855154,1.4498586812636398,0.2320980774589022,0.24723692764929878,True
5837,Zählfeld A_43.2_2_G (veraltet),10.065,53.57146,2026-01,1.2728663199755277,1.1815309657036275,0.21232300038270188,0.287256027554535,True
5837,Zählfeld A_43.2_2_G (veraltet),10.065,53.57146,2026-02,1.3487462928012943,1.1292202677868206,0.22902073890949046,0.261571212745502,True
5838,Zählfeld G_46.4_1_I (veraltet),10.094027,53.656773,2025-01,2.2590108968985754,2.5821291384671667,0.37080352228948815,0.1367638965327463,True
5838,Zählfeld G_46.4_1_I (veraltet),10.094027,53.656773,2025-02,2.3447223917022577,1.865814696485623,0.36125211505922167,0.17653694303440495,True
5838,Zählfeld G_46.4_1_I (veraltet),10.094027,53.656773,2025-03,2.045961002785515,1.6848028273809523,0.3161179255433613,0.22035721971164193,True
5838,Zählfeld G_46.4_1_I (veraltet),10.094027,53.656773,2025-04,1.463402571711177,2.092996289424861,0.2646453805563009,0.19282711743135678,True
5838,Zählfeld G_46.4_1_I (veraltet),10.094027,53.656773,2025-05,1.498769987699877,1.5777450980392158,0.24703497212366954,0.2584896097313735,True
5838,Zählfeld G_46.4_1_I (veraltet),10.094027,53.656773,2025-06,1.3787128712871286,1.9031737493275955,0.2493564633463906,0.2080581980973699,True
5838,Zählfeld G_46.4_1_I (veraltet),10.094027,53.656773,2025-07,1.594355417364267,1.6546288519930228,0.28674667699057943,0.1736998322364176,True
5838,Zählfeld G_46.4_1_I (veraltet),10.094027,53.656773,2025-08,1.6900452488687783,1.9586167800453516,0.28987194412107103,0.19557625145518046,True
5838,Zählfeld G_46.4_1_I (veraltet),10.094027,53.656773,2025-09,1.8396475770925111,1.6576386269332328,0.31173484622275305,0.17990444908928038,True
5838,Zählfeld G_46.4_1_I (veraltet),10.094027,53.656773,2025-10,1.680396347386827,2.217986962766545,0.29557104777527166,0.17674800082017633,True
5838,Zählfeld G_46.4_1_I (veraltet),10.094027,53.656773,2025-11,2.416308040770102,1.9403602726387534,0.354713216957606,0.20488778054862844,True
5838,Zählfeld G_46.4_1_I (veraltet),10.094027,53.656773,2025-12,2.061025029797378,2.4670571010248903,0.34134786213431245,0.1617908326424257,True
5838,Zählfeld G_46.4_1_I (veraltet),10.094027,53.656773,2026-01,2.5006009615384617,1.9041378019097548,0.3636601992658626,0.20005243838489775,True
5838,Zählfeld G_46.4_1_I (veraltet),10.094027,53.656773,2026-02,2.8570131638674536,2.2938666666666667,0.4153632943971491,0.14848544842605424,True
5839,Zählfeld G_46.4_2_G (veraltet),10.094027,53.656773,2025-01,1.097560975609756,2.2170087976539588,0.22613065326633167,0.15577889447236182,True
5839,Zählfeld G_46.4_2_G (veraltet),10.094027,53.656773,2025-02,2.011764705882353,2.184615384615385,0.3392857142857143,0.15476190476190477,True
5839,Zählfeld G_46.4_2_G (veraltet),10.094027,53.656773,2025-03,1.9541284403669723,1.5037593984962407,0.29957805907172996,0.24050632911392406,True
5839,Zählfeld G_46.4_2_G (veraltet),10.094027,53.656773,2025-04,1.4464285714285714,2.075,0.2621359223300971,0.1941747572815534,True
5839,Zählfeld G_46.4_2_G (veraltet),10.094027,53.656773,2025-05,1.2529411764705882,1.5594117647058823,0.21779141104294478,0.2607361963190184,True
5839,Zählfeld G_46.4_2_G (veraltet),10.094027,53.656773,2025-06,1.136094674556213,1.2802197802197803,0.19753086419753085,0.2808641975308642,True
5839,Zählfeld G_46.4_2_G (veraltet),10.094027,53.656773,2025-07,1.3214285714285714,1.3360938578329882,0.24262295081967214,0.20655737704918034,True
5839,Zählfeld G_46.4_2_G (veraltet),10.094027,53.656773,2025-08,1.7926829268292683,1.521486643437863,0.28488372093023256,0.23837209302325582,True
5839,Zählfeld G_46.4_2_G (veraltet),10.094027,53.656773,2025-09,1.526315789473684,1.9545454545454546,0.28431372549019607,0.1568627450980392,True
5839,Zählfeld G_46.4_2_G (veraltet),10.094027,53.656773,2025-10,1.5813953488372092,1.8394024276377219,0.27419354838709675,0.2056451612903226,True
5839,Zählfeld G_46.4_2_G (veraltet),10.094027,53.656773,2025-11,1.9777777777777779,2.382978723404255,0.3284132841328413,0.17343173431734318,True
5839,Zählfeld G_46.4_2_G (veraltet),10.094027,53.656773,2025-12,1.263157894736842,2.073732718894009,0.24096385542168675,0.18674698795180722,True
5839,Zählfeld G_46.4_2_G (veraltet),10.094027,53.656773,2026-01,1.1176470588235294,2.2222222222222223,0.2235294117647059,0.17647058823529413,True
5839,Zählfeld G_46.4_2_G (veraltet),10.094027,53.656773,2026-02,1.7205882352941178,1.712,0.29545454545454547,0.1893939393939394,True
5840,Zählfeld B_33.1_1_I (veraltet),9.891808,53.602936,2025-01,1.7938958586267368,2.4671747668388524,0.32743593079224664,0.1215038376479771,True
5840,Zählfeld B_33.1_1_I (veraltet),9.891808,53.602936,2025-02,1.768190598840953,2.1370851370851374,0.3123649186668183,0.1576612444545558,True
5840,Zählfeld B_33.1_1_I (veraltet),9.891808,53.602936,2025-03,1.6403743315508021,1.607446771560557,0.27271211868644774,0.2285380896816136,True
5840,Zählfeld B_33.1_1_I (veraltet),9.891808,53.602936,2025-04,0.9698885555079297,1.9714240102171134,0.19488405141786705,0.20231251211162068,True
5840,Zählfeld B_33.1_1_I (veraltet),9.891808,53.602936,2025-05,1.2497824194952132,1.587576354679803,0.21841411478401948,0.2573007503548976,True
5840,Zählfeld B_33.1_1_I (veraltet),9.891808,53.602936,2025-06,1.388124199743918,1.8719786972552235,0.2496545768566494,0.2107944732297064,True
5840,Zählfeld B_33.1_1_I (veraltet),9.891808,53.602936,2025-07,1.3796549245147376,1.5395170766839772,0.25695922876079536,0.18429403494677646,True
5840,Zählfeld B_33.1_1_I (veraltet),9.891808,53.602936,2025-08,1.1079053664166185,1.4428601830176635,0.2027776310925701,0.24813856471457993,True
5840,Zählfeld B_33.1_1_I (veraltet),9.891808,53.602936,2025-09,1.0706206053194742,1.875946602796661,0.22030699547055863,0.16236789129340715,True
5840,Zählfeld B_33.1_1_I (veraltet),9.891808,53.602936,2025-10,1.239915074309979,2.6221113445378155,0.24749258369826246,0.1536940245797429,True
5840,Zählfeld B_33.1_1_I (veraltet),9.891808,53.602936,2025-11,1.6893716970052848,2.2128013300083125,0.29385628925999696,0.18431132220009191,True
5840,Zählfeld B_33.1_1_I (veraltet),9.891808,53.602936,2025-12,1.5964456869009587,2.3896726774424617,0.2896109541404043,0.16615953053683982,True
5840,Zählfeld B_33.1_1_I (veraltet),9.891808,53.602936,2026-01,1.702838063439065,1.3334280034081227,0.2668061731624379,0.26314412764844364,True
5840,Zählfeld B_33.1_1_I (veraltet),9.891808,53.602936,2026-02,1.7879075656853434,1.7057634692530341,0.30762869547240024,0.17324788091792434,True
5842,Zählfeld D_44.3_1_I (veraltet),10.146805,53.595016,2025-01,2.1273920174958993,2.9739957716701904,0.36473565804274466,0.12092238470191226,True
5842,Zählfeld D_44.3_1_I (veraltet),10.146805,53.595016,2025-02,1.975374732334047,1.9182662538699689,0.328525641025641,0.17254273504273504,True
5842,Zählfeld D_44.3_1_I (veraltet),10.146805,53.595016,2025-03,1.9773706896551726,1.7540062276904382,0.3124467903967308,0.21351949599863784,True
5842,Zählfeld D_44.3_1_I (veraltet),10.146805,53.595016,2025-04,1.337058560572195,2.225739848589126,0.25173589193283674,0.18343643479358668,True
5842,Zählfeld D_44.3_1_I (veraltet),10.146805,53.595016,2025-05,1.4287463271302643,1.7581919406150583,0.24573594440934934,0.23828174352495263,True
5842,Zählfeld D_44.3_1_I (veraltet),10.146805,53.595016,2025-06,1.472715173025732,1.9279977051061388,0.26146030245746693,0.20593100189035918,True
5842,Zählfeld D_44.3_1_I (veraltet),10.146805,53.595016,2025-07,1.4644194756554307,1.733555521890623,0.2732036799813672,0.16711307790846627,True
5842,Zählfeld D_44.3_1_I (veraltet),10.146805,53.595016,2025-08,1.3510688836104512,1.6558195031999134,0.24116001017552785,0.2233528364283897,True
5842,Zählfeld D_44.3_1_I (veraltet),10.146805,53.595016,2025-09,1.2913128674069236,1.6590909090909092,0.24681647940074905,0.1797752808988764,True
5842,Zählfeld D_44.3_1_I (veraltet),10.146805,53.595016,2025-10,1.41439205955335,2.4238708358880032,0.2677942212825934,0.164200140944327,True
5842,Zählfeld D_44.3_1_I (veraltet),10.146805,53.595016,2025-11,2.102839931153184,2.4924337957124845,0.34323640960809104,0.16708807416772017,True
5842,Zählfeld D_44.3_1_I (veraltet),10.146805,53.595016,2025-12,1.7156637574644005,2.615608040969197,0.30778739184178,0.15401730531520397,True
5842,Zählfeld D_44.3_1_I (veraltet),10.146805,53.595016,2026-01,2.083532219570406,2.380952380952381,0.3415492957746479,0.16666666666666666,True
5842,Zählfeld D_44.3_1_I (veraltet),10.146805,53.595016,2026-02,1.9545085296506906,2.3234285714285714,0.33655056651279897,0.1468736886277801,True
5843,Zählfeld D_44.3_2_G (veraltet),10.146805,53.595016,2025-01,,,0.43333333333333335,0.16666666666666666,False
5843,Zählfeld D_44.3_2_G (veraltet),10.146805,53.595016,2025-02,,,0.3333333333333333,0.1,False
5843,Zählfeld D_44.3_2_G (veraltet),10.146805,53.595016,2025-03,,,0.16326530612244897,0.3877551020408163,False
5843,Zählfeld D_44.3_2_G (veraltet),10.146805,53.595016,2025-04,1.2127659574468084,1.5714285714285716,0.21839080459770116,0.2413793103448276,True
5843,Zählfeld D_44.3_2_G (veraltet),10.146805,53.595016,2025-05,2.0869565217391304,2.5235294117647062,0.3368421052631579,0.17894736842105263,True
5843,Zählfeld D_44.3_2_G (veraltet),10.146805,53.595016,2025-06,1.4999999999999998,1.8620689655172413,0.26277372262773724,0.2116788321167883,True
5843,Zählfeld D_44.3_2_G (veraltet),10.146805,53.595016,2025-07,1.2083333333333333,1.463768115942029,0.232,0.192,True
5843,Zählfeld D_44.3_2_G (veraltet),10.146805,53.595016,2025-08,1.135135135135135,0.7359307359307359,0.16666666666666666,0.39285714285714285,True
5843,Zählfeld D_44.3_2_G (veraltet),10.146805,53.595016,2025-09,0.96,1.1428571428571428,0.1839080459770115,0.2413793103448276,True
5843,Zählfeld D_44.3_2_G (veraltet),10.146805,53.595016,2025-10,,,0.15,0.2833333333333333,False
5843,Zählfeld D_44.3_2_G (veraltet),10.146805,53.595016,2025-11,3.3529411764705883,1.6363636363636365,0.40425531914893614,0.23404255319148937,True
5843,Zählfeld D_44.3_2_G (veraltet),10.146805,53.595016,2025-12,,,0.2765957446808511,0.19148936170212766,False
5843,Zählfeld D_44.3_2_G (veraltet),10.146805,53.595016,2026-01,,,0.23076923076923078,0.15384615384615385,False
5843,Zählfeld D_44.3_2_G (veraltet),10.146805,53.595016,2026-02,,,0.2916666666666667,0.25,False
5844,Zählfeld D_44.4_1_G (veraltet),10.146732,53.594925,2025-01,1.125,1.26,0.20588235294117646,0.24509803921568626,True
5844,Zählfeld D_44.4_1_G (veraltet),10.146732,53.594925,2025-02,1.7692307692307694,1.377777777777778,0.2875,0.225,True
5844,Zählfeld D_44.4_1_G (veraltet),10.146732,53.594925,2025-03,2.027027027027027,0.6418219461697722,0.23148148148148148,0.42592592592592593,True
5844,Zählfeld D_44.4_1_G (veraltet),10.146732,53.594925,2025-04,1.4415584415584417,1.6764705882352942,0.25,0.22972972972972974,True
5844,Zählfeld D_44.4_1_G (veraltet),10.146732,53.594925,2025-05,1.4754098360655736,1.1916666666666667,0.22556390977443608,0.3157894736842105,True
5844,Zählfeld D_44.4_1_G (veraltet),10.146732,53.594925,2025-06,1.9500000000000002,1.2073170731707317,0.2785714285714286,0.29285714285714287,True
5844,Zählfeld D_44.4_1_G (veraltet),10.146732,53.594925,2025-07,1.6363636363636362,1.2784958871915393,0.2774566473988439,0.2138728323699422,True
5844,Zählfeld D_44.4_1_G (veraltet),10.146732,53.594925,2025-08,1.3636363636363635,1.0158730158730158,0.2127659574468085,0.3191489361702128,True
5844,Zählfeld D_44.4_1_G (veraltet),10.146732,53.594925,2025-09,1.9367088607594936,0.8441558441558441,0.27419354838709675,0.3010752688172043,True
5844,Zählfeld D_44.4_1_G (veraltet),10.146732,53.594925,2025-10,1.9444444444444446,1.246498599439776,0.2845528455284553,0.2764227642276423,True
5844,Zählfeld D_44.4_1_G (veraltet),10.146732,53.594925,2025-11,0.875,1.1923076923076923,0.1590909090909091,0.29545454545454547,True
5844,Zählfeld D_44.4_1_G (veraltet),10.146732,53.594925,2025-12,1.4545454545454546,1.5555555555555556,0.25,0.234375,True
5844,Zählfeld D_44.4_1_G (veraltet),10.146732,53.594925,2026-01,,,0.08,0.56,False
5844,Zählfeld D_44.4_1_G (veraltet),10.146732,53.594925,2026-02,,,0.21951219512195122,0.43902439024390244,False
5845,Zählfeld D_44.4_2_I (veraltet),10.146732,53.594925,2025-01,1.8529037727850783,2.9622218388821806,0.3354823854478471,0.12134469260879577,True
5845,Zählfeld D_44.4_2_I (veraltet),10.146732,53.594925,2025-02,2.0104575163398692,2.046995994659546,0.3356612832824094,0.16346573548668702,True
5845,Zählfeld D_44.4_2_I (veraltet),10.146732,53.594925,2025-03,1.7972819932049833,1.771754815233076,0.29528328216578287,0.21183365894501816,True
5845,Zählfeld D_44.4_2_I (veraltet),10.146732,53.594925,2025-04,1.1818703384968445,2.1250728862973762,0.22878720568636163,0.1904709018214127,True
5845,Zählfeld D_44.4_2_I (veraltet),10.146732,53.594925,2025-05,1.2368529170090388,1.6701634275618373,0.2196082722398512,0.24772951088740564,True
5845,Zählfeld D_44.4_2_I (veraltet),10.146732,53.594925,2025-06,1.3568181818181817,1.8729848558866633,0.24580545548121463,0.21070509521358724,True
5845,Zählfeld D_44.4_2_I (veraltet),10.146732,53.594925,2025-07,1.3005592639364965,1.626736955242214,0.24914463452566096,0.17615344738206323,True
5845,Zählfeld D_44.4_2_I (veraltet),10.146732,53.594925,2025-08,1.2936170212765958,1.60235032555185,0.2322636978825584,0.2290984501200611,True
5845,Zählfeld D_44.4_2_I (veraltet),10.146732,53.594925,2025-09,1.2379664683612763,1.5777710661431592,0.2373988799004356,0.18730553827006846,True
5845,Zählfeld D_44.4_2_I (veraltet),10.146732,53.594925,2025-10,1.364503311258278,2.2780819644931145,0.25858433734939756,0.17289156626506025,True
5845,Zählfeld D_44.4_2_I (veraltet),10.146732,53.594925,2025-11,1.9129979035639413,2.428497409326425,0.322894550601557,0.17073602264685067,True
5845,Zählfeld D_44.4_2_I (veraltet),10.146732,53.594925,2025-12,1.7057241644256627,2.6966514761244302,0.3080766028309742,0.15008326394671107,True
5845,Zählfeld D_44.4_2_I (veraltet),10.146732,53.594925,2026-01,1.7167138810198301,2.0487264673311185,0.2953216374269006,0.18859649122807018,True
5845,Zählfeld D_44.4_2_I (veraltet),10.146732,53.594925,2026-02,1.6315789473684212,2.2376528117359413,0.2988505747126437,0.15164998146088246,True
5846,Zählfeld A_50.4_1_I (veraltet),9.985738,53.456882,2025-01,1.7019801980198022,2.372127872127872,0.30872844827586204,0.1470905172413793,True
5846,Zählfeld A_50.4_1_I (veraltet),9.985738,53.456882,2025-02,1.853305785123967,1.788011417697431,0.31205427030787963,0.18281440250478345,True
5846,Zählfeld A_50.4_1_I (veraltet),9.985738,53.456882,2025-03,1.6059272979856447,1.472770078180526,0.2634757834757835,0.24433048433048432,True
5846,Zählfeld A_50.4_1_I (veraltet),9.985738,53.456882,2025-04,1.5208188757807077,1.7483896940418682,0.26159355416293645,0.22238137869292748,True
5846,Zählfeld A_50.4_1_I (veraltet),9.985738,53.456882,2025-05,1.4403861625100562,1.5066855270994641,0.237636378115792,0.2674205622362029,True
5846,Zählfeld A_50.4_1_I (veraltet),9.985738,53.456882,2025-06,1.4859287054409005,1.5531016563819422,0.2505734398481373,0.24353397136755517,True
5846,Zählfeld A_50.4_1_I (veraltet),9.985738,53.456882,2025-07,1.4165594165594166,1.3282157141014062,0.2541759679778308,0.2075282888153337,True
5846,Zählfeld A_50.4_1_I (veraltet),9.985738,53.456882,2025-08,1.4533941982035046,1.4680355322557157,0.24642348887723767,0.24492547374728485,True
5846,Zählfeld A_50.4_1_I (veraltet),9.985738,53.456882,2025-09,1.309146877748461,1.3340594261597631,0.23873295910184442,0.21419406575781877,True
5846,Zählfeld A_50.4_1_I (veraltet),9.985738,53.456882,2025-10,1.4012925969447707,1.8088959721819762,0.2520342386135475,0.20839057381380113,True
5846,Zählfeld A_50.4_1_I (veraltet),9.985738,53.456882,2025-11,1.6290714632960623,1.672286617492097,0.27091923356779046,0.23017220470531166,True
5846,Zählfeld A_50.4_1_I (veraltet),9.985738,53.456882,2025-12,1.4599514563106797,2.194632555806371,0.26898309632412126,0.1782935336731956,True
5846,Zählfeld A_50.4_1_I (veraltet),9.985738,53.456882,2026-01,1.726655348047538,1.7306975009324876,0.2864788732394366,0.21577464788732395,True
5846,Zählfeld A_50.4_1_I (veraltet),9.985738,53.456882,2026-02,1.5925324675324677,1.4953419226957385,0.2735829324409119,0.21104371470403682,True
5847,Zählfeld A_50.4_2_G (veraltet),9.985738,53.456882,2025-01,1.2736098852603708,2.2082699908786863,0.25143753267119706,0.15629900679560899,True
5847,Zählfeld A_50.4_2_G (veraltet),9.985738,53.456882,2025-02,1.5302197802197803,1.6407960199004976,0.2715748415407119,0.19600195026816186,True
5847,Zählfeld A_50.4_2_G (veraltet),9.985738,53.456882,2025-03,1.4092664092664093,1.3328664799253034,0.23548387096774193,0.2632258064516129,True
5847,Zählfeld A_50.4_2_G (veraltet),9.985738,53.456882,2025-04,1.1472148541114058,1.7787258248009101,0.21592611083374938,0.21942086869695457,True
5847,Zählfeld A_50.4_2_G (veraltet),9.985738,53.456882,2025-05,1.3161512027491407,1.597841171935235,0.22685093780848964,0.256071076011846,True
5847,Zählfeld A_50.4_2_G (veraltet),9.985738,53.456882,2025-06,1.0862430167597765,1.6756872852233677,0.20473840078973346,0.22981243830207304,True
5847,Zählfeld A_50.4_2_G (veraltet),9.985738,53.456882,2025-07,1.1788856304985338,1.3896789922795612,0.2256314312441534,0.20018709073900842,True
5847,Zählfeld A_50.4_2_G (veraltet),9.985738,53.456882,2025-08,1.2819956616052062,1.4124718256949662,0.22390604281113846,0.2521310854328471,True
5847,Zählfeld A_50.4_2_G (veraltet),9.985738,53.456882,2025-09,1.0667330677290836,1.2466223952370048,0.2030716723549488,0.22582480091012513,True
5847,Zählfeld A_50.4_2_G (veraltet),9.985738,53.456882,2025-10,1.2084168336673347,1.7199862401100794,0.22488252405459835,0.21682703065562767,True
5847,Zählfeld A_50.4_2_G (veraltet),9.985738,53.456882,2025-11,1.5672684915550377,1.4506104328523863,0.25519203413940256,0.25633001422475105,True
5847,Zählfeld A_50.4_2_G (veraltet),9.985738,53.456882,2025-12,1.3697104677060132,1.9555954249831802,0.2520750076852136,0.19581924377497695,True
5847,Zählfeld A_50.4_2_G (veraltet),9.985738,53.456882,2026-01,1.4963503649635037,1.4308943089430897,0.2496954933008526,0.2496954933008526,True
5847,Zählfeld A_50.4_2_G (veraltet),9.985738,53.456882,2026-02,1.197056418642682,1.2888888888888888,0.21766280107047278,0.23684210526315788,True
5848,Zählfeld E_24.5_1_G (veraltet),9.812422,53.56373,2025-01,1.842032967032967,2.87833424060969,0.3330849478390462,0.12444113263785395,True
5848,Zählfeld E_24.5_1_G (veraltet),9.812422,53.56373,2025-02,2.229483282674772,2.184761904761905,0.36035372144436256,0.15475313190862197,True
5848,Zählfeld E_24.5_1_G (veraltet),9.812422,53.56373,2025-03,2.217753120665742,1.7061224489795919,0.3322942643391521,0.21820448877805487,True
5848,Zählfeld E_24.5_1_G (veraltet),9.812422,53.56373,2025-04,1.358677685950413,2.165024630541872,0.2532347504621072,0.1876155268022181,True
5848,Zählfeld E_24.5_1_G (veraltet),9.812422,53.56373,2025-05,1.453953488372093,1.7556,0.24856870229007633,0.2385496183206107,True
5848,Zählfeld E_24.5_1_G (veraltet),9.812422,53.56373,2025-06,1.54739336492891,1.9189999999999998,0.26994625878462175,0.20669698222405952,True
5848,Zählfeld E_24.5_1_G (veraltet),9.812422,53.56373,2025-07,1.6261682242990656,1.7270531400966183,0.2925882809468374,0.16763678696158324,True
5848,Zählfeld E_24.5_1_G (veraltet),9.812422,53.56373,2025-08,1.8551532033426184,1.5543071161048687,0.2924901185770751,0.23451910408432147,True
5848,Zählfeld E_24.5_1_G (veraltet),9.812422,53.56373,2025-09,1.451227604512276,1.8648874061718095,0.27282934131736525,0.1631736526946108,True
5848,Zählfeld E_24.5_1_G (veraltet),9.812422,53.56373,2025-10,1.6727078891257998,1.870199692780338,0.28532460447354063,0.20294599018003273,True
5848,Zählfeld E_24.5_1_G (veraltet),9.812422,53.56373,2025-11,2.129251700680272,2.0886426592797784,0.33493846976993047,0.19315141787051898,True
5848,Zählfeld E_24.5_1_G (veraltet),9.812422,53.56373,2025-12,1.7757111597374178,2.3407335907335907,0.3089663049685894,0.1690462592804112,True
5848,Zählfeld E_24.5_1_G (veraltet),9.812422,53.56373,2026-01,2.409266409266409,1.9337474120082816,0.35738831615120276,0.19759450171821305,True
5848,Zählfeld E_24.5_1_G (veraltet),9.812422,53.56373,2026-02,2.2567567567567566,2.074666666666667,0.3599137931034483,0.16163793103448276,True
5849,Zählfeld E_24.5_2_I (veraltet),9.812422,53.56373,2025-01,1.9758128469468677,2.1100212980607553,0.33259911894273125,0.16239487384861834,True
5849,Zählfeld E_24.5_2_I (veraltet),9.812422,53.56373,2025-02,2.01179341195608,1.4239168110918543,0.31337894336754085,0.21930824781451919,True
5849,Zählfeld E_24.5_2_I (veraltet),9.812422,53.56373,2025-03,1.7223837209302324,1.4036861342250564,0.27233866519580807,0.25330943188086047,True
5849,Zählfeld E_24.5_2_I (veraltet),9.812422,53.56373,2025-04,1.2997017020529917,1.6608377389182594,0.23233273736708385,0.2313917380257834,True
5849,Zählfeld E_24.5_2_I (veraltet),9.812422,53.56373,2025-05,1.408385985066054,1.4687717466945025,0.23243909375296237,0.2724428855815717,True
5849,Zählfeld E_24.5_2_I (veraltet),9.812422,53.56373,2025-06,1.4466689678978253,1.4157599736234752,0.2404268135272352,0.26099302985973666,True
5849,Zählfeld E_24.5_2_I (veraltet),9.812422,53.56373,2025-07,1.5906234896085065,1.3188232231189794,0.2741814546363409,0.2086978255436141,True
5849,Zählfeld E_24.5_2_I (veraltet),9.812422,53.56373,2025-08,1.626851409460105,1.2406318459587227,0.25408551600626816,0.277367360644728,True
5849,Zählfeld E_24.5_2_I (veraltet),9.812422,53.56373,2025-09,1.4571847985646715,1.239657049537289,0.25277989983872334,0.2268058738646974,True
5849,Zählfeld E_24.5_2_I (veraltet),9.812422,53.56373,2025-10,1.4612786489746685,1.7135073527367746,0.25631585629046594,0.21746857940840422,True
5849,Zählfeld E_24.5_2_I (veraltet),9.812422,53.56373,2025-11,1.8576954959933685,1.7887667887667889,0.29887970125366764,0.21845825553480927,True
5849,Zählfeld E_24.5_2_I (veraltet),9.812422,53.56373,2025-12,1.5004070556309361,2.1523965268854885,0.27299659309731894,0.18115834691156865,True
5849,Zählfeld E_24.5_2_I (veraltet),9.812422,53.56373,2026-01,2.160965794768612,1.7549261083743841,0.32934682612695493,0.21343146274149033,True
5849,Zählfeld E_24.5_2_I (veraltet),9.812422,53.56373,2026-02,1.9263351749539595,2.118811881188119,0.3289308176100629,0.15880503144654087,True
5850,Zählfeld B_50.3_1_I (veraltet),9.985666,53.45643,2025-01,1.4280951833544087,1.8417697309702918,0.2638924292633189,0.18174866173846546,True
5850,Zählfeld B_50.3_1_I (veraltet),9.985666,53.45643,2025-02,1.5344286059434646,1.5954096270321962,0.2705604191961148,0.20046009329669628,True
5850,Zählfeld B_50.3_1_I (veraltet),9.985666,53.45643,2025-03,1.4972747675537033,1.399732566958049,0.24841746901430928,0.2538432895366775,True
5850,Zählfeld B_50.3_1_I (veraltet),9.985666,53.45643,2025-04,1.3459417542650354,1.729020979020979,0.24023068050749713,0.22431372549019607,True
5850,Zählfeld B_50.3_1_I (veraltet),9.985666,53.45643,2025-05,1.2491483799413767,1.5893728786164538,0.21839940164547494,0.2570846837862545,True
5850,Zählfeld B_50.3_1_I (veraltet),9.985666,53.45643,2025-06,1.290028994845361,1.580188679245283,0.2284259615796004,0.24036281179138322,True
5850,Zählfeld B_50.3_1_I (veraltet),9.985666,53.45643,2025-07,1.2898696866273656,1.4335287084827808,0.2419678714859438,0.19525929806181247,True
5850,Zählfeld B_50.3_1_I (veraltet),9.985666,53.45643,2025-08,1.302673181948836,1.3644899000948005,0.22443420987470905,0.25870351111771406,True
5850,Zählfeld B_50.3_1_I (veraltet),9.985666,53.45643,2025-09,1.2876588021778583,1.3898080741230974,0.23803641687254096,0.20738402415591545,True
5850,Zählfeld B_50.3_1_I (veraltet),9.985666,53.45643,2025-10,1.376013446707534,1.595557141775629,0.2421695552307371,0.22984965546043015,True
5850,Zählfeld B_50.3_1_I (veraltet),9.985666,53.45643,2025-11,1.5648138269497494,1.4559003674969373,0.2551670146137787,0.2556367432150313,True
5850,Zählfeld B_50.3_1_I (veraltet),9.985666,53.45643,2025-12,1.4251092157270648,1.8365126850304985,0.25573972449322435,0.20590211669839847,True
5850,Zählfeld B_50.3_1_I (veraltet),9.985666,53.45643,2026-01,1.4774020756611985,1.6552492341966025,0.25624945562233253,0.22341259472171413,True
5850,Zählfeld B_50.3_1_I (veraltet),9.985666,53.45643,2026-02,1.4814143245693563,1.357967032967033,0.2553523988123144,0.2275355524300672,True
5851,Zählfeld B_50.3_2_G (veraltet),9.985666,53.45643,2025-01,1.6228160328879755,1.6014716354141942,0.2796174960155835,0.20347086948822385,True
5851,Zählfeld B_50.3_2_G (veraltet),9.985666,53.45643,2025-02,1.655995755217545,1.4853999153618282,0.2802118872328964,0.2121565810738014,True
5851,Zählfeld B_50.3_2_G (veraltet),9.985666,53.45643,2025-03,1.5496196709711656,1.1905456262411644,0.2432927845359107,0.2857023829361773,True
5851,Zählfeld B_50.3_2_G (veraltet),9.985666,53.45643,2025-04,1.4371179039301312,1.5339673913043477,0.24426631039857494,0.2458249832999332,True
5851,Zählfeld B_50.3_2_G (veraltet),9.985666,53.45643,2025-05,1.3546527587153447,1.4376668314384577,0.2250034195048557,0.27670633292299274,True
5851,Zählfeld B_50.3_2_G (veraltet),9.985666,53.45643,2025-06,1.318270844991606,1.5311011904761904,0.2301267492123965,0.24617188072386256,True
5851,Zählfeld B_50.3_2_G (veraltet),9.985666,53.45643,2025-07,1.3529328421649194,1.3019323671497585,0.24528011096555444,0.2108345534407028,True
5851,Zählfeld B_50.3_2_G (veraltet),9.985666,53.45643,2025-08,1.3960339943342777,1.1945560636152297,0.22705492075193512,0.2850165868042757,True
5851,Zählfeld B_50.3_2_G (veraltet),9.985666,53.45643,2025-09,1.3767518549051938,1.2296467863346843,0.24276784416339584,0.22823084750690506,True
5851,Zählfeld B_50.3_2_G (veraltet),9.985666,53.45643,2025-10,1.430148170547324,1.4184057276463498,0.24168327456691707,0.2513414073279166,True
5851,Zählfeld B_50.3_2_G (veraltet),9.985666,53.45643,2025-11,1.657514450867052,1.2345505617977528,0.2532940743467059,0.28825910931174087,True
5851,Zählfeld B_50.3_2_G (veraltet),9.985666,53.45643,2025-12,1.4105636928539727,1.8109088258341992,0.25322709163346613,0.20820717131474104,True
5851,Zählfeld B_50.3_2_G (veraltet),9.985666,53.45643,2026-01,1.4927599824484423,1.5855981416957028,0.2555205047318612,0.2309598918431726,True
5851,Zählfeld B_50.3_2_G (veraltet),9.985666,53.45643,2026-02,1.5909090909090908,1.2779032986895618,0.26392330065711517,0.23839276096089626,True
5852,Zählfeld G_46.3_1_G (veraltet),10.0939665,53.656464,2025-01,2.4054054054054053,1.7982017982017982,0.3625254582484725,0.18533604887983707,True
5852,Zählfeld G_46.3_1_G (veraltet),10.0939665,53.656464,2025-02,1.5051194539249149,1.5855855855855856,0.26678765880217786,0.2014519056261343,True
5852,Zählfeld G_46.3_1_G (veraltet),10.0939665,53.656464,2025-03,1.706043956043956,1.590086326928432,0.27897574123989216,0.23045822102425875,True
5852,Zählfeld G_46.3_1_G (veraltet),10.0939665,53.656464,2025-04,1.8366141732283465,1.9593301435406698,0.3025291828793774,0.20330739299610895,True
5852,Zählfeld G_46.3_1_G (veraltet),10.0939665,53.656464,2025-05,1.868181818181818,1.5460629921259843,0.2830578512396694,0.26239669421487605,True
5852,Zählfeld G_46.3_1_G (veraltet),10.0939665,53.656464,2025-06,1.6916835699797161,1.8444976076555024,0.2836734693877551,0.21326530612244898,True
5852,Zählfeld G_46.3_1_G (veraltet),10.0939665,53.656464,2025-07,1.63855421686747,1.4962351226621327,0.28661749209694415,0.1886195995785037,True
5852,Zählfeld G_46.3_1_G (veraltet),10.0939665,53.656464,2025-08,1.7893401015228427,1.475486746422707,0.2824519230769231,0.2439903846153846,True
5852,Zählfeld G_46.3_1_G (veraltet),10.0939665,53.656464,2025-09,1.6814946619217082,1.4562058945620588,0.2874087591240876,0.19981751824817517,True
5852,Zählfeld G_46.3_1_G (veraltet),10.0939665,53.656464,2025-10,1.7866666666666666,1.7355571670292484,0.292896174863388,0.21530054644808744,True
5852,Zählfeld G_46.3_1_G (veraltet),10.0939665,53.656464,2025-11,2.550955414012739,1.6791907514450868,0.3541114058355438,0.22944297082228116,True
5852,Zählfeld G_46.3_1_G (veraltet),10.0939665,53.656464,2025-12,1.859016393442623,2.0455486542443064,0.3103448275862069,0.18883415435139572,True
5852,Zählfeld G_46.3_1_G (veraltet),10.0939665,53.656464,2026-01,2.8831168831168834,1.218724778046812,0.3523809523809524,0.28095238095238095,True
5852,Zählfeld G_46.3_1_G (veraltet),10.0939665,53.656464,2026-02,2.1623376623376624,2.409090909090909,0.3592233009708738,0.1423948220064725,True
5853,Zählfeld G_46.3_2_I (veraltet),10.0939665,53.656464,2025-01,1.8050587634133877,2.5697303698305705,0.32406770331636164,0.1373331498555112,True
5853,Zählfeld G_46.3_2_I (veraltet),10.0939665,53.656464,2025-02,1.7873350923482847,1.7606986899563317,0.3042306655887901,0.185125303152789,True
5853,Zählfeld G_46.3_2_I (veraltet),10.0939665,53.656464,2025-03,1.676111003299049,1.6557410843125129,0.27837942370914714,0.22336105202088571,True
5853,Zählfeld G_46.3_2_I (veraltet),10.0939665,53.656464,2025-04,1.349136199276818,1.9646098003629764,0.24727540500736378,0.2028718703976436,True
5853,Zählfeld G_46.3_2_I (veraltet),10.0939665,53.656464,2025-05,1.417926239419589,1.5929399524375742,0.23857480735484857,0.2566567483024338,True
5853,Zählfeld G_46.3_2_I (veraltet),10.0939665,53.656464,2025-06,1.3643875567077122,1.6833520809898763,0.2410269620470548,0.22900566718186502,True
5853,Zählfeld G_46.3_2_I (veraltet),10.0939665,53.656464,2025-07,1.5479499652536484,1.2444159224200937,0.2660098522167488,0.21845051500223914,True
5853,Zählfeld G_46.3_2_I (veraltet),10.0939665,53.656464,2025-08,1.622993492407809,1.4562450033823258,0.2645592447226053,0.24641985785509707,True
5853,Zählfeld G_46.3_2_I (veraltet),10.0939665,53.656464,2025-09,1.5098938915973616,1.4606757227446883,0.26806170765235987,0.19932793645944707,True
5853,Zählfeld G_46.3_2_I (veraltet),10.0939665,53.656464,2025-10,1.3851606805293006,2.046582412492556,0.2562510928484001,0.18875677566008042,True
5853,Zählfeld G_46.3_2_I (veraltet),10.0939665,53.656464,2025-11,1.827703916636723,2.063824884792627,0.3047542014918666,0.1950211197986879,True
5853,Zählfeld G_46.3_2_I (veraltet),10.0939665,53.656464,2025-12,1.4888166698528007,2.3265560906010347,0.27532081875066283,0.1699013681196309,True
5853,Zählfeld G_46.3_2_I (veraltet),10.0939665,53.656464,2026-01,1.8207343412527,1.6711590296495957,0.2939330543933054,0.2217573221757322,True
5853,Zählfeld G_46.3_2_I (veraltet),10.0939665,53.656464,2026-02,1.7699004975124377,2.1544943820224716,0.31295359577743564,0.1565867605014295,True
5874,Zählfeld B_16.4_1_I (veraltet),10.018673,53.49202,2025-01,2.1468267043225855,1.8624317568491873,0.3517465475223396,0.15515840779853776,True
5874,Zählfeld B_16.4_1_I (veraltet),10.018673,53.49202,2025-02,2.8037790697674416,1.5125000000000002,0.3820558526440879,0.20915032679738563,True
5874,Zählfeld B_16.4_1_I (veraltet),10.018673,53.49202,2025-03,2.1658676893576225,1.3771950003834064,0.3115432354158047,0.2569300786098469,True
5874,Zählfeld B_16.4_1_I (veraltet),10.018673,53.49202,2025-04,1.6624857468643102,1.4438559322033897,0.26485013623978204,0.2572207084468665,True
5874,Zählfeld B_16.4_1_I (veraltet),10.018673,53.49202,2025-05,1.6692869174621,1.2705,0.24949647532729105,0.3021148036253776,True
5874,Zählfeld B_16.4_1_I (veraltet),10.018673,53.49202,2025-06,1.6804853387259857,1.3233276157804459,0.2605832549388523,0.2742238946378175,True
5874,Zählfeld B_16.4_1_I (veraltet),10.018673,53.49202,2025-07,1.7966360856269112,1.3162007657208792,0.2962682803832577,0.20902672718103882,True
5874,Zählfeld B_16.4_1_I (veraltet),10.018673,53.49202,2025-08,1.7164599774520857,1.5023701788407673,0.2763408657772938,0.2406751973863327,True
5874,Zählfeld B_16.4_1_I (veraltet),10.018673,53.49202,2025-09,1.327372764786795,1.3,0.23969200198708396,0.2185792349726776,True
5874,Zählfeld B_16.4_1_I (veraltet),10.018673,53.49202,2025-10,1.529369108049311,1.7485512723607965,0.26538316345790863,0.21404303510758776,True
5874,Zählfeld B_16.4_1_I (veraltet),10.018673,53.49202,2025-11,2.120889748549323,1.7372047244094488,0.3216014078310603,0.2234931808183018,True
5874,Zählfeld B_16.4_1_I (veraltet),10.018673,53.49202,2025-12,1.8524923702950151,2.068696330991413,0.3103271983640082,0.18711656441717792,True
5874,Zählfeld B_16.4_1_I (veraltet),10.018673,53.49202,2026-01,2.15625,1.6224188790560472,0.3232931726907631,0.22690763052208834,True
5874,Zählfeld B_16.4_1_I (veraltet),10.018673,53.49202,2026-02,2.022779043280182,1.8726114649681527,0.33183856502242154,0.17600896860986548,True
5875,Zählfeld B_16.4_2_G (veraltet),10.018673,53.49202,2025-01,1.7430526462784528,1.8605052904340313,0.30980392156862746,0.15529411764705883,True
5875,Zählfeld B_16.4_2_G (veraltet),10.018673,53.49202,2025-02,1.9353658536585365,1.390721649484536,0.3045480713874496,0.22337363270005758,True
5875,Zählfeld B_16.4_2_G (veraltet),10.018673,53.49202,2025-03,1.6591115140525836,1.2866155926092835,0.25990626331487005,0.27013208351086493,True
5875,Zählfeld B_16.4_2_G (veraltet),10.018673,53.49202,2025-04,1.3652802893309224,1.3986095017381228,0.23039365273115656,0.26335062557216965,True
5875,Zählfeld B_16.4_2_G (veraltet),10.018673,53.49202,2025-05,1.3657109420713869,1.164127659574468,0.21245221190606225,0.3208629164391043,True
5875,Zählfeld B_16.4_2_G (veraltet),10.018673,53.49202,2025-06,1.502342529932327,1.326126954921803,0.24231738035264483,0.2738035264483627,True
5875,Zählfeld B_16.4_2_G (veraltet),10.018673,53.49202,2025-07,1.3950995405819295,1.291411215478936,0.25006862475981334,0.2121877573428493,True
5875,Zählfeld B_16.4_2_G (veraltet),10.018673,53.49202,2025-08,1.4981927710843372,1.2608915906788247,0.24176144648585593,0.2741324001166521,True
5875,Zählfeld B_16.4_2_G (veraltet),10.018673,53.49202,2025-09,1.4745205479452055,1.1658635828247135,0.25119014281713803,0.23774852982357883,True
5875,Zählfeld B_16.4_2_G (veraltet),10.018673,53.49202,2025-10,1.4636510500807753,1.6518697874630077,0.25453013063632535,0.22376738305941846,True
5875,Zählfeld B_16.4_2_G (veraltet),10.018673,53.49202,2025-11,1.8855359001040584,1.5556660039761432,0.29206963249516443,0.2432301740812379,True
5875,Zählfeld B_16.4_2_G (veraltet),10.018673,53.49202,2025-12,1.680851063829787,1.6369047619047619,0.27816901408450706,0.22535211267605634,True
5875,Zählfeld B_16.4_2_G (veraltet),10.018673,53.49202,2026-01,1.9154929577464788,1.2983630952380951,0.2851153039832285,0.26834381551362685,True
5875,Zählfeld B_16.4_2_G (veraltet),10.018673,53.49202,2026-02,1.9524940617577196,1.635294117647059,0.31676300578034683,0.19653179190751446,True
5876,Zählfeld A_1.2_1_I (veraltet),9.990132,53.55966,2025-01,3.9097610006700916,3.4157158630842837,0.505311778290993,0.10695727482678984,True
5876,Zählfeld A_1.2_1_I (veraltet),9.990132,53.55966,2025-02,4.084351785286365,2.315942028985507,0.4916207562952494,0.1472785485592316,True
5876,Zählfeld A_1.2_1_I (veraltet),9.990132,53.55966,2025-03,3.857014871886759,2.497373349778448,0.47241364175042794,0.16014133345037967,True
5876,Zählfeld A_1.2_1_I (veraltet),9.990132,53.55966,2025-04,2.9274671476423597,2.4996740193415192,0.41155908135912483,0.16668477867130335,True
5876,Zählfeld A_1.2_1_I (veraltet),9.990132,53.55966,2025-05,2.5327640888021468,1.9817826501429934,0.3583291915175613,0.21723823724320743,True
5876,Zählfeld A_1.2_1_I (veraltet),9.990132,53.55966,2025-06,2.375072129255626,1.5485180963237388,0.3340173199318332,0.2440788787256982,True
5876,Zählfeld A_1.2_1_I (veraltet),9.990132,53.55966,2025-07,2.7321616133323996,1.8308507783145462,0.40054202211203843,0.15965014936404792,True
5876,Zählfeld A_1.2_1_I (veraltet),9.990132,53.55966,2025-08,2.626048269616914,1.9957681268723944,0.3768496703222198,0.19263691374137668,True
5876,Zählfeld A_1.2_1_I (veraltet),9.990132,53.55966,2025-09,2.7505455640003005,1.788206388206388,0.3974814863145532,0.16898835350536653,True
5876,Zählfeld A_1.2_1_I (veraltet),9.990132,53.55966,2025-10,2.9133314137633173,2.518872842118174,0.41434099797293145,0.15899178934867625,True
5876,Zählfeld A_1.2_1_I (veraltet),9.990132,53.55966,2025-11,3.753207869974337,2.5683909648633576,0.4652034626133188,0.1629518551337105,True
5876,Zählfeld A_1.2_1_I (veraltet),9.990132,53.55966,2025-12,3.1756773174583888,3.0487706134787187,0.444756387024323,0.13509098797886732,True
5876,Zählfeld A_1.2_1_I (veraltet),9.990132,53.55966,2026-01,3.627841793833696,2.8897307425964396,0.4699261769333172,0.14147404090524024,True
5876,Zählfeld A_1.2_1_I (veraltet),9.990132,53.55966,2026-02,3.9232294617563737,2.3618265281468953,0.48460354118552734,0.14483168871159632,True
5877,Zählfeld A_1.2_2_G (veraltet),9.990132,53.55966,2025-01,2.0307692307692307,2.5240137221269294,0.3473684210526316,0.1394736842105263,True
5877,Zählfeld A_1.2_2_G (veraltet),9.990132,53.55966,2025-02,1.6451612903225807,1.352112676056338,0.2733118971061093,0.2282958199356913,True
5877,Zählfeld A_1.2_2_G (veraltet),9.990132,53.55966,2025-03,1.5153061224489797,1.2887723896898209,0.24504950495049505,0.2698019801980198,True
5877,Zählfeld A_1.2_2_G (veraltet),9.990132,53.55966,2025-04,1.29438202247191,1.4848484848484849,0.22548443922489725,0.25190839694656486,True
5877,Zählfeld A_1.2_2_G (veraltet),9.990132,53.55966,2025-05,1.3911671924290223,1.3020408163265307,0.22272727272727272,0.296969696969697,True
5877,Zählfeld A_1.2_2_G (veraltet),9.990132,53.55966,2025-06,1.74442538593482,1.0176600441501105,0.24654545454545454,0.32945454545454544,True
5877,Zählfeld A_1.2_2_G (veraltet),9.990132,53.55966,2025-07,1.4035308953341739,1.0796521739130436,0.2410656270305393,0.24366471734892786,True
5877,Zählfeld A_1.2_2_G (veraltet),9.990132,53.55966,2025-08,1.508403361344538,0.9256383712905453,0.22092307692307692,0.3396923076923077,True
5877,Zählfeld A_1.2_2_G (veraltet),9.990132,53.55966,2025-09,1.4634806131650135,1.1811023622047243,0.25069508804448565,0.23540315106580167,True
5877,Zählfeld A_1.2_2_G (veraltet),9.990132,53.55966,2025-10,1.491666666666667,1.6244725738396624,0.2568149210903874,0.2266857962697274,True
5877,Zählfeld A_1.2_2_G (veraltet),9.990132,53.55966,2025-11,1.524,0.9617346938775511,0.22164048865619546,0.34205933682373474,True
5877,Zählfeld A_1.2_2_G (veraltet),9.990132,53.55966,2025-12,1.389344262295082,1.3545816733067728,0.23419689119170983,0.2601036269430052,True
5877,Zählfeld A_1.2_2_G (veraltet),9.990132,53.55966,2026-01,1.2328767123287672,1.676841676841677,0.22684310018903592,0.22117202268431002,True
5877,Zählfeld A_1.2_2_G (veraltet),9.990132,53.55966,2026-02,1.8598382749326148,1.1557692307692309,0.2843016069221261,0.25710754017305315,True
5878,Zählfeld D_6.1_1_G (veraltet),9.966544,53.541264,2025-01,2.181818181818182,1.413223140495868,0.32653061224489793,0.22448979591836735,True
5878,Zählfeld D_6.1_1_G (veraltet),9.966544,53.541264,2025-02,,,0.18518518518518517,0.48148148148148145,False
5878,Zählfeld D_6.1_1_G (veraltet),9.966544,53.541264,2025-03,,,0.1282051282051282,0.46153846153846156,False
5879,Zählfeld D_6.1_2_I (veraltet),9.966544,53.541264,2025-01,2.4007597340930675,2.1344036697247706,0.3730264128670503,0.160838128965619,True
5879,Zählfeld D_6.1_2_I (veraltet),9.966544,53.541264,2025-02,2.549321721654664,1.9874044084570401,0.3824238769972867,0.16754597527886644,True
5879,Zählfeld D_6.1_2_I (veraltet),9.966544,53.541264,2025-03,2.6050324675324674,1.5905196241017137,0.3536061347259866,0.23917498512593377,True
5889,Zählfeld D_45.4_1_I (veraltet),10.118848,53.605583,2025-01,2.144453642384106,3.059320643255661,0.36768149882903983,0.11794762614434745,True
5889,Zählfeld D_45.4_1_I (veraltet),10.118848,53.605583,2025-02,1.9313304721030042,1.9502121640735504,0.3249879634087626,0.17019740009629272,True
5889,Zählfeld D_45.4_1_I (veraltet),10.118848,53.605583,2025-03,2.032315446190335,1.86069455406472,0.3215592457078525,0.203771460737405,True
5889,Zählfeld D_45.4_1_I (veraltet),10.118848,53.605583,2025-04,1.3743335872048743,2.046499198289685,0.2524923916465526,0.19634799034526182,True
5889,Zählfeld D_45.4_1_I (veraltet),10.118848,53.605583,2025-05,1.5975541967759865,1.8335550181378475,0.26729910714285715,0.23074776785714285,True
5889,Zählfeld D_45.4_1_I (veraltet),10.118848,53.605583,2025-06,1.5235494880546074,1.874416631310989,0.26588046100241225,0.21057803984633253,True
5889,Zählfeld D_45.4_1_I (veraltet),10.118848,53.605583,2025-07,1.5928205128205128,1.7116101290014336,0.2882331106161841,0.16889383815887157,True
5889,Zählfeld D_45.4_1_I (veraltet),10.118848,53.605583,2025-08,1.4812433011789925,1.7418656001333166,0.2595792637114951,0.21468820435762584,True
5889,Zählfeld D_45.4_1_I (veraltet),10.118848,53.605583,2025-09,1.2020665901262915,1.549370303735845,0.23168842664306263,0.19008630227926532,True
5889,Zählfeld D_45.4_1_I (veraltet),10.118848,53.605583,2025-10,1.4233976029181865,2.6316034226190474,0.2724824180757145,0.15322459973065988,True
5889,Zählfeld D_45.4_1_I (veraltet),10.118848,53.605583,2025-11,1.9878383679874458,2.388951521984217,0.3295609756097561,0.1730731707317073,True
5889,Zählfeld D_45.4_1_I (veraltet),10.118848,53.605583,2025-12,1.793296089385475,2.405538302277433,0.31230354737314775,0.16524472384373598,True
5889,Zählfeld D_45.4_1_I (veraltet),10.118848,53.605583,2026-01,2.050894085281981,1.8621633957097214,0.32335718932986335,0.2036434612882238,True
5889,Zählfeld D_45.4_1_I (veraltet),10.118848,53.605583,2026-02,1.9952038369304557,1.7467505241090149,0.325,0.186328125,True
5890,Zählfeld D_45.4_2_G (veraltet),10.118848,53.605583,2025-01,,,0.3333333333333333,0.5,False
5890,Zählfeld D_45.4_2_G (veraltet),10.118848,53.605583,2025-02,,,0.23076923076923078,0.38461538461538464,False
5890,Zählfeld D_45.4_2_G (veraltet),10.118848,53.605583,2025-03,,,0.1875,0.125,False
5890,Zählfeld D_45.4_2_G (veraltet),10.118848,53.605583,2025-04,,,0.22857142857142856,0.22857142857142856,False
5890,Zählfeld D_45.4_2_G (veraltet),10.118848,53.605583,2025-05,,,0.15384615384615385,0.2692307692307692,False
5890,Zählfeld D_45.4_2_G (veraltet),10.118848,53.605583,2025-06,,,0.32142857142857145,0.25,False
5890,Zählfeld D_45.4_2_G (veraltet),10.118848,53.605583,2025-07,,,0.26666666666666666,0.2,False
5890,Zählfeld D_45.4_2_G (veraltet),10.118848,53.605583,2025-08,,,0.35555555555555557,0.13333333333333333,False
5890,Zählfeld D_45.4_2_G (veraltet),10.118848,53.605583,2025-09,,,0.10714285714285714,0.17857142857142858,False
5890,Zählfeld D_45.4_2_G (veraltet),10.118848,53.605583,2025-10,,,0.14285714285714285,0.0,False
5890,Zählfeld D_45.4_2_G (veraltet),10.118848,53.605583,2025-11,,,0.0,0.2727272727272727,False
5890,Zählfeld D_45.4_2_G (veraltet),10.118848,53.605583,2025-12,,,0.2,0.06666666666666667,False
5890,Zählfeld D_45.4_2_G (veraltet),10.118848,53.605583,2026-01,,,0.0,0.0,False
5890,Zählfeld D_45.4_2_G (veraltet),10.118848,53.605583,2026-02,,,0.2222222222222222,0.1111111111111111,False
5891,Zählfeld B_35.1_1_I (veraltet),9.950462,53.617043,2025-01,3.295197532677339,3.137461572244181,0.4630673023342208,0.11534889480527521,True
5891,Zählfeld B_35.1_1_I (veraltet),9.950462,53.617043,2025-02,3.2023593466424685,2.2336601307189543,0.43789552053604663,0.15187988584191586,True
5891,Zählfeld B_35.1_1_I (veraltet),9.950462,53.617043,2025-03,2.8231277031641246,2.016625870611468,0.39220150846734025,0.19102509368625778,True
5891,Zählfeld B_35.1_1_I (veraltet),9.950462,53.617043,2025-04,1.6599060631938516,2.2717527060782685,0.29195298712027334,0.1803912733280763,True
5891,Zählfeld B_35.1_1_I (veraltet),9.950462,53.617043,2025-05,1.6141387612168965,1.7600333940497876,0.26653415251174556,0.23809179616913625,True
5891,Zählfeld B_35.1_1_I (veraltet),9.950462,53.617043,2025-06,1.6429682743692078,1.8917645113279313,0.279886607204591,0.20905068104819194,True
5891,Zählfeld B_35.1_1_I (veraltet),9.950462,53.617043,2025-07,1.6398571252617318,1.6544137022397891,0.2920313219714417,0.1737184970717905,True
5891,Zählfeld B_35.1_1_I (veraltet),9.950462,53.617043,2025-08,1.5895849266495168,1.7267790438522144,0.27148047876888004,0.21615844970076944,True
5891,Zählfeld B_35.1_1_I (veraltet),9.950462,53.617043,2025-09,1.5003000600120022,1.6486753874903814,0.273134491423577,0.18070577952583852,True
5891,Zählfeld B_35.1_1_I (veraltet),9.950462,53.617043,2025-10,1.7560708417016615,2.4975910025743917,0.31010301300962423,0.1601296126130483,True
5891,Zählfeld B_35.1_1_I (veraltet),9.950462,53.617043,2025-11,3.0296841304072055,2.550547327752737,0.4201055408970976,0.16390501319261214,True
5891,Zählfeld B_35.1_1_I (veraltet),9.950462,53.617043,2025-12,2.72961719274681,2.8330344690177327,0.40785116503100727,0.14389788668794026,True
5891,Zählfeld B_35.1_1_I (veraltet),9.950462,53.617043,2026-01,3.2477064220183487,2.5669053901243877,0.4384805945499587,0.1564822460776218,True
5891,Zählfeld B_35.1_1_I (veraltet),9.950462,53.617043,2026-02,3.0357890330682293,2.3532435740514077,0.4298924157553125,0.14528318662754514,True
5892,Zählfeld B_35.1_2_G (veraltet),9.950462,53.617043,2025-01,1.808219178082192,2.215909090909091,0.31746031746031744,0.15584415584415584,True
5892,Zählfeld B_35.1_2_G (veraltet),9.950462,53.617043,2025-02,1.9711815561959654,1.5032679738562091,0.3131868131868132,0.21016483516483517,True
5892,Zählfeld B_35.1_2_G (veraltet),9.950462,53.617043,2025-03,1.695364238410596,1.5630511463844798,0.27675675675675676,0.23351351351351352,True
5892,Zählfeld B_35.1_2_G (veraltet),9.950462,53.617043,2025-04,1.7733644859813085,1.6940298507462686,0.2868480725623583,0.22789115646258504,True
5892,Zählfeld B_35.1_2_G (veraltet),9.950462,53.617043,2025-05,1.235655737704918,1.176863354037267,0.19881305637982197,0.31849653808110784,True
5892,Zählfeld B_35.1_2_G (veraltet),9.950462,53.617043,2025-06,1.2956989247311828,1.39198606271777,0.22191528545119704,0.26427255985267034,True
5892,Zählfeld B_35.1_2_G (veraltet),9.950462,53.617043,2025-07,1.2612055641421949,1.170887083930562,0.22818791946308725,0.22902684563758388,True
5892,Zählfeld B_35.1_2_G (veraltet),9.950462,53.617043,2025-08,1.2327272727272727,1.3057378428403164,0.21340887629839472,0.267233238904627,True
5892,Zählfeld B_35.1_2_G (veraltet),9.950462,53.617043,2025-09,1.5421052631578946,1.4395329441201001,0.27104532839962997,0.20166512488436633,True
5892,Zählfeld B_35.1_2_G (veraltet),9.950462,53.617043,2025-10,1.732394366197183,1.8481848184818481,0.29107505070993916,0.20486815415821502,True
5892,Zählfeld B_35.1_2_G (veraltet),9.950462,53.617043,2025-11,1.7315914489311162,2.0493827160493825,0.29418886198547217,0.19612590799031476,True
5892,Zählfeld B_35.1_2_G (veraltet),9.950462,53.617043,2025-12,1.0764331210191083,2.0317460317460316,0.2139240506329114,0.189873417721519,True
5892,Zählfeld B_35.1_2_G (veraltet),9.950462,53.617043,2026-01,1.8750000000000002,1.257440476190476,0.27896995708154504,0.27467811158798283,True
5892,Zählfeld B_35.1_2_G (veraltet),9.950462,53.617043,2026-02,2.38125,1.5205298013245032,0.3503448275862069,0.2082758620689655,True
5893,Zählfeld B_31.6_1_I (veraltet),9.972512,53.581276,2025-01,2.6232718894009217,1.9874035391595464,0.38686893203883493,0.17070388349514562,True
5893,Zählfeld B_31.6_1_I (veraltet),9.972512,53.581276,2025-02,2.5812446717817563,1.5938648813146683,0.36970377787003345,0.20061539964345892,True
5893,Zählfeld B_31.6_1_I (veraltet),9.972512,53.581276,2025-03,2.494738299639989,1.6379185807980123,0.35175712612260834,0.2252440452948067,True
5893,Zählfeld B_31.6_1_I (veraltet),9.972512,53.581276,2025-04,1.96130073483964,1.8593544900007721,0.31154274119649167,0.2119223720382249,True
5893,Zählfeld B_31.6_1_I (veraltet),9.972512,53.581276,2025-05,2.008269588587968,1.6123615901252497,0.29899810702248486,0.2543515397756129,True
5893,Zählfeld B_31.6_1_I (veraltet),9.972512,53.581276,2025-06,2.033036164844407,1.7113589567604666,0.31260572013842547,0.2261053088967861,True
5893,Zählfeld B_31.6_1_I (veraltet),9.972512,53.581276,2025-07,1.9207026029402408,1.4917250585124278,0.3165263903091324,0.1890820420042476,True
5893,Zählfeld B_31.6_1_I (veraltet),9.972512,53.581276,2025-08,1.8943651611004855,1.601478865865855,0.2983404292292988,0.22919454340081674,True
5893,Zählfeld B_31.6_1_I (veraltet),9.972512,53.581276,2025-09,1.928585617798967,1.4654430276943071,0.31351115703813737,0.19880840895146445,True
5893,Zählfeld B_31.6_1_I (veraltet),9.972512,53.581276,2025-10,2.080223721287678,1.842108929790584,0.32536661591473676,0.2054050805352993,True
5893,Zählfeld B_31.6_1_I (veraltet),9.972512,53.581276,2025-11,2.473253618628068,1.6912134266738468,0.34876815007475065,0.22818407094144874,True
5893,Zählfeld B_31.6_1_I (veraltet),9.972512,53.581276,2025-12,2.0887249250634077,2.1306062870349454,0.3354812905519509,0.18267265131988267,True
5893,Zählfeld B_31.6_1_I (veraltet),9.972512,53.581276,2026-01,2.457486401374177,1.7257830889009593,0.35291699214735023,0.21625621839411258,True
5893,Zählfeld B_31.6_1_I (veraltet),9.972512,53.581276,2026-02,2.6383459743290545,1.6127033792240302,0.3749339302925722,0.1987376799427914,True
5894,Zählfeld B_31.6_2_G (veraltet),9.972512,53.581276,2025-01,2.3222003929273085,1.490303947187457,0.3423482133159553,0.21537960247637666,True
5894,Zählfeld B_31.6_2_G (veraltet),9.972512,53.581276,2025-02,2.336394647074259,1.268288119738073,0.3328473701917685,0.2397667376920489,True
5894,Zählfeld B_31.6_2_G (veraltet),9.972512,53.581276,2025-03,2.4316010254020046,1.2617748327161697,0.32501635361181197,0.2739930847584338,True
5894,Zählfeld B_31.6_2_G (veraltet),9.972512,53.581276,2025-04,1.811534112325669,1.8183760683760686,0.2952995391705069,0.21566820276497695,True
5894,Zählfeld B_31.6_2_G (veraltet),9.972512,53.581276,2025-05,1.8982521847690386,1.4810741249142074,0.2825945544094415,0.2707926772604777,True
5894,Zählfeld B_31.6_2_G (veraltet),9.972512,53.581276,2025-06,1.895266272189349,1.7249791492910758,0.30015931028019865,0.22472120700965234,True
5894,Zählfeld B_31.6_2_G (veraltet),9.972512,53.581276,2025-07,1.7203642878471184,1.692400337227508,0.3023219205037387,0.1704840613931523,True
5894,Zählfeld B_31.6_2_G (veraltet),9.972512,53.581276,2025-08,1.8288990825688072,1.3798120404231056,0.2815677966101695,0.2565677966101695,True
5894,Zählfeld B_31.6_2_G (veraltet),9.972512,53.581276,2025-09,1.723809523809524,1.441755686360003,0.2914184511350829,0.20141684108839156,True
5894,Zählfeld B_31.6_2_G (veraltet),9.972512,53.581276,2025-10,1.5292125317527518,1.7180243202096703,0.2643597400316178,0.21702090286316528,True
5894,Zählfeld B_31.6_2_G (veraltet),9.972512,53.581276,2025-11,2.0597014925373136,1.2868327402135231,0.293168691495718,0.27982473610834496,True
5894,Zählfeld B_31.6_2_G (veraltet),9.972512,53.581276,2025-12,1.6848461973957352,1.8025966104648632,0.28448523085747063,0.20896663798872,True
5894,Zählfeld B_31.6_2_G (veraltet),9.972512,53.581276,2026-01,2.2623335943617855,1.29136400322841,0.31409001956947163,0.2694063926940639,True
5894,Zählfeld B_31.6_2_G (veraltet),9.972512,53.581276,2026-02,2.4396151293961514,1.2030820033021463,0.3365833562208185,0.24951936281241416,True
5895,Zählfeld G_40.8_1_G (veraltet),10.04128,53.59968,2025-01,,,0.21739130434782608,0.34782608695652173,False
5895,Zählfeld G_40.8_1_G (veraltet),10.04128,53.59968,2025-02,,,0.15,0.5,False
5895,Zählfeld G_40.8_1_G (veraltet),10.04128,53.59968,2025-03,,,0.1724137931034483,0.3448275862068966,False
5895,Zählfeld G_40.8_1_G (veraltet),10.04128,53.59968,2025-04,,,0.25806451612903225,0.41935483870967744,False
5895,Zählfeld G_40.8_1_G (veraltet),10.04128,53.59968,2025-05,,,0.2,0.24,False
5895,Zählfeld G_40.8_1_G (veraltet),10.04128,53.59968,2025-06,,,0.21428571428571427,0.2857142857142857,False
5895,Zählfeld G_40.8_1_G (veraltet),10.04128,53.59968,2025-07,,,0.18181818181818182,0.24242424242424243,False
5895,Zählfeld G_40.8_1_G (veraltet),10.04128,53.59968,2025-08,1.9411764705882353,0.7407407407407407,0.2391304347826087,0.391304347826087,True
5895,Zählfeld G_40.8_1_G (veraltet),10.04128,53.59968,2025-09,,,0.16666666666666666,0.3,False
5895,Zählfeld G_40.8_1_G (veraltet),10.04128,53.59968,2025-10,,,0.0967741935483871,0.2903225806451613,False
5895,Zählfeld G_40.8_1_G (veraltet),10.04128,53.59968,2025-11,,,0.1875,0.3125,False
5895,Zählfeld G_40.8_1_G (veraltet),10.04128,53.59968,2025-12,,,0.125,0.25,False
5895,Zählfeld G_40.8_1_G (veraltet),10.04128,53.59968,2026-01,,,0.25,0.3333333333333333,False
5895,Zählfeld G_40.8_1_G (veraltet),10.04128,53.59968,2026-02,,,0.35714285714285715,0.2857142857142857,False
5896,Zählfeld G_40.8_2_I (veraltet),10.04128,53.59968,2025-01,1.9130796077779624,1.96547138867958,0.32230155396892063,0.1722805543889122,True
5896,Zählfeld G_40.8_2_I (veraltet),10.04128,53.59968,2025-02,2.0630326704545454,1.4266416510318949,0.3182415776499589,0.21898110106820048,True
5896,Zählfeld G_40.8_2_I (veraltet),10.04128,53.59968,2025-03,1.946826956421223,1.4270708283313325,0.29508541392904075,0.2501971090670171,True
5896,Zählfeld G_40.8_2_I (veraltet),10.04128,53.59968,2025-04,1.4319750246467302,1.7122452866120739,0.2500753238927388,0.22601472044075238,True
5896,Zählfeld G_40.8_2_I (veraltet),10.04128,53.59968,2025-05,1.426544842510219,1.3971988408996827,0.23124293565108936,0.2824570292707643,True
5896,Zählfeld G_40.8_2_I (veraltet),10.04128,53.59968,2025-06,1.4615265401007362,1.556528791565288,0.24793942501084512,0.24312813029932562,True
5896,Zählfeld G_40.8_2_I (veraltet),10.04128,53.59968,2025-07,1.4610951008645532,1.3656325727187766,0.26103409661350735,0.20299648607946866,True
5896,Zählfeld G_40.8_2_I (veraltet),10.04128,53.59968,2025-08,1.4219228413962033,1.3610692904146966,0.23821798176432116,0.2591851652367945,True
5896,Zählfeld G_40.8_2_I (veraltet),10.04128,53.59968,2025-09,1.459908499879605,1.300496761396549,0.2558119910552297,0.21851398675161385,True
5896,Zählfeld G_40.8_2_I (veraltet),10.04128,53.59968,2025-10,1.581021897810219,1.7847955058539402,0.2724370138163242,0.21061186578427957,True
5896,Zählfeld G_40.8_2_I (veraltet),10.04128,53.59968,2025-11,1.9833984375,1.6671800616073928,0.30617650859284146,0.2307145626049877,True
5896,Zählfeld G_40.8_2_I (veraltet),10.04128,53.59968,2025-12,1.7084592145015103,1.9143091636936167,0.2905689461883408,0.1992012331838565,True
5896,Zählfeld G_40.8_2_I (veraltet),10.04128,53.59968,2026-01,1.6906077348066297,1.7138394849238225,0.28205501382622616,0.2174355988939019,True
5896,Zählfeld G_40.8_2_I (veraltet),10.04128,53.59968,2026-02,1.919532324621733,1.5235356762513312,0.30904661720739673,0.20795039309046617,True
5897,Zählfeld A_38.2_1_I (veraltet),10.010372,53.576862,2025-01,2.9122275323464275,1.8708412226129296,0.40419336051252186,0.17943117841195885,True
5897,Zählfeld A_38.2_1_I (veraltet),10.010372,53.576862,2025-02,2.9023056810078436,1.4085513720485001,0.3829687132439426,0.22117148906139733,True
5897,Zählfeld A_38.2_1_I (veraltet),10.010372,53.576862,2025-03,2.7214929622014865,1.3956449027539073,0.35465421832009153,0.25439762574581876,True
5897,Zählfeld A_38.2_1_I (veraltet),10.010372,53.576862,2025-04,2.049088137909287,1.593501194267516,0.30890637256067127,0.23883435145349527,True
5897,Zählfeld A_38.2_1_I (veraltet),10.010372,53.576862,2025-05,2.217445892622265,1.258570641913153,0.29575847467763927,0.30410755723547284,True
5897,Zählfeld A_38.2_1_I (veraltet),10.010372,53.576862,2025-06,2.2432567432567434,1.3877578001057642,0.3145178233769872,0.264864486308565,True
5897,Zählfeld A_38.2_1_I (veraltet),10.010372,53.576862,2025-07,2.188677292486028,1.2374966444816764,0.32926943198804187,0.21940396113602392,True
5897,Zählfeld A_38.2_1_I (veraltet),10.010372,53.576862,2025-08,2.092377614719089,1.2465317152025477,0.29730865292593545,0.2764174505730492,True
5897,Zählfeld A_38.2_1_I (veraltet),10.010372,53.576862,2025-09,2.0434667793387558,1.1921834474105564,0.31047183437650455,0.23372652864708715,True
5897,Zählfeld A_38.2_1_I (veraltet),10.010372,53.576862,2025-10,2.030444964871194,1.6551086453999078,0.31344902386117135,0.22342733188720174,True
5897,Zählfeld A_38.2_1_I (veraltet),10.010372,53.576862,2025-11,2.6993910315556375,1.9050703182827537,0.3751634992690621,0.20789412941448027,True
5897,Zählfeld A_38.2_1_I (veraltet),10.010372,53.576862,2025-12,2.368857493857494,2.059447232628826,0.3583608233053013,0.18779909863866562,True
5897,Zählfeld A_38.2_1_I (veraltet),10.010372,53.576862,2026-01,2.681273885350319,1.7583327419392996,0.37137412661443997,0.21310607664619946,True
5897,Zählfeld A_38.2_1_I (veraltet),10.010372,53.576862,2026-02,2.753344208809135,1.8141975308641975,0.3921103986618344,0.18065235572902147,True
5898,Zählfeld A_38.2_2_G (veraltet),10.010372,53.576862,2025-01,3.008549572521374,1.8804099514942887,0.41124369541148975,0.1786812646081929,True
5898,Zählfeld A_38.2_2_G (veraltet),10.010372,53.576862,2025-02,3.0695243865495305,1.487830687830688,0.3985721029029974,0.21188340807174888,True
5898,Zählfeld A_38.2_2_G (veraltet),10.010372,53.576862,2025-03,2.7068188357149707,1.41057916595551,0.3546040480946817,0.2523840036184087,True
5898,Zählfeld A_38.2_2_G (veraltet),10.010372,53.576862,2025-04,1.9246753246753248,1.6254745866503366,0.2988850154138696,0.23524157999366158,True
5898,Zählfeld A_38.2_2_G (veraltet),10.010372,53.576862,2025-05,2.04107939655783,1.325149791814766,0.2861312998927678,0.29330990110806626,True
5898,Zählfeld A_38.2_2_G (veraltet),10.010372,53.576862,2025-06,2.101240470345006,1.5369656622284513,0.310799575700238,0.24546314612539777,True
5898,Zählfeld A_38.2_2_G (veraltet),10.010372,53.576862,2025-07,2.065469904963041,1.3131884057971015,0.32236861239566067,0.20940581101125555,True
5898,Zählfeld A_38.2_2_G (veraltet),10.010372,53.576862,2025-08,2.117812162648435,1.3168011021487456,0.3039100260255298,0.265584335109679,True
5898,Zählfeld A_38.2_2_G (veraltet),10.010372,53.576862,2025-09,1.8856701429123213,1.2531361840720239,0.2991513220380526,0.2249149790128374,True
5898,Zählfeld A_38.2_2_G (veraltet),10.010372,53.576862,2025-10,1.944507683551508,1.7186974498981145,0.30794537834061925,0.21695434674838884,True
5898,Zählfeld A_38.2_2_G (veraltet),10.010372,53.576862,2025-11,2.8816183816183814,1.9268532155130094,0.38899565085465765,0.20602811773035298,True
5898,Zählfeld A_38.2_2_G (veraltet),10.010372,53.576862,2025-12,2.453637090327738,2.131065610895063,0.3677369114651971,0.18264046962980712,True
5898,Zählfeld A_38.2_2_G (veraltet),10.010372,53.576862,2026-01,2.9728695652173913,1.695095948827292,0.38857064920894707,0.2193126022913257,True
5898,Zählfeld A_38.2_2_G (veraltet),10.010372,53.576862,2026-02,3.0033156498673743,1.885059864653826,0.4127027519591762,0.17505011846181884,True
5899,Zählfeld I_38.2_1_I (veraltet),10.010398,53.576874,2025-01,4.217213114754099,2.858766233766234,0.511177347242921,0.12518628912071536,True
5899,Zählfeld I_38.2_1_I (veraltet),10.010398,53.576874,2025-02,5.136585365853659,2.3913978494623658,0.5408320493066255,0.14329738058551617,True
5899,Zählfeld I_38.2_1_I (veraltet),10.010398,53.576874,2025-03,4.699999999999999,2.1274175199089873,0.49875156054931336,0.182896379525593,True
5899,Zählfeld I_38.2_1_I (veraltet),10.010398,53.576874,2025-04,2.6931479642502483,2.5144736842105266,0.39458751636839806,0.16586643387167177,True
5899,Zählfeld I_38.2_1_I (veraltet),10.010398,53.576874,2025-05,2.5818521983161835,1.7644354838709675,0.35262552702184746,0.23763894212341893,True
5899,Zählfeld I_38.2_1_I (veraltet),10.010398,53.576874,2025-06,2.735795454545455,1.3586810228802153,0.34866039102099927,0.26900796524257786,True
5899,Zählfeld I_38.2_1_I (veraltet),10.010398,53.576874,2025-07,2.711734693877551,1.7078565980167812,0.39443413729128013,0.1692022263450835,True
5899,Zählfeld I_38.2_1_I (veraltet),10.010398,53.576874,2025-08,2.9402515723270444,1.8508720360572213,0.3936842105263158,0.20463157894736841,True
5899,Zählfeld I_38.2_1_I (veraltet),10.010398,53.576874,2025-09,3.221910112359551,1.9361888111888115,0.43595591030026604,0.1581147852527556,True
5899,Zählfeld I_38.2_1_I (veraltet),10.010398,53.576874,2025-10,2.978744939271255,2.422788236741725,0.416383701188455,0.16426146010186757,True
5899,Zählfeld I_38.2_1_I (veraltet),10.010398,53.576874,2025-11,4.173708920187794,2.555183946488294,0.48659003831417624,0.16365626710454298,True
5899,Zählfeld I_38.2_1_I (veraltet),10.010398,53.576874,2025-12,4.149082568807339,2.7184720041862898,0.49385749385749383,0.14905814905814907,True
5899,Zählfeld I_38.2_1_I (veraltet),10.010398,53.576874,2026-01,5.196581196581196,3.1494252873563218,0.5507246376811594,0.13134057971014493,True
5899,Zählfeld I_38.2_1_I (veraltet),10.010398,53.576874,2026-02,4.690140845070422,2.912,0.5362318840579711,0.12077294685990338,True
5900,Zählfeld I_38.2_2_G (veraltet),10.010398,53.576874,2025-01,1.382608695652174,1.5444330949948928,0.24941176470588236,0.20941176470588235,True
5900,Zählfeld I_38.2_2_G (veraltet),10.010398,53.576874,2025-02,1.1974248927038627,1.3726315789473684,0.2209026128266033,0.22565320665083136,True
5900,Zählfeld I_38.2_2_G (veraltet),10.010398,53.576874,2025-03,1.2868217054263567,1.3036303630363038,0.21986754966887417,0.2675496688741722,True
5900,Zählfeld I_38.2_2_G (veraltet),10.010398,53.576874,2025-04,1.2771285475792988,0.2344865458539264,0.09532710280373832,0.6807476635514018,True
5900,Zählfeld I_38.2_2_G (veraltet),10.010398,53.576874,2025-05,1.3016129032258064,1.4998466257668712,0.22139917695473252,0.2683127572016461,True
5900,Zählfeld I_38.2_2_G (veraltet),10.010398,53.576874,2025-06,1.2408026755852843,0.2445044350173544,0.09608909608909609,0.6715876715876716,True
5900,Zählfeld I_38.2_2_G (veraltet),10.010398,53.576874,2025-07,1.3265306122448979,1.2324088652052803,0.23911710606989578,0.22011036174126303,True
5900,Zählfeld I_38.2_2_G (veraltet),10.010398,53.576874,2025-08,1.3734015345268542,1.347040056717476,0.23201555411535968,0.26117952041477643,True
5900,Zählfeld I_38.2_2_G (veraltet),10.010398,53.576874,2025-09,1.4554896142433233,0.4918918918918919,0.1878230901780586,0.4250430786904078,True
5900,Zählfeld I_38.2_2_G (veraltet),10.010398,53.576874,2025-10,1.1343570057581573,1.6842599108608962,0.21389793702497287,0.22041259500542887,True
5900,Zählfeld I_38.2_2_G (veraltet),10.010398,53.576874,2025-11,1.6470588235294117,2.16015625,0.2878120411160059,0.18795888399412627,True
5900,Zählfeld I_38.2_2_G (veraltet),10.010398,53.576874,2025-12,1.67816091954023,1.6707717569786535,0.27915869980879543,0.22179732313575526,True
5900,Zählfeld I_38.2_2_G (veraltet),10.010398,53.576874,2026-01,1.963350785340314,2.1808143547273984,0.3246753246753247,0.17922077922077922,True
5900,Zählfeld I_38.2_2_G (veraltet),10.010398,53.576874,2026-02,1.6623376623376622,2.111764705882353,0.2997658079625293,0.1592505854800937,True
7648,Zählfeld J_52.1_1_I (veraltet),9.978648,53.461315,2025-01,1.85880195599022,2.748828094981941,0.3330048182216382,0.12954445904511608,True
7648,Zählfeld J_52.1_1_I (veraltet),9.978648,53.461315,2025-02,1.776307363927428,1.9680738786279683,0.3090807799442897,0.16891364902506964,True
7648,Zählfeld J_52.1_1_I (veraltet),9.978648,53.461315,2025-03,2.023221098026207,1.790369779196595,0.31815336463223787,0.21009389671361503,True
7648,Zählfeld J_52.1_1_I (veraltet),9.978648,53.461315,2025-04,1.437335092348285,2.153329065300896,0.2628785136928459,0.1884425141754132,True
7648,Zählfeld J_52.1_1_I (veraltet),9.978648,53.461315,2025-05,1.4400677200902936,1.8607198142414862,0.2503384542939549,0.22814762493378068,True
7648,Zählfeld J_52.1_1_I (veraltet),9.978648,53.461315,2025-06,1.407113462669018,1.705688282138794,0.2469053022488137,0.22668661027439654,True
7648,Zählfeld J_52.1_1_I (veraltet),9.978648,53.461315,2025-07,1.4140969162995594,1.756409052493192,0.26740449839343094,0.16529810781863621,True
7648,Zählfeld J_52.1_1_I (veraltet),9.978648,53.461315,2025-08,1.416406737367436,1.69194001314453,0.25027557319223986,0.21963183421516755,True
7648,Zählfeld J_52.1_1_I (veraltet),9.978648,53.461315,2025-09,1.4415774099318401,1.6699157079706761,0.26652624756966947,0.17881831929142364,True
7648,Zählfeld J_52.1_1_I (veraltet),9.978648,53.461315,2025-10,1.4542225730071034,2.2611535148346253,0.2696867681498829,0.17396077283372366,True
7648,Zählfeld J_52.1_1_I (veraltet),9.978648,53.461315,2025-11,1.8712283594394064,2.349236641221374,0.316728064300067,0.17548559946416611,True
7648,Zählfeld J_52.1_1_I (veraltet),9.978648,53.461315,2025-12,1.6002930939732551,2.389802443759278,0.2900687319454129,0.16615200717202908,True
7648,Zählfeld J_52.1_1_I (veraltet),9.978648,53.461315,2026-01,1.7299465240641712,2.190847730509629,0.3004411423264453,0.17854655212444856,True
7648,Zählfeld J_52.1_1_I (veraltet),9.978648,53.461315,2026-02,1.7570183930300098,2.071232876712329,0.30956848030018763,0.16186252771618626,True
7649,Zählfeld J_52.1_2_I (veraltet),9.978648,53.461315,2025-01,2.3071534706007215,2.5711641299876593,0.3750517598343685,0.1372670807453416,True
7649,Zählfeld J_52.1_2_I (veraltet),9.978648,53.461315,2025-02,2.289364640883978,1.9752417794970987,0.35993485342019543,0.16840390879478828,True
7649,Zählfeld J_52.1_2_I (veraltet),9.978648,53.461315,2025-03,2.2309364548494983,1.8396584272834735,0.338793234801158,0.205622428767332,True
7649,Zählfeld J_52.1_2_I (veraltet),9.978648,53.461315,2025-04,1.509090909090909,2.152362584378013,0.2715869841846937,0.18851117978549356,True
7649,Zählfeld J_52.1_2_I (veraltet),9.978648,53.461315,2025-05,1.536179368134979,1.8089039408866996,0.25969103543329697,0.2331591339803595,True
7649,Zählfeld J_52.1_2_I (veraltet),9.978648,53.461315,2025-06,1.565282791817088,1.6913731609451628,0.2646355729617008,0.22816743807537765,True
7649,Zählfeld J_52.1_2_I (veraltet),9.978648,53.461315,2025-07,1.5930521091811414,1.7250475685051192,0.2886402237985813,0.16779898091717455,True
7649,Zählfeld J_52.1_2_I (veraltet),9.978648,53.461315,2025-08,1.5859536615639223,1.751522908815094,0.2719050912379635,0.2137575144969942,True
7649,Zählfeld J_52.1_2_I (veraltet),9.978648,53.461315,2025-09,1.5594328238133548,1.6419588776923704,0.28001083423618633,0.1813109425785482,True
7649,Zählfeld J_52.1_2_I (veraltet),9.978648,53.461315,2025-10,1.7039348710990503,2.23330241187384,0.2985734664764622,0.17574893009985734,True
7649,Zählfeld J_52.1_2_I (veraltet),9.978648,53.461315,2025-11,2.2566096423017106,2.2776280323450133,0.3520135856380398,0.18000970402717129,True
7649,Zählfeld J_52.1_2_I (veraltet),9.978648,53.461315,2025-12,2.1485839648982847,2.4536641003706876,0.34948905109489053,0.16253041362530413,True
7649,Zählfeld J_52.1_2_I (veraltet),9.978648,53.461315,2026-01,2.380517503805175,2.1833117163856466,0.36321411983279145,0.179052484904784,True
7649,Zählfeld J_52.1_2_I (veraltet),9.978648,53.461315,2026-02,2.1228129205921933,2.3938679245283017,0.3550565591760932,0.1431706905284484,True
7650,Zählfeld B_45.3_2_I (veraltet),10.119637,53.60592,2025-01,2.169507803121248,3.1536471047749246,0.37148495313270846,0.11482486433152442,True
7650,Zählfeld B_45.3_2_I (veraltet),10.119637,53.60592,2025-02,2.214542438484932,2.1044351464435147,0.3568564554931836,0.15971665330125634,True
7650,Zählfeld B_45.3_2_I (veraltet),10.119637,53.60592,2025-03,1.8890507910074938,1.9040322972907242,0.30908347808317155,0.2000613058138347,True
7650,Zählfeld B_45.3_2_I (veraltet),10.119637,53.60592,2025-04,1.3220198675496688,2.290917068889864,0.2510808898671488,0.17915258234415532,True
7650,Zählfeld B_45.3_2_I (veraltet),10.119637,53.60592,2025-05,1.256739409499358,1.8027677100494235,0.22621890164060696,0.2337672340753293,True
7650,Zählfeld B_45.3_2_I (veraltet),10.119637,53.60592,2025-06,1.3989677419354838,1.9915878023133546,0.25420271505943587,0.2006752479426039,True
7650,Zählfeld B_45.3_2_I (veraltet),10.119637,53.60592,2025-07,1.3178598532759929,1.707468957497093,0.2535591735416515,0.16923413886252464,True
7650,Zählfeld B_45.3_2_I (veraltet),10.119637,53.60592,2025-08,1.2829451540195345,1.6434020030097036,0.23225069365105272,0.22466133507426148,True
7650,Zählfeld B_45.3_2_I (veraltet),10.119637,53.60592,2025-09,1.348034764560903,1.6935844480654818,0.25523135867963453,0.1767609784851164,True
7650,Zählfeld B_45.3_2_I (veraltet),10.119637,53.60592,2025-10,1.3985393844548775,2.367475292003594,0.26471169036334913,0.1674565560821485,True
7650,Zählfeld B_45.3_2_I (veraltet),10.119637,53.60592,2025-11,2.2798634812286687,2.561258278145695,0.36127636560302867,0.16333153055705787,True
7650,Zählfeld B_45.3_2_I (veraltet),10.119637,53.60592,2025-12,1.9172007177646757,2.522586499388488,0.32798316011051176,0.1587948954084989,True
7650,Zählfeld B_45.3_2_I (veraltet),10.119637,53.60592,2026-01,1.9737373737373738,2.0389233954451345,0.3216990451103062,0.18933157721435628,True
7650,Zählfeld B_45.3_2_I (veraltet),10.119637,53.60592,2026-02,2.0930521091811416,2.1864181091877497,0.3474052718286656,0.15465403624382207,True
7758,Zählfeld B_41.4_1_G (veraltet),10.018459,53.649273,2025-01,1.7826923076923076,1.6462930273609886,0.2985507246376812,0.19903381642512077,True
7758,Zählfeld B_41.4_1_G (veraltet),10.018459,53.649273,2025-02,1.7466918714555766,1.4008368200836818,0.2862453531598513,0.22211895910780668,True
7758,Zählfeld B_41.4_1_G (veraltet),10.018459,53.649273,2025-03,1.5458333333333336,1.4511838254855014,0.2560386473429952,0.24706694271911664,True
7758,Zählfeld B_41.4_1_G (veraltet),10.018459,53.649273,2025-04,1.2453385672227673,1.6924882629107982,0.22644539614561027,0.22805139186295503,True
7758,Zählfeld B_41.4_1_G (veraltet),10.018459,53.649273,2025-05,1.3022847100175745,1.597153024911032,0.22515952597994532,0.2561531449407475,True
7758,Zählfeld B_41.4_1_G (veraltet),10.018459,53.649273,2025-06,1.13116961414791,1.5593851463342643,0.20827829150154117,0.24394539850286218,True
7758,Zählfeld B_41.4_1_G (veraltet),10.018459,53.649273,2025-07,1.2022813688212928,1.472863568215892,0.23144488361879667,0.19104084321475626,True
7758,Zählfeld B_41.4_1_G (veraltet),10.018459,53.649273,2025-08,1.4628632938643704,1.3135633494914933,0.24057355284121085,0.266064790228359,True
7758,Zählfeld B_41.4_1_G (veraltet),10.018459,53.649273,2025-09,1.0316114109483425,1.542136695421367,0.20705663881151345,0.19080779944289694,True
7758,Zählfeld B_41.4_1_G (veraltet),10.018459,53.649273,2025-10,1.0433526011560694,1.8556837776893487,0.20534698521046643,0.20420932878270762,True
7758,Zählfeld B_41.4_1_G (veraltet),10.018459,53.649273,2025-11,1.6454413892908826,1.671875,0.27266187050359714,0.2302158273381295,True
7758,Zählfeld B_41.4_1_G (veraltet),10.018459,53.649273,2025-12,1.4484304932735428,1.7692170501159263,0.2565528196981732,0.21207307386814933,True
7758,Zählfeld B_41.4_1_G (veraltet),10.018459,53.649273,2026-01,1.4065934065934065,1.3078930202217873,0.2340036563071298,0.26691042047531993,True
7758,Zählfeld B_41.4_1_G (veraltet),10.018459,53.649273,2026-02,1.6962962962962964,1.4830409356725145,0.284472049689441,0.2124223602484472,True
7759,Zählfeld B_41.4_2_I (veraltet),10.018459,53.649273,2025-01,1.6518010291595195,1.80179382128225,0.2893847194050034,0.18503493351363534,True
7759,Zählfeld B_41.4_2_I (veraltet),10.018459,53.649273,2025-02,1.7240218763146822,1.4794466403162057,0.2872765509989485,0.2128286014721346,True
7759,Zählfeld B_41.4_2_I (veraltet),10.018459,53.649273,2025-03,1.6197975253093364,1.5195915195915195,0.26696329254727474,0.2385984427141268,True
7759,Zählfeld B_41.4_2_I (veraltet),10.018459,53.649273,2025-04,1.1174477696216827,1.7898870888561609,0.21213420516668452,0.21835137742523314,True
7759,Zählfeld B_41.4_2_I (veraltet),10.018459,53.649273,2025-05,1.1899308983218164,1.4643206624012044,0.20645360189086426,0.2730449080258966,True
7759,Zählfeld B_41.4_2_I (veraltet),10.018459,53.649273,2025-06,1.2636403253922137,1.5877872481646065,0.226385877980799,0.24063177454320223,True
7759,Zählfeld B_41.4_2_I (veraltet),10.018459,53.649273,2025-07,1.345687564946311,1.3205707631885373,0.24510267814895428,0.20847922778461248,True
7759,Zählfeld B_41.4_2_I (veraltet),10.018459,53.649273,2025-08,1.2552861299709022,1.3795185269036299,0.21929646197641317,0.2566083773891826,True
7759,Zählfeld B_41.4_2_I (veraltet),10.018459,53.649273,2025-09,1.1462358427714858,1.4697781517070363,0.22162109941068495,0.19833832479953628,True
7759,Zählfeld B_41.4_2_I (veraltet),10.018459,53.649273,2025-10,1.158443363446838,1.920164292131947,0.22321906802356722,0.19871451526513123,True
7759,Zählfeld B_41.4_2_I (veraltet),10.018459,53.649273,2025-11,1.5844678217821782,1.717315716272601,0.26768072761486594,0.22549788301709267,True
7759,Zählfeld B_41.4_2_I (veraltet),10.018459,53.649273,2025-12,1.4005964214711728,1.9304901447758591,0.2552998731654285,0.1978619315093314,True
7759,Zählfeld B_41.4_2_I (veraltet),10.018459,53.649273,2026-01,1.6894553881807646,1.381464413722478,0.2679162072767365,0.25633958103638366,True
7759,Zählfeld B_41.4_2_I (veraltet),10.018459,53.649273,2026-02,1.844055944055944,1.5342192691029901,0.30195809000343526,0.20680178632772242,True
7762,Zählfeld A_41.2_1_G (veraltet),10.017069,53.649292,2025-01,2.41255230125523,2.8223999999999996,0.38930524610087097,0.12659509823779624,True
7762,Zählfeld A_41.2_1_G (veraltet),10.017069,53.649292,2025-02,2.5923039454456895,2.2249999999999996,0.3929125138427464,0.1523809523809524,True
7762,Zählfeld A_41.2_1_G (veraltet),10.017069,53.649292,2025-03,2.1025641025641026,1.9339164237123423,0.33064516129032256,0.1975806451612903,True
7762,Zählfeld A_41.2_1_G (veraltet),10.017069,53.649292,2025-04,1.219437652811736,2.3172205438066467,0.23771224307417338,0.17747989276139411,True
7762,Zählfeld A_41.2_1_G (veraltet),10.017069,53.649292,2025-05,1.3123162365240117,1.841704718417047,0.23433671683584179,0.22996149807490374,True
7762,Zählfeld A_41.2_1_G (veraltet),10.017069,53.649292,2025-06,1.2561663879598661,2.183288409703504,0.241280458671763,0.18729096989966554,True
7762,Zählfeld A_41.2_1_G (veraltet),10.017069,53.649292,2025-07,1.3168904152357164,1.763619840244894,0.2548024646611091,0.16473359913011962,True
7762,Zählfeld A_41.2_1_G (veraltet),10.017069,53.649292,2025-08,1.3327289211242066,1.4630114340818292,0.23206251479990528,0.24556002841581814,True
7762,Zählfeld A_41.2_1_G (veraltet),10.017069,53.649292,2025-09,1.1474839400428265,1.9204313069343744,0.23262249715122904,0.15920559986977048,True
7762,Zählfeld A_41.2_1_G (veraltet),10.017069,53.649292,2025-10,1.2897765741367637,2.260032102728732,0.248337895971842,0.17403206883066094,True
7762,Zählfeld A_41.2_1_G (veraltet),10.017069,53.649292,2025-11,2.3001172332942557,2.214005876591577,0.35402381811620354,0.18422952002887044,True
7762,Zählfeld A_41.2_1_G (veraltet),10.017069,53.649292,2025-12,1.7700701480904133,2.5835866261398177,0.3133278145695364,0.15562913907284767,True
7762,Zählfeld A_41.2_1_G (veraltet),10.017069,53.649292,2026-01,3.022774327122153,2.584399431414357,0.42380261248185774,0.1555878084179971,True
7762,Zählfeld A_41.2_1_G (veraltet),10.017069,53.649292,2026-02,2.73329459616502,2.463670411985019,0.41014909756735546,0.13968087889092337,True
7763,Zählfeld A_41.2_2_I (veraltet),10.017069,53.649292,2025-01,1.757941988950276,2.432303618711386,0.3162799366321871,0.1439753983785295,True
7763,Zählfeld A_41.2_2_I (veraltet),10.017069,53.649292,2025-02,1.9164420485175202,1.8534567229178007,0.32061068702290074,0.17750507295390858,True
7763,Zählfeld A_41.2_2_I (veraltet),10.017069,53.649292,2025-03,1.676351654934851,1.646028055858677,0.27803860198226393,0.2243833370593934,True
7763,Zählfeld A_41.2_2_I (veraltet),10.017069,53.649292,2025-04,1.154276247670325,1.9985056784219966,0.2222488038277512,0.2001196172248804,True
7763,Zählfeld A_41.2_2_I (veraltet),10.017069,53.649292,2025-05,1.2078781512605044,1.7432114882506529,0.21820562450187864,0.23983832403506775,True
7763,Zählfeld A_41.2_2_I (veraltet),10.017069,53.649292,2025-06,1.2517849715790934,1.8155726813712463,0.23189180929095354,0.2169926650366748,True
7763,Zählfeld A_41.2_2_I (veraltet),10.017069,53.649292,2025-07,1.271529175050302,1.4293793869615714,0.23941580951298516,0.19571517872364608,True
7763,Zählfeld A_41.2_2_I (veraltet),10.017069,53.649292,2025-08,1.2552178689124862,1.4745029373326737,0.2229738519578509,0.24411343827240797,True
7763,Zählfeld A_41.2_2_I (veraltet),10.017069,53.649292,2025-09,1.1515885315769083,1.5485164611841216,0.22463439519328873,0.19017118240562295,True
7763,Zählfeld A_41.2_2_I (veraltet),10.017069,53.649292,2025-10,1.2360531309297913,2.155408797744564,0.23899324919283826,0.18095098326973877,True
7763,Zählfeld A_41.2_2_I (veraltet),10.017069,53.649292,2025-11,1.7405553026854803,1.9387565152643338,0.2918861155636974,0.20502251736508664,True
7763,Zählfeld A_41.2_2_I (veraltet),10.017069,53.649292,2025-12,1.4697110904007455,2.3115481010217853,0.27264868603042874,0.17081604426002767,True
7763,Zählfeld A_41.2_2_I (veraltet),10.017069,53.649292,2026-01,1.9789156626506024,2.0462985887595937,0.32242761328316705,0.18877801406837885,True
7763,Zählfeld A_41.2_2_I (veraltet),10.017069,53.649292,2026-02,2.017324093816631,2.030744336569579,0.3359073359073359,0.16455864731726802,True
7764,Zählfeld A_41.7_1_G (veraltet),10.018023,53.65003,2025-01,1.3884297520661155,2.6818181818181817,0.27450980392156865,0.1323529411764706,True
7764,Zählfeld A_41.7_1_G (veraltet),10.018023,53.65003,2025-02,1.805825242718447,2.2758620689655173,0.31958762886597936,0.14948453608247422,True
7764,Zählfeld A_41.7_1_G (veraltet),10.018023,53.65003,2025-03,2.033557046979866,2.2045855379188715,0.33223684210526316,0.17763157894736842,True
7764,Zählfeld A_41.7_1_G (veraltet),10.018023,53.65003,2025-04,1.3235294117647058,2.1,0.24725274725274726,0.19230769230769232,True
7764,Zählfeld A_41.7_1_G (veraltet),10.018023,53.65003,2025-05,1.179245283018868,2.6483695652173913,0.2336448598130841,0.17196261682242991,True
7764,Zählfeld A_41.7_1_G (veraltet),10.018023,53.65003,2025-06,0.9142857142857144,2.0346534653465347,0.1875,0.197265625,True
7764,Zählfeld A_41.7_1_G (veraltet),10.018023,53.65003,2025-07,0.8756756756756757,1.7877512856474989,0.18914185639229422,0.1628721541155867,True
7764,Zählfeld A_41.7_1_G (veraltet),10.018023,53.65003,2025-08,0.8664259927797834,2.023809523809524,0.18140589569160998,0.19047619047619047,True
7764,Zählfeld A_41.7_1_G (veraltet),10.018023,53.65003,2025-09,1.1165413533834587,2.7087198515769946,0.2391304347826087,0.11835748792270531,True
7764,Zählfeld A_41.7_1_G (veraltet),10.018023,53.65003,2025-10,1.4046242774566475,2.2821203953279423,0.26384364820846906,0.17263843648208468,True
7764,Zählfeld A_41.7_1_G (veraltet),10.018023,53.65003,2025-11,1.6259541984732826,1.5538461538461539,0.26591760299625467,0.24344569288389514,True
7764,Zählfeld A_41.7_1_G (veraltet),10.018023,53.65003,2025-12,1.9370078740157481,2.8435374149659864,0.3360655737704918,0.14344262295081966,True
7764,Zählfeld A_41.7_1_G (veraltet),10.018023,53.65003,2026-01,3.1153846153846154,1.3283208020050126,0.375,0.2638888888888889,True
7764,Zählfeld A_41.7_1_G (veraltet),10.018023,53.65003,2026-02,0.9446547314578005,2.2407002188183807,0.20300751879699247,0.15789473684210525,True
7765,Zählfeld A_41.7_2_I (veraltet),10.018023,53.65003,2025-01,1.8122909698996654,2.901445135271383,0.33005938784833255,0.12357240749200549,True
7765,Zählfeld A_41.7_2_I (veraltet),10.018023,53.65003,2025-02,2.018963922294172,1.893717277486911,0.33211595526135584,0.1743894088107738,True
7765,Zählfeld A_41.7_2_I (veraltet),10.018023,53.65003,2025-03,1.7599999999999998,1.7932489451476794,0.2921646746347942,0.2098273572377158,True
7765,Zählfeld A_41.7_2_I (veraltet),10.018023,53.65003,2025-04,1.1987939698492462,2.0723214285714286,0.23001272706236262,0.194376952447067,True
7765,Zählfeld A_41.7_2_I (veraltet),10.018023,53.65003,2025-05,1.2004204625087598,1.8857142857142855,0.22125351157609222,0.22580645161290322,True
7765,Zählfeld A_41.7_2_I (veraltet),10.018023,53.65003,2025-06,1.16599634369287,1.9699170124481327,0.22322553548929022,0.20243595128097439,True
7765,Zählfeld A_41.7_2_I (veraltet),10.018023,53.65003,2025-07,1.2412182038414952,1.4823886961057813,0.23703777138891644,0.1900465946267473,True
7765,Zählfeld A_41.7_2_I (veraltet),10.018023,53.65003,2025-08,1.1574279379157426,1.6720171214553237,0.21668742216687423,0.22166874221668742,True
7765,Zählfeld A_41.7_2_I (veraltet),10.018023,53.65003,2025-09,1.1254732287723093,1.7303918788634944,0.22543603076589752,0.17365399198353373,True
7765,Zählfeld A_41.7_2_I (veraltet),10.018023,53.65003,2025-10,1.1815618832816466,2.2812846068660027,0.23376840696117804,0.17269076305220885,True
7765,Zählfeld A_41.7_2_I (veraltet),10.018023,53.65003,2025-11,1.9167604049493812,2.163861386138614,0.3166697639843895,0.18769745400483182,True
7765,Zählfeld A_41.7_2_I (veraltet),10.018023,53.65003,2025-12,1.6806464024624854,2.544074283204718,0.30245118404653093,0.15766514333194848,True
7765,Zählfeld A_41.7_2_I (veraltet),10.018023,53.65003,2026-01,1.9172610556348073,1.7998120300751879,0.3083275980729525,0.20922229869236064,True
7765,Zählfeld A_41.7_2_I (veraltet),10.018023,53.65003,2026-02,1.9457229524772497,2.16560428757175,0.33124018838304553,0.16248037676609106,True
7766,Zählfeld B_41.5_1_I (veraltet),10.018795,53.6495,2025-01,1.7142857142857142,2.055875102711586,0.3032865130233192,0.16596208918587207,True
7766,Zählfeld B_41.5_1_I (veraltet),10.018795,53.6495,2025-02,1.9787768779670483,1.576392572944297,0.31700442893571334,0.202388941081734,True
7766,Zählfeld B_41.5_1_I (veraltet),10.018795,53.6495,2025-03,1.7234042553191489,1.505901505901506,0.27720739219712526,0.2402464065708419,True
7766,Zählfeld B_41.5_1_I (veraltet),10.018795,53.6495,2025-04,1.3279336230738839,1.885370051635112,0.24251388989104553,0.20961108305072515,True
7766,Zählfeld B_41.5_1_I (veraltet),10.018795,53.6495,2025-05,1.3949335548172759,1.5799809989142235,0.23543842433588,0.25821826592836616,True
7766,Zählfeld B_41.5_1_I (veraltet),10.018795,53.6495,2025-06,1.5026128902586091,1.6853746614504965,0.2573671164968328,0.22879372073808868,True
7766,Zählfeld B_41.5_1_I (veraltet),10.018795,53.6495,2025-07,1.5365126676602088,1.4018968668595195,0.27136934921366057,0.19878923471737844,True
7766,Zählfeld B_41.5_1_I (veraltet),10.018795,53.6495,2025-08,1.486764067698539,1.4155645006708837,0.24795541723963233,0.2517188970109286,True
7766,Zählfeld B_41.5_1_I (veraltet),10.018795,53.6495,2025-09,1.3786791986148899,1.4652223843073962,0.25225714479668726,0.19883239427058583,True
7766,Zählfeld B_41.5_1_I (veraltet),10.018795,53.6495,2025-10,1.370458002366064,1.8968400668955196,0.2506491097922849,0.20066765578635015,True
7766,Zählfeld B_41.5_1_I (veraltet),10.018795,53.6495,2025-11,1.7985091484074995,1.6787577050734945,0.28879216539717084,0.22948857453754082,True
7766,Zählfeld B_41.5_1_I (veraltet),10.018795,53.6495,2025-12,1.5075219389887171,2.0628227194492252,0.2717207095243475,0.1875494294430008,True
7766,Zählfeld B_41.5_1_I (veraltet),10.018795,53.6495,2026-01,2.171666666666667,1.7696036498431709,0.3308786185881158,0.21203656678517013,True
7766,Zählfeld B_41.5_1_I (veraltet),10.018795,53.6495,2026-02,2.037490134175217,1.838012958963283,0.33217525574213475,0.17872997490831885,True
7767,Zählfeld B_41.5_2_G (veraltet),10.018795,53.6495,2025-01,1.3547717842323652,1.7003600360036006,0.25076804915514594,0.19393241167434716,True
7767,Zählfeld B_41.5_2_G (veraltet),10.018795,53.6495,2025-02,1.4989444053483463,1.5414104882459312,0.26453055141579734,0.20603576751117736,True
7767,Zählfeld B_41.5_2_G (veraltet),10.018795,53.6495,2025-03,1.5604963805584282,1.4213197969543145,0.25630573248407645,0.25095541401273885,True
7767,Zählfeld B_41.5_2_G (veraltet),10.018795,53.6495,2025-04,1.3774781919111816,1.6742493175614195,0.24231010671688638,0.2299644277045407,True
7767,Zählfeld B_41.5_2_G (veraltet),10.018795,53.6495,2025-05,1.4234875444839856,1.5561077389984825,0.23776500891618785,0.2611452347929463,True
7767,Zählfeld B_41.5_2_G (veraltet),10.018795,53.6495,2025-06,1.4024045261669025,1.637726913970008,0.24404652021414067,0.23389329887391544,True
7767,Zählfeld B_41.5_2_G (veraltet),10.018795,53.6495,2025-07,1.4567114093959732,1.444489762623379,0.2634261787729838,0.194065173857637,True
7767,Zählfeld B_41.5_2_G (veraltet),10.018795,53.6495,2025-08,1.4868145667643364,1.39119261768485,0.2468723936613845,0.25500417014178484,True
7767,Zählfeld B_41.5_2_G (veraltet),10.018795,53.6495,2025-09,1.4172813487881981,1.4180126849894292,0.2553635845832542,0.20410100626542624,True
7767,Zählfeld B_41.5_2_G (veraltet),10.018795,53.6495,2025-10,1.3326950694112016,1.7824648469809758,0.24274130264190427,0.2108291917342401,True
7767,Zählfeld B_41.5_2_G (veraltet),10.018795,53.6495,2025-11,1.4721189591078065,1.5132075471698114,0.24742268041237114,0.24835988753514526,True
7767,Zählfeld B_41.5_2_G (veraltet),10.018795,53.6495,2025-12,1.2030629608621668,1.8320723928200566,0.22718508997429307,0.20629820051413883,True
7767,Zählfeld B_41.5_2_G (veraltet),10.018795,53.6495,2026-01,1.6055646481178396,1.2407407407407407,0.25192604006163327,0.2773497688751926,True
7767,Zählfeld B_41.5_2_G (veraltet),10.018795,53.6495,2026-02,1.5924657534246576,1.4695890410958905,0.27256740914419697,0.21395076201641267,True
7768,Zählfeld B_41.1_1_I (veraltet),10.017052,53.64952,2025-01,1.3335173937051352,1.8419652636520105,0.2517985611510791,0.1817328745699093,True
7768,Zählfeld B_41.1_1_I (veraltet),10.017052,53.64952,2025-02,1.593200468933177,1.5043916486681066,0.27400574625737184,0.21004082867079993,True
7768,Zählfeld B_41.1_1_I (veraltet),10.017052,53.64952,2025-03,1.6224231464737795,1.461270222374664,0.2647232385223652,0.24578071521302963,True
7768,Zählfeld B_41.1_1_I (veraltet),10.017052,53.64952,2025-04,1.2386486070494076,1.8783507264170247,0.23079239439043275,0.2102297169405489,True
7768,Zählfeld B_41.1_1_I (veraltet),10.017052,53.64952,2025-05,1.2756428571428573,1.6462871287128713,0.22363725158721215,0.2504226304519328,True
7768,Zählfeld B_41.1_1_I (veraltet),10.017052,53.64952,2025-06,1.367443060367067,1.6371629288376044,0.24087450268453783,0.23508053613503804,True
7768,Zählfeld B_41.1_1_I (veraltet),10.017052,53.64952,2025-07,1.3778119323738998,1.3687624913993646,0.25095434417468315,0.20262635516872804,True
7768,Zählfeld B_41.1_1_I (veraltet),10.017052,53.64952,2025-08,1.3631694790902424,1.3625844884866536,0.23151686326632331,0.2589715899651105,True
7768,Zählfeld B_41.1_1_I (veraltet),10.017052,53.64952,2025-09,1.2709379946321657,1.4153425126143846,0.2367510191523729,0.20440735328051687,True
7768,Zählfeld B_41.1_1_I (veraltet),10.017052,53.64952,2025-10,1.252908933551303,1.9076086956521738,0.235750732819455,0.19976115514059278,True
7768,Zählfeld B_41.1_1_I (veraltet),10.017052,53.64952,2025-11,1.548808515785654,1.6424266247379453,0.26102379059384745,0.23338022139318695,True
7768,Zählfeld B_41.1_1_I (veraltet),10.017052,53.64952,2025-12,1.3065841171568044,1.9757152689017796,0.2444696919067032,0.19421239056338968,True
7768,Zählfeld B_41.1_1_I (veraltet),10.017052,53.64952,2026-01,1.5742463714179382,1.489276626681207,0.2607730719437766,0.24227852783428888,True
7768,Zählfeld B_41.1_1_I (veraltet),10.017052,53.64952,2026-02,1.656570363466915,1.5475029036004646,0.2826812977099237,0.2053912213740458,True
7769,Zählfeld B_41.1_2_G (veraltet),10.017052,53.64952,2025-01,1.33167495854063,1.8455016486104572,0.25164525227201506,0.18144782199937323,True
7769,Zählfeld B_41.1_2_G (veraltet),10.017052,53.64952,2025-02,1.5868372943327238,1.3363515312916112,0.26625766871165646,0.2303680981595092,True
7769,Zählfeld B_41.1_2_G (veraltet),10.017052,53.64952,2025-03,1.4196313759108445,1.359357696566999,0.23787976729153198,0.2594268476621418,True
7769,Zählfeld B_41.1_2_G (veraltet),10.017052,53.64952,2025-04,1.270253164556962,1.8151735270379339,0.23322293881819767,0.21596653303120097,True
7769,Zählfeld B_41.1_2_G (veraltet),10.017052,53.64952,2025-05,1.207739854877721,1.7323174411587206,0.21785922047702153,0.24098312972658523,True
7769,Zählfeld B_41.1_2_G (veraltet),10.017052,53.64952,2025-06,1.2634625424171235,1.616341095946191,0.2273298868240883,0.23738996786363,True
7769,Zählfeld B_41.1_2_G (veraltet),10.017052,53.64952,2025-07,1.3348127600554784,1.4132808790612494,0.2471113849946079,0.19750423663534125,True
7769,Zählfeld B_41.1_2_G (veraltet),10.017052,53.64952,2025-08,1.2729427700643414,1.2668293123701093,0.21651978572662864,0.27319854847071023,True
7769,Zählfeld B_41.1_2_G (veraltet),10.017052,53.64952,2025-09,1.2688870836718116,1.4165375025271245,0.23652331920048456,0.20427013930950938,True
7769,Zählfeld B_41.1_2_G (veraltet),10.017052,53.64952,2025-10,1.1687477702461648,1.9121256750122728,0.22446043165467625,0.19938335046248715,True
7769,Zählfeld B_41.1_2_G (veraltet),10.017052,53.64952,2025-11,1.3188277087033748,1.507906976744186,0.2293259207783183,0.2490155200370628,True
7769,Zählfeld B_41.1_2_G (veraltet),10.017052,53.64952,2025-12,1.1210055389859395,1.863153028201572,0.2166501976284585,0.20355731225296442,True
7769,Zählfeld B_41.1_2_G (veraltet),10.017052,53.64952,2026-01,1.6428571428571428,1.360544217687075,0.2621082621082621,0.25925925925925924,True
7769,Zählfeld B_41.1_2_G (veraltet),10.017052,53.64952,2026-02,1.6266666666666665,1.3880000000000001,0.27293064876957496,0.22371364653243847,True
7770,Zählfeld B_41.3_1_I (veraltet),10.017859,53.648624,2025-01,1.9149214659685865,2.2039259162645104,0.32861635220125784,0.15655884995507638,True
7770,Zählfeld B_41.3_1_I (veraltet),10.017859,53.648624,2025-02,2.1732495511669656,1.6262433862433863,0.33716315019845416,0.1974096511385001,True
7770,Zählfeld B_41.3_1_I (veraltet),10.017859,53.648624,2025-03,2.022313564298297,1.670915750915751,0.3133615395113962,0.2217824484782312,True
7770,Zählfeld B_41.3_1_I (veraltet),10.017859,53.648624,2025-04,1.2687747035573125,1.951471347444502,0.23660103190481205,0.20395914499315573,True
7770,Zählfeld B_41.3_1_I (veraltet),10.017859,53.648624,2025-05,1.3219844357976653,1.8387133182844242,0.23544698544698545,0.23024948024948025,True
7770,Zählfeld B_41.3_1_I (veraltet),10.017859,53.648624,2025-06,1.270676691729323,1.8737040527803959,0.2348620210442724,0.2106412547151082,True
7770,Zählfeld B_41.3_1_I (veraltet),10.017859,53.648624,2025-07,1.3972744523029152,1.4904075949922164,0.25763358778625955,0.1892175572519084,True
7770,Zählfeld B_41.3_1_I (veraltet),10.017859,53.648624,2025-08,1.3746898263027296,1.5291872668921849,0.23961937716262977,0.2374567474048443,True
7770,Zählfeld B_41.3_1_I (veraltet),10.017859,53.648624,2025-09,1.3474439461883407,1.5261393152302243,0.2502998800479808,0.1924230307876849,True
7770,Zählfeld B_41.3_1_I (veraltet),10.017859,53.648624,2025-10,1.3015625,2.0580100171936904,0.24572271386430677,0.187905604719764,True
7770,Zählfeld B_41.3_1_I (veraltet),10.017859,53.648624,2025-11,1.930379746835443,1.87710843373494,0.30917384693360367,0.21033958438925493,True
7770,Zählfeld B_41.3_1_I (veraltet),10.017859,53.648624,2025-12,1.6825281511078825,2.1814397400751346,0.29493791786055396,0.17917860553963705,True
7770,Zählfeld B_41.3_1_I (veraltet),10.017859,53.648624,2026-01,2.155615696887686,1.4196288844176168,0.3130896226415094,0.2511792452830189,True
7770,Zählfeld B_41.3_1_I (veraltet),10.017859,53.648624,2026-02,1.9411764705882353,1.6810506566604129,0.3173458348359178,0.19221060223584566,True
7771,Zählfeld B_41.3_2_I (veraltet),10.017859,53.648624,2025-01,1.9009478672985785,2.2067861715749038,0.32721488007831623,0.15638766519823788,True
7771,Zählfeld B_41.3_2_I (veraltet),10.017859,53.648624,2025-02,1.9981078524124882,1.6892086330935252,0.32323232323232326,0.19146005509641872,True
7771,Zählfeld B_41.3_2_I (veraltet),10.017859,53.648624,2025-03,1.8562672387373582,1.7298748935612758,0.29973277909738716,0.21585510688836104,True
7771,Zählfeld B_41.3_2_I (veraltet),10.017859,53.648624,2025-04,1.1376306620209058,1.973684210526316,0.21937290033594625,0.20212765957446807,True
7771,Zählfeld B_41.3_2_I (veraltet),10.017859,53.648624,2025-05,1.2806088682991397,1.806933333333333,0.22935372033069606,0.23335407591785937,True
7771,Zählfeld B_41.3_2_I (veraltet),10.017859,53.648624,2025-06,1.2502726281352237,1.9361649279682067,0.23378874388254486,0.20524061990212072,True
7771,Zählfeld B_41.3_2_I (veraltet),10.017859,53.648624,2025-07,1.3056637168141594,1.53289224952741,0.24716051864508995,0.1849432103729018,True
7771,Zählfeld B_41.3_2_I (veraltet),10.017859,53.648624,2025-08,1.2771841609050911,1.5799493858977038,0.22944896115627822,0.2315943992773261,True
7771,Zählfeld B_41.3_2_I (veraltet),10.017859,53.648624,2025-09,1.1907103825136613,1.5728862226324156,0.23077737767422157,0.18777801313281084,True
7771,Zählfeld B_41.3_2_I (veraltet),10.017859,53.648624,2025-10,1.192058346839546,1.929000261028452,0.22806201550387598,0.19798449612403102,True
7771,Zählfeld B_41.3_2_I (veraltet),10.017859,53.648624,2025-11,2.001132502831257,1.8969072164948453,0.31666666666666665,0.2086021505376344,True
7771,Zählfeld B_41.3_2_I (veraltet),10.017859,53.648624,2025-12,1.7008980866848886,2.242901855577912,0.2984583761562179,0.1751284686536485,True
7771,Zählfeld B_41.3_2_I (veraltet),10.017859,53.648624,2026-01,1.7799442896935933,1.4113002714038982,0.2784313725490196,0.2522875816993464,True
7771,Zählfeld B_41.3_2_I (veraltet),10.017859,53.648624,2026-02,2.034802784222738,1.7535353535353535,0.3290806754221388,0.18574108818011256,True
8078,Zählfeld G_40.9_1_I (veraltet),10.041109,53.59975,2025-01,2.2379474068663257,2.003749068554397,0.35481629462346914,0.16954746807956222,True
8078,Zählfeld G_40.9_1_I (veraltet),10.041109,53.59975,2025-02,2.21285140562249,1.508675799086758,0.33553719008264465,0.20956937799043063,True
8078,Zählfeld G_40.9_1_I (veraltet),10.041109,53.59975,2025-03,2.0666757197175447,1.4652105275559013,0.3078463498998726,0.2452818739001153,True
8078,Zählfeld G_40.9_1_I (veraltet),10.041109,53.59975,2025-04,1.6477016674177558,1.7928292046936116,0.27720914363698396,0.2180711929944274,True
8078,Zählfeld G_40.9_1_I (veraltet),10.041109,53.59975,2025-05,2.1009701760689903,1.264011656143759,0.28699749668679136,0.3031954056839935,True
8078,Zählfeld G_40.9_1_I (veraltet),10.041109,53.59975,2025-06,2.184873949579832,1.554939516129032,0.3188619082658818,0.24331616384596516,True
8078,Zählfeld G_40.9_1_I (veraltet),10.041109,53.59975,2025-07,2.0019838242026555,1.541098064106633,0.3265382317801673,0.18413978494623656,True
8078,Zählfeld G_40.9_1_I (veraltet),10.041109,53.59975,2025-08,2.2552681171834847,1.7072396981232885,0.3355509673472509,0.2180928347480309,True
8078,Zählfeld G_40.9_1_I (veraltet),10.041109,53.59975,2025-09,2.2783222830786967,1.2560580336471678,0.33473095737246683,0.2245092433771679,True
8078,Zählfeld G_40.9_1_I (veraltet),10.041109,53.59975,2025-10,1.8037395570879193,1.9584468664850136,0.30204516687762306,0.19558990073945773,True
8078,Zählfeld G_40.9_1_I (veraltet),10.041109,53.59975,2025-11,2.356708347414667,1.6688250157927986,0.33852763416587783,0.2305395762033059,True
8078,Zählfeld G_40.9_1_I (veraltet),10.041109,53.59975,2025-12,2.015206611570248,1.8417554402258034,0.3192709560845314,0.20543640505931338,True
8078,Zählfeld G_40.9_1_I (veraltet),10.041109,53.59975,2026-01,2.021761658031088,1.6542072025942995,0.31261015862842495,0.22352187149495273,True
8078,Zählfeld G_40.9_1_I (veraltet),10.041109,53.59975,2026-02,2.199730820995962,1.5859605911330048,0.3378395138285998,0.20141386580677167,True
8079,Zählfeld G_40.9_2_G (veraltet),10.041109,53.59975,2025-01,,,0.5,0.08333333333333333,False
8079,Zählfeld G_40.9_2_G (veraltet),10.041109,53.59975,2025-02,,,0.14285714285714285,0.2857142857142857,False
8079,Zählfeld G_40.9_2_G (veraltet),10.041109,53.59975,2025-03,,,0.10526315789473684,0.3157894736842105,False
8079,Zählfeld G_40.9_2_G (veraltet),10.041109,53.59975,2025-04,,,0.035398230088495575,0.8761061946902655,False
8079,Zählfeld G_40.9_2_G (veraltet),10.041109,53.59975,2025-05,0.7105263157894737,1.0137254901960784,0.12413793103448276,0.35172413793103446,True
8079,Zählfeld G_40.9_2_G (veraltet),10.041109,53.59975,2025-06,0.7411764705882352,1.4722222222222223,0.14788732394366197,0.2535211267605634,True
8079,Zählfeld G_40.9_2_G (veraltet),10.041109,53.59975,2025-07,0.7317073170731708,1.2670807453416146,0.15384615384615385,0.2153846153846154,True
8079,Zählfeld G_40.9_2_G (veraltet),10.041109,53.59975,2025-08,,,0.2222222222222222,0.15555555555555556,False
8079,Zählfeld G_40.9_2_G (veraltet),10.041109,53.59975,2025-09,1.1785714285714286,1.1818181818181819,0.21568627450980393,0.23529411764705882,True
8079,Zählfeld G_40.9_2_G (veraltet),10.041109,53.59975,2025-10,,,0.2857142857142857,0.17857142857142858,False
8079,Zählfeld G_40.9_2_G (veraltet),10.041109,53.59975,2025-11,,,0.2692307692307692,0.3076923076923077,False
8079,Zählfeld G_40.9_2_G (veraltet),10.041109,53.59975,2025-12,,,0.09090909090909091,0.09090909090909091,False
8079,Zählfeld G_40.9_2_G (veraltet),10.041109,53.59975,2026-01,,,0.2727272727272727,0.2727272727272727,False
8079,Zählfeld G_40.9_2_G (veraltet),10.041109,53.59975,2026-02,,,0.2727272727272727,0.5454545454545454,False
8080,Zählfeld I_27.2_1_I (veraltet),9.9934,53.558292,2025-01,6.056524184476941,3.653569807895931,0.6014073887911535,0.10069531708134372,True
8080,Zählfeld I_27.2_1_I (veraltet),9.9934,53.558292,2025-02,6.234527687296416,2.2487831260140614,0.5731786997713165,0.15101274093433517,True
8080,Zählfeld I_27.2_1_I (veraltet),9.9934,53.558292,2025-03,4.602787456445993,1.9374889007281122,0.48596804708850116,0.19728820685305865,True
8080,Zählfeld I_27.2_1_I (veraltet),9.9934,53.558292,2025-04,2.4863157894736845,2.0323083778966136,0.3637043554773427,0.1974483062032556,True
8080,Zählfeld I_27.2_1_I (veraltet),9.9934,53.558292,2025-05,2.434326653514692,1.5065630397236613,0.3281545244593743,0.2674364896073903,True
8080,Zählfeld I_27.2_1_I (veraltet),9.9934,53.558292,2025-06,2.452187182095625,1.089329268292683,0.3082677920583157,0.31459812008440435,True
8080,Zählfeld I_27.2_1_I (veraltet),9.9934,53.558292,2025-07,2.599943374858437,1.5826206979326074,0.3806267097736881,0.18017905993533948,True
8080,Zählfeld I_27.2_1_I (veraltet),9.9934,53.558292,2025-08,2.3457765431027,1.666260776386927,0.3412776598969385,0.22226432252197637,True
8080,Zählfeld I_27.2_1_I (veraltet),9.9934,53.558292,2025-09,2.606921384276855,1.4849014621741896,0.3734846530822801,0.19671567363081421,True
8080,Zählfeld I_27.2_1_I (veraltet),9.9934,53.558292,2025-10,3.260071174377224,2.367065510503964,0.4335529304861427,0.167480690595184,True
8080,Zählfeld I_27.2_1_I (veraltet),9.9934,53.558292,2025-11,4.620212765957447,2.705060422960725,0.5117238128903028,0.15600329916342642,True
8080,Zählfeld I_27.2_1_I (veraltet),9.9934,53.558292,2025-12,3.926223776223776,3.3290478711336307,0.49592580324610797,0.12514077509108976,True
8080,Zählfeld I_27.2_1_I (veraltet),9.9934,53.558292,2026-01,5.4713302752293576,4.5213612437262825,0.5843233312921005,0.09528475199020209,True
8080,Zählfeld I_27.2_1_I (veraltet),9.9934,53.558292,2026-02,5.7084756286867435,3.4597594819611475,0.5875754961173425,0.10363340044099319,True
8081,Zählfeld I_27.2_2_G (veraltet),9.9934,53.558292,2025-01,,,0.5217391304347826,0.17391304347826086,False
8081,Zählfeld I_27.2_2_G (veraltet),9.9934,53.558292,2025-02,,,0.3448275862068966,0.13793103448275862,False
8081,Zählfeld I_27.2_2_G (veraltet),9.9934,53.558292,2025-03,,,0.5490196078431373,0.0196078431372549,False
8081,Zählfeld I_27.2_2_G (veraltet),9.9934,53.558292,2025-04,1.2000000000000002,0.38888888888888884,0.125,0.5625,True
8081,Zählfeld I_27.2_2_G (veraltet),9.9934,53.558292,2025-05,,,0.46296296296296297,0.16666666666666666,False
8081,Zählfeld I_27.2_2_G (veraltet),9.9934,53.558292,2025-06,3.142857142857143,0.7678571428571429,0.30985915492957744,0.39436619718309857,True
8081,Zählfeld I_27.2_2_G (veraltet),9.9934,53.558292,2025-07,,,0.2982456140350877,0.15789473684210525,False
8081,Zählfeld I_27.2_2_G (veraltet),9.9934,53.558292,2025-08,,,0.08256880733944955,0.7431192660550459,False
8081,Zählfeld I_27.2_2_G (veraltet),9.9934,53.558292,2025-09,1.6153846153846152,1.2121212121212122,0.2692307692307692,0.23076923076923078,True
8081,Zählfeld I_27.2_2_G (veraltet),9.9934,53.558292,2025-10,,,0.3673469387755102,0.16326530612244897,False
8081,Zählfeld I_27.2_2_G (veraltet),9.9934,53.558292,2025-11,3.857142857142857,2.4000000000000004,0.46551724137931033,0.1724137931034483,True
8081,Zählfeld I_27.2_2_G (veraltet),9.9934,53.558292,2025-12,1.7777777777777777,1.575091575091575,0.2857142857142857,0.23214285714285715,True
8081,Zählfeld I_27.2_2_G (veraltet),9.9934,53.558292,2026-01,,,0.3157894736842105,0.15789473684210525,False
8081,Zählfeld I_27.2_2_G (veraltet),9.9934,53.558292,2026-02,,,0.5416666666666666,0.20833333333333334,False
8082,Zählfeld B_28.1_1_I (veraltet),9.970655,53.567066,2025-01,3.621290566990782,2.6432868425474707,0.47361640984987363,0.1340236832978249,True
8082,Zählfeld B_28.1_1_I (veraltet),9.970655,53.567066,2025-02,3.59788072272789,1.8354875283446712,0.4477354567124816,0.17893188618958258,True
8082,Zählfeld B_28.1_1_I (veraltet),9.970655,53.567066,2025-03,3.1613967555677758,1.848424108947234,0.4079909161876375,0.2048470655028032,True
8082,Zählfeld B_28.1_1_I (veraltet),9.970655,53.567066,2025-04,2.370432827431141,1.8864025273134133,0.34890647839157174,0.20952039493642957,True
8082,Zählfeld B_28.1_1_I (veraltet),9.970655,53.567066,2025-05,2.440525121158211,1.7475386930352537,0.34119796222919774,0.23938661040498121,True
8082,Zählfeld B_28.1_1_I (veraltet),9.970655,53.567066,2025-06,2.4190580884054618,1.7832419465387253,0.3486429018136335,0.21898686679174484,True
8082,Zählfeld B_28.1_1_I (veraltet),9.970655,53.567066,2025-07,2.346751036903116,1.5777624788904776,0.3596293942208967,0.18063364787561728,True
8082,Zählfeld B_28.1_1_I (veraltet),9.970655,53.567066,2025-08,2.2536782736635605,1.599395313681028,0.3305548811739635,0.2294246176256373,True
8082,Zählfeld B_28.1_1_I (veraltet),9.970655,53.567066,2025-09,2.2836517518202752,1.6273359783796217,0.35327075812274367,0.18264259927797835,True
8082,Zählfeld B_28.1_1_I (veraltet),9.970655,53.567066,2025-10,2.606406318560772,2.2063699283020433,0.38237225290641536,0.17751342165231163,True
8082,Zählfeld B_28.1_1_I (veraltet),9.970655,53.567066,2025-11,3.441725978647687,2.309016981583353,0.4391842990335902,0.17799821192898804,True
8082,Zählfeld B_28.1_1_I (veraltet),9.970655,53.567066,2025-12,2.9166267369429804,2.410083000307408,0.411624486483745,0.16498453111528122,True
8082,Zählfeld B_28.1_1_I (veraltet),9.970655,53.567066,2026-01,3.1128575109507857,2.1666940654282425,0.41747874766742693,0.18017831225378395,True
8082,Zählfeld B_28.1_1_I (veraltet),9.970655,53.567066,2026-02,3.5214744673655733,1.9786071565986918,0.44917502426399225,0.1681656421869945,True
8083,Zählfeld B_28.1_2_G (veraltet),9.970655,53.567066,2025-01,2.2364729458917836,2.087801846590909,0.35712,0.16384,True
8083,Zählfeld B_28.1_2_G (veraltet),9.970655,53.567066,2025-02,2.27380073800738,1.50521327014218,0.3406301824212272,0.2099502487562189,True
8083,Zählfeld B_28.1_2_G (veraltet),9.970655,53.567066,2025-03,2.2082206598161167,1.6365861119608442,0.3284266409266409,0.22538610038610038,True
8083,Zählfeld B_28.1_2_G (veraltet),9.970655,53.567066,2025-04,1.5536075522589348,1.5006666666666666,0.2559146951016328,0.24991669443518827,True
8083,Zählfeld B_28.1_2_G (veraltet),9.970655,53.567066,2025-05,1.7221030042918455,1.5596327319587628,0.26961196035612295,0.26070888627582733,True
8083,Zählfeld B_28.1_2_G (veraltet),9.970655,53.567066,2025-06,1.6147834581569522,1.3877790834312573,0.2572362278244631,0.2648615001556178,True
8083,Zählfeld B_28.1_2_G (veraltet),9.970655,53.567066,2025-07,1.6118581907090466,1.3929659374134589,0.27966910594972955,0.19980909958638243,True
8083,Zählfeld B_28.1_2_G (veraltet),9.970655,53.567066,2025-08,1.593996247654784,1.3256025466120962,0.2552731206057328,0.2642870019830539,True
8083,Zählfeld B_28.1_2_G (veraltet),9.970655,53.567066,2025-09,1.492265383293228,1.3714285714285714,0.26256577753583743,0.20958083832335328,True
8083,Zählfeld B_28.1_2_G (veraltet),9.970655,53.567066,2025-10,1.5610738255033554,1.6698609268268712,0.26631554843141747,0.2218914586672773,True
8083,Zählfeld B_28.1_2_G (veraltet),9.970655,53.567066,2025-11,2.060022026431718,1.9143749999999997,0.32280610924152214,0.20709293295366296,True
8083,Zählfeld B_28.1_2_G (veraltet),9.970655,53.567066,2025-12,1.7657766990291262,2.1568627450980395,0.30350438047559447,0.18085106382978725,True
8083,Zählfeld B_28.1_2_G (veraltet),9.970655,53.567066,2026-01,2.145476772616137,1.6455547736335914,0.32338308457711445,0.2244333886124931,True
8083,Zählfeld B_28.1_2_G (veraltet),9.970655,53.567066,2026-02,2.0979342004590666,1.4375404530744336,0.3219443466009158,0.21768228249383587,True
8089,Zählfeld B_50.1_1_G (veraltet),9.985025,53.45697,2025-01,0.8929618768328446,2.2770154373927958,0.19444444444444445,0.15229885057471265,True
8089,Zählfeld B_50.1_1_G (veraltet),9.985025,53.45697,2025-02,1.2159468438538206,1.6669950738916255,0.23260247855100094,0.19351763584366063,True
8089,Zählfeld B_50.1_1_G (veraltet),9.985025,53.45697,2025-03,1.0433255269320845,1.349988271170537,0.1907514450867052,0.2607578676942839,True
8089,Zählfeld B_50.1_1_G (veraltet),9.985025,53.45697,2025-04,0.9863387978142077,1.565450643776824,0.18753246753246752,0.2420779220779221,True
8089,Zählfeld B_50.1_1_G (veraltet),9.985025,53.45697,2025-05,1.2436548223350254,1.5773584905660376,0.21729490022172948,0.25853658536585367,True
8089,Zählfeld B_50.1_1_G (veraltet),9.985025,53.45697,2025-06,1.0472972972972971,1.4105180533751962,0.19104354971240756,0.26170912078882497,True
8089,Zählfeld B_50.1_1_G (veraltet),9.985025,53.45697,2025-07,1.0934579439252337,1.2257871064467765,0.20807926829268292,0.22103658536585366,True
8089,Zählfeld B_50.1_1_G (veraltet),9.985025,53.45697,2025-08,1.2094967896072868,1.4124137931034482,0.19946808510638298,0.3191489361702128,True
8089,Zählfeld B_50.1_1_G (veraltet),9.985025,53.45697,2025-09,1.1448104412678681,1.0763830044788765,0.20645595158036315,0.25252185608607935,True
8089,Zählfeld B_50.1_1_G (veraltet),9.985025,53.45697,2025-10,1.1434634974533109,1.936904761904762,0.2215096201282684,0.1973359644795264,True
8089,Zählfeld B_50.1_1_G (veraltet),9.985025,53.45697,2025-11,1.3430232558139537,1.440972222222222,0.22957662492546213,0.25760286225402507,True
8089,Zählfeld B_50.1_1_G (veraltet),9.985025,53.45697,2025-12,1.1385767790262171,2.039497969730528,0.22303741746148203,0.1892883345561262,True
8089,Zählfeld B_50.1_1_G (veraltet),9.985025,53.45697,2026-01,1.3867924528301887,1.6493748337323757,0.2453066332916145,0.22403003754693368,True
8089,Zählfeld B_50.1_1_G (veraltet),9.985025,53.45697,2026-02,1.3494983277591972,1.5078260869565216,0.24521422060164083,0.2096627164995442,True
8090,Zählfeld B_50.1_2_I (veraltet),9.985025,53.45697,2025-01,1.7649490217690826,2.519230769230769,0.31865671641791044,0.13970149253731343,True
8090,Zählfeld B_50.1_2_I (veraltet),9.985025,53.45697,2025-02,1.7740066225165565,1.8454399999999997,0.30540116859056576,0.1781388057574462,True
8090,Zählfeld B_50.1_2_I (veraltet),9.985025,53.45697,2025-03,1.649497954629974,1.6875202461937153,0.27669130719565826,0.22008047160101057,True
8090,Zählfeld B_50.1_2_I (veraltet),9.985025,53.45697,2025-04,1.6344859241126073,1.920311905667554,0.2798208392267798,0.20658494420870657,True
8090,Zählfeld B_50.1_2_I (veraltet),9.985025,53.45697,2025-05,1.5968980575214575,1.6456336371655396,0.26036679678868674,0.2504971643220152,True
8090,Zählfeld B_50.1_2_I (veraltet),9.985025,53.45697,2025-06,1.559555998292301,1.554585152838428,0.2588026921714488,0.24335812964930925,True
8090,Zählfeld B_50.1_2_I (veraltet),9.985025,53.45697,2025-07,1.5724852071005915,1.370465818715881,0.2742871887498387,0.20242549348471164,True
8090,Zählfeld B_50.1_2_I (veraltet),9.985025,53.45697,2025-08,1.6843212949223483,1.2991196324529657,0.26144632930117145,0.2754276716054685,True
8090,Zählfeld B_50.1_2_I (veraltet),9.985025,53.45697,2025-09,1.189937361083047,1.537281067556297,0.22967122967122966,0.1912951912951913,True
8090,Zählfeld B_50.1_2_I (veraltet),9.985025,53.45697,2025-10,1.4025157232704402,1.7204301075268817,0.2495104895104895,0.21678321678321677,True
8090,Zählfeld B_50.1_2_I (veraltet),9.985025,53.45697,2025-11,1.686064318529862,2.142857142857143,0.2917329093799682,0.1891891891891892,True
8090,Zählfeld B_50.1_2_I (veraltet),9.985025,53.45697,2025-12,1.2557666214382632,2.572905131044666,0.2489911218724778,0.15617433414043583,True
8090,Zählfeld B_50.1_2_I (veraltet),9.985025,53.45697,2026-01,1.7147470398277718,2.139194139194139,0.29747899159663865,0.18207282913165265,True
8090,Zählfeld B_50.1_2_I (veraltet),9.985025,53.45697,2026-02,1.8905529953917053,1.7687499999999998,0.3152737752161383,0.1844380403458213,True
8091,Zählfeld B_31.1_1_G (veraltet),9.971326,53.58265,2025-01,2.1348362398979157,1.7912751013947967,0.3384584260570504,0.18591948209589318,True
8091,Zählfeld B_31.1_1_G (veraltet),9.971326,53.58265,2025-02,2.26890756302521,1.462390670553936,0.33813400125234816,0.2147777082028804,True
8091,Zählfeld B_31.1_1_G (veraltet),9.971326,53.58265,2025-03,2.0458257713248638,1.4896524010448062,0.3072363041700736,0.24223221586263288,True
8091,Zählfeld B_31.1_1_G (veraltet),9.971326,53.58265,2025-04,1.8148584905660377,1.680246913580247,0.2904869762174405,0.22933182332955832,True
8091,Zählfeld B_31.1_1_G (veraltet),9.971326,53.58265,2025-05,1.944420692603677,1.5101495726495726,0.28826773150789126,0.2669709070165431,True
8091,Zählfeld B_31.1_1_G (veraltet),9.971326,53.58265,2025-06,1.859234234234234,1.675077639751553,0.29466357308584684,0.22987685168659647,True
8091,Zählfeld B_31.1_1_G (veraltet),9.971326,53.58265,2025-07,1.8495634654130289,1.5692922048816265,0.31219180411494646,0.1814317292977385,True
8091,Zählfeld B_31.1_1_G (veraltet),9.971326,53.58265,2025-08,1.85181689476168,1.4277381993917426,0.2862144420131291,0.250109409190372,True
8091,Zählfeld B_31.1_1_G (veraltet),9.971326,53.58265,2025-09,1.9456671251719393,1.4184481100673128,0.31313299020421714,0.20405113730698987,True
8091,Zählfeld B_31.1_1_G (veraltet),9.971326,53.58265,2025-10,1.852471482889734,1.7403043691703486,0.2997416020671835,0.21483942414174972,True
8091,Zählfeld B_31.1_1_G (veraltet),9.971326,53.58265,2025-11,2.2393196202531644,1.7192367601246106,0.33111072117915424,0.22530268468152306,True
8091,Zählfeld B_31.1_1_G (veraltet),9.971326,53.58265,2025-12,1.968096809680968,1.993027053268017,0.3197497765862377,0.19285075960679177,True
8091,Zählfeld B_31.1_1_G (veraltet),9.971326,53.58265,2026-01,2.223098995695839,1.6871741397288844,0.3319408740359897,0.22011568123393316,True
8091,Zählfeld B_31.1_1_G (veraltet),9.971326,53.58265,2026-02,2.6243478260869564,1.5548076923076923,0.37112641416625675,0.20462370880472208,True
8092,Zählfeld B_31.1_2_I (veraltet),9.971326,53.58265,2025-01,2.1583283102270445,2.5313547623742854,0.36020387633290857,0.13912547783515525,True
8092,Zählfeld B_31.1_2_I (veraltet),9.971326,53.58265,2025-02,2.1958163053265918,1.8867383512544804,0.3486883352582082,0.17492163009404388,True
8092,Zählfeld B_31.1_2_I (veraltet),9.971326,53.58265,2025-03,2.125409694669657,1.8882385464528797,0.33116516597231554,0.20139766160462302,True
8092,Zählfeld B_31.1_2_I (veraltet),9.971326,53.58265,2025-04,1.6481496812650054,2.2413173652694613,0.28990825688073396,0.18239405854084753,True
8092,Zählfeld B_31.1_2_I (veraltet),9.971326,53.58265,2025-05,1.6626921038685745,1.876194630221964,0.27575750917360636,0.22669244797960933,True
8092,Zählfeld B_31.1_2_I (veraltet),9.971326,53.58265,2025-06,1.6512419050741862,2.0374340191748357,0.2850562513266822,0.1970494587136489,True
8092,Zählfeld B_31.1_2_I (veraltet),9.971326,53.58265,2025-07,1.675079608444392,1.7217565043652,0.29808176628609806,0.1680658159838818,True
8092,Zählfeld B_31.1_2_I (veraltet),9.971326,53.58265,2025-08,1.6913045593888374,1.7654976157514228,0.2839357921823306,0.21242494792304864,True
8092,Zählfeld B_31.1_2_I (veraltet),9.971326,53.58265,2025-09,1.6477323120338643,1.688722878330129,0.2917094895512162,0.17717968482356972,True
8092,Zählfeld B_31.1_2_I (veraltet),9.971326,53.58265,2025-10,1.7142857142857144,2.2150683864204614,0.29929466259606274,0.17693967786082745,True
8092,Zählfeld B_31.1_2_I (veraltet),9.971326,53.58265,2025-11,2.150108307476143,2.107142857142857,0.3374217910200932,0.1917808219178082,True
8092,Zählfeld B_31.1_2_I (veraltet),9.971326,53.58265,2025-12,1.8548377385754713,2.34672673616568,0.31761103550661884,0.16868736855128047,True
8092,Zählfeld B_31.1_2_I (veraltet),9.971326,53.58265,2026-01,2.2663789721459393,2.068731699799661,0.3498243914254572,0.1871139639094102,True
8092,Zählfeld B_31.1_2_I (veraltet),9.971326,53.58265,2026-02,2.2595837897042714,1.7955597102126666,0.3513432962915655,0.1821858900668455,True
8093,Zählfeld B_39.1_1_G (veraltet),10.034798,53.57565,2025-01,2.2280701754385968,1.8612074947952812,0.3493810178817056,0.18019257221458046,True
8093,Zählfeld B_39.1_1_G (veraltet),10.034798,53.57565,2025-02,2.2982456140350878,1.6895104895104895,0.3507362784471218,0.19143239625167335,True
8093,Zählfeld B_39.1_1_G (veraltet),10.034798,53.57565,2025-03,1.7718120805369129,1.6046039268788086,0.28633405639913234,0.22885032537960953,True
8093,Zählfeld B_39.1_1_G (veraltet),10.034798,53.57565,2025-04,1.6046511627906979,1.966887417218543,0.2778523489932886,0.20268456375838925,True
8093,Zählfeld B_39.1_1_G (veraltet),10.034798,53.57565,2025-05,1.7392405063291139,1.378313253012048,0.2623138602520046,0.2852233676975945,True
8093,Zählfeld B_39.1_1_G (veraltet),10.034798,53.57565,2025-06,1.6491712707182322,1.5497237569060773,0.26819407008086255,0.24393530997304583,True
8093,Zählfeld B_39.1_1_G (veraltet),10.034798,53.57565,2025-07,1.6855345911949684,1.4892553723138433,0.2916213275299238,0.1893362350380849,True
8093,Zählfeld B_39.1_1_G (veraltet),10.034798,53.57565,2025-08,1.5436046511627908,1.164766376033982,0.24114441416893734,0.2901907356948229,True
8093,Zählfeld B_39.1_1_G (veraltet),10.034798,53.57565,2025-09,1.918032786885246,1.2539184952978055,0.3023255813953488,0.2248062015503876,True
8093,Zählfeld B_39.1_1_G (veraltet),10.034798,53.57565,2025-10,2.211480362537764,1.3291724456773,0.31241997439180536,0.26376440460947503,True
8093,Zählfeld B_39.1_1_G (veraltet),10.034798,53.57565,2025-11,2.0668896321070234,1.426553672316384,0.3020527859237537,0.2595307917888563,True
8093,Zählfeld B_39.1_1_G (veraltet),10.034798,53.57565,2025-12,1.9523809523809523,1.5771913861085838,0.30280649926144754,0.23190546528803546,True
8093,Zählfeld B_39.1_1_G (veraltet),10.034798,53.57565,2026-01,2.009433962264151,1.7027417027417027,0.31346578366445915,0.2185430463576159,True
8093,Zählfeld B_39.1_1_G (veraltet),10.034798,53.57565,2026-02,1.8470588235294116,1.329032258064516,0.292910447761194,0.23134328358208955,True
8094,Zählfeld B_39.1_2_I (veraltet),10.034798,53.57565,2025-01,2.9327830188679247,2.9883747242179104,0.43481192866776563,0.12041060992057545,True
8094,Zählfeld B_39.1_2_I (veraltet),10.034798,53.57565,2025-02,2.811857436600411,2.3505197505197506,0.41345427059712775,0.145427059712774,True
8094,Zählfeld B_39.1_2_I (veraltet),10.034798,53.57565,2025-03,2.614664082687338,2.0596215594971508,0.37823567890851323,0.18778618820670964,True
8094,Zählfeld B_39.1_2_I (veraltet),10.034798,53.57565,2025-04,1.6593370092340398,2.236796785304248,0.29106799510575077,0.1826953329837441,True
8094,Zählfeld B_39.1_2_I (veraltet),10.034798,53.57565,2025-05,1.7038255861785274,1.795902341519132,0.27729798486978646,0.2344513623886992,True
8094,Zählfeld B_39.1_2_I (veraltet),10.034798,53.57565,2025-06,1.6844579829150386,1.8127306273062729,0.2818441696582901,0.21619465496609494,True
8094,Zählfeld B_39.1_2_I (veraltet),10.034798,53.57565,2025-07,1.7216333622936575,1.7125345643902092,0.3030710877278845,0.16881805946408907,True
8094,Zählfeld B_39.1_2_I (veraltet),10.034798,53.57565,2025-08,1.7335400448607994,1.867056986729118,0.2918013125895326,0.2032181763667255,True
8094,Zählfeld B_39.1_2_I (veraltet),10.034798,53.57565,2025-09,1.6489963973237263,1.6048502615010496,0.2891761998240032,0.184728897312665,True
8094,Zählfeld B_39.1_2_I (veraltet),10.034798,53.57565,2025-10,1.8428290766208253,2.213541666666667,0.31315877331044023,0.17704011065006917,True
8094,Zählfeld B_39.1_2_I (veraltet),10.034798,53.57565,2025-11,2.635828135828136,2.2533942920476586,0.382761396799839,0.18159404246754554,True
8094,Zählfeld B_39.1_2_I (veraltet),10.034798,53.57565,2025-12,2.403118336886994,2.61401880004642,0.37622832822181884,0.15409651373849909,True
8094,Zählfeld B_39.1_2_I (veraltet),10.034798,53.57565,2026-01,2.6999999999999997,2.5459913695207814,0.3990480961923848,0.15756513026052105,True
8094,Zählfeld B_39.1_2_I (veraltet),10.034798,53.57565,2026-02,2.715049342105263,2.319399249061327,0.4051914580265096,0.14709131075110457,True
8095,Zählfeld B_39.7_1_G (veraltet),10.03613,53.574802,2025-01,1.9990654205607477,1.6354463921728495,0.31987438313144906,0.20008972633467922,True
8095,Zählfeld B_39.7_1_G (veraltet),10.03613,53.574802,2025-02,2.273542600896861,1.1003508771929824,0.3161833489242282,0.2666043030869972,True
8095,Zählfeld B_39.7_1_G (veraltet),10.03613,53.574802,2025-03,1.8433734939759037,1.2694202349374764,0.2767727930535456,0.2727930535455861,True
8095,Zählfeld B_39.7_1_G (veraltet),10.03613,53.574802,2025-04,1.668,1.5274869109947644,0.26920593931568754,0.24661071659134925,True
8095,Zählfeld B_39.7_1_G (veraltet),10.03613,53.574802,2025-05,1.6485753052917234,1.225560975609756,0.24478694469628287,0.309761257177395,True
8095,Zählfeld B_39.7_1_G (veraltet),10.03613,53.574802,2025-06,1.6688102893890673,1.4069767441860466,0.26371951219512196,0.2621951219512195,True
8095,Zählfeld B_39.7_1_G (veraltet),10.03613,53.574802,2025-07,1.6432681242807827,1.2729961549837328,0.27795620437956203,0.2145985401459854,True
8095,Zählfeld B_39.7_1_G (veraltet),10.03613,53.574802,2025-08,1.6873489121676066,1.1441553077240811,0.2541879096868172,0.29388201019664967,True
8095,Zählfeld B_39.7_1_G (veraltet),10.03613,53.574802,2025-09,1.6031468531468533,1.2973638827297362,0.2720261050133492,0.21892613467813704,True
8095,Zählfeld B_39.7_1_G (veraltet),10.03613,53.574802,2025-10,1.7357357357357357,2.048983304099266,0.29740159506045794,0.18857730897864677,True
8095,Zählfeld B_39.7_1_G (veraltet),10.03613,53.574802,2025-11,2.4384146341463415,1.846583850931677,0.3528321863419799,0.2130757014293277,True
8095,Zählfeld B_39.7_1_G (veraltet),10.03613,53.574802,2025-12,1.907114624505929,1.947909311994979,0.3122977346278317,0.19644012944983819,True
8095,Zählfeld B_39.7_1_G (veraltet),10.03613,53.574802,2026-01,2.288915094339623,1.7448646125116714,0.3399894902785076,0.21439831844456123,True
8095,Zählfeld B_39.7_1_G (veraltet),10.03613,53.574802,2026-02,2.3504854368932038,1.6776255707762557,0.3547252747252747,0.19252747252747252,True
8096,Zählfeld B_39.7_2_I (veraltet),10.03613,53.574802,2025-01,2.6879791696803124,2.365220355295344,0.40288799271497333,0.14745674515415635,True
8096,Zählfeld B_39.7_2_I (veraltet),10.03613,53.574802,2025-02,2.810015408320493,1.8634544106745736,0.3981790790594092,0.17672103229187136,True
8096,Zählfeld B_39.7_2_I (veraltet),10.03613,53.574802,2025-03,2.649555099247091,1.7865800865800867,0.37028888463745935,0.21044576238760282,True
8096,Zählfeld B_39.7_2_I (veraltet),10.03613,53.574802,2025-04,1.7298514816639685,2.1147092145015107,0.29579346452428235,0.19122585304206535,True
8096,Zählfeld B_39.7_2_I (veraltet),10.03613,53.574802,2025-05,1.7650663942798774,1.7282765588914548,0.2809951913025298,0.24141055125792737,True
8096,Zählfeld B_39.7_2_I (veraltet),10.03613,53.574802,2025-06,1.773076923076923,1.9092307692307693,0.2943805874840358,0.20753512132822477,True
8096,Zählfeld B_39.7_2_I (veraltet),10.03613,53.574802,2025-07,1.821786995924822,1.7696003750146492,0.3157595116860116,0.16426831968120434,True
8096,Zählfeld B_39.7_2_I (veraltet),10.03613,53.574802,2025-08,1.763068767486379,1.7604271264480418,0.29134576778479393,0.21290652261196483,True
8096,Zählfeld B_39.7_2_I (veraltet),10.03613,53.574802,2025-09,1.7760554762390375,1.652809147374365,0.30480590850222267,0.18033532850292275,True
8096,Zählfeld B_39.7_2_I (veraltet),10.03613,53.574802,2025-10,1.9449785407725322,2.2013205860100418,0.3233720083914886,0.1778481825576915,True
8096,Zählfeld B_39.7_2_I (veraltet),10.03613,53.574802,2025-11,2.825312330255296,2.0251529571719917,0.3889711491003724,0.19800780724188988,True
8096,Zählfeld B_39.7_2_I (veraltet),10.03613,53.574802,2025-12,2.4217349164041675,2.3933063791554354,0.37254682694995805,0.1659491193737769,True
8096,Zählfeld B_39.7_2_I (veraltet),10.03613,53.574802,2026-01,2.665529905561385,2.0688565106187315,0.38245257452574527,0.1871047877145438,True
8096,Zählfeld B_39.7_2_I (veraltet),10.03613,53.574802,2026-02,2.719452773613193,2.069786368260427,0.3984677485789604,0.16195732762171514,True
8097,Zählfeld B_11.2_1_I (veraltet),10.027118,53.533474,2025-01,2.5420240137221266,3.2636363636363637,0.4075907590759076,0.11138613861386139,True
8097,Zählfeld B_11.2_1_I (veraltet),10.027118,53.533474,2025-02,2.6310009413241295,2.0752818733738074,0.3917309039943938,0.16159775753328662,True
8097,Zählfeld B_11.2_1_I (veraltet),10.027118,53.533474,2025-03,2.4812593703148424,1.7985045257772532,0.3579152249134948,0.2093425605536332,True
8097,Zählfeld B_11.2_1_I (veraltet),10.027118,53.533474,2025-04,1.371367824238129,1.7477048622917377,0.24393011118674834,0.22244913395355873,True
8097,Zählfeld B_11.2_1_I (veraltet),10.027118,53.533474,2025-05,1.3280334728033472,1.323993483825925,0.21678847073287344,0.29349088177037086,True
8097,Zählfeld B_11.2_1_I (veraltet),10.027118,53.533474,2025-06,1.32183908045977,1.4386571216983461,0.22696886738396893,0.2579104857706755,True
8097,Zählfeld B_11.2_1_I (veraltet),10.027118,53.533474,2025-07,1.2901000344946534,1.429581309807753,0.24186768414925952,0.19569294444803725,True
8097,Zählfeld B_11.2_1_I (veraltet),10.027118,53.533474,2025-08,1.324627627014895,1.2994537328256912,0.22415579034597058,0.26817899316345556,True
8097,Zählfeld B_11.2_1_I (veraltet),10.027118,53.533474,2025-09,1.5294117647058822,1.260196905766526,0.2620472440944882,0.22393700787401574,True
8097,Zählfeld B_11.2_1_I (veraltet),10.027118,53.533474,2025-10,1.4915254237288134,2.400645949033046,0.27710843373493976,0.16552573932092005,True
8097,Zählfeld B_11.2_1_I (veraltet),10.027118,53.533474,2025-11,2.1779556650246303,1.7070645554202193,0.3253311258278146,0.22654525386313465,True
8097,Zählfeld B_11.2_1_I (veraltet),10.027118,53.533474,2025-12,2.1424914675767917,2.339038304808476,0.34615384615384615,0.16914805624483042,True
8097,Zählfeld B_11.2_1_I (veraltet),10.027118,53.533474,2026-01,2.487520798668885,2.190343361891479,0.3723536737235367,0.17858032378580324,True
8097,Zählfeld B_11.2_1_I (veraltet),10.027118,53.533474,2026-02,2.2747784045124897,2.3181938911022577,0.3677936290795388,0.14715653703341802,True
8098,Zählfeld B_11.2_2_G (veraltet),10.027118,53.533474,2025-01,1.717472118959108,1.5047430830039525,0.2862453531598513,0.2137546468401487,True
8098,Zählfeld B_11.2_2_G (veraltet),10.027118,53.533474,2025-02,1.5381818181818183,0.8946236559139785,0.23421926910299004,0.3089700996677741,True
8098,Zählfeld B_11.2_2_G (veraltet),10.027118,53.533474,2025-03,1.416867469879518,0.8608058608058606,0.2065331928345627,0.3561643835616438,True
8098,Zählfeld B_11.2_2_G (veraltet),10.027118,53.533474,2025-04,1.5996978851963748,0.8934859154929577,0.2229943145925458,0.35881238155401135,True
8098,Zählfeld B_11.2_2_G (veraltet),10.027118,53.533474,2025-05,1.6384505021520803,1.0559085510688835,0.2322554403091316,0.3424852552369331,True
8098,Zählfeld B_11.2_2_G (veraltet),10.027118,53.533474,2025-06,1.4186666666666667,0.775749063670412,0.19522935779816514,0.39192660550458713,True
8098,Zählfeld B_11.2_2_G (veraltet),10.027118,53.533474,2025-07,1.453583061889251,0.7330485046494095,0.22135416666666666,0.32180059523809523,True
8098,Zählfeld B_11.2_2_G (veraltet),10.027118,53.533474,2025-08,1.3163793103448276,0.8304722097825545,0.19383092155369383,0.36443259710586445,True
8098,Zählfeld B_11.2_2_G (veraltet),10.027118,53.533474,2025-09,1.7637130801687764,0.7775482093663911,0.25226312613156304,0.31864815932407964,True
8098,Zählfeld B_11.2_2_G (veraltet),10.027118,53.533474,2025-10,1.5185185185185186,0.9351346172271726,0.22267481330617786,0.33740665308893414,True
8098,Zählfeld B_11.2_2_G (veraltet),10.027118,53.533474,2025-11,1.8836363636363636,1.0443234836702955,0.2608257804632427,0.32376636455186303,True
8098,Zählfeld B_11.2_2_G (veraltet),10.027118,53.533474,2025-12,1.742251223491028,1.1365235749472202,0.2589090909090909,0.2952727272727273,True
8098,Zählfeld B_11.2_2_G (veraltet),10.027118,53.533474,2026-01,2.0447368421052627,1.252204585537919,0.29365079365079366,0.2755102040816326,True
8098,Zählfeld B_11.2_2_G (veraltet),10.027118,53.533474,2026-02,1.839323467230444,1.3155172413793104,0.2914572864321608,0.23316582914572864,True
8099,Zählfeld G_40.7_1_I (veraltet),10.040752,53.598457,2025-01,2.8500541320822808,2.465725295340466,0.41785714285714287,0.1423015873015873,True
8099,Zählfeld G_40.7_1_I (veraltet),10.040752,53.598457,2025-02,2.869226488592098,1.7838477801268497,0.3993184634448575,0.1831629491945477,True
8099,Zählfeld G_40.7_1_I (veraltet),10.040752,53.598457,2025-03,2.4523748395378693,1.6419641407464105,0.3486640385457731,0.2248138414367061,True
8099,Zählfeld G_40.7_1_I (veraltet),10.040752,53.598457,2025-04,1.557059341715384,1.9733666250520183,0.2726087322284849,0.2021536131908808,True
8099,Zählfeld G_40.7_1_I (veraltet),10.040752,53.598457,2025-05,1.6083172956237972,1.4927409816676522,0.2550354271156755,0.2692460791338269,True
8099,Zählfeld G_40.7_1_I (veraltet),10.040752,53.598457,2025-06,1.7032213845099382,1.612312030075188,0.2764182424916574,0.2367074527252503,True
8099,Zählfeld G_40.7_1_I (veraltet),10.040752,53.598457,2025-07,1.7304378283712782,1.6139388561748809,0.3009502923976608,0.17730263157894738,True
8099,Zählfeld G_40.7_1_I (veraltet),10.040752,53.598457,2025-08,1.750350631136045,1.5275821175871318,0.28090244677470605,0.23764696536383859,True
8099,Zählfeld G_40.7_1_I (veraltet),10.040752,53.598457,2025-09,1.625163122745068,1.4071816430197934,0.2792197515233046,0.2053493708949909,True
8099,Zählfeld G_40.7_1_I (veraltet),10.040752,53.598457,2025-10,1.8447673148350447,2.1019778469763537,0.3104456210015442,0.18470108096183543,True
8099,Zählfeld G_40.7_1_I (veraltet),10.040752,53.598457,2025-11,2.745315161839864,2.069653267873581,0.3848587975401517,0.1945787808227357,True
8099,Zählfeld G_40.7_1_I (veraltet),10.040752,53.598457,2025-12,2.6575410652065705,2.2172801935194397,0.3866879119287318,0.17679437966249004,True
8099,Zählfeld G_40.7_1_I (veraltet),10.040752,53.598457,2026-01,2.402493938344302,2.029274004683841,0.3601807135067768,0.19006075712727838,True
8099,Zählfeld G_40.7_1_I (veraltet),10.040752,53.598457,2026-02,2.554520950747366,2.0574540503744045,0.3850415512465374,0.16277008310249308,True
8100,Zählfeld G_40.7_2_G (veraltet),10.040752,53.598457,2025-01,1.1842105263157896,1.1719901719901717,0.2097902097902098,0.25874125874125875,True
8100,Zählfeld G_40.7_2_G (veraltet),10.040752,53.598457,2025-02,1.92,0.7627906976744185,0.256,0.344,True
8100,Zählfeld G_40.7_2_G (veraltet),10.040752,53.598457,2025-03,1.2947368421052632,1.0279667422524565,0.20603015075376885,0.3165829145728643,True
8100,Zählfeld G_40.7_2_G (veraltet),10.040752,53.598457,2025-04,1.153846153846154,0.1615798922800718,0.06784260515603799,0.7557666214382632,True
8100,Zählfeld G_40.7_2_G (veraltet),10.040752,53.598457,2025-05,1.717741935483871,1.1289473684210527,0.24482758620689654,0.3275862068965517,True
8100,Zählfeld G_40.7_2_G (veraltet),10.040752,53.598457,2025-06,1.38,1.2443181818181819,0.2247557003257329,0.28664495114006516,True
8100,Zählfeld G_40.7_2_G (veraltet),10.040752,53.598457,2025-07,1.1043956043956042,1.603864734299517,0.22112211221122113,0.1782178217821782,True
8100,Zählfeld G_40.7_2_G (veraltet),10.040752,53.598457,2025-08,1.658385093167702,1.352813852813853,0.26331360946745563,0.2603550295857988,True
8100,Zählfeld G_40.7_2_G (veraltet),10.040752,53.598457,2025-09,1.0546874999999998,0.9389416553595659,0.1875,0.2791666666666667,True
8100,Zählfeld G_40.7_2_G (veraltet),10.040752,53.598457,2025-10,1.3770491803278688,2.290862290862291,0.26046511627906976,0.17209302325581396,True
8100,Zählfeld G_40.7_2_G (veraltet),10.040752,53.598457,2025-11,1.5769230769230769,1.9193548387096773,0.2733333333333333,0.20666666666666667,True
8100,Zählfeld G_40.7_2_G (veraltet),10.040752,53.598457,2025-12,1.5789473684210527,1.7818740399385558,0.272108843537415,0.2108843537414966,True
8100,Zählfeld G_40.7_2_G (veraltet),10.040752,53.598457,2026-01,,,0.21428571428571427,0.35714285714285715,False
8100,Zählfeld G_40.7_2_G (veraltet),10.040752,53.598457,2026-02,2.9117647058823533,0.9571428571428571,0.3473684210526316,0.29473684210526313,True
8101,Zählfeld B_34.2_1_G (veraltet),9.932345,53.628548,2025-01,1.3617021276595744,1.7115027829313543,0.25196850393700787,0.19291338582677164,True
8101,Zählfeld B_34.2_1_G (veraltet),9.932345,53.628548,2025-02,1.1206896551724137,1.4707692307692306,0.2138157894736842,0.2138157894736842,True
8101,Zählfeld B_34.2_1_G (veraltet),9.932345,53.628548,2025-03,1.011904761904762,0.8104858104858105,0.1588785046728972,0.37009345794392523,True
8101,Zählfeld B_34.2_1_G (veraltet),9.932345,53.628548,2025-04,1.2523364485981308,1.6727941176470589,0.22673434856175972,0.23011844331641285,True
8101,Zählfeld B_34.2_1_G (veraltet),9.932345,53.628548,2025-05,1.6644295302013423,1.0032808398950133,0.23048327137546468,0.354089219330855,True
8101,Zählfeld B_34.2_1_G (veraltet),9.932345,53.628548,2025-06,1.6004618937644344,1.371900826446281,0.25496688741721857,0.2671081677704194,True
8101,Zählfeld B_34.2_1_G (veraltet),9.932345,53.628548,2025-07,1.4234404536862006,1.2332015810276682,0.251,0.22,True
8101,Zählfeld B_34.2_1_G (veraltet),9.932345,53.628548,2025-08,1.3743455497382198,1.0826044703595725,0.21820448877805487,0.3054862842892768,True
8101,Zählfeld B_34.2_1_G (veraltet),9.932345,53.628548,2025-09,1.0695652173913044,1.5087040618955514,0.21177685950413222,0.19421487603305784,True
8101,Zählfeld B_34.2_1_G (veraltet),9.932345,53.628548,2025-10,1.3523316062176165,1.0796221322537114,0.21561338289962825,0.30607187112763323,True
8101,Zählfeld B_34.2_1_G (veraltet),9.932345,53.628548,2025-11,1.647058823529412,1.4905660377358492,0.26540284360189575,0.25118483412322273,True
8101,Zählfeld B_34.2_1_G (veraltet),9.932345,53.628548,2025-12,1.5636363636363637,1.5129596142254371,0.2606060606060606,0.23939393939393938,True
8101,Zählfeld B_34.2_1_G (veraltet),9.932345,53.628548,2026-01,2.203125,1.3909774436090225,0.31543624161073824,0.2550335570469799,True
8101,Zählfeld B_34.2_1_G (veraltet),9.932345,53.628548,2026-02,2.3703703703703702,0.9666666666666666,0.3121951219512195,0.2926829268292683,True
8102,Zählfeld B_34.2_2_I (veraltet),9.932345,53.628548,2025-01,1.9434560077991714,3.8202536413862385,0.35511022044088175,0.09672678690714763,True
8102,Zählfeld B_34.2_2_I (veraltet),9.932345,53.628548,2025-02,1.935380507343124,2.559086188992731,0.339135317237507,0.13517686692869174,True
8102,Zählfeld B_34.2_2_I (veraltet),9.932345,53.628548,2025-03,1.7464263517712864,2.167262614223282,0.3016639828234031,0.18013955984970478,True
8102,Zählfeld B_34.2_2_I (veraltet),9.932345,53.628548,2025-04,1.1659186535764374,2.550489438433797,0.2339976355345381,0.16390812362776558,True
8102,Zählfeld B_34.2_2_I (veraltet),9.932345,53.628548,2025-05,1.2046132119880746,1.8517150395778366,0.22088908070781182,0.22900302114803625,True
8102,Zählfeld B_34.2_2_I (veraltet),9.932345,53.628548,2025-06,1.2032155272305909,1.9565129449838186,0.2279950596953479,0.20354055166735283,True
8102,Zählfeld B_34.2_2_I (veraltet),9.932345,53.628548,2025-07,1.2744691237490848,1.6976879453249962,0.24745859102864862,0.17004336390132935,True
8102,Zählfeld B_34.2_2_I (veraltet),9.932345,53.628548,2025-08,1.3676800958514301,1.8146011834761344,0.24804432855280312,0.2078715775749674,True
8102,Zählfeld B_34.2_2_I (veraltet),9.932345,53.628548,2025-09,1.1920377695546764,1.9501380108627908,0.23966751327637958,0.15716154852612946,True
8102,Zählfeld B_34.2_2_I (veraltet),9.932345,53.628548,2025-10,1.3336974330966684,2.629486032408788,0.2605633802816901,0.1533290653008963,True
8102,Zählfeld B_34.2_2_I (veraltet),9.932345,53.628548,2025-11,1.8411195719283804,2.8997781065088755,0.32437724355487874,0.14706842162514958,True
8102,Zählfeld B_34.2_2_I (veraltet),9.932345,53.628548,2025-12,1.7400414460050655,3.330906266686083,0.3211781206171108,0.12507968889455565,True
8102,Zählfeld B_34.2_2_I (veraltet),9.932345,53.628548,2026-01,1.9154929577464788,3.0991230991230987,0.33778329711269794,0.1331884507916796,True
8102,Zählfeld B_34.2_2_I (veraltet),9.932345,53.628548,2026-02,1.9177927927927927,2.916193656093489,0.34293193717277487,0.12062021747885622,True
8103,Zählfeld H_2.5_1_G (veraltet),9.968303,53.557278,2025-01,2.6834170854271355,1.6107286968905767,0.37652035959809627,0.2025383395029085,True
8103,Zählfeld H_2.5_1_G (veraltet),9.968303,53.557278,2025-02,2.74609375,1.3464530892448512,0.36844863731656186,0.2290356394129979,True
8103,Zählfeld H_2.5_1_G (veraltet),9.968303,53.557278,2025-03,1.9266453802303616,1.1327442048549579,0.27165586328815555,0.29846788450206246,True
8103,Zählfeld H_2.5_1_G (veraltet),9.968303,53.557278,2025-04,2.663824604141291,1.8235294117647058,0.3691139240506329,0.21518987341772153,True
8103,Zählfeld H_2.5_1_G (veraltet),9.968303,53.557278,2025-05,3.0459183673469385,1.5139372822299653,0.3695450324976787,0.26648096564531104,True
8103,Zählfeld H_2.5_1_G (veraltet),9.968303,53.557278,2025-06,2.9898218829516536,1.74888558692422,0.38817310868847044,0.22233234225305584,True
8103,Zählfeld H_2.5_1_G (veraltet),9.968303,53.557278,2025-07,2.9688747007182763,1.5028257101951623,0.40390879478827363,0.18794788273615634,True
8103,Zählfeld H_2.5_1_G (veraltet),9.968303,53.557278,2025-08,2.6497220015885627,1.4184015314668579,0.3511209346384591,0.25134196400378905,True
8103,Zählfeld H_2.5_1_G (veraltet),9.968303,53.557278,2025-09,2.463330029732408,1.3748597081930414,0.3565741338497956,0.2091672046481601,True
8103,Zählfeld H_2.5_1_G (veraltet),9.968303,53.557278,2025-10,2.777188328912467,1.8389057750759878,0.38183807439824946,0.20568927789934355,True
8103,Zählfeld H_2.5_1_G (veraltet),9.968303,53.557278,2025-11,3.379008746355685,1.7504000000000002,0.41201564166370425,0.22218272307145395,True
8103,Zählfeld H_2.5_1_G (veraltet),9.968303,53.557278,2025-12,2.6744868035190614,1.9276748356246265,0.3779527559055118,0.19809365934521342,True
8103,Zählfeld H_2.5_1_G (veraltet),9.968303,53.557278,2026-01,2.493827160493827,1.8670023075309419,0.36168307967770813,0.20322291853178157,True
8103,Zählfeld H_2.5_1_G (veraltet),9.968303,53.557278,2026-02,3.4210526315789473,1.4626702997275205,0.41837331772966646,0.2147454651843183,True
8104,Zählfeld H_2.5_2_I (veraltet),9.968303,53.557278,2025-01,4.017444945608914,2.519928543072648,0.492534764576726,0.1396682117589656,True
8104,Zählfeld H_2.5_2_I (veraltet),9.968303,53.557278,2025-02,4.104544528224985,1.679893988676063,0.4666265088154206,0.19231749415008226,True
8104,Zählfeld H_2.5_2_I (veraltet),9.968303,53.557278,2025-03,4.025309407741079,1.7932320586694603,0.4484905417104124,0.21182148054005268,True
8104,Zählfeld H_2.5_2_I (veraltet),9.968303,53.557278,2025-04,3.084896347482725,2.112888482632541,0.40996151827881755,0.19135910442539794,True
8104,Zählfeld H_2.5_2_I (veraltet),9.968303,53.557278,2025-05,2.9186297094448985,1.7183818770226538,0.3735608405974919,0.2424635840954161,True
8104,Zählfeld H_2.5_2_I (veraltet),9.968303,53.557278,2025-06,2.9922691330132736,1.9690631959910911,0.39823258305027415,0.20250595481388564,True
8104,Zählfeld H_2.5_2_I (veraltet),9.968303,53.557278,2025-07,2.873065015479876,1.6018730868509687,0.401921411134735,0.17839987400582724,True
8104,Zählfeld H_2.5_2_I (veraltet),9.968303,53.557278,2025-08,2.6737239936887685,1.6471249932091485,0.3655614586939181,0.2242674171846545,True
8104,Zählfeld H_2.5_2_I (veraltet),9.968303,53.557278,2025-09,3.013278566622995,1.601896002829855,0.40839656190160817,0.18500655081561254,True
8104,Zählfeld H_2.5_2_I (veraltet),9.968303,53.557278,2025-10,3.021226098249071,2.0615142608767645,0.4076087941565621,0.18764613125985535,True
8104,Zählfeld H_2.5_2_I (veraltet),9.968303,53.557278,2025-11,4.0224500027853605,2.0441720179023157,0.46022792458602624,0.19652759187731844,True
8104,Zählfeld H_2.5_2_I (veraltet),9.968303,53.557278,2025-12,3.3444248190986268,2.3134505110944903,0.4371606676050674,0.17069955537681256,True
8104,Zählfeld H_2.5_2_I (veraltet),9.968303,53.557278,2026-01,3.7843999999999998,2.56728120364484,0.4705326503207838,0.15646292336002388,True
8104,Zählfeld H_2.5_2_I (veraltet),9.968303,53.557278,2026-02,4.133064109035841,1.9264621676891616,0.4798002883161633,0.17193488273970675,True
8111,Zählfeld D_41.6_1_I (veraltet),10.017726,53.65035,2025-01,1.9115421002838222,2.646474086661003,0.33708708708708707,0.1338838838838839,True
8111,Zählfeld D_41.6_1_I (veraltet),10.017726,53.65035,2025-02,1.8885542168674698,1.8790159189580318,0.31851663703327404,0.17551435102870205,True
8111,Zählfeld D_41.6_1_I (veraltet),10.017726,53.65035,2025-03,1.6909500563274502,1.906593406593407,0.28843197540353577,0.19984627209838585,True
8111,Zählfeld D_41.6_1_I (veraltet),10.017726,53.65035,2025-04,1.1313462995705987,2.082505729564553,0.22082532169797367,0.193610412660849,True
8111,Zählfeld D_41.6_1_I (veraltet),10.017726,53.65035,2025-05,1.2967082860385926,1.7578267477203648,0.22986840516720994,0.23831944947482797,True
8111,Zählfeld D_41.6_1_I (veraltet),10.017726,53.65035,2025-06,1.2890459363957598,1.824714371617559,0.23590274185204346,0.21508018623900674,True
8111,Zählfeld D_41.6_1_I (veraltet),10.017726,53.65035,2025-07,1.3091517857142856,1.329923273657289,0.2408228627740823,0.2073170731707317,True
8111,Zählfeld D_41.6_1_I (veraltet),10.017726,53.65035,2025-08,1.2738287560581583,1.4934936630253761,0.22599598738893667,0.2417598165663514,True
8111,Zählfeld D_41.6_1_I (veraltet),10.017726,53.65035,2025-09,1.1884498480243162,1.5983761055531391,0.23115577889447236,0.18533845699083654,True
8111,Zählfeld D_41.6_1_I (veraltet),10.017726,53.65035,2025-10,1.4293304994686502,2.551107846737667,0.27193691872219977,0.15729882733522038,True
8111,Zählfeld D_41.6_1_I (veraltet),10.017726,53.65035,2025-11,2.0541611624834877,2.056989247311828,0.32695542472666106,0.19554247266610597,True
8111,Zählfeld D_41.6_1_I (veraltet),10.017726,53.65035,2025-12,1.8354653727393029,2.5180897250361793,0.3192174913693901,0.15903337169159953,True
8111,Zählfeld D_41.6_1_I (veraltet),10.017726,53.65035,2026-01,1.9596774193548387,1.774891774891775,0.31153846153846154,0.21153846153846154,True
8111,Zählfeld D_41.6_1_I (veraltet),10.017726,53.65035,2026-02,1.960479887085392,2.2051764705882353,0.3345375722543353,0.15354046242774566,True
8112,Zählfeld D_41.6_2_G (veraltet),10.017726,53.65035,2025-01,,,0.2903225806451613,0.3225806451612903,False
8112,Zählfeld D_41.6_2_G (veraltet),10.017726,53.65035,2025-02,,,0.36363636363636365,0.18181818181818182,False
8112,Zählfeld D_41.6_2_G (veraltet),10.017726,53.65035,2025-03,,,0.25,0.2,False
8112,Zählfeld D_41.6_2_G (veraltet),10.017726,53.65035,2025-04,,,0.1956521739130435,0.2391304347826087,False
8112,Zählfeld D_41.6_2_G (veraltet),10.017726,53.65035,2025-05,0.9428571428571427,1.204761904761905,0.16417910447761194,0.31343283582089554,True
8112,Zählfeld D_41.6_2_G (veraltet),10.017726,53.65035,2025-06,0.7692307692307692,1.1136363636363638,0.14084507042253522,0.30985915492957744,True
8112,Zählfeld D_41.6_2_G (veraltet),10.017726,53.65035,2025-07,1.8529411764705883,0.9565217391304347,0.28,0.26666666666666666,True
8112,Zählfeld D_41.6_2_G (veraltet),10.017726,53.65035,2025-08,1.4210526315789473,1.2698412698412698,0.23376623376623376,0.2727272727272727,True
8112,Zählfeld D_41.6_2_G (veraltet),10.017726,53.65035,2025-09,0.9375,0.9545454545454546,0.1724137931034483,0.27586206896551724,True
8112,Zählfeld D_41.6_2_G (veraltet),10.017726,53.65035,2025-10,,,0.275,0.225,False
8112,Zählfeld D_41.6_2_G (veraltet),10.017726,53.65035,2025-11,,,0.19047619047619047,0.2857142857142857,False
8112,Zählfeld D_41.6_2_G (veraltet),10.017726,53.65035,2025-12,,,0.1956521739130435,0.30434782608695654,False
8112,Zählfeld D_41.6_2_G (veraltet),10.017726,53.65035,2026-01,,,0.375,0.3125,False
8112,Zählfeld D_41.6_2_G (veraltet),10.017726,53.65035,2026-02,,,0.34146341463414637,0.14634146341463414,False
8113,Zählfeld B_16.5_1_G (veraltet),10.014733,53.492153,2025-01,1.6318681318681318,1.679173197492163,0.2920353982300885,0.1710914454277286,True
8113,Zählfeld B_16.5_1_G (veraltet),10.014733,53.492153,2025-02,1.534629404617254,1.2565656565656567,0.25670731707317074,0.24146341463414633,True
8113,Zählfeld B_16.5_1_G (veraltet),10.014733,53.492153,2025-03,1.3620253164556961,1.3561589925226287,0.23109965635738833,0.2598797250859107,True
8113,Zählfeld B_16.5_1_G (veraltet),10.014733,53.492153,2025-04,1.4109848484848484,1.434113300492611,0.23718560967844635,0.25851639605221266,True
8113,Zählfeld B_16.5_1_G (veraltet),10.014733,53.492153,2025-05,1.2992125984251968,1.3121722846441948,0.2129424778761062,0.29535398230088494,True
8113,Zählfeld B_16.5_1_G (veraltet),10.014733,53.492153,2025-06,1.2968750000000002,1.4117043121149897,0.22287862513426424,0.261546723952739,True
8113,Zählfeld B_16.5_1_G (veraltet),10.014733,53.492153,2025-07,1.4181532004197273,1.258180188256387,0.2514652525816355,0.21657828635221882,True
8113,Zählfeld B_16.5_1_G (veraltet),10.014733,53.492153,2025-08,1.446958981612447,1.2491805232731392,0.23557858376511226,0.275993091537133,True
8113,Zählfeld B_16.5_1_G (veraltet),10.014733,53.492153,2025-09,1.4417293233082706,1.2275324675324675,0.2504080966372837,0.22853411687887693,True
8113,Zählfeld B_16.5_1_G (veraltet),10.014733,53.492153,2025-10,1.2921751615218953,1.5381646986185074,0.22988505747126436,0.2363984674329502,True
8113,Zählfeld B_16.5_1_G (veraltet),10.014733,53.492153,2025-11,1.3902439024390245,1.4862385321100917,0.2369515011547344,0.2517321016166282,True
8113,Zählfeld B_16.5_1_G (veraltet),10.014733,53.492153,2025-12,1.3245614035087718,1.5178571428571428,0.23314462171899125,0.23880597014925373,True
8113,Zählfeld B_16.5_1_G (veraltet),10.014733,53.492153,2026-01,1.3905109489051095,0.9314750290360047,0.20957095709570958,0.33828382838283827,True
8113,Zählfeld B_16.5_1_G (veraltet),10.014733,53.492153,2026-02,1.5051020408163267,0.8987277353689568,0.23119122257053293,0.30799373040752354,True
8114,Zählfeld B_16.5_2_I (veraltet),10.014733,53.492153,2025-01,1.6787469287469288,2.060876623376623,0.3071476736345246,0.14396493594066082,True
8114,Zählfeld B_16.5_2_I (veraltet),10.014733,53.492153,2025-02,1.6627974463145674,1.5615160349854227,0.2838882282996433,0.20392390011890607,True
8114,Zählfeld B_16.5_2_I (veraltet),10.014733,53.492153,2025-03,1.627730717788676,1.3428028097954747,0.2596543631320674,0.2617879240452315,True
8114,Zählfeld B_16.5_2_I (veraltet),10.014733,53.492153,2025-04,1.5957654723127033,1.569759679572764,0.26334462183518786,0.24157393968714724,True
8114,Zählfeld B_16.5_2_I (veraltet),10.014733,53.492153,2025-05,1.6391959798994977,1.308659793814433,0.2487797437461867,0.29591214154972545,True
8114,Zählfeld B_16.5_2_I (veraltet),10.014733,53.492153,2025-06,1.6315948145914985,1.470706490522688,0.2628971145438648,0.25371611774992714,True
8114,Zählfeld B_16.5_2_I (veraltet),10.014733,53.492153,2025-07,1.7623152709359604,1.4427926825002624,0.2981715893108298,0.1942491014220972,True
8114,Zählfeld B_16.5_2_I (veraltet),10.014733,53.492153,2025-08,1.655961461260538,1.472761904761905,0.2687646598905395,0.24433150899139952,True
8114,Zählfeld B_16.5_2_I (veraltet),10.014733,53.492153,2025-09,1.5369551484523056,1.4282944291147737,0.2700183119693691,0.20292991509905112,True
8114,Zählfeld B_16.5_2_I (veraltet),10.014733,53.492153,2025-10,1.5604790419161676,1.702660406885759,0.26739175046172786,0.21855120049250976,True
8114,Zählfeld B_16.5_2_I (veraltet),10.014733,53.492153,2025-11,1.9508278976417461,1.5354808590102706,0.29724770642201837,0.24564220183486238,True
8114,Zählfeld B_16.5_2_I (veraltet),10.014733,53.492153,2025-12,1.8827916888652103,1.836820586820587,0.3062126332206914,0.20587470756433585,True
8114,Zählfeld B_16.5_2_I (veraltet),10.014733,53.492153,2026-01,1.7888888888888888,1.255278869957769,0.2708158116063919,0.2750210260723297,True
8114,Zählfeld B_16.5_2_I (veraltet),10.014733,53.492153,2026-02,1.8877917414721723,1.0852017937219731,0.2822061191626409,0.2693236714975845,True
8115,Zählfeld B_46.7_1_I (veraltet),10.093248,53.656044,2025-01,1.7058212058212057,2.521724598930481,0.3118941726536663,0.13958262059527882,True
8115,Zählfeld B_46.7_1_I (veraltet),10.093248,53.656044,2025-02,1.6302484062431304,1.5786396852164137,0.2809090909090909,0.2021590909090909,True
8115,Zählfeld B_46.7_1_I (veraltet),10.093248,53.656044,2025-03,1.6316354710033754,1.6010373410974814,0.27152267156862747,0.22924325980392157,True
8115,Zählfeld B_46.7_1_I (veraltet),10.093248,53.656044,2025-04,1.3666237113402062,1.9997049277072882,0.25036888390485745,0.2000236085699109,True
8115,Zählfeld B_46.7_1_I (veraltet),10.093248,53.656044,2025-05,1.5466340269277847,1.6417791706846674,0.25480943738656986,0.25093768905021174,True
8115,Zählfeld B_46.7_1_I (veraltet),10.093248,53.656044,2025-06,1.5093663274745606,2.0477315689981097,0.26902862796018057,0.19625301428306435,True
8115,Zählfeld B_46.7_1_I (veraltet),10.093248,53.656044,2025-07,1.5912508544087491,1.4511477180664327,0.2795724750810616,0.19334694367719465,True
8115,Zählfeld B_46.7_1_I (veraltet),10.093248,53.656044,2025-08,1.5942268565615463,1.6446119600693732,0.2690920798454604,0.22453316162266582,True
8115,Zählfeld B_46.7_1_I (veraltet),10.093248,53.656044,2025-09,1.4012339728140364,1.5232089682956733,0.257015542942019,0.1927218715187523,True
8115,Zählfeld B_46.7_1_I (veraltet),10.093248,53.656044,2025-10,1.4943109911530963,2.178532894467283,0.2675358340957609,0.18923452272034158,True
8115,Zählfeld B_46.7_1_I (veraltet),10.093248,53.656044,2025-11,1.989014703396992,1.8721461187214614,0.3146454924606994,0.2107795957651588,True
8115,Zählfeld B_46.7_1_I (veraltet),10.093248,53.656044,2025-12,1.4977665276950567,2.523558897243108,0.2801403626033921,0.158743420502966,True
8115,Zählfeld B_46.7_1_I (veraltet),10.093248,53.656044,2026-01,1.9916117435590175,1.6106954352995766,0.3079488604780434,0.2281823235130628,True
8115,Zählfeld B_46.7_1_I (veraltet),10.093248,53.656044,2026-02,2.071541501976285,1.7142284569138275,0.33118483412322275,0.18919431279620852,True
8116,Zählfeld B_46.7_2_G (veraltet),10.093248,53.656044,2025-01,1.2698412698412698,2.0331723703548183,0.24758220502901354,0.16750483558994197,True
8116,Zählfeld B_46.7_2_G (veraltet),10.093248,53.656044,2025-02,1.2814710042432815,1.3103896103896102,0.22930903568716782,0.23386484434320426,True
8116,Zählfeld B_46.7_2_G (veraltet),10.093248,53.656044,2025-03,1.2582752613240418,1.3625151553158577,0.2189631650750341,0.258981355161437,True
8116,Zählfeld B_46.7_2_G (veraltet),10.093248,53.656044,2025-04,1.08248350329934,1.8148,0.20787973043027475,0.21600138240884742,True
8116,Zählfeld B_46.7_2_G (veraltet),10.093248,53.656044,2025-05,1.192250922509225,1.5125998547567174,0.20855925639039505,0.2666537567776917,True
8116,Zählfeld B_46.7_2_G (veraltet),10.093248,53.656044,2025-06,1.3411249086924761,1.971144278606965,0.2464264143346084,0.2023354137306221,True
8116,Zählfeld B_46.7_2_G (veraltet),10.093248,53.656044,2025-07,1.3870402802101576,1.1673423738291626,0.24358737774497138,0.22956264993541245,True
8116,Zählfeld B_46.7_2_G (veraltet),10.093248,53.656044,2025-08,1.4011627906976745,1.4895710350255804,0.24124124124124124,0.24224224224224225,True
8116,Zählfeld B_46.7_2_G (veraltet),10.093248,53.656044,2025-09,1.2313736114874017,1.3173910292908204,0.22805961162125546,0.21631792864669577,True
8116,Zählfeld B_46.7_2_G (veraltet),10.093248,53.656044,2025-10,1.3007050697554803,2.1844689199147562,0.24339915686709562,0.18881739516307966,True
8116,Zählfeld B_46.7_2_G (veraltet),10.093248,53.656044,2025-11,1.4786666666666668,1.6041069723018149,0.2517022242396732,0.23763050385837495,True
8116,Zählfeld B_46.7_2_G (veraltet),10.093248,53.656044,2025-12,1.143181818181818,2.4180925852235045,0.2305224564619615,0.16452795600366635,True
8116,Zählfeld B_46.7_2_G (veraltet),10.093248,53.656044,2026-01,1.449378330373002,1.4050143025408044,0.24329159212880144,0.25313059033989266,True
8116,Zählfeld B_46.7_2_G (veraltet),10.093248,53.656044,2026-02,1.7780244173140956,1.4243176178660049,0.29053318824809576,0.2192600652883569,True
8117,Zählfeld B_46.2_1_G (veraltet),10.094338,53.656216,2025-01,1.8898026315789473,2.1005652378709376,0.3234797297297297,0.16300675675675674,True
8117,Zählfeld B_46.2_1_G (veraltet),10.094338,53.656216,2025-02,2.0153061224489797,1.7021645021645022,0.32537067545304776,0.1902800658978583,True
8117,Zählfeld B_46.2_1_G (veraltet),10.094338,53.656216,2025-03,1.6559405940594059,1.6405023547880693,0.27564894932014833,0.2249690976514215,True
8117,Zählfeld B_46.2_1_G (veraltet),10.094338,53.656216,2025-04,1.2408236347358996,1.930317848410758,0.2323943661971831,0.20573440643863178,True
8117,Zählfeld B_46.2_1_G (veraltet),10.094338,53.656216,2025-05,1.247282608695652,1.7946764091858038,0.2247796278158668,0.2345739471106758,True
8117,Zählfeld B_46.2_1_G (veraltet),10.094338,53.656216,2025-06,1.3951296150824823,1.7898272552783108,0.24811399832355407,0.21835708298407377,True
8117,Zählfeld B_46.2_1_G (veraltet),10.094338,53.656216,2025-07,1.3802356020942408,1.509727626459144,0.25610200364298724,0.1872495446265938,True
8117,Zählfeld B_46.2_1_G (veraltet),10.094338,53.656216,2025-08,1.3264781491002569,1.7730720606826802,0.24168618266978922,0.2117096018735363,True
8117,Zählfeld B_46.2_1_G (veraltet),10.094338,53.656216,2025-09,1.207989854153456,1.7150610583446404,0.23685192092502796,0.17493472584856398,True
8117,Zählfeld B_46.2_1_G (veraltet),10.094338,53.656216,2025-10,1.3651644275737163,2.465854862596676,0.2572614107883817,0.17095435684647303,True
8117,Zählfeld B_46.2_1_G (veraltet),10.094338,53.656216,2025-11,2.140690817186184,2.2400881057268722,0.3404340836012862,0.182475884244373,True
8117,Zählfeld B_46.2_1_G (veraltet),10.094338,53.656216,2025-12,1.6968911917098446,2.624113475177305,0.3057889822595705,0.15359477124183007,True
8117,Zählfeld B_46.2_1_G (veraltet),10.094338,53.656216,2026-01,1.778501628664495,1.5840621963070942,0.2861635220125786,0.23113207547169812,True
8117,Zählfeld B_46.2_1_G (veraltet),10.094338,53.656216,2026-02,1.6134453781512605,2.152941176470588,0.29493087557603687,0.15668202764976957,True
8118,Zählfeld B_46.2_2_I (veraltet),10.094338,53.656216,2025-01,1.6391293593865939,2.717998261037581,0.3071041290143195,0.13082163214236062,True
8118,Zählfeld B_46.2_2_I (veraltet),10.094338,53.656216,2025-02,1.703043022035677,1.8261268143621086,0.2970487302676733,0.17968428277282086,True
8118,Zählfeld B_46.2_2_I (veraltet),10.094338,53.656216,2025-03,1.8468190240889437,1.787023752590467,0.30086536526464075,0.21040450794928556,True
8118,Zählfeld B_46.2_2_I (veraltet),10.094338,53.656216,2025-04,1.3441156228492772,2.2879512831665942,0.2539199625555816,0.1793431624931742,True
8118,Zählfeld B_46.2_2_I (veraltet),10.094338,53.656216,2025-05,1.3794358507734303,1.8440613026819923,0.24261822837480995,0.22973513643274385,True
8118,Zählfeld B_46.2_2_I (veraltet),10.094338,53.656216,2025-06,1.355314960629921,1.9466440422322775,0.24759189334977266,0.20436156276489173,True
8118,Zählfeld B_46.2_2_I (veraltet),10.094338,53.656216,2025-07,1.3814997994920464,1.7529279640622495,0.26309760195509396,0.16557201771803878,True
8118,Zählfeld B_46.2_2_I (veraltet),10.094338,53.656216,2025-08,1.4840703756538278,1.590111965466073,0.2546923453566182,0.23045536151460747,True
8118,Zählfeld B_46.2_2_I (veraltet),10.094338,53.656216,2025-09,1.2991548042704626,1.7662337662337662,0.25059527640131285,0.17073170731707318,True
8118,Zählfeld B_46.2_2_I (veraltet),10.094338,53.656216,2025-10,1.4357591302671393,2.4031889648307305,0.2651098901098901,0.17463369963369962,True
8118,Zählfeld B_46.2_2_I (veraltet),10.094338,53.656216,2025-11,1.8321651827997727,2.2423523206751055,0.31002981055870754,0.18232522357919032,True
8118,Zählfeld B_46.2_2_I (veraltet),10.094338,53.656216,2025-12,1.504079254079254,2.6497308786725635,0.2830664619434086,0.15233603860495723,True
8118,Zählfeld B_46.2_2_I (veraltet),10.094338,53.656216,2026-01,1.891970802919708,1.981023321805445,0.3118007939372068,0.19379285456513895,True
8118,Zählfeld B_46.2_2_I (veraltet),10.094338,53.656216,2026-02,2.0,2.314102564102564,0.3410486537553141,0.1473783656117147,True
8381,Zählfeld J_2.3_1_I (veraltet),9.967125,53.55829,2025-01,2.5029641185647424,1.6360853432282005,0.36385902843924345,0.20002721458701864,True
8381,Zählfeld J_2.3_1_I (veraltet),9.967125,53.55829,2025-02,2.586377097729516,1.0733048838311996,0.3372811534500515,0.2714984552008239,True
8381,Zählfeld J_2.3_1_I (veraltet),9.967125,53.55829,2025-03,2.509090909090909,1.1378029472658628,0.32107149594416146,0.29503867194868894,True
8381,Zählfeld J_2.3_1_I (veraltet),9.967125,53.55829,2025-04,2.1510557661072007,1.3848617176128093,0.30681905938682524,0.2652714495327825,True
8381,Zählfeld J_2.3_1_I (veraltet),9.967125,53.55829,2025-05,2.0819057815845823,1.1904126766985865,0.2802075077455148,0.3160170041069241,True
8381,Zählfeld J_2.3_1_I (veraltet),9.967125,53.55829,2025-06,2.2183018867924527,1.4266480965645312,0.31477911646586343,0.25951807228915663,True
8381,Zählfeld J_2.3_1_I (veraltet),9.967125,53.55829,2025-07,2.17148104858908,1.2403994893744836,0.3279370602920039,0.2190029502988123,True
8381,Zählfeld J_2.3_1_I (veraltet),9.967125,53.55829,2025-08,2.0112107623318387,1.137057387057387,0.282876064333018,0.29517502365184484,True
8381,Zählfeld J_2.3_1_I (veraltet),9.967125,53.55829,2025-09,2.025674570727719,0.8779379941293682,0.2850141506177953,0.29288327466004005,True
8381,Zählfeld J_2.3_1_I (veraltet),9.967125,53.55829,2025-10,2.017394993635978,1.4786473864851177,0.30413508586779237,0.24359589369663245,True
8381,Zählfeld J_2.3_1_I (veraltet),9.967125,53.55829,2025-11,2.4422341239479723,1.3231026785714286,0.32568105295378025,0.27425772880318333,True
8381,Zählfeld J_2.3_1_I (veraltet),9.967125,53.55829,2025-12,2.131179165661924,1.6845980287376796,0.3238074302044405,0.22037810507803912,True
8381,Zählfeld J_2.3_1_I (veraltet),9.967125,53.55829,2026-01,2.6713709677419355,1.6640047323277138,0.3662244333886125,0.22249861802100607,True
8381,Zählfeld J_2.3_1_I (veraltet),9.967125,53.55829,2026-02,2.4526498696785404,1.109814323607427,0.3306394940267042,0.2649332396345748,True
8382,Zählfeld J_2.3_2_G (veraltet),9.967125,53.55829,2025-01,2.04,1.6441222570532916,0.3241154242528341,0.1992442459635864,True
8382,Zählfeld J_2.3_2_G (veraltet),9.967125,53.55829,2025-02,1.838709677419355,0.9877854487519916,0.27047298331547526,0.28822899127506507,True
8382,Zählfeld J_2.3_2_G (veraltet),9.967125,53.55829,2025-03,1.924132138857783,1.0275689223057645,0.267016317016317,0.31666666666666665,True
8382,Zählfeld J_2.3_2_G (veraltet),9.967125,53.55829,2025-04,1.8085465958474165,1.2588168373151307,0.2691893057352307,0.28428201811125486,True
8382,Zählfeld J_2.3_2_G (veraltet),9.967125,53.55829,2025-05,1.7403357070193286,1.1008859536082474,0.24482129440807127,0.3331544488569282,True
8382,Zählfeld J_2.3_2_G (veraltet),9.967125,53.55829,2025-06,1.67746601099219,1.154670094258783,0.2502589331952356,0.30217503883997926,True
8382,Zählfeld J_2.3_2_G (veraltet),9.967125,53.55829,2025-07,1.6288050885960925,1.2381733661471153,0.2747126436781609,0.2193103448275862,True
8382,Zählfeld J_2.3_2_G (veraltet),9.967125,53.55829,2025-08,1.6472898664571878,1.1484479645914623,0.2505675707969889,0.2931055084239455,True
8382,Zählfeld J_2.3_2_G (veraltet),9.967125,53.55829,2025-09,1.706040546131568,0.9654952890247007,0.2633394003257017,0.2735894242743558,True
8382,Zählfeld J_2.3_2_G (veraltet),9.967125,53.55829,2025-10,1.538726333907057,1.3597339314718848,0.2510883302906895,0.25937368347142253,True
8382,Zählfeld J_2.3_2_G (veraltet),9.967125,53.55829,2025-11,1.803474114441417,1.362608695652174,0.27466542172424524,0.2684407096171802,True
8382,Zählfeld J_2.3_2_G (veraltet),9.967125,53.55829,2025-12,1.6069073783359498,1.6287046287046287,0.2698940041132732,0.22623002689447871,True
8382,Zählfeld J_2.3_2_G (veraltet),9.967125,53.55829,2026-01,1.7905236907730675,1.8480038480038479,0.29718543046357615,0.2048841059602649,True
8382,Zählfeld J_2.3_2_G (veraltet),9.967125,53.55829,2026-02,1.7698511166253101,0.9362557077625571,0.25997813012575177,0.2993439037725533,True
8383,Zählfeld B_39.4_1_G (veraltet),10.035141,53.574554,2025-01,2.383561643835616,2.1266233766233764,0.3713188220230474,0.1613316261203585,True
8383,Zählfeld B_39.4_1_G (veraltet),10.035141,53.574554,2025-02,2.483679525222552,1.7985401459854018,0.3705179282868526,0.18193891102257637,True
8383,Zählfeld B_39.4_1_G (veraltet),10.035141,53.574554,2025-03,2.237956204379562,1.7470055506865323,0.335742444152431,0.21419185282522996,True
8383,Zählfeld B_39.4_1_G (veraltet),10.035141,53.574554,2025-04,2.1597300337457814,2.19683908045977,0.3409696323921151,0.18540223761321256,True
8383,Zählfeld B_39.4_1_G (veraltet),10.035141,53.574554,2025-05,2.0658682634730536,1.8204225352112677,0.31318082788671026,0.23202614379084968,True
8383,Zählfeld B_39.4_1_G (veraltet),10.035141,53.574554,2025-06,2.014247551202137,2.1525229357798166,0.3259835711197579,0.18849978383052313,True
8383,Zählfeld B_39.4_1_G (veraltet),10.035141,53.574554,2025-07,1.96763202725724,1.7562958780350084,0.33061399742378705,0.16530699871189353,True
8383,Zählfeld B_39.4_1_G (veraltet),10.035141,53.574554,2025-08,1.8139534883720931,1.1468461730241835,0.26625704045058884,0.29339477726574503,True
8383,Zählfeld B_39.4_1_G (veraltet),10.035141,53.574554,2025-09,2.1301229508196724,1.5134890047608254,0.3347826086956522,0.193719806763285,True
8383,Zählfeld B_39.4_1_G (veraltet),10.035141,53.574554,2025-10,2.1448818897637794,1.7285714285714284,0.32685385169186465,0.2159827213822894,True
8383,Zählfeld B_39.4_1_G (veraltet),10.035141,53.574554,2025-11,2.448742746615087,1.6473684210526316,0.34477124183006536,0.23284313725490197,True
8383,Zählfeld B_39.4_1_G (veraltet),10.035141,53.574554,2025-12,2.3610547667342803,1.8812726884475763,0.35144927536231885,0.20199275362318841,True
8383,Zählfeld B_39.4_1_G (veraltet),10.035141,53.574554,2026-01,2.963265306122449,1.4677516576250753,0.3751937984496124,0.24496124031007752,True
8383,Zählfeld B_39.4_1_G (veraltet),10.035141,53.574554,2026-02,2.6925,1.4457142857142857,0.37048503611971106,0.21671826625386997,True
8384,Zählfeld B_39.4_2_I (veraltet),10.035141,53.574554,2025-01,2.2128395061728394,2.9011512504962287,0.3720370293494956,0.12358337830545062,True
8384,Zählfeld B_39.4_2_I (veraltet),10.035141,53.574554,2025-02,2.2245176711627113,2.067392956675956,0.3567585328787941,0.1621144288824085,True
8384,Zählfeld B_39.4_2_I (veraltet),10.035141,53.574554,2025-03,2.1065733414485694,2.1817855582600014,0.3386164186551613,0.17915529335798774,True
8384,Zählfeld B_39.4_2_I (veraltet),10.035141,53.574554,2025-04,1.4994855967078191,2.3466130114017436,0.2747213910421035,0.1756473387837806,True
8384,Zählfeld B_39.4_2_I (veraltet),10.035141,53.574554,2025-05,1.515294330901346,1.8676157857069828,0.259245476112946,0.2274968600269805,True
8384,Zählfeld B_39.4_2_I (veraltet),10.035141,53.574554,2025-06,1.4947209653092006,1.901318587834964,0.26330705871933396,0.20821893543530245,True
8384,Zählfeld B_39.4_2_I (veraltet),10.035141,53.574554,2025-07,1.4754909481436025,1.8259813270581606,0.2769307187284036,0.16000777470628888,True
8384,Zählfeld B_39.4_2_I (veraltet),10.035141,53.574554,2025-08,1.5044824048882743,1.7362669100999006,0.2621101216839946,0.21523147932304537,True
8384,Zählfeld B_39.4_2_I (veraltet),10.035141,53.574554,2025-09,1.4508380625577406,1.6285886756006278,0.26647113007223544,0.18252775488437484,True
8384,Zählfeld B_39.4_2_I (veraltet),10.035141,53.574554,2025-10,1.5318961466165413,2.2181109357345545,0.2782828606184775,0.176739868109354,True
8384,Zählfeld B_39.4_2_I (veraltet),10.035141,53.574554,2025-11,2.0590356016223526,2.259207083920306,0.33324824039969364,0.18121148025236133,True
8384,Zählfeld B_39.4_2_I (veraltet),10.035141,53.574554,2025-12,1.896810506566604,2.5797581982127693,0.3269968685220306,0.15582410796983195,True
8384,Zählfeld B_39.4_2_I (veraltet),10.035141,53.574554,2026-01,2.1482142857142854,2.235923685435086,0.3440091507006005,0.17557906777237633,True
8384,Zählfeld B_39.4_2_I (veraltet),10.035141,53.574554,2026-02,2.076923076923077,2.0517371285056507,0.3423478795328826,0.1631496278085092,True
8385,Zählfeld B_9.5_1_G (veraltet),10.108677,53.53713,2025-01,1.1653846153846152,1.622877122877123,0.2234513274336283,0.2013274336283186,True
8385,Zählfeld B_9.5_1_G (veraltet),10.108677,53.53713,2025-02,1.3343848580441642,1.4539682539682541,0.24143835616438356,0.21575342465753425,True
8385,Zählfeld B_9.5_1_G (veraltet),10.108677,53.53713,2025-03,0.9547511312217195,1.3005952380952381,0.17671691792294808,0.26800670016750416,True
8385,Zählfeld B_9.5_1_G (veraltet),10.108677,53.53713,2025-04,1.468746795576064,1.7934822469053306,0.2529313232830821,0.2319932998324958,True
8385,Zählfeld B_9.5_1_G (veraltet),10.108677,53.53713,2025-05,1.838479809976247,1.2448333333333332,0.2635342185903984,0.30643513789581206,True
8385,Zählfeld B_9.5_1_G (veraltet),10.108677,53.53713,2025-06,1.7882096069868996,1.3844696969696968,0.2743718592964824,0.26532663316582916,True
8385,Zählfeld B_9.5_1_G (veraltet),10.108677,53.53713,2025-07,1.7314285714285715,1.352112676056338,0.2910662824207493,0.20461095100864554,True
8385,Zählfeld B_9.5_1_G (veraltet),10.108677,53.53713,2025-08,1.7289719626168223,1.3768707482993199,0.27165932452276065,0.25697503671071953,True
8385,Zählfeld B_9.5_1_G (veraltet),10.108677,53.53713,2025-09,1.6846153846153846,1.1534090909090908,0.27340823970037453,0.2397003745318352,True
8385,Zählfeld B_9.5_1_G (veraltet),10.108677,53.53713,2025-10,1.4235033259423504,1.5447154471544715,0.24597701149425288,0.23563218390804597,True
8385,Zählfeld B_9.5_1_G (veraltet),10.108677,53.53713,2025-11,1.4320557491289196,1.029126213592233,0.21746031746031746,0.326984126984127,True
8385,Zählfeld B_9.5_1_G (veraltet),10.108677,53.53713,2025-12,1.0846153846153848,1.46583850931677,0.20042643923240938,0.24520255863539445,True
8385,Zählfeld B_9.5_1_G (veraltet),10.108677,53.53713,2026-01,1.5365853658536586,1.2133072407045011,0.24324324324324326,0.28185328185328185,True
8385,Zählfeld B_9.5_1_G (veraltet),10.108677,53.53713,2026-02,1.1938775510204083,1.2597701149425287,0.21606648199445982,0.2409972299168975,True
8386,Zählfeld B_9.5_2_I (veraltet),10.108677,53.53713,2025-01,2.043175487465181,2.2650125104253545,0.3431578947368421,0.1529824561403509,True
8386,Zählfeld B_9.5_2_I (veraltet),10.108677,53.53713,2025-02,1.969298245614035,1.5957746478873238,0.3168666196189132,0.20042342978122796,True
8386,Zählfeld B_9.5_2_I (veraltet),10.108677,53.53713,2025-03,1.684931506849315,1.4693877551020407,0.2716231137283769,0.24475524475524477,True
8386,Zählfeld B_9.5_2_I (veraltet),10.108677,53.53713,2025-04,1.3195548489666136,1.7433374886290895,0.23354564755838642,0.23708421797593773,True
8386,Zählfeld B_9.5_2_I (veraltet),10.108677,53.53713,2025-05,1.7500000000000002,1.3943548387096774,0.26420572376607215,0.28287017834923267,True
8386,Zählfeld B_9.5_2_I (veraltet),10.108677,53.53713,2025-06,1.7271126760563382,1.2013422818791946,0.2579881656804734,0.2938856015779093,True
8386,Zählfeld B_9.5_2_I (veraltet),10.108677,53.53713,2025-07,1.8788659793814433,1.2261355355841632,0.3,0.22098765432098766,True
8386,Zählfeld B_9.5_2_I (veraltet),10.108677,53.53713,2025-08,1.545691906005222,1.35024042190166,0.251380042462845,0.26072186836518046,True
8386,Zählfeld B_9.5_2_I (veraltet),10.108677,53.53713,2025-09,1.5400921658986175,1.1373160173160173,0.25703737886479006,0.24227041993539455,True
8386,Zählfeld B_9.5_2_I (veraltet),10.108677,53.53713,2025-10,1.6999999999999997,1.5317762085822921,0.27592425608656446,0.23715058611361586,True
8386,Zählfeld B_9.5_2_I (veraltet),10.108677,53.53713,2025-11,2.0781893004115224,1.519704433497537,0.3079268292682927,0.2475609756097561,True
8386,Zählfeld B_9.5_2_I (veraltet),10.108677,53.53713,2025-12,1.7797833935018048,1.887653264898774,0.2973462002412545,0.2014475271411339,True
8386,Zählfeld B_9.5_2_I (veraltet),10.108677,53.53713,2026-01,1.88628762541806,1.5256892230576442,0.2942097026604069,0.2378716744913928,True
8386,Zählfeld B_9.5_2_I (veraltet),10.108677,53.53713,2026-02,2.0745341614906834,1.7956043956043957,0.33433433433433435,0.18218218218218218,True
8387,Zählfeld B_10.1_1_I (veraltet),10.068029,53.528885,2025-01,1.946360153256705,2.503015941404567,0.3382157123834887,0.14047936085219706,True
8387,Zählfeld B_10.1_1_I (veraltet),10.068029,53.528885,2025-02,1.8880842659644506,1.5,0.30494417862838913,0.21052631578947367,True
8387,Zählfeld B_10.1_1_I (veraltet),10.068029,53.528885,2025-03,2.2803468208092483,1.5977961432506889,0.33270082226438963,0.22960151802656548,True
8387,Zählfeld B_10.1_1_I (veraltet),10.068029,53.528885,2025-04,1.05990617105738,1.5457543281121189,0.19725972194237357,0.24440862381624018,True
8387,Zählfeld B_10.1_1_I (veraltet),10.068029,53.528885,2025-05,0.7839059674502712,1.0710795718939041,0.13688032838648564,0.33928007578149666,True
8387,Zählfeld B_10.1_1_I (veraltet),10.068029,53.528885,2025-06,0.829971181556196,1.038133787814231,0.14626038781163436,0.3250692520775623,True
8387,Zählfeld B_10.1_1_I (veraltet),10.068029,53.528885,2025-07,0.9928271085827355,1.1309076579535007,0.1901648664013644,0.23521887436043207,True
8387,Zählfeld B_10.1_1_I (veraltet),10.068029,53.528885,2025-08,0.7676794133053955,1.134293757244577,0.14350763807285546,0.2956815511163337,True
8387,Zählfeld B_10.1_1_I (veraltet),10.068029,53.528885,2025-09,1.027694160144491,1.554955112002092,0.20679629293112847,0.18953298200981283,True
8387,Zählfeld B_10.1_1_I (veraltet),10.068029,53.528885,2025-10,1.198055893074119,2.2384191771946873,0.23532219570405727,0.17541766109785203,True
8387,Zählfeld B_10.1_1_I (veraltet),10.068029,53.528885,2025-11,2.0172151898734176,2.1874172185430463,0.32725480532281914,0.18605224248398225,True
8387,Zählfeld B_10.1_1_I (veraltet),10.068029,53.528885,2025-12,1.5783132530120483,2.11463550361714,0.2813746548020865,0.18379871126112304,True
8387,Zählfeld B_10.1_1_I (veraltet),10.068029,53.528885,2026-01,1.474025974025974,1.964642144282863,0.2651869158878505,0.19509345794392524,True
8387,Zählfeld B_10.1_1_I (veraltet),10.068029,53.528885,2026-02,1.9520865533230294,2.966666666666667,0.34735973597359737,0.1188118811881188,True
8388,Zählfeld B_10.1_2_G (veraltet),10.068029,53.528885,2025-01,2.002105263157895,1.8305084745762712,0.32714138286893707,0.1826625386996904,True
8388,Zählfeld B_10.1_2_G (veraltet),10.068029,53.528885,2025-02,2.1818181818181817,0.9468852459016392,0.29600778967867575,0.29698149951314506,True
8388,Zählfeld B_10.1_2_G (veraltet),10.068029,53.528885,2025-03,2.9181818181818184,1.2957157784743993,0.36057287278854255,0.2687447346251053,True
8388,Zählfeld B_10.1_2_G (veraltet),10.068029,53.528885,2025-04,1.2991304347826087,1.4206896551724137,0.22351885098743268,0.26032315978456017,True
8388,Zählfeld B_10.1_2_G (veraltet),10.068029,53.528885,2025-05,1.454014598540146,0.9184729064039409,0.20418204182041821,0.37453874538745385,True
8388,Zählfeld B_10.1_2_G (veraltet),10.068029,53.528885,2025-06,1.2389791183294665,0.84,0.18322182192485847,0.373134328358209,True
8388,Zählfeld B_10.1_2_G (veraltet),10.068029,53.528885,2025-07,1.419871794871795,0.8999102700057102,0.23169456066945607,0.27876569037656906,True
8388,Zählfeld B_10.1_2_G (veraltet),10.068029,53.528885,2025-08,1.4212598425196852,0.9235956904350686,0.21210340775558167,0.3401880141010576,True
8388,Zählfeld B_10.1_2_G (veraltet),10.068029,53.528885,2025-09,1.9192546583850931,1.3195876288659794,0.3058648849294729,0.21603563474387527,True
8388,Zählfeld B_10.1_2_G (veraltet),10.068029,53.528885,2025-10,1.5647668393782381,1.5145263881725977,0.2607944732297064,0.2392055267702936,True
8388,Zählfeld B_10.1_2_G (veraltet),10.068029,53.528885,2025-11,1.6224489795918366,1.5,0.2632450331125828,0.25,True
8388,Zählfeld B_10.1_2_G (veraltet),10.068029,53.528885,2025-12,1.3068181818181819,1.362084456424079,0.22482893450635386,0.2590420332355816,True
8388,Zählfeld B_10.1_2_G (veraltet),10.068029,53.528885,2026-01,1.5,1.234866828087167,0.24056603773584906,0.2783018867924528,True
8388,Zählfeld B_10.1_2_G (veraltet),10.068029,53.528885,2026-02,2.3035714285714284,1.8,0.35537190082644626,0.18181818181818182,True
8389,Zählfeld B_10.2_1_G (veraltet),10.068147,53.528934,2025-01,0.8153310104529617,2.765151515151515,0.18615751789976134,0.1288782816229117,True
8389,Zählfeld B_10.2_1_G (veraltet),10.068147,53.528934,2025-02,0.7131147540983607,1.9912087912087912,0.15992647058823528,0.16727941176470587,True
8389,Zählfeld B_10.2_1_G (veraltet),10.068147,53.528934,2025-03,1.203358208955224,1.91240132416603,0.22921108742004265,0.19936034115138593,True
8389,Zählfeld B_10.2_1_G (veraltet),10.068147,53.528934,2025-04,0.8181818181818182,2.095808383233533,0.17301038062283736,0.19261822376009227,True
8389,Zählfeld B_10.2_1_G (veraltet),10.068147,53.528934,2025-05,0.6842105263157895,1.5277777777777777,0.13655462184873948,0.2647058823529412,True
8389,Zählfeld B_10.2_1_G (veraltet),10.068147,53.528934,2025-06,0.6836065573770492,1.3717948717948718,0.1360078277886497,0.2671232876712329,True
8389,Zählfeld B_10.2_1_G (veraltet),10.068147,53.528934,2025-07,0.5004878048780488,2.476190476190476,0.125366568914956,0.12316715542521994,True
8389,Zählfeld B_10.2_1_G (veraltet),10.068147,53.528934,2025-08,0.49320148331273184,2.125930941096818,0.11535125758889853,0.18300086730268864,True
8389,Zählfeld B_10.2_1_G (veraltet),10.068147,53.528934,2025-09,0.4652087475149106,2.155844155844156,0.11487481590574374,0.14432989690721648,True
8389,Zählfeld B_10.2_1_G (veraltet),10.068147,53.528934,2025-10,0.47413793103448276,2.781228433402347,0.11652542372881355,0.1461864406779661,True
8389,Zählfeld B_10.2_1_G (veraltet),10.068147,53.528934,2025-11,1.4339207048458151,3.0500000000000003,0.27784891165172854,0.14084507042253522,True
8389,Zählfeld B_10.2_1_G (veraltet),10.068147,53.528934,2025-12,1.4674698795180723,3.87218045112782,0.29250720461095103,0.10951008645533142,True
8389,Zählfeld B_10.2_1_G (veraltet),10.068147,53.528934,2026-01,1.9148936170212767,3.577235772357724,0.3438395415472779,0.1174785100286533,True
8389,Zählfeld B_10.2_1_G (veraltet),10.068147,53.528934,2026-02,1.2613636363636365,3.389830508474576,0.26475849731663686,0.10554561717352415,True
8390,Zählfeld B_10.2_2_I (veraltet),10.068147,53.528934,2025-01,1.797619047619048,2.905086103323989,0.32843936922240347,0.12343665035345297,True
8390,Zählfeld B_10.2_2_I (veraltet),10.068147,53.528934,2025-02,1.6361058601134215,1.5138888888888888,0.2791485244315433,0.20899854862119013,True
8390,Zählfeld B_10.2_2_I (veraltet),10.068147,53.528934,2025-03,1.361069836552749,1.2682568490190995,0.2269011642308645,0.2729749814218479,True
8390,Zählfeld B_10.2_2_I (veraltet),10.068147,53.528934,2025-04,0.8982528263103804,1.3975681650700074,0.16970873786407767,0.26349514563106796,True
8390,Zählfeld B_10.2_2_I (veraltet),10.068147,53.528934,2025-05,0.9260628465804066,0.8993071593533487,0.14636283961437335,0.37949167397020156,True
8390,Zählfeld B_10.2_2_I (veraltet),10.068147,53.528934,2025-06,1.00339558573854,1.001018848700968,0.16714746309180384,0.3331070761920923,True
8390,Zählfeld B_10.2_2_I (veraltet),10.068147,53.528934,2025-07,0.970361926474779,1.1383399209486165,0.1872010555830447,0.23404255319148937,True
8390,Zählfeld B_10.2_2_I (veraltet),10.068147,53.528934,2025-08,0.8965819456617002,1.1015311431544523,0.16064698492462312,0.30182160804020103,True
8390,Zählfeld B_10.2_2_I (veraltet),10.068147,53.528934,2025-09,0.7997237569060773,1.1212324998471601,0.1589262187088274,0.2448945981554677,True
8390,Zählfeld B_10.2_2_I (veraltet),10.068147,53.528934,2025-10,1.0576756287944493,1.7681405895691609,0.20535488759787826,0.21217479161404396,True
8390,Zählfeld B_10.2_2_I (veraltet),10.068147,53.528934,2025-11,1.4670329670329672,2.4148514851485148,0.2720788043478261,0.1715353260869565,True
8390,Zählfeld B_10.2_2_I (veraltet),10.068147,53.528934,2025-12,1.289855072463768,2.569444444444444,0.2536644951140065,0.1563517915309446,True
8390,Zählfeld B_10.2_2_I (veraltet),10.068147,53.528934,2026-01,1.3439999999999999,1.9012605042016806,0.24742268041237114,0.20029455081001474,True
8390,Zählfeld B_10.2_2_I (veraltet),10.068147,53.528934,2026-02,1.237078651685393,2.539393939393939,0.252233676975945,0.1360824742268041,True
8392,Zählfeld J_53.2_1_I (veraltet),9.949541,53.555794,2025-01,2.495229965856598,2.335896925112765,0.38640074644273387,0.1490319570795428,True
8392,Zählfeld J_53.2_1_I (veraltet),9.949541,53.555794,2025-02,2.4939815053985637,1.742607840727541,0.36920111962556784,0.18668838617904832,True
8392,Zählfeld J_53.2_1_I (veraltet),9.949541,53.555794,2025-03,2.3426515118269187,1.7197014963322697,0.3433941873480258,0.2168551468601644,True
8392,Zählfeld J_53.2_1_I (veraltet),9.949541,53.555794,2025-04,1.6989894055506365,2.0083777012214217,0.28949339825826387,0.19933202234915878,True
8392,Zählfeld J_53.2_1_I (veraltet),9.949541,53.555794,2025-05,1.7051847495834556,1.7332184587107786,0.2751063392419475,0.24088803149855315,True
8392,Zählfeld J_53.2_1_I (veraltet),9.949541,53.555794,2025-06,1.7017276877629575,2.0007237543806187,0.28957029048424193,0.19994211640695211,True
8392,Zählfeld J_53.2_1_I (veraltet),9.949541,53.555794,2025-07,1.7114976318797976,1.813202180983957,0.30479168181487676,0.16095397367847014,True
8392,Zählfeld J_53.2_1_I (veraltet),9.949541,53.555794,2025-08,1.775681500245756,1.598973108662877,0.2864959830170379,0.22947129549988105,True
8392,Zählfeld J_53.2_1_I (veraltet),9.949541,53.555794,2025-09,1.6593286099865048,1.5782241014799154,0.2894407744707146,0.18726183995645074,True
8392,Zählfeld J_53.2_1_I (veraltet),9.949541,53.555794,2025-10,1.6946109987125253,2.0316537004933357,0.2924283973187081,0.1898804082876295,True
8392,Zählfeld J_53.2_1_I (veraltet),9.949541,53.555794,2025-11,2.458209550835809,1.997322819314642,0.36019881103206314,0.20021440405418575,True
8392,Zählfeld J_53.2_1_I (veraltet),9.949541,53.555794,2025-12,2.0863700234192035,2.128042328042328,0.3351844327057655,0.1828524989841528,True
8392,Zählfeld J_53.2_1_I (veraltet),9.949541,53.555794,2026-01,2.329521829521829,2.2213163180905116,0.35993692233562574,0.17652985238074378,True
8392,Zählfeld J_53.2_1_I (veraltet),9.949541,53.555794,2026-02,2.568604735355876,1.853651482284888,0.37939553388090347,0.17748973305954827,True
8393,Zählfeld J_53.2_2_I (veraltet),9.949541,53.555794,2025-01,3.4269177034129465,2.3033985598245086,0.45279535864978904,0.15081751054852321,True
8393,Zählfeld J_53.2_2_I (veraltet),9.949541,53.555794,2025-02,3.517872340425532,1.7125925925925927,0.4375347323295139,0.18934081346423562,True
8393,Zählfeld J_53.2_2_I (veraltet),9.949541,53.555794,2025-03,3.59426073736222,1.7956241396797799,0.4308102321131637,0.20960798159495228,True
8393,Zählfeld J_53.2_2_I (veraltet),9.949541,53.555794,2025-04,2.627362969356927,2.102050686786612,0.37717472118959106,0.1921561338289963,True
8393,Zählfeld J_53.2_2_I (veraltet),9.949541,53.555794,2025-05,2.6021553862109394,1.7259339243767522,0.3522431789049625,0.2416590368064457,True
8393,Zählfeld J_53.2_2_I (veraltet),9.949541,53.555794,2025-06,2.5929301735753345,2.0882457386363638,0.3740481580572134,0.19318103862248748,True
8393,Zählfeld J_53.2_2_I (veraltet),9.949541,53.555794,2025-07,2.7240221402214027,1.7979649583385853,0.39875222816399286,0.16209690487765355,True
8393,Zählfeld J_53.2_2_I (veraltet),9.949541,53.555794,2025-08,2.695623443297921,1.6594247327593104,0.36774985437297164,0.2229757843055671,True
8393,Zählfeld J_53.2_2_I (veraltet),9.949541,53.555794,2025-09,2.6297392417213246,1.684524183487556,0.3841825734868802,0.17754290021209093,True
8393,Zählfeld J_53.2_2_I (veraltet),9.949541,53.555794,2025-10,2.774637009576769,2.055227540104012,0.3901014181162725,0.18811214628531717,True
8393,Zählfeld J_53.2_2_I (veraltet),9.949541,53.555794,2025-11,3.455605381165919,1.9921399313627808,0.4278924105457211,0.2006307887079937,True
8393,Zählfeld J_53.2_2_I (veraltet),9.949541,53.555794,2025-12,3.0181303116147307,2.1408416639793613,0.4102531190635108,0.18195820711608565,True
8393,Zählfeld J_53.2_2_I (veraltet),9.949541,53.555794,2026-01,3.2534568057846003,2.2439810452428746,0.4291882122596516,0.17505898890506552,True
8393,Zählfeld J_53.2_2_I (veraltet),9.949541,53.555794,2026-02,3.425260718424102,1.9261832392531482,0.4414246248040021,0.1719554991413425,True
8398,Zählfeld D_57.1_1_I (veraltet),9.966551,53.549988,2025-01,2.517195767195767,2.567178809154737,0.393534155924726,0.13745088577927897,True
8398,Zählfeld D_57.1_1_I (veraltet),9.966551,53.549988,2025-02,2.331903114186851,1.6363172985027081,0.35143929912390487,0.19643304130162703,True
8398,Zählfeld D_57.1_1_I (veraltet),9.966551,53.549988,2025-03,2.435444038328559,1.7274148583484028,0.3512416121725008,0.21609608069410607,True
8398,Zählfeld D_57.1_1_I (veraltet),9.966551,53.549988,2025-04,1.5396021021021022,1.8579658933783991,0.2672335157675267,0.2120471722700026,True
8398,Zählfeld D_57.1_1_I (veraltet),9.966551,53.549988,2025-05,1.5662371985464154,1.1245710059171599,0.23034690506267613,0.3284423282479837,True
8398,Zählfeld D_57.1_1_I (veraltet),9.966551,53.549988,2025-06,1.5467515752688854,1.9158617235266995,0.2812534891510663,0.17782574714354832,True
8398,Zählfeld D_57.1_1_I (veraltet),9.966551,53.549988,2025-07,1.6773793414524132,1.6960344399370808,0.2942472306143001,0.19410876132930513,True
8398,Zählfeld D_57.1_1_I (veraltet),9.966551,53.549988,2025-08,1.5411367792655497,1.4924781534604181,0.2599983231323887,0.24582879181688605,True
8398,Zählfeld D_57.1_1_I (veraltet),9.966551,53.549988,2025-09,1.6888372595634322,1.4079653447877247,0.286251991867685,0.20525853068849936,True
8398,Zählfeld D_57.1_1_I (veraltet),9.966551,53.549988,2025-10,1.654925235085556,1.982256095159321,0.2866583890735771,0.19369567829534987,True
8398,Zählfeld D_57.1_1_I (veraltet),9.966551,53.549988,2025-11,2.475440449575195,2.1566078219901232,0.36962498625316176,0.1839326954800396,True
8398,Zählfeld D_57.1_1_I (veraltet),9.966551,53.549988,2025-12,2.106910039113429,2.3928647790097437,0.34408602150537637,0.16597466198232727,True
8398,Zählfeld D_57.1_1_I (veraltet),9.966551,53.549988,2026-01,2.3369820172009383,2.3004077781147845,0.36278674596431604,0.17150139580046123,True
8398,Zählfeld D_57.1_1_I (veraltet),9.966551,53.549988,2026-02,2.326353790613718,2.1073379753615424,0.36708536272750575,0.15953174399726566,True
8402,Zählfeld B_39.3_1_I (veraltet),10.034502,53.574757,2025-01,3.081253804017042,2.678877846494834,0.4395561459717121,0.1324789664244224,True
8402,Zählfeld B_39.3_1_I (veraltet),10.034502,53.574757,2025-02,3.1353608375919233,1.9670912632998647,0.4246752260123072,0.1689837676314923,True
8402,Zählfeld B_39.3_1_I (veraltet),10.034502,53.574757,2025-03,2.9391077685667892,2.031626169207899,0.40090578443030006,0.18988249283066377,True
8402,Zählfeld B_39.3_1_I (veraltet),10.034502,53.574757,2025-04,1.9168417560544067,2.402691091837562,0.3226986498373382,0.17225394786445317,True
8402,Zählfeld B_39.3_1_I (veraltet),10.034502,53.574757,2025-05,1.8995458416122624,1.9081856005788713,0.3009538457387245,0.2237422592787469,True
8402,Zählfeld B_39.3_1_I (veraltet),10.034502,53.574757,2025-06,1.9583511092150172,2.085385547032701,0.3185769310847387,0.1933947532792005,True
8402,Zählfeld B_39.3_1_I (veraltet),10.034502,53.574757,2025-07,1.9296572280178836,1.8255281720504284,0.3287921687129417,0.1600411371110067,True
8402,Zählfeld B_39.3_1_I (veraltet),10.034502,53.574757,2025-08,1.846930486248114,1.8072715353435043,0.301587527181251,0.20853882122198378,True
8402,Zählfeld B_39.3_1_I (veraltet),10.034502,53.574757,2025-09,1.8801828361236577,1.7246990845287509,0.3181830664872436,0.17412737209238457,True
8402,Zählfeld B_39.3_1_I (veraltet),10.034502,53.574757,2025-10,2.0212357392974134,2.269306950910724,0.33271973373496216,0.1734441531395846,True
8402,Zählfeld B_39.3_1_I (veraltet),10.034502,53.574757,2025-11,3.070028729735276,2.335326859308385,0.41657790865234007,0.176346511287931,True
8402,Zählfeld B_39.3_1_I (veraltet),10.034502,53.574757,2025-12,2.534871069524535,2.604341849624869,0.38718683784120655,0.15458058083011342,True
8402,Zählfeld B_39.3_1_I (veraltet),10.034502,53.574757,2026-01,2.652702383762096,2.0986291287146934,0.3824910668708525,0.1849412965798877,True
8402,Zählfeld B_39.3_1_I (veraltet),10.034502,53.574757,2026-02,2.8199627692580442,2.0481984089845575,0.4053671776444054,0.1633854505141634,True
8403,Zählfeld B_39.3_2_G (veraltet),10.034502,53.574757,2025-01,1.6555216203182768,1.965835558170053,0.2943496527480065,0.17225413701449027,True
8403,Zählfeld B_39.3_2_G (veraltet),10.034502,53.574757,2025-02,1.6205679448098829,1.641025641025641,0.2819932998324958,0.19597989949748743,True
8403,Zählfeld B_39.3_2_G (veraltet),10.034502,53.574757,2025-03,1.6422604422604423,1.6365880595075681,0.27402988746079576,0.22538589262652972,True
8403,Zählfeld B_39.3_2_G (veraltet),10.034502,53.574757,2025-04,1.4012956964368346,2.1283566058002146,0.25781569268492033,0.19023293829178586,True
8403,Zählfeld B_39.3_2_G (veraltet),10.034502,53.574757,2025-05,1.3959934138309549,1.8165876288659795,0.24375868513105564,0.23240212755762135,True
8403,Zählfeld B_39.3_2_G (veraltet),10.034502,53.574757,2025-06,1.426560900716479,1.9498422001803426,0.25649873475960433,0.2040947780078215,True
8403,Zählfeld B_39.3_2_G (veraltet),10.034502,53.574757,2025-07,1.3969060263218658,1.5976006208183897,0.260899564448661,0.17879166846349562,True
8403,Zählfeld B_39.3_2_G (veraltet),10.034502,53.574757,2025-08,1.4179860088365244,1.7314935064935066,0.25172802588362175,0.21569684788470023,True
8403,Zählfeld B_39.3_2_G (veraltet),10.034502,53.574757,2025-09,1.3482318271119844,1.567318757192175,0.251673237370496,0.18831942789034564,True
8403,Zählfeld B_39.3_2_G (veraltet),10.034502,53.574757,2025-10,1.4249183895538629,2.0841982256254132,0.26213067499399473,0.18598366562575067,True
8403,Zählfeld B_39.3_2_G (veraltet),10.034502,53.574757,2025-11,1.6409331099368476,1.8707917705735662,0.2790086121885478,0.21090000657418972,True
8403,Zählfeld B_39.3_2_G (veraltet),10.034502,53.574757,2025-12,1.4750454899922019,2.142390472457113,0.2696749358426005,0.18185058454519532,True
8403,Zählfeld B_39.3_2_G (veraltet),10.034502,53.574757,2026-01,1.62839248434238,1.6463380673906989,0.27289425347677776,0.2243505641563894,True
8403,Zählfeld B_39.3_2_G (veraltet),10.034502,53.574757,2026-02,1.6535096642929805,1.5941453214845793,0.28405158854985846,0.20058718674635628,True
8407,Zählfeld D_57.2_2_I (veraltet),9.966789,53.549885,2025-01,4.266219239373601,2.8318995582422692,0.5130205531044872,0.1262240395996987,True
8407,Zählfeld D_57.2_2_I (veraltet),9.966789,53.549885,2025-02,4.233343428225318,1.747859495060373,0.47626105177083866,0.18623192109163386,True
8407,Zählfeld D_57.2_2_I (veraltet),9.966789,53.549885,2025-03,3.943526584559928,1.9040205599624387,0.4543189368770764,0.200062292358804,True
8407,Zählfeld D_57.2_2_I (veraltet),9.966789,53.549885,2025-04,2.6818234678450983,2.0607364292040997,0.3798394070413836,0.19525633106856083,True
8407,Zählfeld D_57.2_2_I (veraltet),9.966789,53.549885,2025-05,2.529384624257454,1.530955491681909,0.3365408964294758,0.2643016644029559,True
8407,Zählfeld D_57.2_2_I (veraltet),9.966789,53.549885,2025-06,2.755341945753995,1.9059610705596108,0.3792536785154472,0.20781716134904182,True
8407,Zählfeld D_57.2_2_I (veraltet),9.966789,53.549885,2025-07,2.7626724281203257,1.7702218903758162,0.4006797310000723,0.1642201171451298,True
8407,Zählfeld D_57.2_2_I (veraltet),9.966789,53.549885,2025-08,2.3646098003629765,1.4033613445378152,0.3291065700068201,0.2533532041728763,True
8407,Zählfeld D_57.2_2_I (veraltet),9.966789,53.549885,2025-09,2.6042141546672597,1.4315811897534219,0.37056198974748433,0.20255838238086196,True
8407,Zählfeld D_57.2_2_I (veraltet),9.966789,53.549885,2025-10,2.875384615384615,2.201527060797081,0.40236380663286725,0.1778344689508186,True
8407,Zählfeld D_57.2_2_I (veraltet),9.966789,53.549885,2025-11,3.8418382281198165,2.353877139979859,0.46314266558453016,0.1752002540668337,True
8407,Zählfeld D_57.2_2_I (veraltet),9.966789,53.549885,2025-12,3.2229273285568065,2.461856171039845,0.4339700653270487,0.162077234763913,True
8407,Zählfeld D_57.2_2_I (veraltet),9.966789,53.549885,2026-01,3.6550185873605954,2.4204321137881615,0.45892457057505603,0.164395070948469,True
8407,Zählfeld D_57.2_2_I (veraltet),9.966789,53.549885,2026-02,3.7222621184919213,2.2457939721097615,0.47000816104461374,0.15118335146898804,True
8408,Zählfeld B_49.1_1_I (veraltet),9.993821,53.471233,2025-01,2.156661786237189,1.691101152368758,0.33676268861454045,0.19478737997256515,True
8408,Zählfeld B_49.1_1_I (veraltet),9.993821,53.471233,2025-02,,,0.16,0.72,False
8408,Zählfeld B_49.1_1_I (veraltet),9.993821,53.471233,2025-04,1.4016659032690382,1.7347561513360965,0.23766568483063327,0.24558173784977907,True
8408,Zählfeld B_49.1_1_I (veraltet),9.993821,53.471233,2025-05,1.3609424013882399,1.3397830220333296,0.22124930829074574,0.2910387031672146,True
8408,Zählfeld B_49.1_1_I (veraltet),9.993821,53.471233,2025-06,1.393490560040684,1.3805129434324064,0.23284048180485628,0.2658849021732203,True
8408,Zählfeld B_49.1_1_I (veraltet),9.993821,53.471233,2025-07,1.3647328055418109,1.3546213648142817,0.24879071812738895,0.20430944085512295,True
8408,Zählfeld B_49.1_1_I (veraltet),9.993821,53.471233,2025-08,1.3149870956125083,1.456282359804565,0.22965408805031445,0.24641509433962264,True
8408,Zählfeld B_49.1_1_I (veraltet),9.993821,53.471233,2025-09,1.3748405719272336,1.2341253497322862,0.24273777777777777,0.2275911111111111,True
8408,Zählfeld B_49.1_1_I (veraltet),9.993821,53.471233,2025-10,1.3220498847201845,1.9453760701903346,0.24573398784478728,0.19664562879850397,True
8408,Zählfeld B_49.1_1_I (veraltet),9.993821,53.471233,2025-11,2.0834926704907586,2.354191263282172,0.33805584281282314,0.1751809720785936,True
8408,Zählfeld B_49.1_1_I (veraltet),9.993821,53.471233,2025-12,1.9801529497450838,2.9433414043583537,0.3422394259818731,0.1392560422960725,True
8408,Zählfeld B_49.1_1_I (veraltet),9.993821,53.471233,2026-01,2.138888888888889,2.771207820876695,0.35518329691672734,0.1466375333818888,True
8408,Zählfeld B_49.1_1_I (veraltet),9.993821,53.471233,2026-02,2.157094070164545,2.7075794621026894,0.36443745082612117,0.12871754523996853,True
8409,Zählfeld B_49.1_2_I (veraltet),9.993821,53.471233,2025-01,2.379540400296516,1.9712966316551974,0.36631290653885656,0.171858952413557,True
8409,Zählfeld B_49.1_2_I (veraltet),9.993821,53.471233,2025-02,,,0.16666666666666666,0.5952380952380952,False
8409,Zählfeld B_49.1_2_I (veraltet),9.993821,53.471233,2025-04,1.182682440741212,1.7451695666371227,0.2112252811167119,0.24447460255913145,True
8409,Zählfeld B_49.1_2_I (veraltet),9.993821,53.471233,2025-05,1.1439914592646963,1.3986119641321706,0.19814166348854143,0.28225219290642445,True
8409,Zählfeld B_49.1_2_I (veraltet),9.993821,53.471233,2025-06,1.1795959723893357,1.4386607376405964,0.20943803548539433,0.2579100047223909,True
8409,Zählfeld B_49.1_2_I (veraltet),9.993821,53.471233,2025-07,1.190160240360541,1.3502768448761004,0.22585703086023803,0.2048321573658328,True
8409,Zählfeld B_49.1_2_I (veraltet),9.993821,53.471233,2025-08,1.1736508135955268,1.4733494347857907,0.21251834408381967,0.24425787515784445,True
8409,Zählfeld B_49.1_2_I (veraltet),9.993821,53.471233,2025-09,1.1472376063757936,1.236774524910118,0.21377331420373027,0.22721437740693196,True
8409,Zählfeld B_49.1_2_I (veraltet),9.993821,53.471233,2025-10,1.1741224315068495,2.03315349128157,0.22790726660850055,0.18976692010469898,True
8409,Zählfeld B_49.1_2_I (veraltet),9.993821,53.471233,2025-11,2.176974892835273,2.4791788856304984,0.3499360173245398,0.1678314794763264,True
8409,Zählfeld B_49.1_2_I (veraltet),9.993821,53.471233,2025-12,2.1432823973010517,3.0700071073205404,0.36075759094097604,0.13428199218358552,True
8409,Zählfeld B_49.1_2_I (veraltet),9.993821,53.471233,2026-01,2.3685863874345547,2.948585231193927,0.37984886649874056,0.13904282115869018,True
8409,Zählfeld B_49.1_2_I (veraltet),9.993821,53.471233,2026-02,2.142857142857143,2.8670270270270275,0.36565188616810057,0.12243547319655856,True
8410,Zählfeld J_79.1_1_I (veraltet),9.986991,53.56458,2025-01,3.9974048442906573,3.7561139201320817,0.5151616499442586,0.09821627647714604,True
8410,Zählfeld J_79.1_1_I (veraltet),9.986991,53.56458,2025-02,4.109351203167835,2.1462068965517243,0.4872156013001083,0.1570964247020585,True
8410,Zählfeld J_79.1_1_I (veraltet),9.986991,53.56458,2025-03,3.5924036281179137,2.6059383753501404,0.46073869419805147,0.154500508942853,True
8410,Zählfeld J_79.1_1_I (veraltet),9.986991,53.56458,2025-04,2.2109441451658634,2.9117553865652726,0.362108195960065,0.1465521244485721,True
8410,Zählfeld J_79.1_1_I (veraltet),9.986991,53.56458,2025-05,2.290983606557377,2.551077844311377,0.35620220900594735,0.17735768903993204,True
8410,Zählfeld J_79.1_1_I (veraltet),9.986991,53.56458,2025-06,2.3823007353562677,2.7833726724364016,0.37521466512240903,0.1522824393945445,True
8410,Zählfeld J_79.1_1_I (veraltet),9.986991,53.56458,2025-07,2.3116720232029477,2.281832072636351,0.37764118325009605,0.13227045716480984,True
8410,Zählfeld J_79.1_1_I (veraltet),9.986991,53.56458,2025-08,2.347921914357683,2.263037279825192,0.3627121941728683,0.17384114013327495,True
8410,Zählfeld J_79.1_1_I (veraltet),9.986991,53.56458,2025-09,2.45852556256473,2.183060803750459,0.3860894251242016,0.1427874378992193,True
8410,Zählfeld J_79.1_1_I (veraltet),9.986991,53.56458,2025-10,2.650309169846073,3.0611328500865995,0.4059118660460618,0.13461887203046605,True
8410,Zählfeld J_79.1_1_I (veraltet),9.986991,53.56458,2025-11,3.8205849268841394,3.441259931895573,0.4890920872633019,0.12686298509611924,True
8410,Zählfeld J_79.1_1_I (veraltet),9.986991,53.56458,2025-12,3.5064827586206895,3.5120164388457074,0.47457437275985664,0.11939964157706093,True
8410,Zählfeld J_79.1_1_I (veraltet),9.986991,53.56458,2026-01,4.362277580071175,2.9907190562928263,0.5111333500125094,0.1373530147610708,True
8410,Zählfeld J_79.1_1_I (veraltet),9.986991,53.56458,2026-02,3.9182156133829,2.3606765327695562,0.48430081176290396,0.1448920202174912,True
8411,Zählfeld J_79.1_2_I (veraltet),9.986991,53.56458,2025-01,2.1556291390728477,3.47762539184953,0.3741039833046003,0.10525360675074857,True
8411,Zählfeld J_79.1_2_I (veraltet),9.986991,53.56458,2025-02,2.1575152523571823,2.2286399041342118,0.3546681254558716,0.15216994894237781,True
8411,Zählfeld J_79.1_2_I (veraltet),9.986991,53.56458,2025-03,2.223933128024637,2.367791337640584,0.354438367690366,0.16743794699200673,True
8411,Zählfeld J_79.1_2_I (veraltet),9.986991,53.56458,2025-04,1.7372154892107599,2.8194933145672065,0.31147975408098366,0.15062539749841,True
8411,Zählfeld J_79.1_2_I (veraltet),9.986991,53.56458,2025-05,1.6865570599613156,2.358415184496947,0.29181726907630523,0.18910642570281125,True
8411,Zählfeld J_79.1_2_I (veraltet),9.986991,53.56458,2025-06,1.6962758620689655,2.4772991850989525,0.30053763440860215,0.16793743890518084,True
8411,Zählfeld J_79.1_2_I (veraltet),9.986991,53.56458,2025-07,1.7184998259658895,2.149386845039019,0.31347619047619046,0.1392857142857143,True
8411,Zählfeld J_79.1_2_I (veraltet),9.986991,53.56458,2025-08,1.8038255721279746,2.0902443374353488,0.3058258049571462,0.18554551772063932,True
8411,Zählfeld J_79.1_2_I (veraltet),9.986991,53.56458,2025-09,1.7184013968377145,1.9686143572621033,0.30740798583997087,0.15591649747514186,True
8411,Zählfeld J_79.1_2_I (veraltet),9.986991,53.56458,2025-10,1.7112701686279266,2.9736062297567365,0.3130909575176455,0.13803435876947662,True
8411,Zählfeld J_79.1_2_I (veraltet),9.986991,53.56458,2025-11,1.8839071257005606,3.1953902566788894,0.3335459635693529,0.13530370685378126,True
8411,Zählfeld J_79.1_2_I (veraltet),9.986991,53.56458,2025-12,1.7239671978957138,3.326143085923456,0.31923671995874164,0.1252363761389032,True
8411,Zählfeld J_79.1_2_I (veraltet),9.986991,53.56458,2026-01,1.9974600870827286,2.8466021825396823,0.3424146295950737,0.14331031908938235,True
8411,Zählfeld J_79.1_2_I (veraltet),9.986991,53.56458,2026-02,1.9050169109357382,2.2861083743842365,0.3305457746478873,0.14891431924882628,True
8412,Zählfeld J_63.1_1_I (veraltet),9.958068,53.570705,2025-01,2.6213307240704506,2.159851766980558,0.392059708981435,0.15924485699949825,True
8412,Zählfeld J_63.1_1_I (veraltet),9.958068,53.570705,2025-02,2.801094890510949,1.6786798679867987,0.38994030229899657,0.1924298234472247,True
8412,Zählfeld J_63.1_1_I (veraltet),9.958068,53.570705,2025-03,2.462073685411201,1.6749564523914457,0.35097560975609754,0.2213658536585366,True
8412,Zählfeld J_63.1_1_I (veraltet),9.958068,53.570705,2025-04,2.016024826645645,1.861501932354947,0.3135491606714628,0.21454836131095123,True
8412,Zählfeld J_63.1_1_I (veraltet),9.958068,53.570705,2025-05,2.078933880061507,1.5537990021382753,0.3023143144635337,0.2614318190288078,True
8412,Zählfeld J_63.1_1_I (veraltet),9.958068,53.570705,2025-06,2.049342105263158,1.7003237900477164,0.3136351314719436,0.22723928280989816,True
8412,Zählfeld J_63.1_1_I (veraltet),9.958068,53.570705,2025-07,2.083852155410198,1.4336408563975633,0.32986526946107786,0.19524700598802394,True
8412,Zählfeld J_63.1_1_I (veraltet),9.958068,53.570705,2025-08,2.1396573178903036,1.5765551503620316,0.31973051836594574,0.2319773429454171,True
8412,Zählfeld J_63.1_1_I (veraltet),9.958068,53.570705,2025-09,2.20643061445902,1.413418479024841,0.3370700176287122,0.20462866699814672,True
8412,Zählfeld J_63.1_1_I (veraltet),9.958068,53.570705,2025-10,2.2150710315009268,1.835877364644488,0.3372644171086785,0.20595869540683895,True
8412,Zählfeld J_63.1_1_I (veraltet),9.958068,53.570705,2025-11,2.604927782497876,1.8228792484111633,0.36471777790995064,0.21525010408612383,True
8412,Zählfeld J_63.1_1_I (veraltet),9.958068,53.570705,2025-12,2.264684233770057,1.9813845258871436,0.3468145543081293,0.19376437170296226,True
8412,Zählfeld J_63.1_1_I (veraltet),9.958068,53.570705,2026-01,2.5382749326145553,1.933271233804725,0.3677366447985005,0.1976335520149953,True
8412,Zählfeld J_63.1_1_I (veraltet),9.958068,53.570705,2026-02,2.6901152213462707,1.7416241299303943,0.3844687120818166,0.18677413763217196,True
8413,Zählfeld J_63.1_2_I (veraltet),9.958068,53.570705,2025-01,2.657435897435897,2.2920725795281407,0.3985847242519806,0.15144988847011767,True
8413,Zählfeld J_63.1_2_I (veraltet),9.958068,53.570705,2025-02,2.5671062839410395,1.971767130345183,0.38335215917977233,0.16865062125293248,True
8413,Zählfeld J_63.1_2_I (veraltet),9.958068,53.570705,2025-03,2.1454123882080163,1.6307634164777023,0.3227204783258595,0.22600896860986547,True
8413,Zählfeld J_63.1_2_I (veraltet),9.958068,53.570705,2025-04,1.6332734932476929,2.049680705884804,0.2803738317757009,0.19876611080569298,True
8413,Zählfeld J_63.1_2_I (veraltet),9.958068,53.570705,2025-05,1.8136411827070327,1.5558774662512982,0.2783684096333261,0.2611737904100673,True
8413,Zählfeld J_63.1_2_I (veraltet),9.958068,53.570705,2025-06,1.7830652152971773,1.783512931034483,0.29116134207918454,0.21896087961870606,True
8413,Zählfeld J_63.1_2_I (veraltet),9.958068,53.570705,2025-07,1.8246529395322837,1.607450090215936,0.31091636502190895,0.17789102686225947,True
8413,Zählfeld J_63.1_2_I (veraltet),9.958068,53.570705,2025-08,1.8118245390972665,1.3120807114254511,0.2762698720434277,0.266285381930981,True
8413,Zählfeld J_63.1_2_I (veraltet),9.958068,53.570705,2025-09,1.5730274202574146,1.0867201914925448,0.2577362123504332,0.25072204648604046,True
8413,Zählfeld J_63.1_2_I (veraltet),9.958068,53.570705,2025-10,1.8522050059594755,1.6379986722192046,0.29574650299743077,0.2252355124179275,True
8413,Zählfeld J_63.1_2_I (veraltet),9.958068,53.570705,2025-11,2.4827177562709855,1.755787476280835,0.35245625841184386,0.2216520861372813,True
8413,Zählfeld J_63.1_2_I (veraltet),9.958068,53.570705,2025-12,2.256929427953607,1.9965954396810466,0.3466485507246377,0.19257246376811593,True
8413,Zählfeld J_63.1_2_I (veraltet),9.958068,53.570705,2026-01,2.5542725173210163,1.8106531150009413,0.3641152263374486,0.20823045267489712,True
8413,Zählfeld J_63.1_2_I (veraltet),9.958068,53.570705,2026-02,2.689038611039129,1.9283267457180502,0.39146672702580354,0.17179719330013582,True
8415,Zählfeld D_72.1_2_I (veraltet),9.973623,53.56959,2025-01,1.7876447876447876,1.3141780499293454,0.28474784747847476,0.23739237392373924,True
8415,Zählfeld D_72.1_2_I (veraltet),9.973623,53.56959,2025-02,1.9166666666666665,0.9946360153256705,0.27802197802197803,0.2868131868131868,True
8415,Zählfeld D_72.1_2_I (veraltet),9.973623,53.56959,2025-03,2.1953457882661422,2.189532907460587,0.3396551724137931,0.19482758620689655,True
8415,Zählfeld D_72.1_2_I (veraltet),9.973623,53.56959,2025-04,1.5541069100391134,3.4044834307992207,0.29755366949575635,0.12805791313030454,True
8415,Zählfeld D_72.1_2_I (veraltet),9.973623,53.56959,2025-05,1.7132826214160326,1.9040097988653946,0.28203201756920765,0.22412298445356296,True
8415,Zählfeld D_72.1_2_I (veraltet),9.973623,53.56959,2025-06,1.6660941604364516,1.9556656504065042,0.28436190574724535,0.2036107806114531,True
8415,Zählfeld D_72.1_2_I (veraltet),9.973623,53.56959,2025-07,1.7111229593520705,1.8460907441339987,0.2931937172774869,0.18375070964486218,True
8415,Zählfeld D_72.1_2_I (veraltet),9.973623,53.56959,2025-08,1.903464691880455,1.5721634914353553,0.2983088783884606,0.2315344441681174,True
8415,Zählfeld D_72.1_2_I (veraltet),9.973623,53.56959,2025-09,1.7903935957304866,1.5254118471784088,0.30180149787463734,0.1924971324472033,True
8415,Zählfeld D_72.1_2_I (veraltet),9.973623,53.56959,2025-10,1.9290060851926978,2.344219595271489,0.32528218486068355,0.16883731944115557,True
8415,Zählfeld D_72.1_2_I (veraltet),9.973623,53.56959,2025-11,2.408603844941696,2.4270258803563856,0.36925641397303954,0.1708218582403247,True
8415,Zählfeld D_72.1_2_I (veraltet),9.973623,53.56959,2025-12,2.111425245301846,2.51213770781227,0.3472552720111594,0.159350127184705,True
8415,Zählfeld D_72.1_2_I (veraltet),9.973623,53.56959,2026-01,2.386467889908257,2.2776646300067886,0.36643775312555027,0.17291776721253743,True
8415,Zählfeld D_72.1_2_I (veraltet),9.973623,53.56959,2026-02,2.4522240527182864,1.7662441627751833,0.3667159398866716,0.18465139196846514,True
8417,Zählfeld D_73.1_2_I (veraltet),9.950951,53.631294,2025-01,2.420280612244898,2.5415669856459333,0.38461538461538464,0.13864396473092125,True
8417,Zählfeld D_73.1_2_I (veraltet),9.950951,53.631294,2025-02,2.5771954674220963,1.740331491712707,0.3757356737222509,0.1868869385647909,True
8417,Zählfeld D_73.1_2_I (veraltet),9.950951,53.631294,2025-03,2.1211282228759303,1.6390855016116705,0.32094886497525726,0.22511978634828372,True
8417,Zählfeld D_73.1_2_I (veraltet),9.950951,53.631294,2025-04,1.206825868607154,1.988084859052601,0.22922385096069614,0.20095777609063833,True
8417,Zählfeld D_73.1_2_I (veraltet),9.950951,53.631294,2025-05,1.2699115044247786,1.5512027877697843,0.21956099570411347,0.2617548402283293,True
8417,Zählfeld D_73.1_2_I (veraltet),9.950951,53.631294,2025-06,1.3344678217821784,1.7021871202916161,0.23797175016552638,0.22704700949017878,True
8417,Zählfeld D_73.1_2_I (veraltet),9.950951,53.631294,2025-07,1.3899543378995434,1.3365307753796962,0.2512380323539122,0.206503796632552,True
8417,Zählfeld D_73.1_2_I (veraltet),9.950951,53.631294,2025-08,1.467391304347826,1.4338042909471482,0.2465753424657534,0.2493150684931507,True
8417,Zählfeld D_73.1_2_I (veraltet),9.950951,53.631294,2025-09,1.267886345053148,1.3985782109573213,0.2357737484319763,0.20635192154179496,True
8417,Zählfeld D_73.1_2_I (veraltet),9.950951,53.631294,2025-10,1.4382793017456357,1.9601040763226367,0.2607221562976776,0.1954568570944228,True
8417,Zählfeld D_73.1_2_I (veraltet),9.950951,53.631294,2025-11,2.3852838933951332,1.889995933306222,0.3502637400034031,0.2092053768929726,True
8417,Zählfeld D_73.1_2_I (veraltet),9.950951,53.631294,2025-12,1.9098257589365906,2.2979721549636807,0.32221111010091824,0.17165196836076008,True
8417,Zählfeld D_73.1_2_I (veraltet),9.950951,53.631294,2026-01,2.4957118353344767,2.179591836734694,0.37269467213114754,0.17930327868852458,True
8417,Zählfeld D_73.1_2_I (veraltet),9.950951,53.631294,2026-02,2.383386581469648,2.0362537764350455,0.37003968253968256,0.16418650793650794,True
8418,Zählfeld D_73.2_1_I (veraltet),9.950859,53.631317,2025-01,2.218684099536061,2.349993669283363,0.3621063500258131,0.14827052142488384,True
8418,Zählfeld D_73.2_1_I (veraltet),9.950859,53.631317,2025-02,2.123788546255507,1.7298382598996096,0.3366502566251178,0.18780768827904054,True
8418,Zählfeld D_73.2_1_I (veraltet),9.950859,53.631317,2025-03,2.131399615586231,1.5288384950569271,0.31671599937684997,0.23749805265617696,True
8418,Zählfeld D_73.2_1_I (veraltet),9.950859,53.631317,2025-04,1.5867796610169491,1.9469064748201441,0.27525579207338585,0.20433964483123604,True
8418,Zählfeld D_73.2_1_I (veraltet),9.950859,53.631317,2025-05,1.621710928894872,1.5280070624586184,0.2580174075588527,0.2646766750394299,True
8418,Zählfeld D_73.2_1_I (veraltet),9.950859,53.631317,2025-06,1.6385753424657534,1.6704949088325833,0.2718743181322278,0.2303622081605935,True
8418,Zählfeld D_73.2_1_I (veraltet),9.950859,53.631317,2025-07,1.709759049400374,1.3006107009388388,0.2864252142659663,0.21100359413878905,True
8418,Zählfeld D_73.2_1_I (veraltet),9.950859,53.631317,2025-08,1.776010136562016,1.4189095928226363,0.27842150566112694,0.25127458120903134,True
8418,Zählfeld D_73.2_1_I (veraltet),9.950859,53.631317,2025-09,1.5454150841020076,1.3740435477918562,0.26884521719431387,0.2092654471314493,True
8418,Zählfeld D_73.2_1_I (veraltet),9.950859,53.631317,2025-10,1.6328626444159178,2.090719499478624,0.2870683818551117,0.1855111712931618,True
8418,Zählfeld D_73.2_1_I (veraltet),9.950859,53.631317,2025-11,2.1466309341500764,1.8562551781275891,0.32858649789029537,0.21220112517580872,True
8418,Zählfeld D_73.2_1_I (veraltet),9.950859,53.631317,2025-12,2.2198830409356725,2.221890324347198,0.35021680966878865,0.17649229633730049,True
8418,Zählfeld D_73.2_1_I (veraltet),9.950859,53.631317,2026-01,2.1353612167300384,1.5903631482266498,0.32,0.23042735042735044,True
8418,Zählfeld D_73.2_1_I (veraltet),9.950859,53.631317,2026-02,2.1316872427983538,1.9932067932067932,0.34596760728001336,0.16713975621973617,True
8420,Zählfeld J_77.1_1_I (veraltet),9.941992,53.598267,2025-01,2.954905063291139,1.7367328103368713,0.40161290322580645,0.19064516129032258,True
8420,Zählfeld J_77.1_1_I (veraltet),9.941992,53.598267,2025-02,3.0927592954990213,1.2195064629847239,0.3822377013495864,0.24698882600493396,True
8420,Zählfeld J_77.1_1_I (veraltet),9.941992,53.598267,2025-03,2.8321005917159767,1.2524222497538042,0.3518331342460719,0.2754755122668382,True
8420,Zählfeld J_77.1_1_I (veraltet),9.941992,53.598267,2025-04,1.8738244514106586,1.344009336099585,0.28021939385415934,0.2711483018071866,True
8420,Zählfeld J_77.1_1_I (veraltet),9.941992,53.598267,2025-05,1.881671291007018,1.2190973766118274,0.2656206801216478,0.3108930052529721,True
8420,Zählfeld J_77.1_1_I (veraltet),9.941992,53.598267,2025-06,1.8312621649947598,1.318137254901961,0.27480452952278245,0.27500674036128336,True
8420,Zählfeld J_77.1_1_I (veraltet),9.941992,53.598267,2025-07,1.9504333282651665,1.1723467458817176,0.3038442407446884,0.22880693526611243,True
8420,Zählfeld J_77.1_1_I (veraltet),9.941992,53.598267,2025-08,2.0470665499124343,0.9987783322936161,0.274649748876553,0.3228478280024672,True
8420,Zählfeld J_77.1_1_I (veraltet),9.941992,53.598267,2025-09,1.7390829694323147,1.1097537593470104,0.2763979773944081,0.24680249851279001,True
8420,Zählfeld J_77.1_1_I (veraltet),9.941992,53.598267,2025-10,1.8340860470644162,1.3661003969933299,0.28133887551958,0.2584773572522424,True
8420,Zählfeld J_77.1_1_I (veraltet),9.941992,53.598267,2025-11,2.747021943573668,1.6560975609756097,0.3671442936148818,0.2319004524886878,True
8420,Zählfeld J_77.1_1_I (veraltet),9.941992,53.598267,2025-12,2.2870370370370368,1.810016906170752,0.34247419503928517,0.20828839932213836,True
8420,Zählfeld J_77.1_1_I (veraltet),9.941992,53.598267,2026-01,2.7544684854186268,1.8250984604368063,0.3796188253597822,0.20692337611824194,True
8420,Zählfeld J_77.1_1_I (veraltet),9.941992,53.598267,2026-02,2.8562874251497004,2.0600315955766195,0.40842537888517855,0.16259953763164656,True
8421,Zählfeld J_77.1_2_I (veraltet),9.941992,53.598267,2025-01,2.4253872308273516,1.842256050628581,0.3658119658119658,0.1817094017094017,True
8421,Zählfeld J_77.1_2_I (veraltet),9.941992,53.598267,2025-02,2.5243619489559164,1.294901427600272,0.34910957805230225,0.23600192523664368,True
8421,Zählfeld J_77.1_2_I (veraltet),9.941992,53.598267,2025-03,2.2548823234852278,1.3157300835025953,0.315071368597817,0.26574307304785894,True
8421,Zählfeld J_77.1_2_I (veraltet),9.941992,53.598267,2025-04,1.4814453125000002,1.3747753145596167,0.24240971556407798,0.2666986257590284,True
8421,Zählfeld J_77.1_2_I (veraltet),9.941992,53.598267,2025-05,1.5070498915401302,1.1747751220765872,0.2277495492542206,0.3188821504671365,True
8421,Zählfeld J_77.1_2_I (veraltet),9.941992,53.598267,2025-06,1.5947143535369521,1.3813873822437912,0.2548365070935437,0.2657613231166072,True
8421,Zählfeld J_77.1_2_I (veraltet),9.941992,53.598267,2025-07,1.6960736791080953,1.2429875066155598,0.282200177433664,0.21864666505363337,True
8421,Zählfeld J_77.1_2_I (veraltet),9.941992,53.598267,2025-08,1.430539868985769,0.9902459711620016,0.21803346416029745,0.3247262962197893,True
8421,Zählfeld J_77.1_2_I (veraltet),9.941992,53.598267,2025-09,1.47515923566879,1.129865822403136,0.24937414196882823,0.24347896309456513,True
8421,Zählfeld J_77.1_2_I (veraltet),9.941992,53.598267,2025-10,1.46639231824417,1.4012437329201903,0.24504297994269342,0.25363896848137535,True
8421,Zählfeld J_77.1_2_I (veraltet),9.941992,53.598267,2025-11,2.233168172544448,1.6254752851711027,0.326348070534117,0.23524150268336314,True
8421,Zählfeld J_77.1_2_I (veraltet),9.941992,53.598267,2025-12,1.892687559354226,1.7907542579075426,0.3055811100889298,0.21005826433609323,True
8421,Zählfeld J_77.1_2_I (veraltet),9.941992,53.598267,2026-01,2.407103825136612,1.7323179271708684,0.3491874752279033,0.21561632976615142,True
8421,Zählfeld J_77.1_2_I (veraltet),9.941992,53.598267,2026-02,2.2048997772828507,2.0366013071895424,0.3540772532188841,0.16416309012875535,True
8423,Zählfeld B_46.6_1_G (veraltet),10.093074,53.656124,2025-01,1.9927007299270074,2.0276679841897236,0.33211678832116787,0.1678832116788321,True
8423,Zählfeld B_46.6_1_G (veraltet),10.093074,53.656124,2025-02,1.7958236658932714,1.9971014492753623,0.31197097944377267,0.16686819830713423,True
8423,Zählfeld B_46.6_1_G (veraltet),10.093074,53.656124,2025-03,1.7812500000000002,1.6448491747296528,0.2889087656529517,0.22450805008944544,True
8423,Zählfeld B_46.6_1_G (veraltet),10.093074,53.656124,2025-04,1.092348284960422,1.6006191950464397,0.2033898305084746,0.2380250552689757,True
8423,Zählfeld B_46.6_1_G (veraltet),10.093074,53.656124,2025-05,1.223225806451613,1.5346547314578007,0.21322537112010798,0.26383265856950067,True
8423,Zählfeld B_46.6_1_G (veraltet),10.093074,53.656124,2025-06,1.33934611048478,1.9557926829268293,0.24581005586592178,0.20360024829298573,True
8423,Zählfeld B_46.6_1_G (veraltet),10.093074,53.656124,2025-07,1.354491017964072,1.5055900621118012,0.2526809651474531,0.1876675603217158,True
8423,Zählfeld B_46.6_1_G (veraltet),10.093074,53.656124,2025-08,1.4751131221719458,1.5046401947360413,0.250384024577573,0.2403993855606759,True
8423,Zählfeld B_46.6_1_G (veraltet),10.093074,53.656124,2025-09,1.3018867924528301,1.4585858585858587,0.24223946784922396,0.19955654101995565,True
8423,Zählfeld B_46.6_1_G (veraltet),10.093074,53.656124,2025-10,1.612372995960782,3.0996582076973502,0.2981021897810219,0.14092457420924573,True
8423,Zählfeld B_46.6_1_G (veraltet),10.093074,53.656124,2025-11,2.5455035002692514,2.9473382942186603,0.39244499792445,0.14503943545039436,True
8423,Zählfeld B_46.6_1_G (veraltet),10.093074,53.656124,2025-12,2.2720820189274447,3.7406972189580885,0.3822983014861996,0.11292462845010616,True
8423,Zählfeld B_46.6_1_G (veraltet),10.093074,53.656124,2026-01,2.1891891891891895,1.9662058371735789,0.33962264150943394,0.1949685534591195,True
8423,Zählfeld B_46.6_1_G (veraltet),10.093074,53.656124,2026-02,2.052631578947368,2.206896551724138,0.3439153439153439,0.15343915343915343,True
8424,Zählfeld B_46.6_2_I (veraltet),10.093074,53.656124,2025-01,1.879326257498846,3.161931818181818,0.3410375580957166,0.11455847255369929,True
8424,Zählfeld B_46.6_2_I (veraltet),10.093074,53.656124,2025-02,1.9224011713030746,2.4014285714285717,0.3347781744008159,0.14278429372768994,True
8424,Zählfeld B_46.6_2_I (veraltet),10.093074,53.656124,2025-03,1.7834004552617753,2.002859342351259,0.30121550882796555,0.19208588412740663,True
8424,Zählfeld B_46.6_2_I (veraltet),10.093074,53.656124,2025-04,1.1609610886668085,2.4550244636808434,0.2318028402216137,0.1692033369419856,True
8424,Zählfeld B_46.6_2_I (veraltet),10.093074,53.656124,2025-05,1.23688155922039,2.0768732654949122,0.23080896119826974,0.2093743947317451,True
8424,Zählfeld B_46.6_2_I (veraltet),10.093074,53.656124,2025-06,1.2858125143250059,2.2823141706334678,0.24610120418503653,0.1797065210238863,True
8424,Zählfeld B_46.6_2_I (veraltet),10.093074,53.656124,2025-07,1.3514613392526824,1.6732639815061794,0.2571267684944042,0.17209826142042656,True
8424,Zählfeld B_46.6_2_I (veraltet),10.093074,53.656124,2025-08,1.4138776687824581,1.6480036195000565,0.24851665905979006,0.22417465388711394,True
8424,Zählfeld B_46.6_2_I (veraltet),10.093074,53.656124,2025-09,1.2573205493651205,1.940929765491169,0.24873122468857334,0.15778951145742554,True
8424,Zählfeld B_46.6_2_I (veraltet),10.093074,53.656124,2025-10,1.4151464398174924,2.591580098414434,0.26588975956064564,0.164021164021164,True
8424,Zählfeld B_46.6_2_I (veraltet),10.093074,53.656124,2025-11,2.192202373190768,2.6189818468823995,0.3545264756120706,0.1603087239830455,True
8424,Zählfeld B_46.6_2_I (veraltet),10.093074,53.656124,2025-12,1.8493083807973962,2.7955082742316786,0.3258494623655914,0.1455483870967742,True
8424,Zählfeld B_46.6_2_I (veraltet),10.093074,53.656124,2026-01,2.364194088120468,2.4426666666666668,0.3688332028191073,0.1631427825632994,True
8424,Zählfeld B_46.6_2_I (veraltet),10.093074,53.656124,2026-02,2.142148760330578,2.856749311294766,0.3654204026391474,0.12282185755371341,True
8433,Zählfeld B_66.1_1_G (veraltet),9.962568,53.5589,2025-01,1.9673433362753752,1.8015364916773366,0.3227628149435274,0.18505647263249347,True
8433,Zählfeld B_66.1_1_G (veraltet),9.962568,53.5589,2025-02,2.1074168797953963,1.5215238095238095,0.3267248215701824,0.20816812053925457,True
8433,Zählfeld B_66.1_1_G (veraltet),9.962568,53.5589,2025-03,1.7840193704600482,1.47516014872553,0.28191000918273645,0.24403122130394858,True
8433,Zählfeld B_66.1_1_G (veraltet),9.962568,53.5589,2025-04,1.670255720053836,1.7758444216990787,0.27906453789071284,0.21969867326287384,True
8433,Zählfeld B_66.1_1_G (veraltet),9.962568,53.5589,2025-05,1.8773213280810357,1.5322565091610414,0.28323993886907795,0.2641365257259297,True
8433,Zählfeld B_66.1_1_G (veraltet),9.962568,53.5589,2025-06,1.7875324675324675,1.5088408644400788,0.280440097799511,0.24889975550122248,True
8433,Zählfeld B_66.1_1_G (veraltet),9.962568,53.5589,2025-07,1.7464167585446526,1.432910339088829,0.2960747663551402,0.19532710280373833,True
8433,Zählfeld B_66.1_1_G (veraltet),9.962568,53.5589,2025-08,1.8045454545454545,1.3878676470588236,0.27964310871096504,0.2554590279408312,True
8433,Zählfeld B_66.1_1_G (veraltet),9.962568,53.5589,2025-09,1.819551934826884,1.3061765192912733,0.2953193177310591,0.21777072590241967,True
8433,Zählfeld B_66.1_1_G (veraltet),9.962568,53.5589,2025-10,1.6751824817518248,1.3863636363636362,0.26670540383497965,0.2556653108657757,True
8433,Zählfeld B_66.1_1_G (veraltet),9.962568,53.5589,2025-11,2.01328125,1.582100591715976,0.30515097690941384,0.24014209591474245,True
8433,Zählfeld B_66.1_1_G (veraltet),9.962568,53.5589,2025-12,1.8479999999999999,1.5826586576129538,0.2930232558139535,0.23128964059196616,True
8433,Zählfeld B_66.1_1_G (veraltet),9.962568,53.5589,2026-01,1.7628865979381443,1.6730038022813687,0.2881213142375737,0.22156697556866048,True
8433,Zählfeld B_66.1_1_G (veraltet),9.962568,53.5589,2026-02,1.9854111405835542,1.4238636363636363,0.31090342679127725,0.2193146417445483,True
8434,Zählfeld B_66.1_2_I (veraltet),9.962568,53.5589,2025-01,2.3905315182519726,2.3309295873222187,0.3772577996715928,0.14930213464696224,True
8434,Zählfeld B_66.1_2_I (veraltet),9.962568,53.5589,2025-02,2.295881126173097,1.6566768603465851,0.34920697858842187,0.19448850118953212,True
8434,Zählfeld B_66.1_2_I (veraltet),9.962568,53.5589,2025-03,2.1291329904481997,1.7562629331220005,0.3265622358708514,0.21330365695610526,True
8434,Zählfeld B_66.1_2_I (veraltet),9.962568,53.5589,2025-04,1.6110524927459775,2.0092528735632182,0.2797691303451593,0.1992624997137033,True
8434,Zählfeld B_66.1_2_I (veraltet),9.962568,53.5589,2025-05,1.5879375790805568,1.7216978417266184,0.2623144987110709,0.24210966348498572,True
8434,Zählfeld B_66.1_2_I (veraltet),9.962568,53.5589,2025-06,1.558025555750044,1.9278178789561353,0.2714236706689537,0.20594625500285876,True
8434,Zählfeld B_66.1_2_I (veraltet),9.962568,53.5589,2025-07,1.5321259660860538,1.5651974722752011,0.27659308621407747,0.181820074968763,True
8434,Zählfeld B_66.1_2_I (veraltet),9.962568,53.5589,2025-08,1.6201801630046233,1.5062816120084843,0.26644249535589154,0.2402003433113081,True
8434,Zählfeld B_66.1_2_I (veraltet),9.962568,53.5589,2025-09,1.5373140445063727,1.394575496207004,0.2687414030261348,0.20682169876203577,True
8434,Zählfeld B_66.1_2_I (veraltet),9.962568,53.5589,2025-10,1.6382967211340767,1.9028307729188723,0.2825113362816996,0.20016234675026592,True
8434,Zählfeld B_66.1_2_I (veraltet),9.962568,53.5589,2025-11,2.1430590135253347,1.879111963416433,0.3291170634920635,0.2101624503968254,True
8434,Zählfeld B_66.1_2_I (veraltet),9.962568,53.5589,2025-12,1.911412078152753,2.1863448575777347,0.3195738520360815,0.17884850959575338,True
8434,Zählfeld B_66.1_2_I (veraltet),9.962568,53.5589,2026-01,2.2334588488434637,2.154817275747508,0.34952437073827763,0.18099166596514857,True
8434,Zählfeld B_66.1_2_I (veraltet),9.962568,53.5589,2026-02,2.2529556650246305,1.6875964391691396,0.34671366841027973,0.19160791448715034,True
8439,Zählfeld J_76.1_1_I (veraltet),9.958361,53.59833,2025-01,2.6982303632412292,2.324958831229152,0.4026687052609632,0.14962818819931892,True
8439,Zählfeld J_76.1_1_I (veraltet),9.958361,53.59833,2025-02,2.6224398931433663,1.8489019033674965,0.3834635416666667,0.17786458333333333,True
8439,Zählfeld J_76.1_1_I (veraltet),9.958361,53.59833,2025-03,2.5461089735633613,1.6369391052058948,0.3556272103182858,0.22534845017682548,True
8439,Zählfeld J_76.1_1_I (veraltet),9.958361,53.59833,2025-04,1.6336966258584653,2.026939655172414,0.28280674549331264,0.1978678038379531,True
8439,Zählfeld J_76.1_1_I (veraltet),9.958361,53.59833,2025-05,1.736738380686484,1.6651550936860335,0.2756167168380312,0.24828961257281362,True
8439,Zählfeld J_76.1_1_I (veraltet),9.958361,53.59833,2025-06,1.6954677383344494,1.7901770514130062,0.282252369448058,0.2183237316483925,True
8439,Zählfeld J_76.1_1_I (veraltet),9.958361,53.59833,2025-07,1.7165109034267914,1.5938519844194126,0.29874213836477986,0.17913684667100413,True
8439,Zählfeld J_76.1_1_I (veraltet),9.958361,53.59833,2025-08,1.7799762925139055,1.623600464576074,0.28793309438470727,0.2267799460153104,True
8439,Zählfeld J_76.1_1_I (veraltet),9.958361,53.59833,2025-09,1.660371747211896,1.5156230165206825,0.2873354691782144,0.19349982630177173,True
8439,Zählfeld J_76.1_1_I (veraltet),9.958361,53.59833,2025-10,1.7598265895953757,2.1604355240718878,0.30295039554206676,0.1806060002985223,True
8439,Zählfeld J_76.1_1_I (veraltet),9.958361,53.59833,2025-11,2.676719382125781,2.0330611169652264,0.378451458582497,0.1973896313244241,True
8439,Zählfeld J_76.1_1_I (veraltet),9.958361,53.59833,2025-12,2.3136589187777488,2.3633544160437685,0.36239798735963674,0.16769957660919188,True
8439,Zählfeld J_76.1_1_I (veraltet),9.958361,53.59833,2026-01,2.3832976445396143,2.0752847944526995,0.3600942872989462,0.18663338879645036,True
8439,Zählfeld J_76.1_1_I (veraltet),9.958361,53.59833,2026-02,2.5911552346570397,1.8730158730158728,0.3818834796488428,0.17597765363128492,True
8440,Zählfeld J_76.1_2_I (veraltet),9.958361,53.59833,2025-01,2.399448191293685,2.462094031033037,0.3810706200248302,0.14248155992112757,True
8440,Zählfeld J_76.1_2_I (veraltet),9.958361,53.59833,2025-02,2.325186799501868,1.839193548387097,0.35864006338687604,0.17863574155441908,True
8440,Zählfeld J_76.1_2_I (veraltet),9.958361,53.59833,2025-03,2.1886381123364966,1.675986678596282,0.32848316877417866,0.22125988798429472,True
8440,Zählfeld J_76.1_2_I (veraltet),9.958361,53.59833,2025-04,1.4235743222187596,1.9589111985096253,0.25637679939388835,0.20334203215758903,True
8440,Zählfeld J_76.1_2_I (veraltet),9.958361,53.59833,2025-05,1.55285089528839,1.726800955957665,0.25868041237113404,0.24156701030927835,True
8440,Zählfeld J_76.1_2_I (veraltet),9.958361,53.59833,2025-06,1.5071845532105972,1.7468673860076573,0.2599821850431819,0.22253204755818906,True
8440,Zählfeld J_76.1_2_I (veraltet),9.958361,53.59833,2025-07,1.5818030050083471,1.6381101598492902,0.28476970471109775,0.17514463896611315,True
8440,Zählfeld J_76.1_2_I (veraltet),9.958361,53.59833,2025-08,1.5011727912431587,1.6154558464517217,0.25757982291387177,0.2276629997316877,True
8440,Zählfeld J_76.1_2_I (veraltet),9.958361,53.59833,2025-09,1.5218737102765167,1.4634276650805575,0.26957379925433145,0.19902770670370643,True
8440,Zählfeld J_76.1_2_I (veraltet),9.958361,53.59833,2025-10,1.62836853605244,2.228534606330795,0.28988184956483687,0.17605873486653376,True
8440,Zählfeld J_76.1_2_I (veraltet),9.958361,53.59833,2025-11,2.4594692838967647,1.9913815963935295,0.36008515167642363,0.200691857370942,True
8440,Zählfeld J_76.1_2_I (veraltet),9.958361,53.59833,2025-12,2.127178395636557,2.241707236210717,0.34219311761684645,0.1752054442732409,True
8440,Zählfeld J_76.1_2_I (veraltet),9.958361,53.59833,2026-01,2.4553483807654564,2.2780919596754363,0.37226603184049994,0.17289093884838566,True
8440,Zählfeld J_76.1_2_I (veraltet),9.958361,53.59833,2026-02,2.473056638385691,1.8909090909090909,0.3729640004149808,0.1746031746031746,True
8441,Zählfeld D_59.1_2_I (veraltet),9.939543,53.579906,2025-01,2.4736024844720497,2.109795836935559,0.37851966258762026,0.16240940952833552,True
8441,Zählfeld D_59.1_2_I (veraltet),9.939543,53.579906,2025-02,2.6966431827600497,1.6281907018063368,0.3800151842550955,0.1972201132979034,True
8441,Zählfeld D_59.1_2_I (veraltet),9.939543,53.579906,2025-03,2.2845278375884344,1.513309726406286,0.3288320198352962,0.23935181085628265,True
8441,Zählfeld D_59.1_2_I (veraltet),9.939543,53.579906,2025-04,1.6366191527805662,1.9440235690235692,0.28076459445496815,0.2045806784914758,True
8441,Zählfeld D_59.1_2_I (veraltet),9.939543,53.579906,2025-05,1.6865788536845854,1.6721005958154358,0.27080046642430894,0.24751354688250224,True
8441,Zählfeld D_59.1_2_I (veraltet),9.939543,53.579906,2025-06,1.7202978525364003,1.783152501506932,0.2846346775790377,0.21899544584515873,True
8441,Zählfeld D_59.1_2_I (veraltet),9.939543,53.579906,2025-07,1.7339692968601932,1.4803203271426137,0.29659286154245146,0.1902616137711933,True
8441,Zählfeld D_59.1_2_I (veraltet),9.939543,53.579906,2025-08,1.7204668797858895,1.5669420753375978,0.2795231365728159,0.23306881182737255,True
8441,Zählfeld D_59.1_2_I (veraltet),9.939543,53.579906,2025-09,1.56456307673252,1.5347566022707753,0.2771068478725855,0.19154957385896212,True
8441,Zählfeld D_59.1_2_I (veraltet),9.939543,53.579906,2025-10,1.6468371467025573,1.911738648947951,0.2837267541622223,0.19941566572369337,True
8441,Zählfeld D_59.1_2_I (veraltet),9.939543,53.579906,2025-11,2.4926651801431756,1.8751201923076923,0.35828146348868983,0.210515662162846,True
8441,Zählfeld D_59.1_2_I (veraltet),9.939543,53.579906,2025-12,2.1975562545366563,2.0912369854412174,0.34438630417472416,0.18547378000227505,True
8441,Zählfeld D_59.1_2_I (veraltet),9.939543,53.579906,2026-01,2.5773353751914243,1.7412507171543317,0.3628719275549806,0.2147477360931436,True
8441,Zählfeld D_59.1_2_I (veraltet),9.939543,53.579906,2026-02,2.650574173892665,1.9590493601462522,0.38954329406902255,0.16955982641041537,True
8442,Zählfeld I_72.2_1_I (veraltet),9.973194,53.569805,2025-01,1.6015424164524423,2.551898734177215,0.22139303482587064,0.2947761194029851,True
8442,Zählfeld I_72.2_1_I (veraltet),9.973194,53.569805,2025-02,4.29812438302073,2.164860907759883,0.4970887087567074,0.1559538760132435,True
8442,Zählfeld I_72.2_1_I (veraltet),9.973194,53.569805,2025-03,3.680331179321486,2.148507520847946,0.4509687476802019,0.18142676861405982,True
8442,Zählfeld I_72.2_1_I (veraltet),9.973194,53.569805,2025-04,2.8403599726107798,2.168918918918919,0.3952225398121682,0.18734177215189873,True
8442,Zählfeld I_72.2_1_I (veraltet),9.973194,53.569805,2025-05,2.8174361341951366,1.8903296383275026,0.3842784952274003,0.2103312745648512,True
8444,Zählfeld J_81.1_1_I (veraltet),9.931996,53.583733,2025-01,2.4909339719466304,2.475832990538873,0.38931665062560156,0.1418030157202438,True
8444,Zählfeld J_81.1_1_I (veraltet),9.931996,53.583733,2025-02,2.9859075535512964,2.0559535333978705,0.4175798186834844,0.16286953094205756,True
8444,Zählfeld J_81.1_1_I (veraltet),9.931996,53.583733,2025-03,2.7100322675271338,1.9102082873334807,0.3799037749814952,0.19954354798914384,True
8444,Zählfeld J_81.1_1_I (veraltet),9.931996,53.583733,2025-04,1.5709583372519513,2.240182522123894,0.28097088358480093,0.182469596810819,True
8444,Zählfeld J_81.1_1_I (veraltet),9.931996,53.583733,2025-05,1.668007239091092,1.9362602365787078,0.27828099838969406,0.2212157809983897,True
8444,Zählfeld J_81.1_1_I (veraltet),9.931996,53.583733,2025-06,1.6149169548211555,2.272425067623567,0.28384751424641386,0.1828453527215563,True
8444,Zählfeld J_81.1_1_I (veraltet),9.931996,53.583733,2025-07,1.637825872696574,1.787571898962994,0.2957799905168326,0.17064959696538645,True
8444,Zählfeld J_81.1_1_I (veraltet),9.931996,53.583733,2025-08,1.660888748818153,1.89515095596904,0.2847878951634693,0.20081059173196433,True
8444,Zählfeld J_81.1_1_I (veraltet),9.931996,53.583733,2025-09,1.6745541232562247,1.7108649814594896,0.29543436609187346,0.17528856488620964,True
8444,Zählfeld J_81.1_1_I (veraltet),9.931996,53.583733,2025-10,1.7002301495972383,2.1411272567151034,0.2959202066935048,0.1819383524604939,True
8444,Zählfeld J_81.1_1_I (veraltet),9.931996,53.583733,2025-11,3.1248264964950114,2.0827896341463417,0.4248587570621469,0.17441010302426055,True
8444,Zählfeld J_81.1_1_I (veraltet),9.931996,53.583733,2025-12,2.5615942028985508,2.3699243476918324,0.38352448853068816,0.16731246125232485,True
8444,Zählfeld J_81.1_1_I (veraltet),9.931996,53.583733,2026-01,2.5113636363636367,2.052910052910053,0.3698744769874477,0.18828451882845187,True
8444,Zählfeld J_81.1_1_I (veraltet),9.931996,53.583733,2026-02,2.774265734265734,2.20192,0.40659205509777396,0.15373262821301192,True
8445,Zählfeld J_81.1_2_I (veraltet),9.931996,53.583733,2025-01,2.6424819435325015,2.633350357507661,0.4053482399153951,0.13446139900287052,True
8445,Zählfeld J_81.1_2_I (veraltet),9.931996,53.583733,2025-02,2.5706253194752087,2.0998073217726394,0.38762139663943274,0.16001233235702172,True
8445,Zählfeld J_81.1_2_I (veraltet),9.931996,53.583733,2025-03,2.5486949200112266,1.8118332783459805,0.3637346791636626,0.20812304734438836,True
8445,Zählfeld J_81.1_2_I (veraltet),9.931996,53.583733,2025-04,1.6188483580460291,2.176568930041152,0.2850141738336617,0.1868063229712199,True
8445,Zählfeld J_81.1_2_I (veraltet),9.931996,53.583733,2025-05,1.7631423508564679,1.8073349633251836,0.2837992013690816,0.23331431831146607,True
8445,Zählfeld J_81.1_2_I (veraltet),9.931996,53.583733,2025-06,1.610396737733503,2.1155238261650977,0.2795376712328767,0.1937785388127854,True
8445,Zählfeld J_81.1_2_I (veraltet),9.931996,53.583733,2025-07,1.6944646464646462,1.5978111557718073,0.29627588740414196,0.18712402993984478,True
8445,Zählfeld J_81.1_2_I (veraltet),9.931996,53.583733,2025-08,1.807965421426366,1.8688796082949308,0.29967760094160995,0.20306023233201986,True
8445,Zählfeld J_81.1_2_I (veraltet),9.931996,53.583733,2025-09,1.6328821110349554,1.6010125682817427,0.2872191328721913,0.1850897418508974,True
8445,Zählfeld J_81.1_2_I (veraltet),9.931996,53.583733,2025-10,1.6950186377499152,2.0527750614869467,0.29304587263460075,0.1882945691018806,True
8445,Zählfeld J_81.1_2_I (veraltet),9.931996,53.583733,2025-11,2.5338188237890327,2.008955882352941,0.37921923508818284,0.17966840610344145,True
8445,Zählfeld J_81.1_2_I (veraltet),9.931996,53.583733,2025-12,2.341834310153651,2.1419996570056594,0.3586608442503639,0.18187772925764192,True
8445,Zählfeld J_81.1_2_I (veraltet),9.931996,53.583733,2026-01,2.367899603698811,1.9984508133230054,0.35623788940229545,0.19242808168132358,True
8445,Zählfeld J_81.1_2_I (veraltet),9.931996,53.583733,2026-02,2.4488440727988197,2.1009957325746798,0.3775452166988966,0.15993629848708907,True
8446,Zählfeld J_60.1_2_I (veraltet),10.02577,53.633053,2025-01,1.7628865979381443,2.765853658536585,0.322438717787555,0.12884978001257072,True
8446,Zählfeld J_60.1_2_I (veraltet),10.02577,53.633053,2025-02,1.9618406285072951,1.7701701701701702,0.32250922509225094,0.18431734317343174,True
8446,Zählfeld J_60.1_2_I (veraltet),10.02577,53.633053,2025-03,1.7440430438124521,1.7319078485843362,0.2883466768331427,0.21565637310967087,True
8446,Zählfeld J_60.1_2_I (veraltet),10.02577,53.633053,2025-04,1.2776421346355076,1.9980449657869013,0.2388964977499511,0.20015652514185092,True
8446,Zählfeld J_60.1_2_I (veraltet),10.02577,53.633053,2025-05,1.3366221706326176,1.7721431651573956,0.23521601470738432,0.23685016852211213,True
8446,Zählfeld J_60.1_2_I (veraltet),10.02577,53.633053,2025-06,1.2314666666666667,1.9154997585707387,0.23078460769615192,0.20699650174912543,True
8446,Zählfeld J_60.1_2_I (veraltet),10.02577,53.633053,2025-07,1.3360263808738664,1.7594018916681302,0.25726259643775595,0.16506333936565387,True
8446,Zählfeld J_60.1_2_I (veraltet),10.02577,53.633053,2025-08,1.419202302631579,1.5410590613842647,0.24533532359526602,0.23605928137328072,True
8446,Zählfeld J_60.1_2_I (veraltet),10.02577,53.633053,2025-09,1.2690902765698382,1.4807909860174668,0.23866535819430815,0.1971540726202159,True
8446,Zählfeld J_60.1_2_I (veraltet),10.02577,53.633053,2025-10,1.2759511507750119,2.0027720027720024,0.24108093716719914,0.1920926517571885,True
8446,Zählfeld J_60.1_2_I (veraltet),10.02577,53.633053,2025-11,1.7398758498374225,2.081386292834891,0.2959722431739327,0.19369437320862876,True
8446,Zählfeld J_60.1_2_I (veraltet),10.02577,53.633053,2025-12,1.4735539746365605,2.2957142857142854,0.2728053599037966,0.17179178835251674,True
8446,Zählfeld J_60.1_2_I (veraltet),10.02577,53.633053,2026-01,1.699093157460841,2.0150599215187186,0.29246487867177523,0.1911451681566624,True
8446,Zählfeld J_60.1_2_I (veraltet),10.02577,53.633053,2026-02,1.7939698492462315,1.9602739726027398,0.3107951247823564,0.1694718514219385,True
8451,Zählfeld D_80.2_2_I (veraltet),9.995727,53.58369,2025-01,2.6978021631706333,2.409491253713046,0.4046795706651098,0.14999775452463288,True
8451,Zählfeld D_80.2_2_I (veraltet),9.995727,53.58369,2025-02,2.740376430530597,1.7907501659659217,0.39022222222222225,0.18258585858585857,True
8451,Zählfeld D_80.2_2_I (veraltet),9.995727,53.58369,2025-03,2.533373542420587,1.6630110996308178,0.35592023500169473,0.22260196587956163,True
8451,Zählfeld D_80.2_2_I (veraltet),9.995727,53.58369,2025-04,1.8362225097024578,1.9713140687618649,0.30286348312209277,0.2023215123970469,True
8451,Zählfeld D_80.2_2_I (veraltet),9.995727,53.58369,2025-05,1.8770972216008235,1.559241632207225,0.28451976481598273,0.2607572274327101,True
8451,Zählfeld D_80.2_2_I (veraltet),9.995727,53.58369,2025-06,1.8643426956955294,1.5727008946562424,0.29081116814434593,0.24123114014621247,True
8451,Zählfeld D_80.2_2_I (veraltet),9.995727,53.58369,2025-07,1.949678034819938,1.5492612101503707,0.32167942235426056,0.18334743345072502,True
8451,Zählfeld D_80.2_2_I (veraltet),9.995727,53.58369,2025-08,1.9566972988025622,1.573262622914595,0.3030361840686592,0.23235002372018804,True
8451,Zählfeld D_80.2_2_I (veraltet),9.995727,53.58369,2025-09,1.8377631299170742,1.484773436964672,0.30514542334823225,0.19672929862096722,True
8451,Zählfeld D_80.2_2_I (veraltet),9.995727,53.58369,2025-10,1.8669293725371323,2.1312689651876804,0.313540425791869,0.18262622560249245,True
8451,Zählfeld D_80.2_2_I (veraltet),9.995727,53.58369,2025-11,2.7257866462010747,2.3657724505327247,0.39299585062240666,0.17447302904564316,True
8451,Zählfeld D_80.2_2_I (veraltet),9.995727,53.58369,2025-12,2.3925831202046037,2.4914332978849107,0.37248656181564804,0.1604618753732829,True
8451,Zählfeld D_80.2_2_I (veraltet),9.995727,53.58369,2026-01,2.788453063023358,2.3358676804054954,0.4001517882553837,0.16933877241248457,True
8451,Zählfeld D_80.2_2_I (veraltet),9.995727,53.58369,2026-02,2.6181091877496674,2.1390114068441064,0.3925961423265844,0.15754163172397267,True
8452,Zählfeld D_42.1_2_I (veraltet),10.0457,53.5645,2025-01,2.84375,2.19917864476386,0.41030595813204507,0.1568438003220612,True
8452,Zählfeld D_42.1_2_I (veraltet),10.0457,53.5645,2025-02,2.8997821350762525,1.5801604668125455,0.39222042139384117,0.20200383085310153,True
8452,Zählfeld D_42.1_2_I (veraltet),10.0457,53.5645,2025-03,2.7915541369997543,1.6552987242642414,0.374320987654321,0.22340740740740742,True
8452,Zählfeld D_42.1_2_I (veraltet),10.0457,53.5645,2025-04,1.7146410213894878,1.6967418546365916,0.28090620161356045,0.2276098117512835,True
8452,Zählfeld D_42.1_2_I (veraltet),10.0457,53.5645,2025-05,,,0.6,0.4,False
8452,Zählfeld D_42.1_2_I (veraltet),10.0457,53.5645,2025-06,1.7618579019877978,1.6046557898925586,0.28209491397239556,0.23756853847608245,True
8452,Zählfeld D_42.1_2_I (veraltet),10.0457,53.5645,2025-07,1.7237124463519315,1.6586020555928371,0.30164765525982257,0.1733558653710745,True
8452,Zählfeld D_42.1_2_I (veraltet),10.0457,53.5645,2025-08,1.8186312374478604,1.6383032365825216,0.29242119382964454,0.22520307027349282,True
8452,Zählfeld D_42.1_2_I (veraltet),10.0457,53.5645,2025-09,1.726058240768538,1.5102349174371332,0.29434802641683305,0.1940562125633543,True
8452,Zählfeld D_42.1_2_I (veraltet),10.0457,53.5645,2025-10,1.8283841900471023,2.1012807144194006,0.3087136929460581,0.18475103734439835,True
8452,Zählfeld D_42.1_2_I (veraltet),10.0457,53.5645,2025-11,2.8165114523030454,2.1127262753702687,0.3915599412135209,0.1913709846735251,True
8452,Zählfeld D_42.1_2_I (veraltet),10.0457,53.5645,2025-12,2.554827684420393,2.2846599894570376,0.3806008146639511,0.172479633401222,True
8452,Zählfeld D_42.1_2_I (veraltet),10.0457,53.5645,2026-01,2.668543279380718,1.9342986816511778,0.37776449491930664,0.19754931261207412,True
8452,Zählfeld D_42.1_2_I (veraltet),10.0457,53.5645,2026-02,2.740029542097489,1.824413145539906,0.3915154073448713,0.1798227100042212,True
8453,Zählfeld D_42.2_1_I (veraltet),10.0457,53.5645,2025-01,2.4278752436647175,2.1759572805418075,0.37651148730350664,0.15825272067714632,True
8453,Zählfeld D_42.2_1_I (veraltet),10.0457,53.5645,2025-02,2.5830845771144277,1.6054363376251788,0.37038093879298045,0.19945783992010271,True
8453,Zählfeld D_42.2_1_I (veraltet),10.0457,53.5645,2025-03,2.431237042156185,1.5993080993080993,0.3449357780174527,0.22943425826061378,True
8453,Zählfeld D_42.2_1_I (veraltet),10.0457,53.5645,2025-04,1.6266535322262878,1.7989166119500986,0.2751160299892895,0.21749375223134595,True
8453,Zählfeld D_42.2_1_I (veraltet),10.0457,53.5645,2025-05,1.670194003527337,1.5274252753015207,0.2629459947244204,0.26475079827849507,True
8453,Zählfeld D_42.2_1_I (veraltet),10.0457,53.5645,2025-06,1.632855420072357,1.7315204326923077,0.273480105029287,0.22406247896047937,True
8453,Zählfeld D_42.2_1_I (veraltet),10.0457,53.5645,2025-07,1.540421362077413,1.5459493274945262,0.2769556025369979,0.18366807610993657,True
8453,Zählfeld D_42.2_1_I (veraltet),10.0457,53.5645,2025-08,1.571685829062197,1.5722003086949066,0.2638666015488732,0.23247052257029233,True
8453,Zählfeld D_42.2_1_I (veraltet),10.0457,53.5645,2025-09,1.6145619086795555,1.4997326203208556,0.2816042473812599,0.19514994977758646,True
8453,Zählfeld D_42.2_1_I (veraltet),10.0457,53.5645,2025-10,1.6781060745090843,1.9795452427546358,0.2891566265060241,0.19390949625272744,True
8453,Zählfeld D_42.2_1_I (veraltet),10.0457,53.5645,2025-11,2.3990428441203284,2.1814917127071825,0.3614917070155558,0.18646337694447307,True
8453,Zählfeld D_42.2_1_I (veraltet),10.0457,53.5645,2025-12,2.142745098039216,2.396301575119687,0.3475826972010178,0.16577608142493638,True
8453,Zählfeld D_42.2_1_I (veraltet),10.0457,53.5645,2026-01,2.26078431372549,1.8543092127997791,0.3419335705812574,0.20432977461447213,True
8453,Zählfeld D_42.2_1_I (veraltet),10.0457,53.5645,2026-02,2.389276373147341,1.9932285368802902,0.3692400970088925,0.1671382376717866,True
8455,Zählfeld J_60.1_1_I (veraltet),10.02577,53.633053,2025-01,2.739669421487603,2.5595823095823094,0.41154562383612664,0.1378026070763501,True
8455,Zählfeld J_60.1_1_I (veraltet),10.02577,53.633053,2025-02,2.7050404480398256,1.8002945508100145,0.38795180722891565,0.1817938420348059,True
8455,Zählfeld J_60.1_1_I (veraltet),10.02577,53.633053,2025-03,2.4367912641747167,1.6732588800992712,0.3489085332852246,0.2215406819411871,True
8455,Zählfeld J_60.1_1_I (veraltet),10.02577,53.633053,2025-04,1.4940617577197148,1.913688469318948,0.263584299483168,0.20715183684872188,True
8455,Zählfeld J_60.1_1_I (veraltet),10.02577,53.633053,2025-05,1.622035424797358,1.6001133786848072,0.2611658932714617,0.255800464037123,True
8455,Zählfeld J_60.1_1_I (veraltet),10.02577,53.633053,2025-06,1.5519843487982115,1.7765052356020943,0.2660629581716257,0.2196349001006181,True
8455,Zählfeld J_60.1_1_I (veraltet),10.02577,53.633053,2025-07,1.4455917394757745,1.6484188049920847,0.2685157863676601,0.17424018884626732,True
8455,Zählfeld J_60.1_1_I (veraltet),10.02577,53.633053,2025-08,1.5815738963531667,1.5475380077149987,0.2639756527310588,0.23530353996476053,True
8455,Zählfeld J_60.1_1_I (veraltet),10.02577,53.633053,2025-09,1.7896713615023474,1.296232767930881,0.29179424372320883,0.2190753214941825,True
8455,Zählfeld J_60.1_1_I (veraltet),10.02577,53.633053,2025-10,1.6405904059040592,2.010262312377116,0.285824493731919,0.19151398264223723,True
8455,Zählfeld J_60.1_1_I (veraltet),10.02577,53.633053,2025-11,2.506309148264984,2.053529411764706,0.3660446901635568,0.19580741764570375,True
8455,Zählfeld J_60.1_1_I (veraltet),10.02577,53.633053,2025-12,2.204896221394359,2.448550398077212,0.354648176682075,0.1628145865434001,True
8455,Zählfeld J_60.1_1_I (veraltet),10.02577,53.633053,2026-01,2.1119293078055965,1.9747397166752003,0.3328690807799443,0.19428969359331477,True
8455,Zählfeld J_60.1_1_I (veraltet),10.02577,53.633053,2026-02,2.4312377210216107,1.9298429319371728,0.3707865168539326,0.17168539325842697,True
8457,Zählfeld B_85.1_1_I (veraltet),9.965094,53.598476,2025-01,3.0985580496506615,3.1358285772523438,0.44944692412187076,0.11540203117924834,True
8457,Zählfeld B_85.1_1_I (veraltet),9.965094,53.598476,2025-02,2.9824155483572423,2.263107221006565,0.4236508249523434,0.15020048642608297,True
8457,Zählfeld B_85.1_1_I (veraltet),9.965094,53.598476,2025-03,2.7608883405305362,2.1708929617541215,0.3930340394140584,0.17989250711349986,True
8457,Zählfeld B_85.1_1_I (veraltet),9.965094,53.598476,2025-04,1.683252706749597,2.345408398707891,0.2962617580278949,0.17572169964320467,True
8457,Zählfeld B_85.1_1_I (veraltet),9.965094,53.598476,2025-05,1.838358594001935,2.0417053256633886,0.2993226746475545,0.21221548397259196,True
8457,Zählfeld B_85.1_1_I (veraltet),9.965094,53.598476,2025-06,1.8419701213818862,2.1571339434276204,0.3088333137646276,0.1881726742593245,True
8457,Zählfeld B_85.1_1_I (veraltet),9.965094,53.598476,2025-07,1.7937770831853377,1.9304219096965212,0.3170603081327457,0.15267261837495763,True
8457,Zählfeld B_85.1_1_I (veraltet),9.965094,53.598476,2025-08,1.8016445865692094,1.8745853397538788,0.299207938820102,0.2025673707210488,True
8457,Zählfeld B_85.1_1_I (veraltet),9.965094,53.598476,2025-09,1.8065435012614959,1.7697269356107428,0.3117862711221609,0.1704521511946399,True
8457,Zählfeld B_85.1_1_I (veraltet),9.965094,53.598476,2025-10,1.901064684612294,2.6470396771148654,0.32874785055494765,0.15246730238132458,True
8457,Zählfeld B_85.1_1_I (veraltet),9.965094,53.598476,2025-11,3.053338933221336,2.354295981705325,0.41604669795124183,0.17517454503834268,True
8457,Zählfeld B_85.1_1_I (veraltet),9.965094,53.598476,2025-12,2.540120287516503,2.458885112699715,0.3841086045118786,0.16224129899514209,True
8457,Zählfeld B_85.1_1_I (veraltet),9.965094,53.598476,2026-01,2.822768434670116,1.8867370892018778,0.3870853290757495,0.20152563420259004,True
8457,Zählfeld B_85.1_1_I (veraltet),9.965094,53.598476,2026-02,3.0711131768533586,2.25158371040724,0.4295465626523647,0.15085324232081912,True
8458,Zählfeld B_85.1_2_G (veraltet),9.965094,53.598476,2025-01,1.566860465116279,2.002124044180119,0.28488372093023256,0.169661733615222,True
8458,Zählfeld B_85.1_2_G (veraltet),9.965094,53.598476,2025-02,1.6506550218340612,1.4908136482939633,0.2798445308162132,0.21154913936701833,True
8458,Zählfeld B_85.1_2_G (veraltet),9.965094,53.598476,2025-03,1.680244399185336,1.5166815166815164,0.273224043715847,0.23894684550422254,True
8458,Zählfeld B_85.1_2_G (veraltet),9.965094,53.598476,2025-04,1.2924982794218858,1.6847649918962722,0.23219584569732937,0.22885756676557864,True
8458,Zählfeld B_85.1_2_G (veraltet),9.965094,53.598476,2025-05,1.5058365758754864,1.5251436781609196,0.24562071591774562,0.26504188880426505,True
8458,Zählfeld B_85.1_2_G (veraltet),9.965094,53.598476,2025-06,1.4254261363636365,1.615085536547434,0.24595588235294116,0.2363970588235294,True
8458,Zählfeld B_85.1_2_G (veraltet),9.965094,53.598476,2025-07,1.3469773299748111,1.3496590659139234,0.24637180373185902,0.20490670352453352,True
8458,Zählfeld B_85.1_2_G (veraltet),9.965094,53.598476,2025-08,1.4265734265734265,1.6140753490151079,0.24885635864592864,0.22781335773101555,True
8458,Zählfeld B_85.1_2_G (veraltet),9.965094,53.598476,2025-09,1.3759884974838246,1.2215532811559302,0.24230915305734904,0.22939612609191037,True
8458,Zählfeld B_85.1_2_G (veraltet),9.965094,53.598476,2025-10,1.2892768079800498,1.9317160826594788,0.24113805970149255,0.19776119402985073,True
8458,Zählfeld B_85.1_2_G (veraltet),9.965094,53.598476,2025-11,1.608695652173913,1.5742574257425743,0.2649164677804296,0.24105011933174225,True
8458,Zählfeld B_85.1_2_G (veraltet),9.965094,53.598476,2025-12,1.4600409836065575,1.5252811941553663,0.2494747899159664,0.23792016806722688,True
8458,Zählfeld B_85.1_2_G (veraltet),9.965094,53.598476,2026-01,2.240506329113924,1.2057667103538665,0.3064935064935065,0.2831168831168831,True
8458,Zählfeld B_85.1_2_G (veraltet),9.965094,53.598476,2026-02,2.142857142857143,1.3046979865771813,0.3188976377952756,0.2346456692913386,True
8459,Zählfeld D_58.2_1_I (veraltet),10.075018,53.588627,2025-01,3.0345205479452053,3.492494714587738,0.45013411363082173,0.10485247500609607,True
8459,Zählfeld D_58.2_1_I (veraltet),10.075018,53.588627,2025-02,3.175182481751825,2.4,0.44072948328267475,0.14285714285714285,True
8459,Zählfeld D_58.2_1_I (veraltet),10.075018,53.588627,2025-03,3.0559440559440563,2.0018492834026813,0.4076492537313433,0.1921641791044776,True
8459,Zählfeld D_58.2_1_I (veraltet),10.075018,53.588627,2025-04,1.3705263157894736,2.1875658587987354,0.2552440697902372,0.1860419525583219,True
8459,Zählfeld D_58.2_1_I (veraltet),10.075018,53.588627,2025-05,1.7431604736627193,1.7398692810457514,0.2792386185243328,0.2401883830455259,True
8459,Zählfeld D_58.2_1_I (veraltet),10.075018,53.588627,2025-06,1.4945954798558794,1.8792111750205422,0.26264893800725264,0.21015368675530996,True
8459,Zählfeld D_58.2_1_I (veraltet),10.075018,53.588627,2025-07,1.4844347351174223,2.040728831725616,0.28281567036054317,0.14562197596378962,True
8459,Zählfeld D_58.2_1_I (veraltet),10.075018,53.588627,2025-08,1.495186136071887,2.045384851272616,0.26980542043085476,0.1888464211257818,True
8459,Zählfeld D_58.2_1_I (veraltet),10.075018,53.588627,2025-09,1.811551925320887,1.8426476749057392,0.3144463010785356,0.16481847182135803,True
8459,Zählfeld D_58.2_1_I (veraltet),10.075018,53.588627,2025-10,1.8226950354609928,3.346868463147533,0.33086578693273255,0.12455745091728355,True
8459,Zählfeld D_58.2_1_I (veraltet),10.075018,53.588627,2025-11,3.185348631950574,2.5199568500539375,0.4297195927844258,0.16556527951419897,True
8459,Zählfeld D_58.2_1_I (veraltet),10.075018,53.588627,2025-12,2.608941176470588,3.121955052648122,0.4035815680279537,0.13234330639877703,True
8459,Zählfeld D_58.2_1_I (veraltet),10.075018,53.588627,2026-01,2.853146853146853,1.9324675324675327,0.39108554996405465,0.19769949676491733,True
8459,Zählfeld D_58.2_1_I (veraltet),10.075018,53.588627,2026-02,3.548133595284872,2.768847352024922,0.4734565473849784,0.12622886354699175,True
8460,Zählfeld B_85.2_1_G (veraltet),9.965578,53.598167,2025-01,1.5302013422818794,1.804812834224599,0.2753623188405797,0.18478260869565216,True
8460,Zählfeld B_85.2_1_G (veraltet),9.965578,53.598167,2025-02,1.8960000000000001,1.5181395348837208,0.3064985451018429,0.20853540252182348,True
8460,Zählfeld B_85.2_1_G (veraltet),9.965578,53.598167,2025-03,1.8924558587479936,1.3218839448347646,0.28437047756874095,0.26483357452966716,True
8460,Zählfeld B_85.2_1_G (veraltet),9.965578,53.598167,2025-04,1.579429735234216,1.6618625277161863,0.2651282051282051,0.2312820512820513,True
8460,Zählfeld B_85.2_1_G (veraltet),9.965578,53.598167,2025-05,1.7538461538461538,1.4372093023255814,0.2668227033352838,0.2767700409596255,True
8460,Zählfeld B_85.2_1_G (veraltet),9.965578,53.598167,2025-06,1.5794930875576036,1.581145584725537,0.26204128440366975,0.24025229357798164,True
8460,Zählfeld B_85.2_1_G (veraltet),9.965578,53.598167,2025-07,1.5174234424498416,1.3018372703412073,0.2650802434975097,0.21084670724958496,True
8460,Zählfeld B_85.2_1_G (veraltet),9.965578,53.598167,2025-08,1.729693741677763,1.342403628117914,0.2699501246882793,0.26184538653366585,True
8460,Zählfeld B_85.2_1_G (veraltet),9.965578,53.598167,2025-09,1.5649350649350648,1.2260736865053412,0.2643993417443774,0.2287438288535381,True
8460,Zählfeld B_85.2_1_G (veraltet),9.965578,53.598167,2025-10,1.5401069518716577,1.884781884781885,0.27080394922425954,0.2016925246826516,True
8460,Zählfeld B_85.2_1_G (veraltet),9.965578,53.598167,2025-11,1.812883435582822,1.670926517571885,0.2899190581309787,0.23031640912435614,True
8460,Zählfeld B_85.2_1_G (veraltet),9.965578,53.598167,2025-12,1.474418604651163,1.6841736694677873,0.2568881685575365,0.22042139384116693,True
8460,Zählfeld B_85.2_1_G (veraltet),9.965578,53.598167,2026-01,1.592920353982301,1.5741583257506822,0.26627218934911245,0.23224852071005916,True
8460,Zählfeld B_85.2_1_G (veraltet),9.965578,53.598167,2026-02,1.782608695652174,1.4392523364485983,0.2916666666666667,0.21747967479674796,True
8461,Zählfeld B_85.2_2_I (veraltet),9.965578,53.598167,2025-01,1.7680031140521604,3.0535981386072795,0.32699784017278616,0.11814254859611231,True
8461,Zählfeld B_85.2_2_I (veraltet),9.965578,53.598167,2025-02,1.9695462266440185,2.3408486926703818,0.3384836732140623,0.14594019767296385,True
8461,Zählfeld B_85.2_2_I (veraltet),9.965578,53.598167,2025-03,1.8906697195191757,2.1487042136632843,0.3164550898203593,0.1814131736526946,True
8461,Zählfeld B_85.2_2_I (veraltet),9.965578,53.598167,2025-04,1.3626834381551363,2.5468402314196705,0.2610918385977725,0.16410443673543912,True
8461,Zählfeld B_85.2_2_I (veraltet),9.965578,53.598167,2025-05,1.348064781773264,2.2,0.24803030303030302,0.2,True
8461,Zählfeld B_85.2_2_I (veraltet),9.965578,53.598167,2025-06,1.3456076410707554,2.3691675231243576,0.25568649926568043,0.17426657592148154,True
8461,Zählfeld B_85.2_2_I (veraltet),9.965578,53.598167,2025-07,1.376844425396437,2.021548250265111,0.2683948583909198,0.14680081635575926,True
8461,Zählfeld B_85.2_2_I (veraltet),9.965578,53.598167,2025-08,1.3849463989128792,1.9491593677640189,0.25382923083309117,0.19633888174006892,True
8461,Zählfeld B_85.2_2_I (veraltet),9.965578,53.598167,2025-09,1.3968871595330739,1.8480282928225362,0.2654638222353681,0.16441749547084705,True
8461,Zählfeld B_85.2_2_I (veraltet),9.965578,53.598167,2025-10,1.4179737176769818,2.8860532349715884,0.2754991104961455,0.1416287803913817,True
8461,Zählfeld B_85.2_2_I (veraltet),9.965578,53.598167,2025-11,1.9425493716337523,2.710534952412209,0.3318170201891132,0.1557372859698441,True
8461,Zählfeld B_85.2_2_I (veraltet),9.965578,53.598167,2025-12,1.7672131147540984,2.8551791850760924,0.31771293840259357,0.14294134983790155,True
8461,Zählfeld B_85.2_2_I (veraltet),9.965578,53.598167,2026-01,1.9181200118238253,2.245707806932297,0.32177923237131806,0.17494793216304672,True
8461,Zählfeld B_85.2_2_I (veraltet),9.965578,53.598167,2026-02,1.9259859535386277,2.346975546975547,0.33405172413793105,0.14561469265367316,True
8483,Zählfeld A_64.1_1_I (veraltet),9.98614,53.466305,2025-01,2.3007692307692307,2.856175739154463,0.3796648895658797,0.12528560548362527,True
8483,Zählfeld A_64.1_1_I (veraltet),9.98614,53.466305,2025-02,2.425429828068773,1.8480081716036776,0.3675027262813522,0.17793529625590696,True
8483,Zählfeld A_64.1_1_I (veraltet),9.98614,53.466305,2025-03,2.2270483711747286,1.3955602996698888,0.3176681803780758,0.25440912451156406,True
8483,Zählfeld A_64.1_1_I (veraltet),9.98614,53.466305,2025-04,1.3468772433596554,1.7024291497975708,0.23950674019607843,0.2270220588235294,True
8483,Zählfeld A_64.1_1_I (veraltet),9.98614,53.466305,2025-05,1.4139554794520548,1.330295566502463,0.22663647591601482,0.29250720461095103,True
8483,Zählfeld A_64.1_1_I (veraltet),9.98614,53.466305,2025-06,1.474317082734283,1.252854633289416,0.23551518947698089,0.28524898214844974,True
8483,Zählfeld A_64.1_1_I (veraltet),9.98614,53.466305,2025-07,1.5555733761026462,1.2598383287315789,0.2675881476576726,0.2163549081277934,True
8483,Zählfeld A_64.1_1_I (veraltet),9.98614,53.466305,2025-08,1.4513413992635453,1.3329552793661297,0.24022638223770135,0.2632128863735307,True
8483,Zählfeld A_64.1_1_I (veraltet),9.98614,53.466305,2025-09,1.3253914227365555,1.1401655339479175,0.23232504027206013,0.24181134777161267,True
8483,Zählfeld A_64.1_1_I (veraltet),9.98614,53.466305,2025-10,1.4425645592163847,2.088081112471356,0.2644142489900845,0.1857020443138695,True
8483,Zählfeld A_64.1_1_I (veraltet),9.98614,53.466305,2025-11,2.394470046082949,2.5603674540682415,0.3713550600343053,0.16337907375643224,True
8483,Zählfeld A_64.1_1_I (veraltet),9.98614,53.466305,2025-12,2.089477451682176,2.5795918367346937,0.34657168299198576,0.1558325912733749,True
8483,Zählfeld A_64.1_1_I (veraltet),9.98614,53.466305,2026-01,2.270046082949309,2.528186762170049,0.36247240618101545,0.15849889624724062,True
8483,Zählfeld A_64.1_1_I (veraltet),9.98614,53.466305,2026-02,2.2218863361547765,2.570535714285714,0.3681995792004809,0.13465584610760445,True
8484,Zählfeld A_64.1_2_I (veraltet),9.98614,53.466305,2025-01,1.8505434782608696,2.9255900349650354,0.33470952521380126,0.12267767620171041,True
8484,Zählfeld A_64.1_2_I (veraltet),9.98614,53.466305,2025-02,1.9315960912052117,1.7278174037089873,0.31804773397693753,0.1879860552426924,True
8484,Zählfeld A_64.1_2_I (veraltet),9.98614,53.466305,2025-03,1.7284190106692532,1.343419312169312,0.2698773284870513,0.2616992276238074,True
8484,Zählfeld A_64.1_2_I (veraltet),9.98614,53.466305,2025-04,1.0800459594025276,1.597390913180387,0.20160857908847185,0.23839142091152815,True
8484,Zählfeld A_64.1_2_I (veraltet),9.98614,53.466305,2025-05,1.214375,1.2268111147866358,0.1989555601064919,0.3095433135367602,True
8484,Zählfeld A_64.1_2_I (veraltet),9.98614,53.466305,2025-06,1.21504600396897,1.2338403041825097,0.20513523391812866,0.2883771929824561,True
8484,Zählfeld A_64.1_2_I (veraltet),9.98614,53.466305,2025-07,1.2959953569355773,1.2184612852116299,0.23468208092485549,0.22207041513399894,True
8484,Zählfeld A_64.1_2_I (veraltet),9.98614,53.466305,2025-08,1.2958095710389288,1.3480392156862746,0.22290467050543825,0.26103646833013433,True
8484,Zählfeld A_64.1_2_I (veraltet),9.98614,53.466305,2025-09,1.09132536250318,1.101386748844376,0.20053288458841678,0.24821203197307531,True
8484,Zählfeld A_64.1_2_I (veraltet),9.98614,53.466305,2025-10,1.1719367588932808,1.8842326058820902,0.22423898657591226,0.20173945925505768,True
8484,Zählfeld A_64.1_2_I (veraltet),9.98614,53.466305,2025-11,1.8145780051150895,2.388959390862944,0.3116626400175708,0.17307269931913025,True
8484,Zählfeld A_64.1_2_I (veraltet),9.98614,53.466305,2025-12,1.8537084398976982,2.6800542280969326,0.3242953020134228,0.1508724832214765,True
8484,Zählfeld A_64.1_2_I (veraltet),9.98614,53.466305,2026-01,1.8702290076335877,2.8000877770463024,0.3281982585398526,0.14534494306764903,True
8484,Zählfeld A_64.1_2_I (veraltet),9.98614,53.466305,2026-02,1.6315345699831367,2.2329268292682927,0.2987494210282538,0.15192218619731357,True
8485,Zählfeld D_19.2_2_I (veraltet),9.935977,53.555794,2025-01,3.0570906819164785,2.3641740652744785,0.4302613424235046,0.14751237724210697,True
8485,Zählfeld D_19.2_2_I (veraltet),9.935977,53.555794,2025-02,3.101649443561208,1.8314729895984787,0.4172096473465787,0.17925379418192025,True
8485,Zählfeld D_19.2_2_I (veraltet),9.935977,53.555794,2025-03,2.908455025156461,1.7639343781827244,0.38761325352435155,0.21257318549046544,True
8485,Zählfeld D_19.2_2_I (veraltet),9.935977,53.555794,2025-04,2.1936423400183074,2.1468079251513483,0.3425820034308884,0.18890679419867962,True
8485,Zählfeld D_19.2_2_I (veraltet),9.935977,53.555794,2025-05,2.1703032271398626,1.8668401465371867,0.32423777260215964,0.22756987084480204,True
8485,Zählfeld D_19.2_2_I (veraltet),9.935977,53.555794,2025-06,2.1778560780593574,2.1411903160726293,0.34098460833365163,0.1893085844504704,True
8485,Zählfeld D_19.2_2_I (veraltet),9.935977,53.555794,2025-07,2.211609736552139,1.7769125599951334,0.35489276543418247,0.16370299822782675,True
8485,Zählfeld D_19.2_2_I (veraltet),9.935977,53.555794,2025-08,2.1622796749055153,1.7700689118939243,0.33006586000918975,0.21199264818502067,True
8485,Zählfeld D_19.2_2_I (veraltet),9.935977,53.555794,2025-09,2.230050216278029,2.103009311322028,0.3635324725849199,0.147421401998687,True
8485,Zählfeld D_19.2_2_I (veraltet),9.935977,53.555794,2025-10,2.1994083869845134,2.792199297301338,0.36138033564914085,0.14569574291677387,True
8485,Zählfeld D_19.2_2_I (veraltet),9.935977,53.555794,2025-11,,,,,False
8485,Zählfeld D_19.2_2_I (veraltet),9.935977,53.555794,2025-12,1.4586180713743355,0.8123737583354085,0.20624865793429245,0.3695512132273996,True
8485,Zählfeld D_19.2_2_I (veraltet),9.935977,53.555794,2026-01,2.820426107541427,1.2406470308377664,0.35017004660536594,0.27736490741907044,True
8485,Zählfeld D_19.2_2_I (veraltet),9.935977,53.555794,2026-02,3.1757636454682023,1.9499915297306454,0.42670126874279124,0.17021337946943482,True
8486,Zählfeld B_17.2_1_I (veraltet),9.999823,53.49937,2025-01,2.3312141099261687,2.197627233275094,0.36865148861646235,0.15693714730492314,True
8486,Zählfeld B_17.2_1_I (veraltet),9.999823,53.49937,2025-02,2.490878235044548,1.696755162241888,0.36709810542112176,0.19077096229600451,True
8486,Zählfeld B_17.2_1_I (veraltet),9.999823,53.49937,2025-03,2.154353562005277,1.4769591350697462,0.31606451612903225,0.24380645161290324,True
8486,Zählfeld B_17.2_1_I (veraltet),9.999823,53.49937,2025-04,1.5452997580428354,1.5582488479262673,0.25738850080601827,0.24292495074332796,True
8486,Zählfeld B_17.2_1_I (veraltet),9.999823,53.49937,2025-05,1.6025336500395884,1.3844471709006927,0.24918947757212623,0.2843189559650347,True
8486,Zählfeld B_17.2_1_I (veraltet),9.999823,53.49937,2025-06,1.6293678526048287,1.253774680603949,0.2516188373804268,0.2850993377483444,True
8486,Zählfeld B_17.2_1_I (veraltet),9.999823,53.49937,2025-07,1.7193151675910296,1.307337113083558,0.2877552667689079,0.21014609734441844,True
8486,Zählfeld B_17.2_1_I (veraltet),9.999823,53.49937,2025-08,1.6514948256036797,1.3057512447446358,0.2601666515714156,0.2672312290553392,True
8486,Zählfeld B_17.2_1_I (veraltet),9.999823,53.49937,2025-09,1.4751644363801317,1.2640784162982894,0.2559924430275121,0.22340299917345613,True
8486,Zählfeld B_17.2_1_I (veraltet),9.999823,53.49937,2025-10,1.5755897663085612,1.7247814433506174,0.2698457861492062,0.21635463495134583,True
8486,Zählfeld B_17.2_1_I (veraltet),9.999823,53.49937,2025-11,2.6142069810165336,1.8887515451174288,0.36817593790426906,0.2093143596377749,True
8486,Zählfeld B_17.2_1_I (veraltet),9.999823,53.49937,2025-12,2.2559353426502775,2.036482492709373,0.3478735005452563,0.18951550085683128,True
8486,Zählfeld B_17.2_1_I (veraltet),9.999823,53.49937,2026-01,2.509955302722471,1.6493340631271667,0.3534763948497854,0.2240343347639485,True
8486,Zählfeld B_17.2_1_I (veraltet),9.999823,53.49937,2026-02,2.349871284811608,1.6529284164859004,0.3536559594251902,0.194843617920541,True
8487,Zählfeld B_17.2_2_I (veraltet),9.999823,53.49937,2025-01,1.8824940047961631,2.193308995152313,0.3249508434233675,0.15719755769429783,True
8487,Zählfeld B_17.2_2_I (veraltet),9.999823,53.49937,2025-02,1.9182428309945088,1.6089820359281437,0.31236959761549926,0.1991058122205663,True
8487,Zählfeld B_17.2_2_I (veraltet),9.999823,53.49937,2025-03,1.8472992700729929,1.4563349517756812,0.2871927554980595,0.24640838837066795,True
8487,Zählfeld B_17.2_2_I (veraltet),9.999823,53.49937,2025-04,1.3309605250993808,1.6062538572310223,0.23436050202666406,0.23738828930019046,True
8487,Zählfeld B_17.2_2_I (veraltet),9.999823,53.49937,2025-05,1.3956451029996386,1.4455996758508916,0.2299995533121901,0.2756063787019252,True
8487,Zählfeld B_17.2_2_I (veraltet),9.999823,53.49937,2025-06,1.4923594923594925,1.2030101262311,0.23466644945833673,0.2935977844750346,True
8487,Zählfeld B_17.2_2_I (veraltet),9.999823,53.49937,2025-07,1.4611603616255597,1.3118587634054746,0.25888774843706264,0.20957357469441074,True
8487,Zählfeld B_17.2_2_I (veraltet),9.999823,53.49937,2025-08,1.3544454356229558,1.3177122700932224,0.22848113964686997,0.2654494382022472,True
8487,Zählfeld B_17.2_2_I (veraltet),9.999823,53.49937,2025-09,1.363658516773617,1.2381890784628948,0.2415609082275749,0.22701372701372702,True
8487,Zählfeld B_17.2_2_I (veraltet),9.999823,53.49937,2025-10,1.4180158247108945,1.7171244056489958,0.2512780689833689,0.21710994628874652,True
8487,Zählfeld B_17.2_2_I (veraltet),9.999823,53.49937,2025-11,1.9288154897494303,1.9201331114808653,0.3104847026469577,0.2066002062564455,True
8487,Zählfeld B_17.2_2_I (veraltet),9.999823,53.49937,2025-12,1.7273778071334212,2.213485491615058,0.30070714039323904,0.17704380820972748,True
8487,Zählfeld B_17.2_2_I (veraltet),9.999823,53.49937,2026-01,1.9054842473745626,1.7514477356997042,0.30540489994389375,0.21376472788479522,True
8487,Zählfeld B_17.2_2_I (veraltet),9.999823,53.49937,2026-02,1.9432146294513957,1.7547725816784112,0.3201331906290879,0.18563443929123558,True
9305,Zählfeld B_78.1_1_I (veraltet),9.976401,53.56332,2025-01,3.207764062941675,2.210641105941303,0.4360422670509126,0.15615754082612873,True
9305,Zählfeld B_78.1_1_I (veraltet),9.976401,53.56332,2025-02,3.360491852444267,1.4070658483994027,0.4113889194845247,0.2213533061644087,True
9305,Zählfeld B_78.1_1_I (veraltet),9.976401,53.56332,2025-03,3.155309829826955,1.5522636159186467,0.3922765860582202,0.23475536273800915,True
9305,Zählfeld B_78.1_1_I (veraltet),9.976401,53.56332,2025-04,2.3946194403136403,1.8824417397867723,0.350731639704572,0.2098687206700592,True
9305,Zählfeld B_78.1_1_I (veraltet),9.976401,53.56332,2025-05,2.4862953570035113,1.4721500463987438,0.32992272744922924,0.27198772958490275,True
9305,Zählfeld B_78.1_1_I (veraltet),9.976401,53.56332,2025-06,2.551674817753991,1.6243722663210756,0.35144409493851875,0.23536364502907253,True
9305,Zählfeld B_78.1_1_I (veraltet),9.976401,53.56332,2025-07,2.4871680428475784,1.3830693812806385,0.3621846117848926,0.2009515267324416,True
9305,Zählfeld B_78.1_1_I (veraltet),9.976401,53.56332,2025-08,2.4492319220681904,1.4035087719298245,0.3355995599559956,0.25333333333333335,True
9305,Zählfeld B_78.1_1_I (veraltet),9.976401,53.56332,2025-09,2.5533189677826247,1.2888836030629327,0.35860755569334335,0.2200496036139776,True
9305,Zählfeld B_78.1_1_I (veraltet),9.976401,53.56332,2025-10,2.5203918571527826,1.714972091637852,0.3573391648689382,0.21732320695056,True
9305,Zählfeld B_78.1_1_I (veraltet),9.976401,53.56332,2025-11,3.113078095883449,1.8058099384476805,0.3988215378605378,0.21684354450159515,True
9305,Zählfeld B_78.1_1_I (veraltet),9.976401,53.56332,2025-12,2.7264480771047905,2.0889302517967017,0.3877287752962993,0.185640570829638,True
9305,Zählfeld B_78.1_1_I (veraltet),9.976401,53.56332,2026-01,3.0852650675267084,2.069937262161884,0.412182905154306,0.1870253675876555,True
9305,Zählfeld B_78.1_1_I (veraltet),9.976401,53.56332,2026-02,3.1852277076157676,1.5469729600382867,0.40917359028563,0.20544712649328942,True
9306,Zählfeld B_78.1_2_G (veraltet),9.976401,53.56332,2025-01,1.9541284403669728,1.4372194969209895,0.30704655303993894,0.2215721190536759,True
9306,Zählfeld B_78.1_2_G (veraltet),9.976401,53.56332,2025-02,2.2358490566037736,0.9973045822102425,0.30478395061728397,0.2862654320987654,True
9306,Zählfeld B_78.1_2_G (veraltet),9.976401,53.56332,2025-03,1.8421487603305786,1.3080168776371308,0.2789039039039039,0.2668918918918919,True
9306,Zählfeld B_78.1_2_G (veraltet),9.976401,53.56332,2025-04,1.4122264509990485,1.051173070384223,0.21690048224462954,0.32233669443226654,True
9306,Zählfeld B_78.1_2_G (veraltet),9.976401,53.56332,2025-05,1.597676874340021,1.41698224852071,0.250330906684315,0.2796161482461946,True
9306,Zählfeld B_78.1_2_G (veraltet),9.976401,53.56332,2025-06,1.5815854959118378,1.4215751158173393,0.25538143619769244,0.2602032030308249,True
9306,Zählfeld B_78.1_2_G (veraltet),9.976401,53.56332,2025-07,1.6614810205351587,1.0333393683883816,0.26666666666666666,0.25183520599250936,True
9306,Zählfeld B_78.1_2_G (veraltet),9.976401,53.56332,2025-08,1.5721153846153848,1.0905650640749978,0.2393412625800549,0.3039341262580055,True
9306,Zählfeld B_78.1_2_G (veraltet),9.976401,53.56332,2025-09,1.3998609179415853,1.2260736865053412,0.24538306820259645,0.2287438288535381,True
9306,Zählfeld B_78.1_2_G (veraltet),9.976401,53.56332,2025-10,1.6063675832127353,1.002456538170824,0.2364217252396166,0.32204472843450477,True
9306,Zählfeld B_78.1_2_G (veraltet),9.976401,53.56332,2025-11,1.6511891279728197,1.0262368815592204,0.2387033398821218,0.3276031434184676,True
9306,Zählfeld B_78.1_2_G (veraltet),9.976401,53.56332,2025-12,1.5812693498452013,1.2477075823689368,0.24981658107116655,0.27622890682318413,True
9306,Zählfeld B_78.1_2_G (veraltet),9.976401,53.56332,2026-01,1.78515625,1.3197586726998491,0.2741451709658068,0.26514697060587883,True
9306,Zählfeld B_78.1_2_G (veraltet),9.976401,53.56332,2026-02,2.0688753269398434,1.1058487874465048,0.29973474801061006,0.2656309208033346,True
9307,Zählfeld D_56.2_2_I (veraltet),9.998946,53.55431,2025-01,2.731294511939673,3.6766581861181784,0.42884205541084536,0.10012629252506117,True
9307,Zählfeld D_56.2_2_I (veraltet),9.998946,53.55431,2025-02,2.763671709914631,2.370177267987487,0.41026123616652865,0.14439509147030039,True
9307,Zählfeld D_56.2_2_I (veraltet),9.998946,53.55431,2025-03,2.6694087707877134,2.217222847144107,0.38759989688063934,0.17679814385150813,True
9307,Zählfeld D_56.2_2_I (veraltet),9.998946,53.55431,2025-04,1.6833656539538895,2.567690490253987,0.3008510474430068,0.16298906346272335,True
9307,Zählfeld D_56.2_2_I (veraltet),9.998946,53.55431,2025-05,1.656215005599104,2.073345421577516,0.28112526135715643,0.2096559589431667,True
9307,Zählfeld D_56.2_2_I (veraltet),9.998946,53.55431,2025-06,1.6506166183705102,2.081011398588746,0.28616743485042323,0.19372250749198228,True
9307,Zählfeld D_56.2_2_I (veraltet),9.998946,53.55431,2025-07,1.6353809931506849,1.8886036485330104,0.29793332033534803,0.15552739325404563,True
9307,Zählfeld D_56.2_2_I (veraltet),9.998946,53.55431,2025-08,1.6501439479284015,1.8948667727588036,0.28359075850793786,0.20083465989760357,True
9307,Zählfeld D_56.2_2_I (veraltet),9.998946,53.55431,2025-09,1.6680105833438328,1.6773813835566822,0.29366487733463464,0.17816423406237522,True
9307,Zählfeld D_56.2_2_I (veraltet),9.998946,53.55431,2025-10,1.6453950295557112,2.309106763724598,0.2936432314707684,0.17096576601102567,True
9307,Zählfeld D_56.2_2_I (veraltet),9.998946,53.55431,2025-11,2.444960659423005,2.508388566694283,0.37440187269785535,0.16620193466212263,True
9307,Zählfeld D_56.2_2_I (veraltet),9.998946,53.55431,2025-12,2.021386861313869,2.922784745589885,0.3461581730228372,0.14009824877189034,True
9307,Zählfeld D_56.2_2_I (veraltet),9.998946,53.55431,2026-01,2.4632974634896234,2.879934360470416,0.3869069177834118,0.14188699746468672,True
9307,Zählfeld D_56.2_2_I (veraltet),9.998946,53.55431,2026-02,2.443928167775964,2.4244966442953024,0.3853510752049424,0.14161815373648567,True
9310,Zählfeld D_61.1_1_I (veraltet),10.013833,53.55439,2025-01,3.648679245283019,2.901679841897233,0.4809729891061036,0.12356364721683331,True
9310,Zählfeld D_61.1_1_I (veraltet),10.013833,53.55439,2025-02,3.4213421342134214,1.9836873406966866,0.44339891645280866,0.16780724265754207,True
9310,Zählfeld D_61.1_1_I (veraltet),10.013833,53.55439,2025-03,2.675102599179207,1.8049120059170312,0.37297348846080486,0.2087545298493229,True
9310,Zählfeld D_61.1_1_I (veraltet),10.013833,53.55439,2025-04,1.6676227627351996,1.8850430914651097,0.28237556824804755,0.20963981816062477,True
9310,Zählfeld D_61.1_1_I (veraltet),10.013833,53.55439,2025-05,1.8812821085548357,1.6168179983857949,0.2875800256081946,0.2538284250960307,True
9310,Zählfeld D_61.1_1_I (veraltet),10.013833,53.55439,2025-06,2.01669679889397,1.7440106477373556,0.3124258600237248,0.2228153420324239,True
9310,Zählfeld D_61.1_1_I (veraltet),10.013833,53.55439,2025-07,2.031280643263385,1.5187310608162856,0.32849666983824927,0.18634633682207422,True
9310,Zählfeld D_61.1_1_I (veraltet),10.013833,53.55439,2025-08,1.7302943969610636,1.4942701145977082,0.27739152499365644,0.24166455214412585,True
9310,Zählfeld D_61.1_1_I (veraltet),10.013833,53.55439,2025-09,1.8288543140028288,1.4243146316220185,0.30170696246836465,0.2033816164988423,True
9310,Zählfeld D_61.1_1_I (veraltet),10.013833,53.55439,2025-10,2.303484383462719,2.1051273782650757,0.3542100441409178,0.18447572249521113,True
9310,Zählfeld D_61.1_1_I (veraltet),10.013833,53.55439,2025-11,2.912472160356348,2.2830237358101133,0.4040975247983684,0.17966070269769166,True
9310,Zählfeld D_61.1_1_I (veraltet),10.013833,53.55439,2025-12,2.655286624203822,2.3742138364779874,0.3910840932117528,0.16706067769897556,True
9310,Zählfeld D_61.1_1_I (veraltet),10.013833,53.55439,2026-01,2.9923224568138194,2.301341589267286,0.41374734607218683,0.17144373673036092,True
9310,Zählfeld D_61.1_1_I (veraltet),10.013833,53.55439,2026-02,3.153770330211927,2.170534550195567,0.43274497869750456,0.15560965713126396,True
9311,Zählfeld D_61.2_2_I (veraltet),10.014211,53.554237,2025-01,2.4295175023651843,2.563070662961493,0.38587528174305036,0.13764087152516905,True
9311,Zählfeld D_61.2_2_I (veraltet),10.014211,53.554237,2025-02,2.2589972316210396,1.76576297443842,0.3502145922746781,0.18469241773962805,True
9311,Zählfeld D_61.2_2_I (veraltet),10.014211,53.554237,2025-03,1.9581540868204927,1.8344402482962188,0.3135449934247605,0.20608679316175088,True
9311,Zählfeld D_61.2_2_I (veraltet),10.014211,53.554237,2025-04,1.2504027617951667,2.0026024723487312,0.2354088132068114,0.19979201871831534,True
9311,Zählfeld D_61.2_2_I (veraltet),10.014211,53.554237,2025-05,1.2952853598014888,1.5615522254529186,0.22301194290707835,0.2604718904748034,True
9311,Zählfeld D_61.2_2_I (veraltet),10.014211,53.554237,2025-06,1.2871501134767103,1.8010078997548353,0.23499467266485144,0.21729608144903517,True
9311,Zählfeld D_61.2_2_I (veraltet),10.014211,53.554237,2025-07,1.3328776486671225,1.3870842955443283,0.24594594594594596,0.20048648648648648,True
9311,Zählfeld D_61.2_2_I (veraltet),10.014211,53.554237,2025-08,1.2071973827699018,1.4870834200605934,0.2173400871716339,0.24254918129343855,True
9311,Zählfeld D_61.2_2_I (veraltet),10.014211,53.554237,2025-09,1.3658669574700109,1.5648910908504585,0.2538611212452876,0.18855648789979326,True
9311,Zählfeld D_61.2_2_I (veraltet),10.014211,53.554237,2025-10,1.5882920553232551,2.139145691342196,0.2831340844585878,0.18207620194375163,True
9311,Zählfeld D_61.2_2_I (veraltet),10.014211,53.554237,2025-11,2.3109882515549414,2.1252765486725664,0.3522595596755504,0.19045612556620667,True
9311,Zählfeld D_61.2_2_I (veraltet),10.014211,53.554237,2025-12,1.9303996407723396,2.4240015895092393,0.32724366293674356,0.16419273806805207,True
9311,Zählfeld D_61.2_2_I (veraltet),10.014211,53.554237,2026-01,2.2549728752260396,2.2428031180057113,0.35395969344308825,0.17513482827135965,True
9311,Zählfeld D_61.2_2_I (veraltet),10.014211,53.554237,2026-02,2.0660847880299253,1.83431151241535,0.3348151141644777,0.17902606587189332,True
9312,Zählfeld D_74.1_2_I (veraltet),9.93233,53.59752,2025-01,3.5884700665188474,3.1787989729935338,0.4825570994096249,0.11401991770528952,True
9312,Zählfeld D_74.1_2_I (veraltet),9.93233,53.59752,2025-02,3.818050888142103,2.28695652173913,0.4766271125494426,0.1488673139158576,True
9312,Zählfeld D_74.1_2_I (veraltet),9.93233,53.59752,2025-03,2.838502269288956,1.7518952290162966,0.3822645545764784,0.2137217949370957,True
9312,Zählfeld D_74.1_2_I (veraltet),9.93233,53.59752,2025-04,1.2124943588421122,2.279673435210383,0.23605828971645892,0.17987724517076478,True
9312,Zählfeld D_74.1_2_I (veraltet),9.93233,53.59752,2025-05,1.321502650380272,1.9707720236957769,0.23907605070046697,0.21818712474983323,True
9312,Zählfeld D_74.1_2_I (veraltet),9.93233,53.59752,2025-06,1.3122765196662691,1.9871841816184548,0.2431358115568642,0.20103054839896944,True
9312,Zählfeld D_74.1_2_I (veraltet),9.93233,53.59752,2025-07,1.5527021590451924,1.857123808937711,0.2872506698422149,0.15774784161952962,True
9312,Zählfeld D_74.1_2_I (veraltet),9.93233,53.59752,2025-08,1.4863851617995265,1.615870883835961,0.25589808917197454,0.22761783439490446,True
9312,Zählfeld D_74.1_2_I (veraltet),9.93233,53.59752,2025-09,1.1915852265515927,1.9148963927724987,0.23891136727994502,0.15959233529277045,True
9312,Zählfeld D_74.1_2_I (veraltet),9.93233,53.59752,2025-10,1.255561303673047,2.6903453689167978,0.2506713488948564,0.15038215244784137,True
9312,Zählfeld D_74.1_2_I (veraltet),9.93233,53.59752,2025-11,3.766420469533105,3.035321263755768,0.47790942865749575,0.14142986243598754,True
9312,Zählfeld D_74.1_2_I (veraltet),9.93233,53.59752,2025-12,3.033125972006221,2.947639563245116,0.4328229027962716,0.13908122503328896,True
9312,Zählfeld D_74.1_2_I (veraltet),9.93233,53.59752,2026-01,3.35047258979206,2.8545936575915163,0.45216592683300166,0.14296647788152456,True
9312,Zählfeld D_74.1_2_I (veraltet),9.93233,53.59752,2026-02,3.7365,3.2251346499102334,0.4934627575277338,0.11034072900158479,True
9313,Zählfeld B_78.2_1_G (veraltet),9.976616,53.563168,2025-01,6.159611650485437,4.265613696648179,0.6136258124419685,0.08751160631383473,True
9313,Zählfeld B_78.2_1_G (veraltet),9.976616,53.563168,2025-02,5.792776523702032,2.5483807654563297,0.5694315004659832,0.13566768739182533,True
9313,Zählfeld B_78.2_1_G (veraltet),9.976616,53.563168,2025-03,6.295178361426891,2.546555834783169,0.5705606480494564,0.1575357066723513,True
9313,Zählfeld B_78.2_1_G (veraltet),9.976616,53.563168,2025-04,4.581615120274915,2.5698893418753643,0.5058812369569342,0.16287232024283818,True
9313,Zählfeld B_78.2_1_G (veraltet),9.976616,53.563168,2025-05,4.481243301178993,2.1315935591338144,0.47614166951372283,0.2051019246099533,True
9313,Zählfeld B_78.2_1_G (veraltet),9.976616,53.563168,2025-06,4.198315198315199,1.8915329275041506,0.46129816036098575,0.20907092444752978,True
9313,Zählfeld B_78.2_1_G (veraltet),9.976616,53.563168,2025-07,4.806193806193806,2.264927536231884,0.5337253161748391,0.13312624805857554,True
9313,Zählfeld B_78.2_1_G (veraltet),9.976616,53.563168,2025-08,3.921787709497207,1.6674517192651908,0.44072407659307317,0.22214083917547348,True
9313,Zählfeld B_78.2_1_G (veraltet),9.976616,53.563168,2025-09,3.2943037974683542,1.6906795868927706,0.43073485600794437,0.17701092353525322,True
9313,Zählfeld B_78.2_1_G (veraltet),9.976616,53.563168,2025-10,4.692285876347136,2.6807211053786397,0.5179862872170564,0.15084061237907392,True
9313,Zählfeld B_78.2_1_G (veraltet),9.976616,53.563168,2025-11,5.683272847245134,3.2135531135531137,0.5663839021503255,0.13464194121128428,True
9313,Zählfeld B_78.2_1_G (veraltet),9.976616,53.563168,2025-12,4.814353099730458,3.5161686451084733,0.5426065162907269,0.11927546138072453,True
9313,Zählfeld B_78.2_1_G (veraltet),9.976616,53.563168,2026-01,4.959183673469388,2.960662525879917,0.5367469879518072,0.13855421686746988,True
9313,Zählfeld B_78.2_1_G (veraltet),9.976616,53.563168,2026-02,6.068224889450411,2.425855513307985,0.5744528166487263,0.14155005382131325,True
9314,Zählfeld B_78.2_2_I (veraltet),9.976616,53.563168,2025-01,2.5838098641887064,2.903876337202098,0.40559342478049876,0.12348172459255519,True
9314,Zählfeld B_78.2_2_I (veraltet),9.976616,53.563168,2025-02,2.590849263553745,1.8320394331484904,0.3803621708165406,0.1792083034284768,True
9314,Zählfeld B_78.2_2_I (veraltet),9.976616,53.563168,2025-03,2.5003782863627766,1.859771305782587,0.3619153217527001,0.2038519978645641,True
9314,Zählfeld B_78.2_2_I (veraltet),9.976616,53.563168,2025-04,1.8444301352221508,2.6300996329313056,0.3199142249250306,0.15973932418622572,True
9314,Zählfeld B_78.2_2_I (veraltet),9.976616,53.563168,2025-05,1.9187181663837012,1.7302137767220904,0.29599436887164626,0.2412054543371147,True
9314,Zählfeld B_78.2_2_I (veraltet),9.976616,53.563168,2025-06,1.842190224058888,2.0181656709187794,0.3049054184033344,0.19855722988137223,True
9314,Zählfeld B_78.2_2_I (veraltet),9.976616,53.563168,2025-07,1.837965643698128,1.7351845522158815,0.3164672648720505,0.1669823861748089,True
9314,Zählfeld B_78.2_2_I (veraltet),9.976616,53.563168,2025-08,1.9352445193929173,1.6087644847072275,0.3025679784859297,0.2283936512400471,True
9314,Zählfeld B_78.2_2_I (veraltet),9.976616,53.563168,2025-09,1.7152249845900964,1.6407964823222392,0.29777064383805957,0.18141608703406456,True
9314,Zählfeld B_78.2_2_I (veraltet),9.976616,53.563168,2025-10,1.8392188223410078,2.1533923303834808,0.3112393162393162,0.18108974358974358,True
9314,Zählfeld B_78.2_2_I (veraltet),9.976616,53.563168,2025-11,2.3762305266176047,2.2322023809523808,0.36110324393804055,0.18300254896407486,True
9314,Zählfeld B_78.2_2_I (veraltet),9.976616,53.563168,2025-12,2.1332967936420935,2.6062746276631272,0.3513798987081223,0.15448365517428161,True
9314,Zählfeld B_78.2_2_I (veraltet),9.976616,53.563168,2026-01,2.400475184794087,2.6008352880599577,0.375704989154013,0.1547567400061977,True
9314,Zählfeld B_78.2_2_I (veraltet),9.976616,53.563168,2026-02,2.4115451604876834,1.8862966175195144,0.36766435264216074,0.17495542657714047,True
9315,Zählfeld B_9.2_1_I (veraltet),10.1073885,53.53753,2025-01,1.1878612716763006,1.8640651801029158,0.23259762308998302,0.1799660441426146,True
9315,Zählfeld B_9.2_1_I (veraltet),10.1073885,53.53753,2025-02,1.3512851897184823,1.2880434782608696,0.2369607211848036,0.2369607211848036,True
9315,Zählfeld B_9.2_1_I (veraltet),10.1073885,53.53753,2025-03,1.6115702479338845,1.6045548654244308,0.269485903814262,0.22885572139303484,True
9315,Zählfeld B_9.2_1_I (veraltet),10.1073885,53.53753,2025-04,1.0821114369501466,1.2817679558011048,0.19069767441860466,0.2806201550387597,True
9315,Zählfeld B_9.2_1_I (veraltet),10.1073885,53.53753,2025-05,1.0099818511796734,0.8501049317943337,0.15292662819455893,0.3928276999175598,True
9315,Zählfeld B_9.2_1_I (veraltet),10.1073885,53.53753,2025-06,1.1310751104565537,1.0240963855421688,0.18397412863816026,0.32806324110671936,True
9315,Zählfeld B_9.2_1_I (veraltet),10.1073885,53.53753,2025-07,1.3844731977818854,1.0827342234394615,0.23899170389278876,0.2431397574984046,True
9315,Zählfeld B_9.2_1_I (veraltet),10.1073885,53.53753,2025-08,1.1977886977886978,1.2147389750973179,0.20498265531378115,0.2816146326080101,True
9315,Zählfeld B_9.2_1_I (veraltet),10.1073885,53.53753,2025-09,1.2956298200514138,1.147566314705125,0.22903885480572597,0.24062713019768234,True
9315,Zählfeld B_9.2_1_I (veraltet),10.1073885,53.53753,2025-10,1.3681818181818182,1.7107254116599913,0.245014245014245,0.21774521774521774,True
9315,Zählfeld B_9.2_1_I (veraltet),10.1073885,53.53753,2025-11,1.4485981308411215,1.489827856025039,0.2438065277231616,0.2512780180888714,True
9315,Zählfeld B_9.2_1_I (veraltet),10.1073885,53.53753,2025-12,1.2281250000000001,1.801693831895174,0.22974394949140653,0.20904945633111188,True
9315,Zählfeld B_9.2_1_I (veraltet),10.1073885,53.53753,2026-01,1.2106508875739646,1.7704134945514258,0.226578073089701,0.21196013289036544,True
9315,Zählfeld B_9.2_1_I (veraltet),10.1073885,53.53753,2026-02,1.3707458363504708,1.6031872509960157,0.25099443118536197,0.19968178202068418,True
9316,Zählfeld B_9.2_2_G (veraltet),10.1073885,53.53753,2025-01,1.4805194805194806,1.8094405594405596,0.2695035460992908,0.18439716312056736,True
9316,Zählfeld B_9.2_2_G (veraltet),10.1073885,53.53753,2025-02,1.553956834532374,1.3396825396825396,0.26277372262773724,0.22992700729927007,True
9316,Zählfeld B_9.2_2_G (veraltet),10.1073885,53.53753,2025-03,1.1739130434782608,0.9768009768009767,0.18907563025210083,0.3277310924369748,True
9316,Zählfeld B_9.2_2_G (veraltet),10.1073885,53.53753,2025-04,1.425,0.9725274725274726,0.2126865671641791,0.33955223880597013,True
9316,Zählfeld B_9.2_2_G (veraltet),10.1073885,53.53753,2025-05,0.8011363636363636,0.9221804511278195,0.13202247191011235,0.37359550561797755,True
9316,Zählfeld B_9.2_2_G (veraltet),10.1073885,53.53753,2025-06,0.8646288209606988,1.1614173228346458,0.15639810426540285,0.3009478672985782,True
9316,Zählfeld B_9.2_2_G (veraltet),10.1073885,53.53753,2025-07,1.1285046728971964,1.083965953531171,0.2069408740359897,0.24293059125964012,True
9316,Zählfeld B_9.2_2_G (veraltet),10.1073885,53.53753,2025-08,0.9870967741935482,1.4714285714285715,0.18704156479217604,0.24449877750611246,True
9316,Zählfeld B_9.2_2_G (veraltet),10.1073885,53.53753,2025-09,1.0180995475113124,1.32069157836029,0.1986754966887417,0.21589403973509932,True
9316,Zählfeld B_9.2_2_G (veraltet),10.1073885,53.53753,2025-10,1.310204081632653,1.319835020622422,0.22338204592901878,0.2651356993736952,True
9316,Zählfeld B_9.2_2_G (veraltet),10.1073885,53.53753,2025-11,1.5088757396449706,1.6075949367088609,0.2552552552552553,0.23723723723723725,True
9316,Zählfeld B_9.2_2_G (veraltet),10.1073885,53.53753,2025-12,0.9745222929936306,1.5007215007215005,0.18613138686131386,0.24087591240875914,True
9316,Zählfeld B_9.2_2_G (veraltet),10.1073885,53.53753,2026-01,1.103448275862069,1.452991452991453,0.20253164556962025,0.2468354430379747,True
9316,Zählfeld B_9.2_2_G (veraltet),10.1073885,53.53753,2026-02,1.5500000000000003,1.7333333333333332,0.2767857142857143,0.1875,True
9317,Zählfeld B_69.1_1_G (veraltet),10.015099,53.522278,2025-01,1.5089686098654709,3.3995116453794134,0.2987128273413227,0.10741233910341766,True
9317,Zählfeld B_69.1_1_G (veraltet),10.015099,53.522278,2025-02,1.7292993630573248,2.459627329192547,0.314509122502172,0.13987836663770634,True
9317,Zählfeld B_69.1_1_G (veraltet),10.015099,53.522278,2025-03,1.5759493670886076,1.9302461045580313,0.2762481089258699,0.19788199697428138,True
9317,Zählfeld B_69.1_1_G (veraltet),10.015099,53.522278,2025-04,0.9734888653234359,1.923511293634497,0.19445032832027112,0.2063122219868672,True
9317,Zählfeld B_69.1_1_G (veraltet),10.015099,53.522278,2025-05,0.9619015509103169,1.6521088957055214,0.1821490135989274,0.2497605822639341,True
9317,Zählfeld B_69.1_1_G (veraltet),10.015099,53.522278,2025-06,1.0452830188679243,1.4868238557558946,0.19336823734729494,0.25165794066317626,True
9317,Zählfeld B_69.1_1_G (veraltet),10.015099,53.522278,2025-07,1.0563641994425519,1.4715200539265252,0.21063356798814376,0.1911819192293442,True
9317,Zählfeld B_69.1_1_G (veraltet),10.015099,53.522278,2025-08,0.9857427055702918,1.6752372590827374,0.19257675864749318,0.22133696074621065,True
9317,Zählfeld B_69.1_1_G (veraltet),10.015099,53.522278,2025-09,1.045030556449019,1.3908427339084275,0.204803328290469,0.20726172465960666,True
9317,Zählfeld B_69.1_1_G (veraltet),10.015099,53.522278,2025-10,1.0777105630525827,2.0187988112516417,0.21385041551246536,0.19085872576177285,True
9317,Zählfeld B_69.1_1_G (veraltet),10.015099,53.522278,2025-11,1.679054054054054,2.6893203883495143,0.3025875190258752,0.1567732115677321,True
9317,Zählfeld B_69.1_1_G (veraltet),10.015099,53.522278,2025-12,1.5942622950819674,3.0945479641131817,0.300734441437959,0.13335910320834943,True
9317,Zählfeld B_69.1_1_G (veraltet),10.015099,53.522278,2026-01,1.5481798715203428,2.5541125541125536,0.2869047619047619,0.15714285714285714,True
9317,Zählfeld B_69.1_1_G (veraltet),10.015099,53.522278,2026-02,1.7266187050359714,2.9395973154362416,0.3215434083601286,0.1197749196141479,True
9318,Zählfeld B_69.1_2_I (veraltet),10.015099,53.522278,2025-01,2.91453488372093,2.983284457478006,0.433350622406639,0.12059128630705394,True
9318,Zählfeld B_69.1_2_I (veraltet),10.015099,53.522278,2025-02,2.9270573566084788,1.9119155354449473,0.40840292275574114,0.17301670146137788,True
9318,Zählfeld B_69.1_2_I (veraltet),10.015099,53.522278,2025-03,2.2598684210526314,1.5310225967062427,0.32771505803784384,0.23723962474161234,True
9318,Zählfeld B_69.1_2_I (veraltet),10.015099,53.522278,2025-04,1.5013501350135015,1.404380791912384,0.24596328245963284,0.2625525326255253,True
9318,Zählfeld B_69.1_2_I (veraltet),10.015099,53.522278,2025-05,1.4233760773596804,1.2055312500000002,0.22097121597806932,0.31329547679655373,True
9318,Zählfeld B_69.1_2_I (veraltet),10.015099,53.522278,2025-06,1.4060206961429915,1.2477621483375958,0.22782147430034755,0.28608011706603254,True
9318,Zählfeld B_69.1_2_I (veraltet),10.015099,53.522278,2025-07,1.335747085835394,1.2075777978639022,0.23918406072106263,0.22362428842504745,True
9318,Zählfeld B_69.1_2_I (veraltet),10.015099,53.522278,2025-08,1.331184380180512,1.292823329539644,0.2246153846153846,0.2691841491841492,True
9318,Zählfeld B_69.1_2_I (veraltet),10.015099,53.522278,2025-09,1.3495316159250585,1.2207205356776076,0.23905828666251816,0.22951669778054345,True
9318,Zählfeld B_69.1_2_I (veraltet),10.015099,53.522278,2025-10,1.5320081847413036,1.8015756815171167,0.2673706764615856,0.20906029996939088,True
9318,Zählfeld B_69.1_2_I (veraltet),10.015099,53.522278,2025-11,2.639705882352941,2.6539792387543253,0.3938562808557323,0.15852989577619309,True
9318,Zählfeld B_69.1_2_I (veraltet),10.015099,53.522278,2025-12,2.339449541284404,2.9351807612677177,0.376984126984127,0.1395891690009337,True
9318,Zählfeld B_69.1_2_I (veraltet),10.015099,53.522278,2026-01,2.3106796116504853,2.2074253430185635,0.35789473684210527,0.1774436090225564,True
9318,Zählfeld B_69.1_2_I (veraltet),10.015099,53.522278,2026-02,2.513145965548504,2.7578231292517006,0.3981042654028436,0.12666953899181388,True
9319,Zählfeld D_68.2_2_I (veraltet),10.206972,53.49475,2025-01,1.6581632653061222,3.036585365853659,0.3137065637065637,0.11872586872586872,True
9319,Zählfeld D_68.2_2_I (veraltet),10.206972,53.49475,2025-02,1.733364573570759,1.8731571627260084,0.30176211453744495,0.1759667156142927,True
9319,Zählfeld D_68.2_2_I (veraltet),10.206972,53.49475,2025-03,1.6770476487075676,1.6918449423772346,0.2798129384255651,0.21964146531566642,True
9319,Zählfeld D_68.2_2_I (veraltet),10.206972,53.49475,2025-04,1.152032208588957,2.169170673076923,0.22548688506135314,0.18732410221771925,True
9319,Zählfeld D_68.2_2_I (veraltet),10.206972,53.49475,2025-05,1.276899761853215,1.6515047879616964,0.22396901344269765,0.24982911825017087,True
9319,Zählfeld D_68.2_2_I (veraltet),10.206972,53.49475,2025-06,1.271165644171779,1.9655561829474872,0.23726096415893735,0.2027939997709836,True
9319,Zählfeld D_68.2_2_I (veraltet),10.206972,53.49475,2025-07,1.4267672007540058,1.5793402602642996,0.26413316582914576,0.1804857621440536,True
9319,Zählfeld D_68.2_2_I (veraltet),10.206972,53.49475,2025-08,1.4691829909221212,1.5362254575912102,0.2509487085322561,0.23662627004529319,True
9319,Zählfeld D_68.2_2_I (veraltet),10.206972,53.49475,2025-09,1.2582717010509925,1.7209604153147309,0.24394385329409102,0.17443966493094862,True
9319,Zählfeld D_68.2_2_I (veraltet),10.206972,53.49475,2025-10,1.1430656934306571,2.149218466012359,0.22585669781931464,0.18137763932156456,True
9319,Zählfeld D_68.2_2_I (veraltet),10.206972,53.49475,2025-11,1.915365653245686,2.139484978540773,0.31585365853658537,0.18943089430894308,True
9319,Zählfeld D_68.2_2_I (veraltet),10.206972,53.49475,2025-12,1.5031030202730657,2.226313205694649,0.2749772933696639,0.17620345140781107,True
9319,Zählfeld D_68.2_2_I (veraltet),10.206972,53.49475,2026-01,2.0454545454545454,1.8769432171494027,0.32336578581363007,0.2023643949930459,True
9319,Zählfeld D_68.2_2_I (veraltet),10.206972,53.49475,2026-02,1.9940577249575553,2.154945054945055,0.3367741935483871,0.15655913978494623,True
9320,Zählfeld D_68.1_1_I (veraltet),10.2065,53.494804,2025-01,1.7206372730640977,2.7189500640204862,0.3168235775685632,0.1307818256242325,True
9320,Zählfeld D_68.1_1_I (veraltet),10.2065,53.494804,2025-02,1.8657331136738058,1.9001206272617615,0.3167610656597441,0.17390392280260122,True
9320,Zählfeld D_68.1_1_I (veraltet),10.2065,53.494804,2025-03,1.643074371025712,1.5276299631600492,0.2697807435653003,0.23764129102546644,True
9320,Zählfeld D_68.1_1_I (veraltet),10.2065,53.494804,2025-04,1.4656054576463902,2.126421223605847,0.26571840857555146,0.1903731189445475,True
9320,Zählfeld D_68.1_1_I (veraltet),10.2065,53.494804,2025-05,1.5172594142259415,1.1986752460257382,0.23023809523809524,0.31452380952380954,True
9320,Zählfeld D_68.1_1_I (veraltet),10.2065,53.494804,2025-06,1.4110541973292772,1.9750248332623812,0.2642815249266862,0.1836950146627566,True
9320,Zählfeld D_68.1_1_I (veraltet),10.2065,53.494804,2025-07,1.5609847071988063,1.4994596831674063,0.27780543662252316,0.18829035148859902,True
9320,Zählfeld D_68.1_1_I (veraltet),10.2065,53.494804,2025-08,1.7385694249649366,1.4996804090763822,0.27847418789594286,0.2410028305701577,True
9320,Zählfeld D_68.1_1_I (veraltet),10.2065,53.494804,2025-09,1.4850264239577216,1.521892901618929,0.26725140019021454,0.1928563880376202,True
9320,Zählfeld D_68.1_1_I (veraltet),10.2065,53.494804,2025-10,1.3298484056455828,1.9860451733563516,0.24773590417762198,0.19339760444054924,True
9320,Zählfeld D_68.1_1_I (veraltet),10.2065,53.494804,2025-11,1.8576345431789736,2.217223650385604,0.31204667297382527,0.18401135288552506,True
9320,Zählfeld D_68.1_1_I (veraltet),10.2065,53.494804,2025-12,1.6932391523713421,2.431132716533375,0.3016900395541172,0.16379000359582885,True
9320,Zählfeld D_68.1_1_I (veraltet),10.2065,53.494804,2026-01,1.9657387580299786,1.8404761904761906,0.31449126413155193,0.20554984583761562,True
9320,Zählfeld D_68.1_1_I (veraltet),10.2065,53.494804,2026-02,1.8395860284605434,1.9221579961464357,0.3146365748423498,0.17225356787255228,True
9334,Zählfeld B_69.2_1_I (veraltet),10.01488,53.52147,2025-01,2.4130947699567438,2.9307004470938893,0.39118378275004784,0.12248995983935743,True
9334,Zählfeld B_69.2_1_I (veraltet),10.01488,53.52147,2025-02,2.4017056636781104,1.8545045045045043,0.3657342657342657,0.17742257742257742,True
9334,Zählfeld B_69.2_1_I (veraltet),10.01488,53.52147,2025-03,2.1148514851485145,1.5974025974025974,0.31852072770653145,0.22964509394572025,True
9334,Zählfeld B_69.2_1_I (veraltet),10.01488,53.52147,2025-04,1.2251563074659801,1.6977300939882958,0.22399741789720004,0.22750746389090615,True
9334,Zählfeld B_69.2_1_I (veraltet),10.01488,53.52147,2025-05,1.296554335478985,1.2745496875382918,0.21080042847117053,0.30144424334207515,True
9334,Zählfeld B_69.2_1_I (veraltet),10.01488,53.52147,2025-06,1.3281049286728417,1.2943709814387965,0.2213508214454736,0.2786491785545264,True
9334,Zählfeld B_69.2_1_I (veraltet),10.01488,53.52147,2025-07,1.2653410828999694,1.2679420289855072,0.23279529952049707,0.21526980482204364,True
9334,Zählfeld B_69.2_1_I (veraltet),10.01488,53.52147,2025-08,1.2815150917340699,1.371931754249556,0.22219181830619783,0.2576617868381448,True
9334,Zählfeld B_69.2_1_I (veraltet),10.01488,53.52147,2025-09,1.256997219647822,1.2712419530926478,0.22694643843180562,0.22308117062396465,True
9334,Zählfeld B_69.2_1_I (veraltet),10.01488,53.52147,2025-10,1.2701085302769044,1.993550403454938,0.24009203336209375,0.19280989358642509,True
9334,Zählfeld B_69.2_1_I (veraltet),10.01488,53.52147,2025-11,2.1246792452830188,2.4390086206896555,0.34406394368262816,0.17012539414827307,True
9334,Zählfeld B_69.2_1_I (veraltet),10.01488,53.52147,2025-12,1.9461088783339424,2.6365761028337715,0.3332707648991084,0.15297982167996246,True
9334,Zählfeld B_69.2_1_I (veraltet),10.01488,53.52147,2026-01,1.9505801461108725,2.4777390631049165,0.3304936653560507,0.16120576671035386,True
9334,Zählfeld B_69.2_1_I (veraltet),10.01488,53.52147,2026-02,1.9789562289562288,2.4291581108829567,0.3412686892146901,0.14138481637392944,True
9335,Zählfeld B_69.2_2_G (veraltet),10.01488,53.52147,2025-01,3.2197378565921357,3.39171260394282,0.46194690265486726,0.10763274336283186,True
9335,Zählfeld B_69.2_2_G (veraltet),10.01488,53.52147,2025-02,3.112457722660654,2.022097902097902,0.42510682526850674,0.16514609077260653,True
9335,Zählfeld B_69.2_2_G (veraltet),10.01488,53.52147,2025-03,3.065048183839881,1.7845283080597405,0.3989146164978292,0.21063675832127352,True
9335,Zählfeld B_69.2_2_G (veraltet),10.01488,53.52147,2025-04,1.7211577248890682,1.8272833723653392,0.28623899371069184,0.21484276729559748,True
9335,Zählfeld B_69.2_2_G (veraltet),10.01488,53.52147,2025-05,1.7545913218970735,1.4428428261232669,0.2671829622458858,0.2759876457843544,True
9335,Zählfeld B_69.2_2_G (veraltet),10.01488,53.52147,2025-06,1.7933609211946744,1.4761469414893615,0.27947175842200445,0.25301762207175,True
9335,Zählfeld B_69.2_2_G (veraltet),10.01488,53.52147,2025-07,1.6814101517871716,1.3162735869350106,0.28409513960703203,0.20901758014477767,True
9335,Zählfeld B_69.2_2_G (veraltet),10.01488,53.52147,2025-08,1.52801576422207,1.4615065538410488,0.254527550627221,0.24575073853662713,True
9335,Zählfeld B_69.2_2_G (veraltet),10.01488,53.52147,2025-09,1.6690656982502476,1.3995413548625277,0.28075062307579535,0.20686116405219176,True
9335,Zählfeld B_69.2_2_G (veraltet),10.01488,53.52147,2025-10,1.791312821940693,2.157526517716091,0.306269637246501,0.18080548414738645,True
9335,Zählfeld B_69.2_2_G (veraltet),10.01488,53.52147,2025-11,3.2851883932438284,2.620530877573131,0.4389375922228973,0.16022914677545352,True
9335,Zählfeld B_69.2_2_G (veraltet),10.01488,53.52147,2025-12,2.8185328185328182,2.9507362155388472,0.41709518912124327,0.13895554793737858,True
9335,Zählfeld B_69.2_2_G (veraltet),10.01488,53.52147,2026-01,3.279783393501805,2.891215823152996,0.44842053307008883,0.1414116485686081,True
9335,Zählfeld B_69.2_2_G (veraltet),10.01488,53.52147,2026-02,3.2694977541853816,2.747919463087248,0.45522769913013816,0.1270680538973222,True
9348,Zählfeld A_70.1_1_I (veraltet),10.029905,53.602894,2025-01,3.0854748603351956,3.1649341425619832,0.44898788716364524,0.11446223884237054,True
9348,Zählfeld A_70.1_1_I (veraltet),10.029905,53.602894,2025-02,3.128066447749662,2.306434023991276,0.435006849867032,0.14779595454911756,True
9348,Zählfeld A_70.1_1_I (veraltet),10.029905,53.602894,2025-03,2.827045696068013,1.8849098924897516,0.38731164009609087,0.20168158986678314,True
9348,Zählfeld A_70.1_1_I (veraltet),10.029905,53.602894,2025-04,1.415683871955889,2.221965317919075,0.261711616054364,0.18369080484179232,True
9348,Zählfeld A_70.1_1_I (veraltet),10.029905,53.602894,2025-05,1.4900307991570756,1.8987287343428676,0.2573168171320596,0.22460634054167541,True
9348,Zählfeld A_70.1_1_I (veraltet),10.029905,53.602894,2025-06,1.536722317885753,1.9388558264542137,0.2692852644836272,0.20501416876574308,True
9348,Zählfeld A_70.1_1_I (veraltet),10.029905,53.602894,2025-07,1.53515625,1.7241735948128407,0.2816771617263093,0.16786975886960528,True
9348,Zählfeld A_70.1_1_I (veraltet),10.029905,53.602894,2025-08,1.4968049757178155,1.725920693782251,0.2608811867955629,0.2162427050385352,True
9348,Zählfeld A_70.1_1_I (veraltet),10.029905,53.602894,2025-09,1.466052754799438,1.6184617995163957,0.26804211968153413,0.18346032017806696,True
9348,Zählfeld A_70.1_1_I (veraltet),10.029905,53.602894,2025-10,1.5580778981332104,2.3854754667824576,0.2849465764683568,0.16640323702345577,True
9348,Zählfeld A_70.1_1_I (veraltet),10.029905,53.602894,2025-11,3.0304644581321796,2.609118409680207,0.4217110292584613,0.16081729098616998,True
9348,Zählfeld A_70.1_1_I (veraltet),10.029905,53.602894,2025-12,2.628513687304795,2.884256905609219,0.400823667843335,0.14170448814926878,True
9348,Zählfeld A_70.1_1_I (veraltet),10.029905,53.602894,2026-01,2.7201166180758016,2.5231481481481484,0.40003675119441384,0.1587651598676957,True
9348,Zählfeld A_70.1_1_I (veraltet),10.029905,53.602894,2026-02,2.731442869057548,2.8396694214876033,0.4177295918367347,0.12346938775510204,True
9349,Zählfeld A_70.1_2_I (veraltet),10.029905,53.602894,2025-01,3.120598006644518,3.1840649844452127,0.4518037518037518,0.11385281385281386,True
9349,Zählfeld A_70.1_2_I (veraltet),10.029905,53.602894,2025-02,3.115504143646409,2.237233538607295,0.4321741629544475,0.15167409110504382,True
9349,Zählfeld A_70.1_2_I (veraltet),10.029905,53.602894,2025-03,2.786707882534776,1.8017057569296375,0.3808989859594384,0.20904836193447737,True
9349,Zählfeld A_70.1_2_I (veraltet),10.029905,53.602894,2025-04,1.602877496857103,2.147829487680876,0.2824754449449819,0.1888339118233513,True
9349,Zählfeld A_70.1_2_I (veraltet),10.029905,53.602894,2025-05,1.5848365073661517,1.826975945017182,0.26568599103657653,0.231386439207749,True
9349,Zählfeld A_70.1_2_I (veraltet),10.029905,53.602894,2025-06,1.5750944897553214,1.9281522468142185,0.27338328211856505,0.20591789524565826,True
9349,Zählfeld A_70.1_2_I (veraltet),10.029905,53.602894,2025-07,1.6031232501710944,1.6679150216841803,0.28817312531454453,0.17255494044623385,True
9349,Zählfeld A_70.1_2_I (veraltet),10.029905,53.602894,2025-08,1.6899614810156436,1.76055028815765,0.2836222591625109,0.2128947993350748,True
9349,Zählfeld A_70.1_2_I (veraltet),10.029905,53.602894,2025-09,1.6214788732394367,1.6415227077307901,0.2872290659597692,0.18135038203648837,True
9349,Zählfeld A_70.1_2_I (veraltet),10.029905,53.602894,2025-10,1.7474142623843225,2.4552779607763644,0.3082862740578541,0.16244093580730667,True
9349,Zählfeld A_70.1_2_I (veraltet),10.029905,53.602894,2025-11,3.0481028734719797,2.5990585345886204,0.42266543389248445,0.16133932109364682,True
9349,Zählfeld A_70.1_2_I (veraltet),10.029905,53.602894,2025-12,2.749663526244953,2.8581464197902555,0.40993227990970654,0.14281414597441686,True
9349,Zählfeld A_70.1_2_I (veraltet),10.029905,53.602894,2026-01,3.1755186721991704,2.6424842867795886,0.43569598633646456,0.15269000853970965,True
9349,Zählfeld A_70.1_2_I (veraltet),10.029905,53.602894,2026-02,3.0056879739978326,2.992307692307693,0.4414607948442535,0.11791383219954649,True
9362,Zählfeld D_9.6_1_I (veraltet),10.109475,53.536545,2025-01,1.4318901795142556,2.3077346041055717,0.27443837279902855,0.15057680631451123,True
9362,Zählfeld D_9.6_1_I (veraltet),10.109475,53.536545,2025-02,1.3633333333333333,1.5866666666666667,0.24954240390482002,0.20134228187919462,True
9362,Zählfeld D_9.6_1_I (veraltet),10.109475,53.536545,2025-03,1.437923250564334,1.3548342636620494,0.23974407226194958,0.2600677455777192,True
9362,Zählfeld D_9.6_1_I (veraltet),10.109475,53.536545,2025-04,1.0776869158878504,1.4859514687100892,0.1977491961414791,0.25176848874598073,True
9362,Zählfeld D_9.6_1_I (veraltet),10.109475,53.536545,2025-05,1.1415313225058006,1.0582053354890864,0.18136577273983964,0.34199612938899643,True
9362,Zählfeld D_9.6_1_I (veraltet),10.109475,53.536545,2025-06,1.1929194458696768,0.942560553633218,0.18589589829695372,0.3466059006956105,True
9362,Zählfeld D_9.6_1_I (veraltet),10.109475,53.536545,2025-07,1.3183797909407666,1.1314618281410476,0.2335107613978246,0.23513075676926637,True
9362,Zählfeld D_9.6_1_I (veraltet),10.109475,53.536545,2025-08,1.2521968365553602,1.1917691824596401,0.21040974529346623,0.28549280177187153,True
9362,Zählfeld D_9.6_1_I (veraltet),10.109475,53.536545,2025-09,1.2093959731543626,1.160085082770739,0.2187424132070891,0.23865015780529256,True
9362,Zählfeld D_9.6_1_I (veraltet),10.109475,53.536545,2025-10,1.1584158415841583,1.603017444601603,0.21477162293488825,0.2290249433106576,True
9362,Zählfeld D_9.6_1_I (veraltet),10.109475,53.536545,2025-11,1.2164566345441068,1.6958855098389984,0.22281059063136457,0.22769857433808555,True
9362,Zählfeld D_9.6_1_I (veraltet),10.109475,53.536545,2025-12,1.1914715719063544,1.8462048392442825,0.22597526165556614,0.2050428163653663,True
9362,Zählfeld D_9.6_1_I (veraltet),10.109475,53.536545,2026-01,1.0690737833594977,1.7001180637544273,0.20524412296564196,0.21880650994575046,True
9362,Zählfeld D_9.6_1_I (veraltet),10.109475,53.536545,2026-02,1.2896622313203685,1.6933333333333334,0.24319629415170815,0.1910828025477707,True
9363,Zählfeld B_13.1_1_I (veraltet),10.029028,53.536667,2025-01,2.8600461893764435,1.593777480005025,0.3883714366356195,0.20425251669959546,True
9363,Zählfeld B_13.1_1_I (veraltet),10.029028,53.536667,2025-02,2.8906030855539973,0.8670967741935484,0.3358044806517312,0.31568228105906315,True
9363,Zählfeld B_13.1_1_I (veraltet),10.029028,53.536667,2025-03,1.8969351523079798,0.7906635708175486,0.24176491604144337,0.37588424437299034,True
9363,Zählfeld B_13.1_1_I (veraltet),10.029028,53.536667,2025-04,1.5142793145928994,1.078244121659578,0.22917143365621742,0.3168077695573691,True
9363,Zählfeld B_13.1_1_I (veraltet),10.029028,53.536667,2025-05,1.7227447098131419,0.7489643545279384,0.210324744487502,0.4234142361819294,True
9363,Zählfeld B_13.1_1_I (veraltet),10.029028,53.536667,2025-06,1.9908863573214781,0.8833057948778472,0.25471919459078984,0.3614529786916366,True
9363,Zählfeld B_13.1_1_I (veraltet),10.029028,53.536667,2025-07,1.9364944538822824,0.8915750717418376,0.2821913020685437,0.28064044035735347,True
9363,Zählfeld B_13.1_1_I (veraltet),10.029028,53.536667,2025-08,1.7740951324365555,1.000264404987085,0.2517563711502509,0.32252287710321753,True
9363,Zählfeld B_13.1_1_I (veraltet),10.029028,53.536667,2025-09,1.5112241318835498,0.7548880785907661,0.2260849031851813,0.32510363645904394,True
9363,Zählfeld B_13.1_1_I (veraltet),10.029028,53.536667,2025-10,1.4411942098914357,1.0635209497811864,0.2241452089489236,0.30927254819192346,True
9363,Zählfeld B_13.1_1_I (veraltet),10.029028,53.536667,2025-11,2.5523536511768254,1.5820221820995617,0.34929385530227947,0.24015113974231914,True
9363,Zählfeld B_13.1_1_I (veraltet),10.029028,53.536667,2025-12,2.1564958908900156,1.9144999513097671,0.334908350305499,0.19918533604887984,True
9363,Zählfeld B_13.1_1_I (veraltet),10.029028,53.536667,2026-01,2.4788882950293964,1.6949404761904763,0.3532099611606123,0.21932830705962988,True
9363,Zählfeld B_13.1_1_I (veraltet),10.029028,53.536667,2026-02,2.056379821958457,2.163809523809524,0.34323922734026746,0.15601783060921248,True
9364,Zählfeld B_13.1_2_I (veraltet),10.029028,53.536667,2025-01,2.969320672023375,1.6468428123600536,0.39845128406194863,0.1989805920407763,True
9364,Zählfeld B_13.1_2_I (veraltet),10.029028,53.536667,2025-02,3.2124904798172125,0.8402781354622714,0.3503322259136213,0.32250830564784055,True
9364,Zählfeld B_13.1_2_I (veraltet),10.029028,53.536667,2025-03,3.113625703564728,0.755497013484963,0.31239191049306464,0.3866163131330957,True
9364,Zählfeld B_13.1_2_I (veraltet),10.029028,53.536667,2025-04,2.494219653179191,1.0081060606060606,0.30346109408750693,0.33154166875973273,True
9364,Zählfeld B_13.1_2_I (veraltet),10.029028,53.536667,2025-05,2.5864720043488387,0.7151700016268098,0.2617161716171617,0.43472418670438473,True
9364,Zählfeld B_13.1_2_I (veraltet),10.029028,53.536667,2025-06,2.490286531089598,0.828002822035393,0.28280502921905437,0.3765052240127501,True
9364,Zählfeld B_13.1_2_I (veraltet),10.029028,53.536667,2025-07,2.4130434782608696,0.8399958390797655,0.31524588681974325,0.2928267944313867,True
9364,Zählfeld B_13.1_2_I (veraltet),10.029028,53.536667,2025-08,2.8056461001164146,0.9624258213923865,0.32329919311024813,0.33100589572811234,True
9364,Zählfeld B_13.1_2_I (veraltet),10.029028,53.536667,2025-09,2.381907433380084,0.7360191039279576,0.2962245885769603,0.33068208576437036,True
9364,Zählfeld B_13.1_2_I (veraltet),10.029028,53.536667,2025-10,1.9627012625970113,1.0156027763554645,0.2692472708204224,0.3192067502502741,True
9364,Zählfeld B_13.1_2_I (veraltet),10.029028,53.536667,2025-11,3.0184406340989973,1.5643289606458124,0.3800562141024074,0.2422094586337529,True
9364,Zählfeld B_13.1_2_I (veraltet),10.029028,53.536667,2025-12,2.387032328369052,1.8521224382750738,0.3524820983184488,0.2045216831603508,True
9364,Zählfeld B_13.1_2_I (veraltet),10.029028,53.536667,2026-01,2.770399549803039,1.7352015433038888,0.37672176308539945,0.21533516988062443,True
9364,Zählfeld B_13.1_2_I (veraltet),10.029028,53.536667,2026-02,3.061882626380011,2.2710204081632654,0.42946210268948654,0.1497555012224939,True
9365,Zählfeld B_3.1_1_I (veraltet),9.974444,53.54972,2025-01,2.8181818181818183,3.211383815132582,0.4296436666295099,0.11299372050681826,True
9365,Zählfeld B_3.1_1_I (veraltet),9.974444,53.54972,2025-02,2.5914572864321612,1.9598414795244385,0.38490819525302283,0.16950291088222122,True
9365,Zählfeld B_3.1_1_I (veraltet),9.974444,53.54972,2025-03,2.415178056932119,2.1496853533170004,0.36512126280577045,0.18134538992264268,True
9365,Zählfeld B_3.1_1_I (veraltet),9.974444,53.54972,2025-04,1.5096572999798807,2.266380182002022,0.2742557429777591,0.18074160712001316,True
9365,Zählfeld B_3.1_1_I (veraltet),9.974444,53.54972,2025-05,1.5717631660524232,1.7053893054874203,0.2599593252781433,0.2438603387281459,True
9365,Zählfeld B_3.1_1_I (veraltet),9.974444,53.54972,2025-06,1.6214545097654334,2.0104175561437962,0.2809741662273168,0.1991700539124815,True
9365,Zählfeld B_3.1_1_I (veraltet),9.974444,53.54972,2025-07,1.583810951415219,1.6745452056338934,0.28609655479986623,0.17198923275408948,True
9365,Zählfeld B_3.1_1_I (veraltet),9.974444,53.54972,2025-08,1.6469833119383825,1.6556518557479019,0.2752529767225659,0.22337040082954912,True
9365,Zählfeld B_3.1_1_I (veraltet),9.974444,53.54972,2025-09,1.5460983816696041,1.6964554782234342,0.28006199606429477,0.176514636992146,True
9365,Zählfeld B_3.1_1_I (veraltet),9.974444,53.54972,2025-10,1.688912523265089,2.5180267009352466,0.3029089175011922,0.15903671912255604,True
9365,Zählfeld B_3.1_1_I (veraltet),9.974444,53.54972,2025-11,2.5154539783360743,2.7306266846361185,0.38548782395578035,0.15476873337852637,True
9365,Zählfeld B_3.1_1_I (veraltet),9.974444,53.54972,2025-12,2.3170330018369545,2.9800513361238035,0.3757357246309821,0.13777695602600845,True
9365,Zählfeld B_3.1_1_I (veraltet),9.974444,53.54972,2026-01,2.5925178515988825,2.839409845368137,0.3969906582043785,0.14362119375311988,True
9365,Zählfeld B_3.1_1_I (veraltet),9.974444,53.54972,2026-02,2.5369194787838287,2.4201533406352684,0.39319558800683546,0.1418362591269225,True
9366,Zählfeld B_3.1_2_G (veraltet),9.974444,53.54972,2025-01,2.202,1.788311688311688,0.34449311639549435,0.18617021276595744,True
9366,Zählfeld B_3.1_2_G (veraltet),9.974444,53.54972,2025-02,2.2888573456352024,1.265732484076433,0.3288467421229734,0.2401345977363108,True
9366,Zählfeld B_3.1_2_G (veraltet),9.974444,53.54972,2025-03,1.76719350704827,1.390446288405472,0.27613135762915497,0.2551061273528234,True
9366,Zählfeld B_3.1_2_G (veraltet),9.974444,53.54972,2025-04,1.4624458353394318,1.3658267020335986,0.23990048572444023,0.2679777277573747,True
9366,Zählfeld B_3.1_2_G (veraltet),9.974444,53.54972,2025-05,1.7428233205090264,1.1120741862225587,0.24586673346693386,0.3309118236472946,True
9366,Zählfeld B_3.1_2_G (veraltet),9.974444,53.54972,2025-06,1.8159084061464297,1.2795389048991352,0.27112010796221325,0.28097165991902834,True
9366,Zählfeld B_3.1_2_G (veraltet),9.974444,53.54972,2025-07,1.7470956210902593,0.9083835663289299,0.26613122787911786,0.2768853797985298,True
9366,Zählfeld B_3.1_2_G (veraltet),9.974444,53.54972,2025-08,1.5168310098605917,0.9588774118105634,0.2243850912931945,0.33182435491172474,True
9366,Zählfeld B_3.1_2_G (veraltet),9.974444,53.54972,2025-09,1.7972926067337731,1.0418362731795567,0.27771520514883347,0.2587288817377313,True
9366,Zählfeld B_3.1_2_G (veraltet),9.974444,53.54972,2025-10,1.7364705882352942,1.5849395313681027,0.2819161127664451,0.23103369241347696,True
9366,Zählfeld B_3.1_2_G (veraltet),9.974444,53.54972,2025-11,2.000583430571762,1.3553130929791273,0.2922526208130913,0.2694962925083099,True
9366,Zählfeld B_3.1_2_G (veraltet),9.974444,53.54972,2025-12,1.6353006681514475,1.8481518481518484,0.2805157593123209,0.20487106017191978,True
9366,Zählfeld B_3.1_2_G (veraltet),9.974444,53.54972,2026-01,1.960091220068415,1.5412414965986394,0.3018967334035827,0.23603793466807166,True
9366,Zählfeld B_3.1_2_G (veraltet),9.974444,53.54972,2026-02,2.2610966057441253,1.3478260869565217,0.33141982395713737,0.22885572139303484,True
9367,Zählfeld B_3.2_1_G (veraltet),9.973709,53.549496,2025-01,2.547965846308388,2.052142680208075,0.38292572463768115,0.16621376811594202,True
9367,Zählfeld B_3.2_1_G (veraltet),9.973709,53.549496,2025-02,2.393141153081511,1.4569989929506546,0.3481561822125813,0.21540130151843817,True
9367,Zählfeld B_3.2_1_G (veraltet),9.973709,53.549496,2025-03,2.518957345971564,1.5467888689646012,0.3489822718319107,0.23539067629678267,True
9367,Zählfeld B_3.2_1_G (veraltet),9.973709,53.549496,2025-04,1.6343511450381678,1.6752207505518766,0.2715971077001142,0.22986172776861602,True
9367,Zählfeld B_3.2_1_G (veraltet),9.973709,53.549496,2025-05,1.711583924349882,1.2906004709576138,0.2547203002228216,0.29881552714905596,True
9367,Zählfeld B_3.2_1_G (veraltet),9.973709,53.549496,2025-06,1.6455637707948245,1.4456427955133737,0.2631929046563193,0.2569844789356984,True
9367,Zählfeld B_3.2_1_G (veraltet),9.973709,53.549496,2025-07,1.654365246731337,1.1454594994356,0.2726514440621416,0.2329267021165676,True
9367,Zählfeld B_3.2_1_G (veraltet),9.973709,53.549496,2025-08,1.5915741675075679,1.3601919110393688,0.2567452081552924,0.2593089976803809,True
9367,Zählfeld B_3.2_1_G (veraltet),9.973709,53.549496,2025-09,1.494272076372315,1.3943466429721776,0.26370988122314887,0.20684862269396007,True
9367,Zählfeld B_3.2_1_G (veraltet),9.973709,53.549496,2025-10,1.642298537912275,1.6683162872539317,0.27521367521367524,0.22205128205128205,True
9367,Zählfeld B_3.2_1_G (veraltet),9.973709,53.549496,2025-11,2.363674851820491,1.6081492764661083,0.33616329479768786,0.23717485549132947,True
9367,Zählfeld B_3.2_1_G (veraltet),9.973709,53.549496,2025-12,2.0746616892207186,1.7722694827417618,0.3222439660795825,0.21178517068928027,True
9367,Zählfeld B_3.2_1_G (veraltet),9.973709,53.549496,2026-01,2.5259809119830328,1.5606469002695418,0.3502426113806793,0.23378914865460962,True
9367,Zählfeld B_3.2_1_G (veraltet),9.973709,53.549496,2026-02,2.5271375464684014,1.5296296296296295,0.36244401791426745,0.2072936660268714,True
9368,Zählfeld B_3.2_2_I (veraltet),9.973709,53.549496,2025-01,4.3750102618832605,2.9958980857733604,0.5219486395956984,0.1201445613210319,True
9368,Zählfeld B_3.2_2_I (veraltet),9.973709,53.549496,2025-02,4.433418367346939,2.012014500258933,0.4975094469254552,0.16583648230848505,True
9368,Zählfeld B_3.2_2_I (veraltet),9.973709,53.549496,2025-03,4.0470062555853445,2.007832113703144,0.464195657967568,0.19170134689108018,True
9368,Zählfeld B_3.2_2_I (veraltet),9.973709,53.549496,2025-04,2.8289323437053953,2.1950334596468597,0.3952851779276921,0.1855264535622934,True
9368,Zählfeld B_3.2_2_I (veraltet),9.973709,53.549496,2025-05,2.831445849367784,1.672899581350003,0.36541135738002667,0.24742458211539006,True
9368,Zählfeld B_3.2_2_I (veraltet),9.973709,53.549496,2025-06,2.788109393579073,1.9374658842794759,0.3828852156143715,0.20513107618234497,True
9368,Zählfeld B_3.2_2_I (veraltet),9.973709,53.549496,2025-07,2.7510688981187394,1.770179285256026,0.399800279608548,0.16422342054457092,True
9368,Zählfeld B_3.2_2_I (veraltet),9.973709,53.549496,2025-08,2.621230614589316,1.7626240624609533,0.36712622179317,0.2126975986484856,True
9368,Zählfeld B_3.2_2_I (veraltet),9.973709,53.549496,2025-09,2.8616806435050486,1.6069872683637487,0.3981142857142857,0.18452857142857143,True
9368,Zählfeld B_3.2_2_I (veraltet),9.973709,53.549496,2025-10,3.0610585316548744,2.3940180851121746,0.42124729714350745,0.16590797010735556,True
9368,Zählfeld B_3.2_2_I (veraltet),9.973709,53.549496,2025-11,4.2738581507612325,2.4141607098841513,0.4867522361548709,0.1715759869742657,True
9368,Zählfeld B_3.2_2_I (veraltet),9.973709,53.549496,2025-12,3.5955310880829017,2.6819787148308802,0.4629490643450415,0.15078054638246774,True
9368,Zählfeld B_3.2_2_I (veraltet),9.973709,53.549496,2026-01,4.173556542535018,2.630510767843049,0.4926203726106944,0.15327849020082265,True
9368,Zählfeld B_3.2_2_I (veraltet),9.973709,53.549496,2026-02,4.375116604477611,2.4150057273768613,0.5089318413021363,0.14209562563580874,True
9369,Zählfeld B_8.1_1_I (veraltet),10.038101,53.55562,2025-01,3.8729508196721314,3.1942106005737667,0.4995301303888171,0.11353224480206743,True
9369,Zählfeld B_8.1_1_I (veraltet),10.038101,53.55562,2025-02,3.8730774973868893,2.202871500358938,0.4769154393513156,0.15367643002923492,True
9369,Zählfeld B_8.1_1_I (veraltet),10.038101,53.55562,2025-03,3.5716054842989826,2.1118160731341247,0.44348886252800845,0.18399894556478186,True
9369,Zählfeld B_8.1_1_I (veraltet),10.038101,53.55562,2025-04,2.141930501930502,2.385640584694755,0.34438319427890346,0.17327175208581644,True
9369,Zählfeld B_8.1_1_I (veraltet),10.038101,53.55562,2025-05,2.1227622900847973,1.9740796831314071,0.32408488602325225,0.21790120322891812,True
9369,Zählfeld B_8.1_1_I (veraltet),10.038101,53.55562,2025-06,2.1883175342901025,2.110716132368149,0.3409996781620578,0.19151833238432403,True
9369,Zählfeld B_8.1_1_I (veraltet),10.038101,53.55562,2025-07,2.1115151515151513,1.8658389043671835,0.3481823860087445,0.1571267957526546,True
9369,Zählfeld B_8.1_1_I (veraltet),10.038101,53.55562,2025-08,2.0796415285762597,1.8546918313546081,0.32576680616623405,0.20429623351168089,True
9369,Zählfeld B_8.1_1_I (veraltet),10.038101,53.55562,2025-09,2.023909531502423,1.8254017169271406,0.33593435765425145,0.16611696565039016,True
9369,Zählfeld B_8.1_1_I (veraltet),10.038101,53.55562,2025-10,2.203099573808601,2.454651137285868,0.35462505612932194,0.1624756772938183,True
9369,Zählfeld B_8.1_1_I (veraltet),10.038101,53.55562,2025-11,3.672859690844233,2.6116928446771377,0.46197420078519347,0.1606842400448682,True
9369,Zählfeld B_8.1_1_I (veraltet),10.038101,53.55562,2025-12,2.9897326203208556,2.585667192997036,0.42151452094453995,0.1555233873156609,True
9369,Zählfeld B_8.1_1_I (veraltet),10.038101,53.55562,2026-01,3.222937390286717,2.115407566535386,0.42274925166935295,0.18374395579092792,True
9369,Zählfeld B_8.1_1_I (veraltet),10.038101,53.55562,2026-02,3.349864743011722,1.8592739273927392,0.4341474815940166,0.1770480308519341,True
9370,Zählfeld B_8.1_2_I (veraltet),10.038101,53.55562,2025-01,2.5341047503045067,3.041571830231624,0.4036200675125131,0.1185543010126877,True
9370,Zählfeld B_8.1_2_I (veraltet),10.038101,53.55562,2025-02,2.4577883472057076,2.1656050955414012,0.38011695906432746,0.15590863952333664,True
9370,Zählfeld B_8.1_2_I (veraltet),10.038101,53.55562,2025-03,2.3854794933655006,2.077422394388316,0.3603471249444805,0.18647716013529672,True
9370,Zählfeld B_8.1_2_I (veraltet),10.038101,53.55562,2025-04,1.4834654533514704,2.308433560353572,0.27196739074351167,0.17803518910272947,True
9370,Zählfeld B_8.1_2_I (veraltet),10.038101,53.55562,2025-05,1.4576666997913146,1.9508658522120745,0.25508660267111855,0.21992383138564273,True
9370,Zählfeld B_8.1_2_I (veraltet),10.038101,53.55562,2025-06,1.4774838164931043,2.0048519218651544,0.2641124974844033,0.19961259810827128,True
9370,Zählfeld B_8.1_2_I (veraltet),10.038101,53.55562,2025-07,1.4936840675510483,1.7921629436021747,0.2783698266042273,0.16253638779901278,True
9370,Zählfeld B_8.1_2_I (veraltet),10.038101,53.55562,2025-08,1.4874505979571935,1.750235722993952,0.26057401812688824,0.2138810962451446,True
9370,Zählfeld B_8.1_2_I (veraltet),10.038101,53.55562,2025-09,1.5024936436534324,1.7574898727473125,0.2764940884305998,0.17143551260594936,True
9370,Zählfeld B_8.1_2_I (veraltet),10.038101,53.55562,2025-10,1.5594863906908314,2.5391611360639987,0.2880168963983993,0.1579220394249296,True
9370,Zählfeld B_8.1_2_I (veraltet),10.038101,53.55562,2025-11,2.2806194274988267,2.274252223120453,0.3540467691411088,0.1802287462664821,True
9370,Zählfeld B_8.1_2_I (veraltet),10.038101,53.55562,2025-12,1.923913043478261,2.692000938306357,0.3320005923293351,0.15030356878424403,True
9370,Zählfeld B_8.1_2_I (veraltet),10.038101,53.55562,2026-01,2.112857142857143,2.412294004650693,0.3451172558627931,0.1648582429121456,True
9370,Zählfeld B_8.1_2_I (veraltet),10.038101,53.55562,2026-02,2.072474942174248,2.0519298245614035,0.34191948101507347,0.1631368059530624,True
9371,Zählfeld D_24.2_1_I (veraltet),9.811921,53.563324,2025-01,2.5628517823639774,2.8142796878295715,0.40223792697290933,0.12691401648998824,True
9371,Zählfeld D_24.2_1_I (veraltet),9.811921,53.563324,2025-02,2.276500280426248,1.8179710144927537,0.35363303711447985,0.18034500784108728,True
9371,Zählfeld D_24.2_1_I (veraltet),9.811921,53.563324,2025-03,1.9822534048699958,1.449463295151646,0.2994762439206884,0.2472876917321362,True
9371,Zählfeld D_24.2_1_I (veraltet),9.811921,53.563324,2025-04,1.5601651753663204,1.7304126252207093,0.2619675315665325,0.23282919383932288,True
9371,Zählfeld D_24.2_1_I (veraltet),9.811921,53.563324,2025-05,1.5967741935483872,1.3379380053908356,0.24617196702002356,0.2913231252453867,True
9371,Zählfeld D_24.2_1_I (veraltet),9.811921,53.563324,2025-06,1.6812938816449348,1.4499068033550793,0.26705699605687655,0.2564225116501374,True
9371,Zählfeld D_24.2_1_I (veraltet),9.811921,53.563324,2025-07,1.7600094206311823,1.3291573158400949,0.29305882352941176,0.20741176470588235,True
9371,Zählfeld D_24.2_1_I (veraltet),9.811921,53.563324,2025-08,1.8827658827658826,1.1807995925642985,0.2747810050714615,0.28738281850315045,True
9371,Zählfeld D_24.2_1_I (veraltet),9.811921,53.563324,2025-09,1.4989880818529346,1.2906284774299674,0.2599438465138044,0.2198175011698643,True
9371,Zählfeld D_24.2_1_I (veraltet),9.811921,53.563324,2025-10,1.507581227436823,1.828325426111404,0.26534502478078537,0.20663362561951965,True
9371,Zählfeld D_24.2_1_I (veraltet),9.811921,53.563324,2025-11,2.210658833403273,2.4008120649651974,0.35112977404519097,0.17236552689462106,True
9371,Zählfeld D_24.2_1_I (veraltet),9.811921,53.563324,2025-12,1.96728515625,2.4245674245674245,0.33103278284446636,0.16416070988415085,True
9371,Zählfeld D_24.2_1_I (veraltet),9.811921,53.563324,2026-01,2.488,2.08067940552017,0.36892052194543296,0.18623962040332148,True
9371,Zählfeld D_24.2_1_I (veraltet),9.811921,53.563324,2026-02,2.188449848024316,2.528888888888889,0.36418816388467373,0.13657056145675264,True
9372,Zählfeld I_24.3_2_I (veraltet),9.811806,53.563194,2025-01,2.56282722513089,1.6009542943244601,0.3669415292353823,0.2035232383808096,True
9372,Zählfeld I_24.3_2_I (veraltet),9.811806,53.563194,2025-02,2.5475638051044083,1.0283870967741935,0.33062330623306235,0.2800361336946703,True
9372,Zählfeld I_24.3_2_I (veraltet),9.811806,53.563194,2025-03,2.501850872554204,0.8798234264403684,0.2950420954162769,0.3511693171188026,True
9372,Zählfeld I_24.3_2_I (veraltet),9.811806,53.563194,2025-04,1.950585175552666,1.005148514851485,0.26312327325351925,0.3321931324825681,True
9372,Zählfeld I_24.3_2_I (veraltet),9.811806,53.563194,2025-05,2.3190243902439027,0.849221183800623,0.2646109317599911,0.3930758098630747,True
9372,Zählfeld I_24.3_2_I (veraltet),9.811806,53.563194,2025-06,2.13663259817106,0.9141298104537622,0.2688870836718115,0.35357432981316006,True
9372,Zählfeld I_24.3_2_I (veraltet),9.811806,53.563194,2025-07,2.29121278140886,0.9225558316582517,0.31446227449416925,0.2737964716435762,True
9372,Zählfeld I_24.3_2_I (veraltet),9.811806,53.563194,2025-08,2.525078369905956,0.5146466239181471,0.23737954203872336,0.4805941119264433,True
9372,Zählfeld I_24.3_2_I (veraltet),9.811806,53.563194,2025-09,1.790059750135796,0.9202833326810942,0.2678614971958059,0.28322360399902463,True
9372,Zählfeld I_24.3_2_I (veraltet),9.811806,53.563194,2025-10,1.52688620258441,1.192947767342231,0.24106614017769004,0.28529121421520237,True
9372,Zählfeld I_24.3_2_I (veraltet),9.811806,53.563194,2025-11,2.151618398637138,1.3439999999999999,0.30441070137382503,0.27114967462039047,True
9372,Zählfeld I_24.3_2_I (veraltet),9.811806,53.563194,2025-12,2.043367346938776,1.7031724494411062,0.3166320782686036,0.2184998517640083,True
9372,Zählfeld I_24.3_2_I (veraltet),9.811806,53.563194,2026-01,2.203125,1.8635531135531134,0.33724722765818654,0.2035225048923679,True
9372,Zählfeld I_24.3_2_I (veraltet),9.811806,53.563194,2026-02,2.3736263736263736,1.8923482849604223,0.36464088397790057,0.17449355432780847,True
9373,Zählfeld J_24.6_1_I (veraltet),9.812148,53.562725,2025-01,2.0798816568047336,2.0638856735820497,0.34170447180816593,0.16542449773169152,True
9373,Zählfeld J_24.6_1_I (veraltet),9.812148,53.562725,2025-02,2.070127504553734,1.3874143302180686,0.31692693809258227,0.22378694924707196,True
9373,Zählfeld J_24.6_1_I (veraltet),9.812148,53.562725,2025-03,1.8483412322274881,1.3113630283574103,0.27967449256383875,0.26639229258254604,True
9373,Zählfeld J_24.6_1_I (veraltet),9.812148,53.562725,2025-04,1.5932914046121593,1.538623595505618,0.2617981398553221,0.24526352049603858,True
9373,Zählfeld J_24.6_1_I (veraltet),9.812148,53.562725,2025-05,1.781859410430839,1.2678618277219065,0.25988887418970763,0.3025532477840984,True
9373,Zählfeld J_24.6_1_I (veraltet),9.812148,53.562725,2025-06,1.796887796887797,1.2644645941278065,0.26844487948121865,0.2833720787960357,True
9373,Zählfeld J_24.6_1_I (veraltet),9.812148,53.562725,2025-07,1.893894024215597,1.2029425530127567,0.3001919148145855,0.22429270104624527,True
9373,Zählfeld J_24.6_1_I (veraltet),9.812148,53.562725,2025-08,1.8441119691119694,1.0894743126336472,0.2649057127010538,0.3041458679977815,True
9373,Zählfeld J_24.6_1_I (veraltet),9.812148,53.562725,2025-09,1.7828754334489196,1.065941415132195,0.2779441117764471,0.25436626746506985,True
9373,Zählfeld J_24.6_1_I (veraltet),9.812148,53.562725,2025-10,1.8088701161562828,1.6006579779830445,0.289906580016247,0.229285134037368,True
9373,Zählfeld J_24.6_1_I (veraltet),9.812148,53.562725,2025-11,2.11949215832711,1.6282660332541568,0.31674107142857144,0.23493303571428573,True
9373,Zählfeld J_24.6_1_I (veraltet),9.812148,53.562725,2025-12,1.7011154108809468,2.057812453292679,0.2938539577680783,0.18792025480712515,True
9373,Zählfeld J_24.6_1_I (veraltet),9.812148,53.562725,2026-01,1.585185185185185,1.7580232888383982,0.27203389830508473,0.21313559322033898,True
9373,Zählfeld J_24.6_1_I (veraltet),9.812148,53.562725,2026-02,2.0245901639344264,1.7489300998573467,0.3279341476367499,0.1861391396707382,True
9374,Zählfeld J_24.6_2_I (veraltet),9.812148,53.562725,2025-01,1.5989286909943086,2.160585089650833,0.29232464193903784,0.15919941241278002,True
9374,Zählfeld J_24.6_2_I (veraltet),9.812148,53.562725,2025-02,1.653731343283582,1.3174647887323945,0.27259307856322784,0.2329014269312777,True
9374,Zählfeld J_24.6_2_I (veraltet),9.812148,53.562725,2025-03,1.5668523676880224,1.2761982602603772,0.2498611882287618,0.2717379233759023,True
9374,Zählfeld J_24.6_2_I (veraltet),9.812148,53.562725,2025-04,1.443207126948775,1.6079447322970637,0.2477673084801311,0.23719786972552231,True
9374,Zählfeld J_24.6_2_I (veraltet),9.812148,53.562725,2025-05,1.4884217441287568,1.3494478858066254,0.23559229509475163,0.28955782578179834,True
9374,Zählfeld J_24.6_2_I (veraltet),9.812148,53.562725,2025-06,1.489051094890511,1.3300892133008921,0.24108132062929316,0.27321072457345447,True
9374,Zählfeld J_24.6_2_I (veraltet),9.812148,53.562725,2025-07,1.6056945642795513,1.2604858466896898,0.27323447364557335,0.2162678020848627,True
9374,Zählfeld J_24.6_2_I (veraltet),9.812148,53.562725,2025-08,1.6505514705882354,1.166002986560478,0.2519996632146165,0.2899722152058601,True
9374,Zählfeld J_24.6_2_I (veraltet),9.812148,53.562725,2025-09,1.575998775447727,1.0878524057749517,0.2581227436823105,0.2505264741275572,True
9374,Zählfeld J_24.6_2_I (veraltet),9.812148,53.562725,2025-10,1.5586746433502072,1.6319470185583314,0.26468174891571916,0.22588207713046538,True
9374,Zählfeld J_24.6_2_I (veraltet),9.812148,53.562725,2025-11,1.567300380228137,1.6179956896551724,0.2621470363775121,0.2360722462477741,True
9374,Zählfeld J_24.6_2_I (veraltet),9.812148,53.562725,2025-12,1.338728323699422,2.0771069934249855,0.2510079334113669,0.18650019508388607,True
9374,Zählfeld J_24.6_2_I (veraltet),9.812148,53.562725,2026-01,1.690063810391978,1.7562724014336917,0.2834862385321101,0.21330275229357798,True
9374,Zählfeld J_24.6_2_I (veraltet),9.812148,53.562725,2026-02,1.70919881305638,1.7119741100323627,0.2942077842476249,0.18939626110940852,True
9375,Zählfeld A_54.1_1_I (veraltet),9.898177,53.553387,2025-01,3.3596824871837274,2.8331368793281273,0.4616223585548739,0.1261758691206544,True
9375,Zählfeld A_54.1_1_I (veraltet),9.898177,53.553387,2025-02,3.090203685741998,1.9545525291828796,0.42120571126388157,0.16988365943945002,True
9375,Zählfeld A_54.1_1_I (veraltet),9.898177,53.553387,2025-03,2.513391304347826,1.5069066157107682,0.3464046021093001,0.24012464046021093,True
9375,Zählfeld A_54.1_1_I (veraltet),9.898177,53.553387,2025-04,1.5247446975648078,1.735462488701416,0.2616079250623357,0.22366736302985377,True
9375,Zählfeld A_54.1_1_I (veraltet),9.898177,53.553387,2025-05,1.6154692889117195,1.43739092495637,0.2531479628799117,0.2767447476454963,True
9375,Zählfeld A_54.1_1_I (veraltet),9.898177,53.553387,2025-06,1.5598817151306061,1.6900945334977393,0.26398924024897563,0.22830064746176224,True
9375,Zählfeld A_54.1_1_I (veraltet),9.898177,53.553387,2025-07,1.6262287221289857,1.6199981110096655,0.2893894790733393,0.1767566875719954,True
9375,Zählfeld A_54.1_1_I (veraltet),9.898177,53.553387,2025-08,1.6545768566493957,1.4243433222345543,0.2664071190211346,0.2505561735261402,True
9375,Zählfeld A_54.1_1_I (veraltet),9.898177,53.553387,2025-09,1.5655344230418666,1.3910604440618188,0.2718409723980755,0.20723600911623197,True
9375,Zählfeld A_54.1_1_I (veraltet),9.898177,53.553387,2025-10,1.645384828605747,2.2847054653524737,0.2931068536440845,0.1724767924155639,True
9375,Zählfeld A_54.1_1_I (veraltet),9.898177,53.553387,2025-11,3.009524889443247,2.819342483242898,0.425356988316746,0.1506322419347084,True
9375,Zählfeld A_54.1_1_I (veraltet),9.898177,53.553387,2025-12,2.7433242506811992,2.9503653313177125,0.41127450980392155,0.13897058823529412,True
9375,Zählfeld A_54.1_1_I (veraltet),9.898177,53.553387,2026-01,3.3412867490413296,2.5429289046081296,0.4438030560271647,0.15772495755517826,True
9375,Zählfeld A_54.1_1_I (veraltet),9.898177,53.553387,2026-02,3.214986170480261,3.605689277899343,0.465639680978914,0.09985797006445973,True
9376,Zählfeld A_54.1_2_I (veraltet),9.898177,53.553387,2025-01,3.3061594202898554,3.168065527353625,0.46431751685536193,0.11436204045286859,True
9376,Zählfeld A_54.1_2_I (veraltet),9.898177,53.553387,2025-02,3.2161145667582813,2.154795035727717,0.43637755402461287,0.1565683330389213,True
9376,Zählfeld A_54.1_2_I (veraltet),9.898177,53.553387,2025-03,3.1725707940033314,1.7656308070556619,0.40480340063761955,0.21241232731137089,True
9376,Zählfeld A_54.1_2_I (veraltet),9.898177,53.553387,2025-04,1.8160502623226893,2.106135282121006,0.30473768300238024,0.19185496755681633,True
9376,Zählfeld A_54.1_2_I (veraltet),9.898177,53.553387,2025-05,1.8523489932885904,1.6764489228630992,0.2874407745656801,0.24703014488772918,True
9376,Zählfeld A_54.1_2_I (veraltet),9.898177,53.553387,2025-06,1.8661491859144264,1.896340563671241,0.3034790640394089,0.2086514778325123,True
9376,Zählfeld A_54.1_2_I (veraltet),9.898177,53.553387,2025-07,1.9304056568663936,1.7510925327759834,0.32664756446991405,0.16571680468528607,True
9376,Zählfeld A_54.1_2_I (veraltet),9.898177,53.553387,2025-08,1.9875840662183133,1.5949113708363316,0.30688126522624704,0.22992132273653101,True
9376,Zählfeld A_54.1_2_I (veraltet),9.898177,53.553387,2025-09,1.8814971325083005,1.6428854417456495,0.3155832320777643,0.18122721749696233,True
9376,Zählfeld A_54.1_2_I (veraltet),9.898177,53.553387,2025-10,1.9164586305278175,2.5319228067275508,0.32809781115486764,0.158302042311567,True
9376,Zählfeld A_54.1_2_I (veraltet),9.898177,53.553387,2025-11,3.2749389024661184,2.935609603991269,0.4459520784171356,0.1455345797785442,True
9376,Zählfeld A_54.1_2_I (veraltet),9.898177,53.553387,2025-12,2.9103080722734953,3.1406191719507652,0.4275810702417784,0.13166036438638706,True
9376,Zählfeld A_54.1_2_I (veraltet),9.898177,53.553387,2026-01,2.9783236994219653,2.6058201058201056,0.4212139791538933,0.15450643776824036,True
9376,Zählfeld A_54.1_2_I (veraltet),9.898177,53.553387,2026-02,3.22883657763694,3.5902152641878664,0.46640510053948014,0.10024521824423738,True
9377,Zählfeld B_62.1_1_I (veraltet),10.158565,53.49073,2025-01,1.5884086444007859,2.757378984651712,0.30145413870246085,0.12919463087248323,True
9377,Zählfeld B_62.1_1_I (veraltet),10.158565,53.49073,2025-02,1.5401234567901234,1.2599571734475374,0.25748194014447884,0.24097007223942207,True
9377,Zählfeld B_62.1_1_I (veraltet),10.158565,53.49073,2025-03,1.5323974082073435,1.1281803153098664,0.23774817793415431,0.29680824327720534,True
9377,Zählfeld B_62.1_1_I (veraltet),10.158565,53.49073,2025-04,1.0907150480256138,1.215282181357007,0.188909426987061,0.29149722735674677,True
9377,Zählfeld B_62.1_1_I (veraltet),10.158565,53.49073,2025-05,1.1145576313006698,0.9944470260223046,0.17441668045672679,0.3561145126592752,True
9377,Zählfeld B_62.1_1_I (veraltet),10.158565,53.49073,2025-06,1.28743961352657,1.0862913096695226,0.2056327160493827,0.3152006172839506,True
9377,Zählfeld B_62.1_1_I (veraltet),10.158565,53.49073,2025-07,1.5559980089596814,1.1054347826086957,0.25978558962852155,0.2393418100224383,True
9377,Zählfeld B_62.1_1_I (veraltet),10.158565,53.49073,2025-08,1.4438902743142144,0.8719394046151137,0.2101480836236934,0.35322299651567945,True
9377,Zählfeld B_62.1_1_I (veraltet),10.158565,53.49073,2025-09,1.0893677145884846,1.0310600494288957,0.19693486590038314,0.260727969348659,True
9377,Zählfeld B_62.1_1_I (veraltet),10.158565,53.49073,2025-10,1.1101485148514851,1.2202380952380953,0.19428200129954515,0.2807017543859649,True
9377,Zählfeld B_62.1_1_I (veraltet),10.158565,53.49073,2025-11,,,0.1,0.44,False
9377,Zählfeld B_62.1_1_I (veraltet),10.158565,53.49073,2025-12,1.165137614678899,1.8637110016420362,0.22280701754385965,0.20350877192982456,True
9377,Zählfeld B_62.1_1_I (veraltet),10.158565,53.49073,2026-01,2.1215469613259668,1.5821812596006144,0.31840796019900497,0.23134328358208955,True
9377,Zählfeld B_62.1_1_I (veraltet),10.158565,53.49073,2026-02,1.5,1.9659574468085108,0.27697841726618705,0.16906474820143885,True
9378,Zählfeld B_62.1_2_I (veraltet),10.158565,53.49073,2025-01,1.6801210898082743,2.4705255681818183,0.30799112097669257,0.14206437291897892,True
9378,Zählfeld B_62.1_2_I (veraltet),10.158565,53.49073,2025-02,1.8914473684210529,1.4507317073170733,0.30311017395888246,0.21613073273589878,True
9378,Zählfeld B_62.1_2_I (veraltet),10.158565,53.49073,2025-03,1.7216494845360826,1.17150530758409,0.2592496765847348,0.2890038809831824,True
9378,Zählfeld B_62.1_2_I (veraltet),10.158565,53.49073,2025-04,1.3444029850746269,1.2455070603337615,0.22081264938407796,0.2864497150211436,True
9378,Zählfeld B_62.1_2_I (veraltet),10.158565,53.49073,2025-05,1.3426651735722286,1.0637905236907732,0.20380758116607173,0.3408125106238314,True
9378,Zählfeld B_62.1_2_I (veraltet),10.158565,53.49073,2025-06,1.4057142857142857,1.092687074829932,0.2189001601708489,0.3139348638547784,True
9378,Zählfeld B_62.1_2_I (veraltet),10.158565,53.49073,2025-07,1.3209580838323354,1.1175035812458864,0.233143098710632,0.23737053477066158,True
9378,Zählfeld B_62.1_2_I (veraltet),10.158565,53.49073,2025-08,1.235487404162103,1.0908937034529451,0.20306030603060307,0.3038703870387039,True
9378,Zählfeld B_62.1_2_I (veraltet),10.158565,53.49073,2025-09,1.3090143809189756,1.0486555697823303,0.2255666364460562,0.257479601087942,True
9378,Zählfeld B_62.1_2_I (veraltet),10.158565,53.49073,2025-10,1.313630880579011,1.2698412698412698,0.2214765100671141,0.2727272727272727,True
9378,Zählfeld B_62.1_2_I (veraltet),10.158565,53.49073,2025-11,,,0.09836065573770492,0.47540983606557374,False
9378,Zählfeld B_62.1_2_I (veraltet),10.158565,53.49073,2025-12,0.9765625000000001,1.7954144620811288,0.19409937888198758,0.2096273291925466,True
9378,Zählfeld B_62.1_2_I (veraltet),10.158565,53.49073,2026-01,2.25414364640884,1.3722943722943723,0.3185011709601874,0.2576112412177986,True
9378,Zählfeld B_62.1_2_I (veraltet),10.158565,53.49073,2026-02,1.7104072398190044,2.0115942028985505,0.30288461538461536,0.1658653846153846,True
9391,Zählfeld D_26.2_1_I (veraltet),9.989417,53.561417,2025-01,4.111999999999999,3.452874158467116,0.5169324166179052,0.10592817437097718,True
9391,Zählfeld D_26.2_1_I (veraltet),9.989417,53.561417,2025-02,4.467173304382607,2.1082153660012097,0.5028364141550573,0.159475938718018,True
9391,Zählfeld D_26.2_1_I (veraltet),9.989417,53.561417,2025-03,4.147242654874781,2.3581002882814635,0.4827683489984706,0.1680104533238303,True
9391,Zählfeld D_26.2_1_I (veraltet),9.989417,53.561417,2025-04,2.8830724577588893,2.6724113575363755,0.41282422353334075,0.15760881665367918,True
9391,Zählfeld D_26.2_1_I (veraltet),9.989417,53.561417,2025-05,2.8241886877039177,2.158817160984944,0.38645100605267463,0.203040651071487,True
9391,Zählfeld D_26.2_1_I (veraltet),9.989417,53.561417,2025-06,2.7873560517038776,2.2691435837894622,0.39466512264028514,0.1805612402791227,True
9391,Zählfeld D_26.2_1_I (veraltet),9.989417,53.561417,2025-07,2.640364474235442,1.8929137262448628,0.39545411764705884,0.15522823529411764,True
9391,Zählfeld D_26.2_1_I (veraltet),9.989417,53.561417,2025-08,2.521997981836529,1.9229998840359699,0.36606907461112576,0.19847965550575622,True
9391,Zählfeld D_26.2_1_I (veraltet),9.989417,53.561417,2025-09,2.67202785201167,1.8809912920457597,0.3947708724992665,0.16200297751649045,True
9391,Zählfeld D_26.2_1_I (veraltet),9.989417,53.561417,2025-10,2.801924514807711,2.574665783790568,0.4075524158084376,0.1560842057480069,True
9391,Zählfeld D_26.2_1_I (veraltet),9.989417,53.561417,2025-11,3.993954806970733,2.9455857564264645,0.48819005977587865,0.14511320725871796,True
9391,Zählfeld D_26.2_1_I (veraltet),9.989417,53.561417,2025-12,3.4798668146503884,2.894203027869487,0.46115288220551376,0.14128631437749303,True
9391,Zählfeld D_26.2_1_I (veraltet),9.989417,53.561417,2026-01,3.9276798825256973,3.2499784724016187,0.4944999075614716,0.1277962654834535,True
9391,Zählfeld D_26.2_1_I (veraltet),9.989417,53.561417,2026-02,4.0071241985276655,2.288251260178364,0.4867734025674311,0.14879561517380643,True
9394,Zählfeld D_4.1_1_I (veraltet),9.971919,53.545544,2025-01,2.78632828489562,2.646640316205534,0.4170700324735004,0.13387660069848661,True
9394,Zählfeld D_4.1_1_I (veraltet),9.971919,53.545544,2025-02,2.7307496175420707,1.6247221469232853,0.382370267230761,0.19755797140255985,True
9394,Zählfeld D_4.1_1_I (veraltet),9.971919,53.545544,2025-03,2.529873839562009,1.267023359567169,0.3325198673424692,0.2731681371628809,True
9394,Zählfeld D_4.1_1_I (veraltet),9.971919,53.545544,2025-04,1.637067560224597,1.4778335786648196,0.2637903861308117,0.2528018562297522,True
9394,Zählfeld D_4.1_1_I (veraltet),9.971919,53.545544,2025-05,1.6014127144298689,1.2113434071620783,0.2393510438885657,0.31226165083058627,True
9394,Zählfeld D_4.1_1_I (veraltet),9.971919,53.545544,2025-06,1.5995123829077378,1.2268619934282585,0.24706651867121224,0.28954253547926745,True
9394,Zählfeld D_4.1_1_I (veraltet),9.971919,53.545544,2025-07,1.6051456430005329,0.8261090043213687,0.24528124706545215,0.29629073152408675,True
9394,Zählfeld D_4.1_1_I (veraltet),9.971919,53.545544,2025-08,1.5918367346938775,1.1589887587513072,0.24571176120320393,0.29121607345229633,True
9394,Zählfeld D_4.1_1_I (veraltet),9.971919,53.545544,2025-09,1.566847037085918,1.040597840796319,0.25424563657779203,0.2589570617839169,True
9394,Zählfeld D_4.1_1_I (veraltet),9.971919,53.545544,2025-10,1.6254280821917808,1.5304099034021699,0.26801722312416176,0.2373120632455707,True
9394,Zählfeld D_4.1_1_I (veraltet),9.971919,53.545544,2025-11,2.655460430152433,2.0080071174377223,0.3759311812699539,0.19936147570060306,True
9394,Zählfeld D_4.1_1_I (veraltet),9.971919,53.545544,2025-12,2.2715377489578508,2.491789819376026,0.3617704011065007,0.16044260027662519,True
9394,Zählfeld D_4.1_1_I (veraltet),9.971919,53.545544,2026-01,2.844987623762376,2.6965570400822196,0.413686057497638,0.15008773113780538,True
9394,Zählfeld D_4.1_1_I (veraltet),9.971919,53.545544,2026-02,2.6428571428571432,2.413607188703466,0.401770234510448,0.1421662560452596,True
9395,Zählfeld D_4.2_2_I (veraltet),9.971936,53.54532,2025-01,4.8219021116385665,2.6274193548387097,0.5334093872229465,0.13472403302911778,True
9395,Zählfeld D_4.2_2_I (veraltet),9.971936,53.54532,2025-02,4.694819990885614,1.6130881299259614,0.48889521640091116,0.19869969627942294,True
9395,Zählfeld D_4.2_2_I (veraltet),9.971936,53.54532,2025-03,3.4930504754937814,1.258061315606707,0.39025254038739204,0.2745797804233525,True
9395,Zählfeld D_4.2_2_I (veraltet),9.971936,53.54532,2025-04,2.3262878002613907,1.49847850893876,0.327483821850019,0.25019033117624667,True
9395,Zählfeld D_4.2_2_I (veraltet),9.971936,53.54532,2025-05,2.3774659774237787,1.2440990481262064,0.3065809611264157,0.3065605550454035,True
9395,Zählfeld D_4.2_2_I (veraltet),9.971936,53.54532,2025-06,2.4256970015781167,1.3468594933402978,0.32603892316122535,0.2707298534636664,True
9395,Zählfeld D_4.2_2_I (veraltet),9.971936,53.54532,2025-07,2.3142294920673967,1.2728290326381524,0.34201534043403975,0.2146206695990403,True
9395,Zählfeld D_4.2_2_I (veraltet),9.971936,53.54532,2025-08,1.902405019170443,1.1314182748385124,0.27310938386096006,0.296210427994796,True
9395,Zählfeld D_4.2_2_I (veraltet),9.971936,53.54532,2025-09,2.384703196347032,1.0554712574557201,0.32938486705954234,0.2562429784969549,True
9395,Zählfeld D_4.2_2_I (veraltet),9.971936,53.54532,2025-10,2.4906722532468786,1.5582359293258752,0.3468763089216097,0.24216258014627703,True
9395,Zählfeld D_4.2_2_I (veraltet),9.971936,53.54532,2025-11,4.2070764345656615,2.231303981461976,0.47688095329914004,0.18306274343449924,True
9395,Zählfeld D_4.2_2_I (veraltet),9.971936,53.54532,2025-12,3.641311226427035,2.6416262667452015,0.4645417554737454,0.15273202867661306,True
9395,Zählfeld D_4.2_2_I (veraltet),9.971936,53.54532,2026-01,4.3042071197411005,2.62137049941928,0.49868766404199477,0.15373078365204348,True
9395,Zählfeld D_4.2_2_I (veraltet),9.971936,53.54532,2026-02,3.886813687296981,2.11952367765162,0.4892622950819672,0.12868852459016394,True
9396,Zählfeld B_26.1_1_G (veraltet),9.990389,53.561306,2025-01,2.648760330578513,2.714695498676081,0.40750158931977115,0.1309599491417673,True
9396,Zählfeld B_26.1_1_G (veraltet),9.990389,53.561306,2025-02,2.721774193548387,1.8585461689587426,0.3914405010438413,0.17710508002783576,True
9396,Zählfeld B_26.1_1_G (veraltet),9.990389,53.561306,2025-03,2.4479585968947672,1.6274994846423418,0.3476237138657521,0.22635962763351297,True
9396,Zählfeld B_26.1_1_G (veraltet),9.990389,53.561306,2025-04,1.7564402810304451,1.8255007704160247,0.28987907901275467,0.21500745403346033,True
9396,Zählfeld B_26.1_1_G (veraltet),9.990389,53.561306,2025-05,1.9173272933182333,1.8569984447900465,0.300817341862118,0.228500355366027,True
9396,Zählfeld B_26.1_1_G (veraltet),9.990389,53.561306,2025-06,1.941944847605225,1.7845911949685536,0.3069511355815554,0.2188575361321404,True
9396,Zählfeld B_26.1_1_G (veraltet),9.990389,53.561306,2025-07,1.8616331821127672,1.7482193576578544,0.3193795863909273,0.16594396264176117,True
9396,Zählfeld B_26.1_1_G (veraltet),9.990389,53.561306,2025-08,1.8461538461538463,1.557177615571776,0.2917378917378917,0.2341880341880342,True
9396,Zählfeld B_26.1_1_G (veraltet),9.990389,53.561306,2025-09,1.819322033898305,1.5103179029559397,0.30425170068027213,0.19404761904761905,True
9396,Zählfeld B_26.1_1_G (veraltet),9.990389,53.561306,2025-10,1.8696537678207739,2.117878401360544,0.31346035648432696,0.18356894079082156,True
9396,Zählfeld B_26.1_1_G (veraltet),9.990389,53.561306,2025-11,2.393388429752066,2.4533834586466163,0.36863543788187375,0.16929735234215887,True
9396,Zählfeld B_26.1_1_G (veraltet),9.990389,53.561306,2025-12,2.301619433198381,2.46958981612447,0.3639564660691421,0.161651728553137,True
9396,Zählfeld B_26.1_1_G (veraltet),9.990389,53.561306,2026-01,2.4549180327868854,2.3387805306624494,0.3739076154806492,0.16916354556803995,True
9396,Zählfeld B_26.1_1_G (veraltet),9.990389,53.561306,2026-02,2.462083628632176,1.8448833034111314,0.3704414587332054,0.1781829814459373,True
9397,Zählfeld B_26.1_2_I (veraltet),9.990389,53.561306,2025-01,2.576786978060863,3.2016819729646064,0.40970614711934156,0.11329732510288065,True
9397,Zählfeld B_26.1_2_I (veraltet),9.990389,53.561306,2025-02,2.522077655977871,2.1448865897333866,0.38493893953372005,0.15717792754053758,True
9397,Zählfeld B_26.1_2_I (veraltet),9.990389,53.561306,2025-03,2.4881042582209423,2.139666784828075,0.3708329569066763,0.18203993133977775,True
9397,Zählfeld B_26.1_2_I (veraltet),9.990389,53.561306,2025-04,1.7734776857884682,2.577122454377149,0.3111580973991371,0.1624894710604576,True
9397,Zählfeld B_26.1_2_I (veraltet),9.990389,53.561306,2025-05,1.7858516086224203,2.049896653152079,0.2942131108943527,0.21154687027008845,True
9397,Zählfeld B_26.1_2_I (veraltet),9.990389,53.561306,2025-06,1.7880990454038863,2.128009648102683,0.3023953322570864,0.19025805341353286,True
9397,Zählfeld B_26.1_2_I (veraltet),9.990389,53.561306,2025-07,1.7542414684823389,1.8560411761101532,0.31074940819471586,0.1578253340323785,True
9397,Zählfeld B_26.1_2_I (veraltet),9.990389,53.561306,2025-08,1.836384377206801,1.875211936249576,0.3028071872592752,0.20251339101771734,True
9397,Zählfeld B_26.1_2_I (veraltet),9.990389,53.561306,2025-09,1.746691319579603,1.745518959709778,0.30453778090721684,0.17240852753293687,True
9397,Zählfeld B_26.1_2_I (veraltet),9.990389,53.561306,2025-10,1.7880559875583204,2.565189569668853,0.31497107039537126,0.15657052686946613,True
9397,Zählfeld B_26.1_2_I (veraltet),9.990389,53.561306,2025-11,2.2874334342696043,2.7167632383711573,0.3653728281400498,0.15543574797042892,True
9397,Zählfeld B_26.1_2_I (veraltet),9.990389,53.561306,2025-12,2.071208248876355,2.9435415803446743,0.3515526835397595,0.13924789086339975,True
9397,Zählfeld B_26.1_2_I (veraltet),9.990389,53.561306,2026-01,2.320089414479377,2.6187281710537524,0.36900051608463785,0.15386203337347326,True
9397,Zählfeld B_26.1_2_I (veraltet),9.990389,53.561306,2026-02,2.3162079801923627,2.14878752886836,0.3673122663948352,0.15693736550005663,True
9400,Zählfeld D_58.3_2_I (veraltet),10.075197,53.58872,2025-01,2.445611087778244,2.922464312546957,0.3939516947432515,0.12279277450781409,True
9400,Zählfeld D_58.3_2_I (veraltet),10.075197,53.58872,2025-02,2.583259127337489,1.967058823529412,0.384493041749503,0.16898608349900596,True
9400,Zählfeld D_58.3_2_I (veraltet),10.075197,53.58872,2025-03,2.4534412955465585,1.8517813521144633,0.3578631779776506,0.20455164895066777,True
9400,Zählfeld D_58.3_2_I (veraltet),10.075197,53.58872,2025-04,1.7437100213219614,2.351299936588459,0.30312465250750587,0.1753586122539753,True
9400,Zählfeld D_58.3_2_I (veraltet),10.075197,53.58872,2025-05,1.7293749999999999,1.828580843585237,0.2811134816620949,0.23123031596058113,True
9400,Zählfeld D_58.3_2_I (veraltet),10.075197,53.58872,2025-06,1.6466841513675534,1.8389679715302492,0.27862305058957776,0.21376949410422214,True
9400,Zählfeld D_58.3_2_I (veraltet),10.075197,53.58872,2025-07,1.621263586956522,1.7703606109403212,0.29321784002948764,0.16420936232952452,True
9400,Zählfeld D_58.3_2_I (veraltet),10.075197,53.58872,2025-08,1.6797167027346056,1.8143749570948036,0.2843156843156843,0.20789210789210788,True
9400,Zählfeld D_58.3_2_I (veraltet),10.075197,53.58872,2025-09,1.5525931336742147,1.6685909341900507,0.2800118565359154,0.17893488785693112,True
9400,Zählfeld D_58.3_2_I (veraltet),10.075197,53.58872,2025-10,1.7184623714131024,2.4992472146943694,0.30591296804973256,0.16004047997686857,True
9400,Zählfeld D_58.3_2_I (veraltet),10.075197,53.58872,2025-11,2.704270462633452,2.459944751381215,0.3939959558251672,0.16892207186187588,True
9400,Zählfeld D_58.3_2_I (veraltet),10.075197,53.58872,2025-12,2.4290322580645163,2.8958575300038714,0.38423268274014544,0.14121699196326062,True
9400,Zählfeld D_58.3_2_I (veraltet),10.075197,53.58872,2026-01,2.5657894736842106,1.924476797088262,0.36955148452305747,0.1983575489576753,True
9400,Zählfeld D_58.3_2_I (veraltet),10.075197,53.58872,2026-02,2.5370111731843576,2.2210084033613446,0.3882654697018275,0.15261301699262583,True
9404,Zählfeld B_65.2_1_G (veraltet),9.975668,53.460262,2025-01,1.7637130801687764,1.4343591191417278,0.2880771881461061,0.22191592005513439,True
9404,Zählfeld B_65.2_1_G (veraltet),9.975668,53.460262,2025-02,1.56375,1.2981333333333334,0.2619346733668342,0.23555276381909548,True
9404,Zählfeld B_65.2_1_G (veraltet),9.975668,53.460262,2025-03,1.3857421875,1.2462537462537464,0.22861285645239246,0.27646205896568393,True
9404,Zählfeld B_65.2_1_G (veraltet),9.975668,53.460262,2025-04,1.4319286871961103,1.4309262166405023,0.2394308943089431,0.25894308943089434,True
9404,Zählfeld B_65.2_1_G (veraltet),9.975668,53.460262,2025-05,1.5021097046413503,1.2716143011917662,0.23290807981681386,0.3019299967288191,True
9404,Zählfeld B_65.2_1_G (veraltet),9.975668,53.460262,2025-06,1.5824847250509164,1.3227513227513228,0.2506047411707789,0.274310595065312,True
9404,Zählfeld B_65.2_1_G (veraltet),9.975668,53.460262,2025-07,1.4554579673776662,1.3469252287705655,0.25962399283795884,0.20523724261414503,True
9404,Zählfeld B_65.2_1_G (veraltet),9.975668,53.460262,2025-08,1.4658425504229016,1.1408626277736225,0.23157570151094664,0.2944804193647857,True
9404,Zählfeld B_65.2_1_G (veraltet),9.975668,53.460262,2025-09,1.5057724024189116,1.2085821720858216,0.25689364096792344,0.2312886888013506,True
9404,Zählfeld B_65.2_1_G (veraltet),9.975668,53.460262,2025-10,1.554263565891473,1.4093798728559435,0.255089058524173,0.25254452926208654,True
9404,Zählfeld B_65.2_1_G (veraltet),9.975668,53.460262,2025-11,1.488759367194005,1.2584033613445378,0.23735563520509756,0.2843488649940263,True
9404,Zählfeld B_65.2_1_G (veraltet),9.975668,53.460262,2025-12,1.5903908794788273,1.6092840013703322,0.2673511293634497,0.22833675564681724,True
9404,Zählfeld B_65.2_1_G (veraltet),9.975668,53.460262,2026-01,1.5609756097560974,1.1755461260411757,0.24357754519505234,0.2882968601332065,True
9404,Zählfeld B_65.2_1_G (veraltet),9.975668,53.460262,2026-02,1.5554035567715458,0.963123644251627,0.24124761298535966,0.2934436664544876,True
9405,Zählfeld B_65.2_2_I (veraltet),9.975668,53.460262,2025-01,2.462686567164179,3.0698051948051948,0.3978068128791414,0.11759216052263183,True
9405,Zählfeld B_65.2_2_I (veraltet),9.975668,53.460262,2025-02,2.6452968996321595,1.8675358539765319,0.3859245630174793,0.1764029438822447,True
9405,Zählfeld B_65.2_2_I (veraltet),9.975668,53.460262,2025-03,2.5217573221757323,1.9342215187090532,0.3664720904779278,0.19755563662896752,True
9405,Zählfeld B_65.2_2_I (veraltet),9.975668,53.460262,2025-04,1.556775498410864,2.283666377063423,0.2802746566791511,0.17961922596754057,True
9405,Zählfeld B_65.2_2_I (veraltet),9.975668,53.460262,2025-05,1.647813411078717,2.038145048814505,0.27919383521043273,0.21250740960284528,True
9405,Zählfeld B_65.2_2_I (veraltet),9.975668,53.460262,2025-06,1.6062052505966586,1.9547602970965563,0.27767844863155,0.20368587539540642,True
9405,Zählfeld B_65.2_2_I (veraltet),9.975668,53.460262,2025-07,1.6981664315937939,1.8346931047540362,0.30384858044164037,0.15936908517350157,True
9405,Zählfeld B_65.2_2_I (veraltet),9.975668,53.460262,2025-08,1.6500882872277811,1.6900911307919395,0.2768478743889794,0.219819286031699,True
9405,Zählfeld B_65.2_2_I (veraltet),9.975668,53.460262,2025-09,1.6898928024502295,1.7733063115228718,0.2990109741227476,0.1701666440861672,True
9405,Zählfeld B_65.2_2_I (veraltet),9.975668,53.460262,2025-10,1.7359257109692396,2.2683679426236343,0.3029474323913704,0.17350349437860832,True
9405,Zählfeld B_65.2_2_I (veraltet),9.975668,53.460262,2025-11,2.4552814186584424,2.2699711260827717,0.36883252258512855,0.18050729673384294,True
9405,Zählfeld B_65.2_2_I (veraltet),9.975668,53.460262,2025-12,2.417872340425532,2.187177901463616,0.3664860681114551,0.17879256965944273,True
9405,Zählfeld B_65.2_2_I (veraltet),9.975668,53.460262,2026-01,2.2379032258064515,1.7929606625258798,0.3375912408759124,0.20985401459854014,True
9405,Zählfeld B_65.2_2_I (veraltet),9.975668,53.460262,2026-02,2.3547915142648135,1.7428571428571429,0.3576666666666667,0.18666666666666668,True
9406,Zählfeld B_66.2_1_I (veraltet),9.961801,53.55905,2025-01,3.9207430340557274,2.543052887046213,0.48801541425818884,0.13857418111753372,True
9406,Zählfeld B_66.2_1_I (veraltet),9.961801,53.55905,2025-02,4.138338586222423,1.6823716673298847,0.4683737817695395,0.19208866806802982,True
9406,Zählfeld B_66.2_1_I (veraltet),9.961801,53.55905,2025-03,3.8132903545747583,1.902684586994606,0.4476495415514481,0.20017464706738466,True
9406,Zählfeld B_66.2_1_I (veraltet),9.961801,53.55905,2025-04,2.7175426097440676,2.1397981786857003,0.3852734138268612,0.18940841918791665,True
9406,Zählfeld B_66.2_1_I (veraltet),9.961801,53.55905,2025-05,2.6692272932670584,1.8375074895146797,0.3623648493213711,0.23036576949620427,True
9406,Zählfeld B_66.2_1_I (veraltet),9.961801,53.55905,2025-06,2.631316876787795,2.082021151586369,0.37678059436581257,0.19364674828198244,True
9406,Zählfeld B_66.2_1_I (veraltet),9.961801,53.55905,2025-07,2.6768274637466702,1.6749089996234467,0.3904513176922579,0.1719583000582763,True
9406,Zählfeld B_66.2_1_I (veraltet),9.961801,53.55905,2025-08,2.4125530110262936,1.6925264034543304,0.3478622443987868,0.21957244887975735,True
9406,Zählfeld B_66.2_1_I (veraltet),9.961801,53.55905,2025-09,2.6983418690735763,1.4909648145199808,0.3806846228136066,0.1960725399721,True
9406,Zählfeld B_66.2_1_I (veraltet),9.961801,53.55905,2025-10,2.8960707269155206,2.1152978657419155,0.4009301819566459,0.18375173389180516,True
9406,Zählfeld B_66.2_1_I (veraltet),9.961801,53.55905,2025-11,3.925901089689858,2.023956496178718,0.4545507482676294,0.1981016712280906,True
9406,Zählfeld B_66.2_1_I (veraltet),9.961801,53.55905,2025-12,3.4099599417334305,2.2948078615429743,0.44055894703412257,0.17184798334450757,True
9406,Zählfeld B_66.2_1_I (veraltet),9.961801,53.55905,2026-01,3.9679618268575325,2.326777747427843,0.4727139840831574,0.16988793243462724,True
9406,Zählfeld B_66.2_1_I (veraltet),9.961801,53.55905,2026-02,4.143980343980345,1.8327135203277656,0.476144768787759,0.1791541979560725,True
9407,Zählfeld B_66.2_2_G (veraltet),9.961801,53.55905,2025-01,1.666342412451362,1.4934620174346203,0.2803141875306824,0.21502209131075112,True
9407,Zählfeld B_66.2_2_G (veraltet),9.961801,53.55905,2025-02,1.5425219941348975,1.2054474708171206,0.2549684924866699,0.2491517207949588,True
9407,Zählfeld B_66.2_2_G (veraltet),9.961801,53.55905,2025-03,1.7972243639167311,1.4941286650817662,0.28409506398537476,0.24168190127970748,True
9407,Zählfeld B_66.2_2_G (veraltet),9.961801,53.55905,2025-04,1.5253317249698435,1.5749370277078085,0.2558421851289833,0.2409711684370258,True
9407,Zählfeld B_66.2_2_G (veraltet),9.961801,53.55905,2025-05,1.482373678025852,1.3725711481844947,0.23610331274564852,0.28607523862998313,True
9407,Zählfeld B_66.2_2_G (veraltet),9.961801,53.55905,2025-06,1.5092540661805944,1.3757700205338808,0.24548440065681446,0.26655719759168034,True
9407,Zählfeld B_66.2_2_G (veraltet),9.961801,53.55905,2025-07,1.502179176755448,1.149161027162325,0.2561307901907357,0.23235075551151846,True
9407,Zählfeld B_66.2_2_G (veraltet),9.961801,53.55905,2025-08,1.255729794933655,1.1023622047244095,0.20605700712589073,0.3016627078384798,True
9407,Zählfeld B_66.2_2_G (veraltet),9.961801,53.55905,2025-09,1.404676258992806,1.052654201590372,0.2370257966616085,0.256752655538695,True
9407,Zählfeld B_66.2_2_G (veraltet),9.961801,53.55905,2025-10,1.5064562410329985,1.3474903474903475,0.24700070571630206,0.2611150317572336,True
9407,Zählfeld B_66.2_2_G (veraltet),9.961801,53.55905,2025-11,1.6772841575859179,1.3025210084033614,0.2591297591297591,0.2773892773892774,True
9407,Zählfeld B_66.2_2_G (veraltet),9.961801,53.55905,2025-12,1.6216887417218544,1.6976829045794566,0.2740243390684012,0.2190516156105749,True
9407,Zählfeld B_66.2_2_G (veraltet),9.961801,53.55905,2026-01,1.7761194029850746,1.433049708911778,0.27912431587177483,0.24941360437842064,True
9407,Zählfeld B_66.2_2_G (veraltet),9.961801,53.55905,2026-02,1.6778443113772454,1.1496688741721854,0.2660968660968661,0.25811965811965815,True
9408,Zählfeld I_71.1_2_I (veraltet),9.997388,53.545395,2025-01,3.252802241793435,3.7236570247933884,0.46872025612183094,0.09898762654668167,True
9408,Zählfeld I_71.1_2_I (veraltet),9.997388,53.545395,2025-02,3.209387755102041,2.6445893089960886,0.44895512161699214,0.131380609797876,True
9408,Zählfeld I_71.1_2_I (veraltet),9.997388,53.545395,2025-03,2.8737129012719564,2.2628235417651075,0.4041914254680212,0.17385470576959938,True
9408,Zählfeld I_71.1_2_I (veraltet),9.997388,53.545395,2025-04,1.6152930911398429,1.954747026809111,0.27869929380850716,0.2036869765150271,True
9408,Zählfeld I_71.1_2_I (veraltet),9.997388,53.545395,2025-05,1.6566233766233764,1.542857142857143,0.26226407335827956,0.2627986348122867,True
9408,Zählfeld I_71.1_2_I (veraltet),9.997388,53.545395,2025-06,1.658209948427882,1.9280107415823176,0.282669729453803,0.20592989620554705,True
9408,Zählfeld I_71.1_2_I (veraltet),9.997388,53.545395,2025-07,1.6973592503678465,1.746819585736193,0.30134048257372653,0.16605485667147865,True
9408,Zählfeld I_71.1_2_I (veraltet),9.997388,53.545395,2025-08,1.7156003505696757,1.552108349018844,0.2784,0.23477333333333333,True
9408,Zählfeld I_71.1_2_I (veraltet),9.997388,53.545395,2025-09,1.7857012250868531,1.4599562119120333,0.2987275174354582,0.19940658265018965,True
9408,Zählfeld I_71.1_2_I (veraltet),9.997388,53.545395,2025-10,1.874308234110347,2.1192335455082354,0.31397749778770384,0.1834730942648856,True
9408,Zählfeld I_71.1_2_I (veraltet),9.997388,53.545395,2025-11,2.894971126082772,2.3623083598495804,0.4053057099545225,0.17468418393127844,True
9408,Zählfeld I_71.1_2_I (veraltet),9.997388,53.545395,2025-12,2.4678729689807977,2.934229039097953,0.3883207437536316,0.13962812318419524,True
9408,Zählfeld I_71.1_2_I (veraltet),9.997388,53.545395,2026-01,3.036014405762305,2.830124957784532,0.4305413687436159,0.14402451481103168,True
9408,Zählfeld I_71.1_2_I (veraltet),9.997388,53.545395,2026-02,3.0180956484274017,2.4139987038237196,0.43021649009672963,0.1421464762782128,True
9409,Zählfeld D_80.1_1_I (veraltet),9.995139,53.583668,2025-01,2.7737266907876426,2.615282252416305,0.4154230929553981,0.13526469362234264,True
9409,Zählfeld D_80.1_1_I (veraltet),9.995139,53.583668,2025-02,2.700168212402255,1.9342143550650108,0.3938294010889292,0.17225597727452063,True
9409,Zählfeld D_80.1_1_I (veraltet),9.995139,53.583668,2025-03,2.5837677035504107,1.6467392224083768,0.3764194588532174,0.190018225150708,True
9409,Zählfeld D_80.1_1_I (veraltet),9.995139,53.583668,2025-04,1.944962686567164,2.037551388749624,0.31582170940846405,0.1970403445686964,True
9409,Zählfeld D_80.1_1_I (veraltet),9.995139,53.583668,2025-05,1.9955688112484022,1.6285400409121902,0.29861708842600565,0.2524626537365391,True
9409,Zählfeld D_80.1_1_I (veraltet),9.995139,53.583668,2025-06,1.9885863749851382,1.7196311475409836,0.3088314038294651,0.22526265256005465,True
9409,Zählfeld D_80.1_1_I (veraltet),9.995139,53.583668,2025-07,2.02236638630106,1.6056795315290873,0.33097535230829056,0.1780522582915131,True
9409,Zählfeld D_80.1_1_I (veraltet),9.995139,53.583668,2025-08,2.1926919392363486,1.6712695623064693,0.32862944578906345,0.22174590802805924,True
9409,Zählfeld D_80.1_1_I (veraltet),9.995139,53.583668,2025-09,1.9712465283450415,1.5169087544164657,0.31985367211419935,0.19336752952403674,True
9409,Zählfeld D_80.1_1_I (veraltet),9.995139,53.583668,2025-10,2.063616138536468,2.226743770971657,0.3357398603040441,0.17617538298996302,True
9409,Zählfeld D_80.1_1_I (veraltet),9.995139,53.583668,2025-11,2.5608206775700935,2.295388788426763,0.3781414755636058,0.1788659960539509,True
9409,Zählfeld D_80.1_1_I (veraltet),9.995139,53.583668,2025-12,2.4421229586935636,2.587758364736782,0.3790019007864038,0.15541724125079198,True
9409,Zählfeld D_80.1_1_I (veraltet),9.995139,53.583668,2026-01,2.7305389221556884,2.1784466682425867,0.3910161274364302,0.1793806272880182,True
9409,Zählfeld D_80.1_1_I (veraltet),9.995139,53.583668,2026-02,2.812016059650129,2.032493418578413,0.40426716141001856,0.16444032158317873,True
9434,Zählfeld D_21.2_1_G (veraltet),9.936657,53.550106,2025-01,,,0.32,0.08,False
9434,Zählfeld D_21.2_1_G (veraltet),9.936657,53.550106,2025-02,,,0.375,0.2,False
9434,Zählfeld D_21.2_1_G (veraltet),9.936657,53.550106,2025-03,,,0.2903225806451613,0.1935483870967742,False
9434,Zählfeld D_21.2_1_G (veraltet),9.936657,53.550106,2025-04,0.6521739130434783,2.545454545454546,0.14925373134328357,0.16417910447761194,True
9434,Zählfeld D_21.2_1_G (veraltet),9.936657,53.550106,2025-05,,,0.0821917808219178,0.2602739726027397,False
9434,Zählfeld D_21.2_1_G (veraltet),9.936657,53.550106,2025-06,,,0.25396825396825395,0.14285714285714285,False
9434,Zählfeld D_21.2_1_G (veraltet),9.936657,53.550106,2025-07,,,0.16,0.3,False
9434,Zählfeld D_21.2_1_G (veraltet),9.936657,53.550106,2025-08,,,0.1956521739130435,0.30434782608695654,False
9434,Zählfeld D_21.2_1_G (veraltet),9.936657,53.550106,2025-09,,,0.23636363636363636,0.09090909090909091,False
9434,Zählfeld D_21.2_1_G (veraltet),9.936657,53.550106,2025-10,,,0.16666666666666666,0.16666666666666666,False
9434,Zählfeld D_21.2_1_G (veraltet),9.936657,53.550106,2025-11,,,0.2692307692307692,0.11538461538461539,False
9434,Zählfeld D_21.2_1_G (veraltet),9.936657,53.550106,2025-12,,,0.27586206896551724,0.034482758620689655,False
9434,Zählfeld D_21.2_1_G (veraltet),9.936657,53.550106,2026-01,,,0.17391304347826086,0.30434782608695654,False
9434,Zählfeld D_21.2_1_G (veraltet),9.936657,53.550106,2026-02,,,0.38461538461538464,0.07692307692307693,False
9435,Zählfeld D_21.2_2_I (veraltet),9.936657,53.550106,2025-01,3.148271276595745,2.6361419068736143,0.44326905073956185,0.1343381389252949,True
9435,Zählfeld D_21.2_2_I (veraltet),9.936657,53.550106,2025-02,3.1287172171622957,1.8225159079784632,0.4186230894595428,0.1799762145971898,True
9435,Zählfeld D_21.2_2_I (veraltet),9.936657,53.550106,2025-03,3.017888460189407,1.8840078404243052,0.4003070695791751,0.20175867122618465,True
9435,Zählfeld D_21.2_2_I (veraltet),9.936657,53.550106,2025-04,2.149834785220787,2.0675108538350213,0.3361609784967449,0.19474114364625314,True
9435,Zählfeld D_21.2_2_I (veraltet),9.936657,53.550106,2025-05,2.265825361286383,1.8006896988104277,0.3296124122820004,0.2339738844639209,True
9435,Zählfeld D_21.2_2_I (veraltet),9.936657,53.550106,2025-06,2.2539623345142643,1.9854143179255919,0.34269838119808355,0.20117370226518866,True
9435,Zählfeld D_21.2_2_I (veraltet),9.936657,53.550106,2025-07,2.368026063179941,1.6768161373858528,0.3653499205643967,0.17179632172765705,True
9435,Zählfeld D_21.2_2_I (veraltet),9.936657,53.550106,2025-08,2.205437637538156,1.7387994935052002,0.33259466229887275,0.21498538715997045,True
9435,Zählfeld D_21.2_2_I (veraltet),9.936657,53.550106,2025-09,2.282094693210345,1.611122240474378,0.35248606827895906,0.1841421847102743,True
9435,Zählfeld D_21.2_2_I (veraltet),9.936657,53.550106,2025-10,2.467573696145125,2.3346695327175198,0.374853599724423,0.16941095418532554,True
9435,Zählfeld D_21.2_2_I (veraltet),9.936657,53.550106,2025-11,3.296163400496826,2.1082255083179295,0.4231600581127529,0.19170121540696644,True
9435,Zählfeld D_21.2_2_I (veraltet),9.936657,53.550106,2025-12,2.827157001414427,2.4077191013862587,0.40505816074251205,0.16511976654642727,True
9435,Zählfeld D_21.2_2_I (veraltet),9.936657,53.550106,2026-01,3.3040317250495708,2.2037383609436008,0.4309854297784292,0.1776877317010087,True
9435,Zählfeld D_21.2_2_I (veraltet),9.936657,53.550106,2026-02,3.3220471212357623,2.1916430020283975,0.44436791684928933,0.15434224531964186,True
9436,Zählfeld G_59.2_1_I (veraltet),9.939639,53.579613,2025-01,2.8107413593729924,2.0570531869731337,0.4034747966579981,0.16588280860952803,True
9436,Zählfeld G_59.2_1_I (veraltet),9.939639,53.579613,2025-02,2.734318766066838,1.6265791632485644,0.38271804835924006,0.19737694300518135,True
9436,Zählfeld G_59.2_1_I (veraltet),9.939639,53.579613,2025-03,2.7039209632602654,1.5491493304488548,0.3625900471971516,0.23511633683861885,True
9436,Zählfeld G_59.2_1_I (veraltet),9.939639,53.579613,2025-04,1.9167062979821996,1.8940797738693467,0.30841887770161686,0.20884851267587157,True
9436,Zählfeld G_59.2_1_I (veraltet),9.939639,53.579613,2025-05,1.934784120141834,1.6515357278842493,0.2941213773860105,0.24982560720400787,True
9436,Zählfeld G_59.2_1_I (veraltet),9.939639,53.579613,2025-06,1.9123041650745127,1.803015427769986,0.30477147468103893,0.21710666544867696,True
9436,Zählfeld G_59.2_1_I (veraltet),9.939639,53.579613,2025-07,1.915377670779416,1.531683850730733,0.31755725190839695,0.1850621164496333,True
9436,Zählfeld G_59.2_1_I (veraltet),9.939639,53.579613,2025-08,2.0226039783001806,1.4925874426509214,0.3052987137056877,0.24187109761506703,True
9436,Zählfeld G_59.2_1_I (veraltet),9.939639,53.579613,2025-09,1.8541759007155072,1.499010104269017,0.30740402481655277,0.19522564797027053,True
9436,Zählfeld G_59.2_1_I (veraltet),9.939639,53.579613,2025-10,1.9336919142932723,1.8908725934487058,0.3130889155388042,0.20117354805550797,True
9436,Zählfeld G_59.2_1_I (veraltet),9.939639,53.579613,2025-11,2.703545301069217,1.8285343147867505,0.37222816233554923,0.21472734879828925,True
9436,Zählfeld G_59.2_1_I (veraltet),9.939639,53.579613,2025-12,2.5135690789473686,2.2560169501191982,0.3670148895292987,0.1949447646493756,True
9437,Zählfeld D_55.2_1_I (veraltet),9.947198,53.548843,2025-01,2.626897625535228,2.84856148187073,0.408220669630705,0.12557844115778968,True
9437,Zählfeld D_55.2_1_I (veraltet),9.947198,53.548843,2025-02,2.474260089686099,1.7607961921246214,0.3683114386414611,0.18511694969561038,True
9437,Zählfeld D_55.2_1_I (veraltet),9.947198,53.548843,2025-03,2.4618540838569043,1.8966139050290522,0.3602792163927043,0.20068678225624859,True
9437,Zählfeld D_55.2_1_I (veraltet),9.947198,53.548843,2025-04,1.761597448940855,2.0763806118394914,0.29816107020316895,0.19407070434480897,True
9437,Zählfeld D_55.2_1_I (veraltet),9.947198,53.548843,2025-05,1.8400988914586491,1.6002444987775062,0.2829341868079314,0.2557848655409631,True
9437,Zählfeld D_55.2_1_I (veraltet),9.947198,53.548843,2025-06,1.8580953102507765,1.8560263980548801,0.3013047324192835,0.2122217307975822,True
9437,Zählfeld D_55.2_1_I (veraltet),9.947198,53.548843,2025-07,1.897742363877822,1.4727699296161334,0.31344593112524677,0.19105066900636106,True
9437,Zählfeld D_55.2_1_I (veraltet),9.947198,53.548843,2025-08,1.9152787219578518,1.5753995489753896,0.2992154207654626,0.2321080090804094,True
9437,Zählfeld D_55.2_1_I (veraltet),9.947198,53.548843,2025-09,1.9473761253019102,1.5094794667381255,0.31720314735336197,0.19413447782546495,True
9437,Zählfeld D_55.2_1_I (veraltet),9.947198,53.548843,2025-10,1.9036964980544748,2.0138223074464685,0.31397400930531044,0.19124017327129794,True
9437,Zählfeld D_55.2_1_I (veraltet),9.947198,53.548843,2025-11,2.4201841903300076,2.2484877427570837,0.3652843739140507,0.18191822078072512,True
9437,Zählfeld D_55.2_1_I (veraltet),9.947198,53.548843,2025-12,2.1653944020356235,2.4186822351959965,0.350253807106599,0.16449444368226093,True
9437,Zählfeld D_55.2_1_I (veraltet),9.947198,53.548843,2026-01,2.656112224448898,2.107243650047037,0.3830414426911739,0.18432460551413213,True
9437,Zählfeld D_55.2_1_I (veraltet),9.947198,53.548843,2026-02,2.425386369394477,2.036519258202568,0.3736533957845433,0.16416861826697893,True
9438,Zählfeld I_31.2_1_I (veraltet),9.972362,53.582203,2025-01,2.2659774436090223,1.9457863867880847,0.3555522784250111,0.17372069016369268,True
9438,Zählfeld I_31.2_1_I (veraltet),9.972362,53.582203,2025-02,2.32842509603073,1.5205298013245032,0.3459690844233056,0.2082758620689655,True
9438,Zählfeld I_31.2_1_I (veraltet),9.972362,53.582203,2025-03,2.271754941387867,1.4498923364749903,0.3243897074994502,0.24723260758008944,True
9438,Zählfeld I_31.2_1_I (veraltet),9.972362,53.582203,2025-04,1.8518589497891913,1.7166395443449958,0.2955859410847022,0.22556666972561257,True
9438,Zählfeld I_31.2_1_I (veraltet),9.972362,53.582203,2025-05,1.8065040650406503,1.3482326111744585,0.266946989037393,0.2897432046853882,True
9438,Zählfeld I_31.2_1_I (veraltet),9.972362,53.582203,2025-06,1.8593192868719612,1.5459101596337088,0.28911873223250467,0.24439000786306175,True
9438,Zählfeld I_31.2_1_I (veraltet),9.972362,53.582203,2025-07,1.8910390516039048,1.4142407057340896,0.3103132599055929,0.1973966528393649,True
9438,Zählfeld I_31.2_1_I (veraltet),9.972362,53.582203,2025-08,1.9111080389852768,1.422146159851078,0.29152563818682187,0.25084617087906874,True
9438,Zählfeld I_31.2_1_I (veraltet),9.972362,53.582203,2025-09,1.9204059488096,1.3458159297133803,0.30727044333466097,0.2127209779711388,True
9438,Zählfeld I_31.2_1_I (veraltet),9.972362,53.582203,2025-10,1.910689570951722,1.7439500390320064,0.3056336927644944,0.21448663853727146,True
9438,Zählfeld I_31.2_1_I (veraltet),9.972362,53.582203,2025-11,2.0803120697567694,1.6102286611974166,0.3124612266843128,0.23694114727656232,True
9438,Zählfeld I_31.2_1_I (veraltet),9.972362,53.582203,2025-12,1.926063829787234,1.9517592387696394,0.3143092747710603,0.19612864024998916,True
9438,Zählfeld I_31.2_1_I (veraltet),9.972362,53.582203,2026-01,2.1723320158102766,1.6690581415370487,0.32676357798983324,0.22197449389101936,True
9438,Zählfeld I_31.2_1_I (veraltet),9.972362,53.582203,2026-02,2.187221624942405,1.5353562904875555,0.33450778662532593,0.20668029032485377,True
9439,Zählfeld I_31.2_2_I (veraltet),9.972362,53.582203,2025-01,2.4313487241798297,1.901857892497518,0.3684065175365921,0.17702292184479426,True
9439,Zählfeld I_31.2_2_I (veraltet),9.972362,53.582203,2025-02,2.408358457220085,1.5204734765453747,0.3525544445966306,0.20828197050632333,True
9439,Zählfeld I_31.2_2_I (veraltet),9.972362,53.582203,2025-03,2.464936499171728,1.3117504850971784,0.33091669261219586,0.2663345638927189,True
9439,Zählfeld I_31.2_2_I (veraltet),9.972362,53.582203,2025-04,1.9994550408719345,2.1850660950339407,0.3254607145233185,0.18621515534561905,True
9439,Zählfeld I_31.2_2_I (veraltet),9.972362,53.582203,2025-05,1.8416884858547802,1.3576479781207267,0.2707124753590538,0.28831315122500706,True
9439,Zählfeld I_31.2_2_I (veraltet),9.972362,53.582203,2025-06,1.969211114659853,1.5307556080283353,0.29871224673701346,0.24621377285544024,True
9439,Zählfeld I_31.2_2_I (veraltet),9.972362,53.582203,2025-07,1.9207222699914017,1.4051525698396037,0.3128834355828221,0.1984200352970838,True
9439,Zählfeld I_31.2_2_I (veraltet),9.972362,53.582203,2025-08,1.7864646464646465,1.3996254748022519,0.2784846003653083,0.2538577816967941,True
9439,Zählfeld I_31.2_2_I (veraltet),9.972362,53.582203,2025-09,1.8499906244140263,1.2779150197628457,0.2969450714823175,0.22151993980436419,True
9439,Zählfeld I_31.2_2_I (veraltet),9.972362,53.582203,2025-10,1.8593138022873257,1.778018538581919,0.3018004272200183,0.21124504119621604,True
9439,Zählfeld I_31.2_2_I (veraltet),9.972362,53.582203,2025-11,2.3063251913962817,1.6629820051413882,0.33416528008874097,0.23116234846684097,True
9439,Zählfeld I_31.2_2_I (veraltet),9.972362,53.582203,2025-12,2.0905342869162813,1.9299303322615218,0.32939585570536534,0.19790796643200892,True
9439,Zählfeld I_31.2_2_I (veraltet),9.972362,53.582203,2026-01,2.3514908256880735,1.7001858126571208,0.3432660919059178,0.21879969866912197,True
9439,Zählfeld I_31.2_2_I (veraltet),9.972362,53.582203,2026-02,2.371787118234049,1.5301033591731266,0.3500234286096794,0.207242787335163,True
9471,Zählfeld B_65.1_1_I (veraltet),9.975855,53.46037,2025-01,1.9633147723550608,2.6289035392088826,0.3422991262634915,0.13465821483638857,True
9471,Zählfeld B_65.1_1_I (veraltet),9.975855,53.46037,2025-02,1.786437246963563,1.6710247349823322,0.3011431496331684,0.1931411022009896,True
9471,Zählfeld B_65.1_1_I (veraltet),9.975855,53.46037,2025-03,1.903241530587375,1.6452000686931134,0.30102925870244013,0.22447091476812767,True
9471,Zählfeld B_65.1_1_I (veraltet),9.975855,53.46037,2025-04,1.6220445062586928,2.141614306428226,0.28451193852346535,0.18927819961577166,True
9471,Zählfeld B_65.1_1_I (veraltet),9.975855,53.46037,2025-05,1.9788086100450528,1.974837545126354,0.3108681975463982,0.21783579742057252,True
9471,Zählfeld B_65.1_1_I (veraltet),9.975855,53.46037,2025-06,1.9423137378182964,1.7794567062818336,0.3067927901087442,0.21935051392819901,True
9471,Zählfeld B_65.1_1_I (veraltet),9.975855,53.46037,2025-07,1.7025821278896849,1.7527351057196303,0.3021013241220495,0.16558721934369602,True
9471,Zählfeld B_65.1_1_I (veraltet),9.975855,53.46037,2025-08,1.740889946896173,1.5781581449784217,0.2820900836745594,0.23179633256186577,True
9471,Zählfeld B_65.1_1_I (veraltet),9.975855,53.46037,2025-09,1.5709881301063666,1.6655152076838822,0.28209599734263413,0.17920611194153796,True
9471,Zählfeld B_65.1_1_I (veraltet),9.975855,53.46037,2025-10,1.5945339588007343,2.240422484783387,0.28621636463481603,0.17528830313014826,True
9471,Zählfeld B_65.1_1_I (veraltet),9.975855,53.46037,2025-11,1.9333676357087728,2.360413589364845,0.3233927188226181,0.1747998967208882,True
9471,Zählfeld B_65.1_1_I (veraltet),9.975855,53.46037,2025-12,1.742789876397881,2.1496598639455784,0.3008229198415117,0.18134715025906736,True
9471,Zählfeld B_65.1_1_I (veraltet),9.975855,53.46037,2026-01,1.6832386363636365,1.7922374429223744,0.2839683680805176,0.20992092020129402,True
9471,Zählfeld B_65.1_1_I (veraltet),9.975855,53.46037,2026-02,1.931438127090301,1.6731914893617021,0.3160919540229885,0.19293924466338258,True
9472,Zählfeld B_65.1_2_G (veraltet),9.975855,53.46037,2025-01,1.7016129032258063,2.0921052631578947,0.30272596843615496,0.16355810616929697,True
9472,Zählfeld B_65.1_2_G (veraltet),9.975855,53.46037,2025-02,1.5816618911174787,1.6274809160305344,0.27710843373493976,0.19728915662650603,True
9472,Zählfeld B_65.1_2_G (veraltet),9.975855,53.46037,2025-03,1.3588305967160592,1.6659778665564586,0.24244372990353696,0.22229367631296892,True
9472,Zählfeld B_65.1_2_G (veraltet),9.975855,53.46037,2025-04,1.1586350011528708,2.2332838038632987,0.22764338135362872,0.18293014406088612,True
9472,Zählfeld B_65.1_2_G (veraltet),9.975855,53.46037,2025-05,1.8964073176107559,2.0052929591334316,0.3039423484527342,0.2152395082662145,True
9472,Zählfeld B_65.1_2_G (veraltet),9.975855,53.46037,2025-06,1.8034441805225654,1.9250356972870062,0.29803729146221786,0.20618253189401373,True
9472,Zählfeld B_65.1_2_G (veraltet),9.975855,53.46037,2025-07,1.52084960174918,1.8180790428187856,0.2823836450630709,0.16059156154849935,True
9472,Zählfeld B_65.1_2_G (veraltet),9.975855,53.46037,2025-08,1.4152459814905018,1.6519053086217266,0.24881181759794477,0.22376364804110468,True
9472,Zählfeld B_65.1_2_G (veraltet),9.975855,53.46037,2025-09,0.9232111692844677,1.7491894695888992,0.19481954333415172,0.17210901055732875,True
9472,Zählfeld B_65.1_2_G (veraltet),9.975855,53.46037,2025-10,1.2326530612244897,1.9871610616077415,0.23492804356281602,0.19330999611046285,True
9472,Zählfeld B_65.1_2_G (veraltet),9.975855,53.46037,2025-11,1.6779156327543425,2.024484536082474,0.28764675855028077,0.19806023481368046,True
9472,Zählfeld B_65.1_2_G (veraltet),9.975855,53.46037,2025-12,1.6178571428571429,2.032060348892032,0.28383458646616544,0.18984962406015038,True
9472,Zählfeld B_65.1_2_G (veraltet),9.975855,53.46037,2026-01,1.6133333333333333,1.61531279178338,0.2700892857142857,0.22767857142857142,True
9472,Zählfeld B_65.1_2_G (veraltet),9.975855,53.46037,2026-02,1.5682507583417595,1.4009302325581394,0.26704545454545453,0.22210743801652894,True
9473,Zählfeld B_9.4_1_G (veraltet),10.109583,53.538,2025-01,2.022727272727273,2.3181818181818183,0.3423076923076923,0.15,True
9473,Zählfeld B_9.4_1_G (veraltet),10.109583,53.538,2025-02,2.369747899159664,1.6075471698113206,0.3533834586466165,0.19924812030075187,True
9473,Zählfeld B_9.4_1_G (veraltet),10.109583,53.538,2025-03,1.7828571428571427,2.2518159806295404,0.3076923076923077,0.17455621301775148,True
9473,Zählfeld B_9.4_1_G (veraltet),10.109583,53.538,2025-04,1.331360946745562,2.5416666666666665,0.2568493150684932,0.1643835616438356,True
9473,Zählfeld B_9.4_1_G (veraltet),10.109583,53.538,2025-05,1.3463855421686746,1.5653846153846156,0.22923076923076924,0.26,True
9473,Zählfeld B_9.4_1_G (veraltet),10.109583,53.538,2025-06,1.425925925925926,1.6482758620689657,0.24719101123595505,0.23274478330658105,True
9473,Zählfeld B_9.4_1_G (veraltet),10.109583,53.538,2025-07,1.6793478260869565,1.7211394302848575,0.2985507246376812,0.1681159420289855,True
9473,Zählfeld B_9.4_1_G (veraltet),10.109583,53.538,2025-08,1.2357512953367875,1.5176830966304649,0.22206703910614525,0.2388268156424581,True
9473,Zählfeld B_9.4_1_G (veraltet),10.109583,53.538,2025-09,1.6329113924050631,1.8484848484848484,0.2945205479452055,0.1643835616438356,True
9473,Zählfeld B_9.4_1_G (veraltet),10.109583,53.538,2025-10,1.9539473684210527,1.992063492063492,0.3183279742765273,0.19292604501607716,True
9473,Zählfeld B_9.4_1_G (veraltet),10.109583,53.538,2025-11,1.63768115942029,2.0779220779220777,0.28463476070528965,0.19395465994962216,True
9473,Zählfeld B_9.4_1_G (veraltet),10.109583,53.538,2025-12,1.4285714285714284,3.433001107419712,0.28328611898017,0.12181303116147309,True
9473,Zählfeld B_9.4_1_G (veraltet),10.109583,53.538,2026-01,1.4482758620689655,1.8614718614718617,0.25925925925925924,0.2037037037037037,True
9473,Zählfeld B_9.4_1_G (veraltet),10.109583,53.538,2026-02,1.4653092006033182,2.32831541218638,0.2803347280334728,0.1506276150627615,True
9474,Zählfeld B_9.4_2_I (veraltet),10.109583,53.538,2025-01,1.4655963302752293,1.7700000000000002,0.2665832290362954,0.18773466833541927,True
9474,Zählfeld B_9.4_2_I (veraltet),10.109583,53.538,2025-02,1.8921832884097036,1.4069767441860466,0.30115830115830117,0.22136422136422138,True
9474,Zählfeld B_9.4_2_I (veraltet),10.109583,53.538,2025-03,1.789830508474576,1.5963396034570412,0.2878168438266558,0.22976287816843827,True
9474,Zählfeld B_9.4_2_I (veraltet),10.109583,53.538,2025-04,1.130909090909091,1.8263665594855305,0.21492743607463718,0.21492743607463718,True
9474,Zählfeld B_9.4_2_I (veraltet),10.109583,53.538,2025-05,1.121771217712177,1.3652222222222221,0.19400127632418634,0.2871729419272495,True
9474,Zählfeld B_9.4_2_I (veraltet),10.109583,53.538,2025-06,1.3722627737226278,1.4863523573200992,0.2348532167395378,0.2517176764522174,True
9474,Zählfeld B_9.4_2_I (veraltet),10.109583,53.538,2025-07,1.2168284789644013,1.2766687078995713,0.22677925211097708,0.2141133896260555,True
9474,Zählfeld B_9.4_2_I (veraltet),10.109583,53.538,2025-08,1.3156146179401993,1.412263535551207,0.22797927461139897,0.25215889464594127,True
9474,Zählfeld B_9.4_2_I (veraltet),10.109583,53.538,2025-09,1.233256351039261,1.9153605015673982,0.24484181568088034,0.15955983493810177,True
9474,Zählfeld B_9.4_2_I (veraltet),10.109583,53.538,2025-10,1.298288508557457,1.9651240778001342,0.24313186813186813,0.19505494505494506,True
9474,Zählfeld B_9.4_2_I (veraltet),10.109583,53.538,2025-11,1.4682203389830508,1.7933673469387756,0.25695216907675195,0.21802002224694106,True
9474,Zählfeld B_9.4_2_I (veraltet),10.109583,53.538,2025-12,1.2753036437246963,2.4292615596963425,0.2494061757719715,0.16389548693586697,True
9474,Zählfeld B_9.4_2_I (veraltet),10.109583,53.538,2026-01,1.2857142857142858,2.4187452758881327,0.2506527415143603,0.16449086161879894,True
9474,Zählfeld B_9.4_2_I (veraltet),10.109583,53.538,2026-02,1.5373091328147508,1.9388499298737727,0.28091603053435116,0.17557251908396945,True
9483,Zählfeld I_19.1_1_I (veraltet),9.934159,53.555695,2025-01,2.6054221533694806,2.3450786380919464,0.39576420755382985,0.14853512177903283,True
9483,Zählfeld I_19.1_1_I (veraltet),9.934159,53.555695,2025-02,2.6595936617508626,1.793400447427293,0.3842283305284988,0.1823652404508134,True
9483,Zählfeld I_19.1_1_I (veraltet),9.934159,53.555695,2025-03,2.5559414932602533,1.7527875042600487,0.3617568262387357,0.21363624062998945,True
9483,Zählfeld I_19.1_1_I (veraltet),9.934159,53.555695,2025-04,2.0054201755957712,2.1439590168652507,0.3248827108755048,0.1891103443020889,True
9483,Zählfeld I_19.1_1_I (veraltet),9.934159,53.555695,2025-05,1.9972982019892884,1.8523615005317606,0.3081733163632339,0.22894139781971115,True
9483,Zählfeld I_19.1_1_I (veraltet),9.934159,53.555695,2025-06,2.0387093877001146,2.0015787220378893,0.3237386216560237,0.19987378194226058,True
9483,Zählfeld I_19.1_1_I (veraltet),9.934159,53.555695,2025-07,2.01554138560269,1.7642502461135692,0.33567923619861295,0.16468442996609198,True
9483,Zählfeld I_19.1_1_I (veraltet),9.934159,53.555695,2025-08,2.047919537062552,1.7750820491800898,0.31988275398997984,0.21152058261453438,True
9483,Zählfeld I_19.1_1_I (veraltet),9.934159,53.555695,2025-09,1.973156876209501,2.0562954932631254,0.3371412114812326,0.1502671914498736,True
9483,Zählfeld I_19.1_1_I (veraltet),9.934159,53.555695,2025-10,1.95430315952704,2.3687191998387442,0.32843879794771563,0.16738333740532615,True
9483,Zählfeld I_19.1_1_I (veraltet),9.934159,53.555695,2025-11,4.520547945205479,3.978260869565217,0.5339805825242718,0.11165048543689321,True
9483,Zählfeld I_19.1_1_I (veraltet),9.934159,53.555695,2025-12,1.4488340720755444,0.7465944813133077,0.19884154566373086,0.3894310878362295,True
9483,Zählfeld I_19.1_1_I (veraltet),9.934159,53.555695,2026-01,2.2669499186403903,1.9186919581110453,0.34482900870426136,0.19883668165504723,True
9483,Zählfeld I_19.1_1_I (veraltet),9.934159,53.555695,2026-02,2.633671602062885,1.9180968564146132,0.3868201143527342,0.17255534379123297,True
9484,Zählfeld B_37.1_1_I (veraltet),10.018309,53.564808,2025-01,4.585689884228507,3.5951966898536822,0.5427589460206214,0.1021632185457241,True
9484,Zählfeld B_37.1_1_I (veraltet),10.018309,53.564808,2025-02,4.636312217194571,2.4071317138399824,0.5206262504366604,0.14249420432531995,True
9484,Zählfeld B_37.1_1_I (veraltet),10.018309,53.564808,2025-03,4.41317970487164,2.4479020652275487,0.49836784075604357,0.1628506859634305,True
9484,Zählfeld B_37.1_1_I (veraltet),10.018309,53.564808,2025-04,2.7114901393436384,2.7490929081913134,0.40168525067257743,0.15388910509128442,True
9484,Zählfeld B_37.1_1_I (veraltet),10.018309,53.564808,2025-05,2.5906304565887726,2.1626205220663164,0.36943323055405447,0.20275596808544455,True
9484,Zählfeld B_37.1_1_I (veraltet),10.018309,53.564808,2025-06,2.63042079962084,2.2950405696307334,0.383607091547314,0.17888827998874357,True
9484,Zählfeld B_37.1_1_I (veraltet),10.018309,53.564808,2025-07,2.6121517131049194,1.9466677071275909,0.3948879954049397,0.15159164424559388,True
9484,Zählfeld B_37.1_1_I (veraltet),10.018309,53.564808,2025-08,2.023773173391494,1.4261567323587865,0.30200162733930025,0.2503173311635476,True
9484,Zählfeld B_37.1_1_I (veraltet),10.018309,53.564808,2025-09,2.418187654773915,1.5109823706574077,0.35973475778228037,0.19397883792799983,True
9484,Zählfeld B_37.1_1_I (veraltet),10.018309,53.564808,2025-10,2.8074112734864296,2.706616778781727,0.41109281530733477,0.14961335639994164,True
9484,Zählfeld B_37.1_1_I (veraltet),10.018309,53.564808,2025-11,4.245736828709595,2.8428699820251646,0.4983196666218578,0.14957207509969977,True
9484,Zählfeld B_37.1_1_I (veraltet),10.018309,53.564808,2025-12,3.727246891651865,3.134415810119668,0.4809802789008994,0.13188656929889706,True
9484,Zählfeld B_37.1_1_I (veraltet),10.018309,53.564808,2026-01,4.244729296677348,2.9943325595499504,0.5055137089484785,0.13721000301295572,True
9484,Zählfeld B_37.1_1_I (veraltet),10.018309,53.564808,2026-02,3.987234963219386,2.2438770192808755,0.4843109429202144,0.1512929675181331,True
9485,Zählfeld B_37.1_2_G (veraltet),10.018309,53.564808,2025-01,2.3105134474327627,2.6653032007362714,0.37718904355635385,0.13306391258793593,True
9485,Zählfeld B_37.1_2_G (veraltet),10.018309,53.564808,2025-02,2.2352787228474225,1.7558920342330482,0.3477464272627336,0.18553804812507635,True
9485,Zählfeld B_37.1_2_G (veraltet),10.018309,53.564808,2025-03,2.2547885075818037,1.8924745090430921,0.34282854022570075,0.20103749544958135,True
9485,Zählfeld B_37.1_2_G (veraltet),10.018309,53.564808,2025-04,1.627464038359084,2.391780256092524,0.29088701614055135,0.1729038708755892,True
9485,Zählfeld B_37.1_2_G (veraltet),10.018309,53.564808,2025-05,1.6311516362727954,2.0051474926253685,0.2763985014921582,0.21525176201663598,True
9485,Zählfeld B_37.1_2_G (veraltet),10.018309,53.564808,2025-06,1.58175355450237,2.0604219948849107,0.27781246098139595,0.1952803096516419,True
9485,Zählfeld B_37.1_2_G (veraltet),10.018309,53.564808,2025-07,1.5349531116794546,1.8680069354520112,0.2853407290015848,0.156973058637084,True
9485,Zählfeld B_37.1_2_G (veraltet),10.018309,53.564808,2025-08,1.3495639534883723,1.507936507936508,0.2358095238095238,0.24,True
9485,Zählfeld B_37.1_2_G (veraltet),10.018309,53.564808,2025-09,1.5271903323262839,1.3613003698656805,0.2662227739532784,0.2108114208328631,True
9485,Zählfeld B_37.1_2_G (veraltet),10.018309,53.564808,2025-10,1.6214036031191181,2.2734126984126983,0.29008514937220375,0.17318516380430077,True
9485,Zählfeld B_37.1_2_G (veraltet),10.018309,53.564808,2025-11,2.118937644341801,2.4464679911699783,0.34369732159580446,0.16969469938190673,True
9485,Zählfeld B_37.1_2_G (veraltet),10.018309,53.564808,2025-12,1.7012468827930174,2.308935920047031,0.3,0.17097625329815302,True
9485,Zählfeld B_37.1_2_G (veraltet),10.018309,53.564808,2026-01,2.153276955602537,2.3591753774680604,0.34767025089605735,0.1679467485919099,True
9485,Zählfeld B_37.1_2_G (veraltet),10.018309,53.564808,2026-02,1.9739351557533376,1.7271523178807946,0.3222291407222914,0.18804483188044832,True
9486,Zählfeld D_15.2_2_I (veraltet),10.024156,53.53503,2025-01,3.270718232044199,3.46506105834464,0.4665090622537431,0.10559495665878645,True
9486,Zählfeld D_15.2_2_I (veraltet),10.024156,53.53503,2025-02,3.940092165898618,1.5446153846153847,0.4509493670886076,0.20569620253164558,True
9486,Zählfeld D_15.2_2_I (veraltet),10.024156,53.53503,2025-03,3.6,1.7886178861788617,0.4307692307692308,0.21025641025641026,True
9486,Zählfeld D_15.2_2_I (veraltet),10.024156,53.53503,2025-04,2.2821782178217824,1.5374639769452452,0.326025459688826,0.2454031117397454,True
9486,Zählfeld D_15.2_2_I (veraltet),10.024156,53.53503,2025-05,2.101769911504425,1.2337548638132294,0.28494301139772044,0.3083383323335333,True
9486,Zählfeld D_15.2_2_I (veraltet),10.024156,53.53503,2025-06,1.9712041884816756,1.7154471544715448,0.3070336391437309,0.22568807339449543,True
9486,Zählfeld D_15.2_2_I (veraltet),10.024156,53.53503,2025-07,2.061310782241015,1.682213438735178,0.3374870197300104,0.17133956386292834,True
9486,Zählfeld D_15.2_2_I (veraltet),10.024156,53.53503,2025-08,1.7306434023991275,0.4658805335395322,0.18091655266757867,0.5054719562243503,True
9486,Zählfeld D_15.2_2_I (veraltet),10.024156,53.53503,2025-09,2.177905308464849,0.9151768733358691,0.3010113027959548,0.2843545508625818,True
9486,Zählfeld D_15.2_2_I (veraltet),10.024156,53.53503,2025-10,2.064356435643564,1.0996452757175104,0.2844474761255116,0.30218281036834926,True
9486,Zählfeld D_15.2_2_I (veraltet),10.024156,53.53503,2025-11,0.7258064516129032,0.6416666666666667,0.10948905109489052,0.43795620437956206,True
9486,Zählfeld D_15.2_2_I (veraltet),10.024156,53.53503,2025-12,,,0.1111111111111111,0.4074074074074074,False
9486,Zählfeld D_15.2_2_I (veraltet),10.024156,53.53503,2026-01,,,0.04,0.52,False
9486,Zählfeld D_15.2_2_I (veraltet),10.024156,53.53503,2026-02,,,0.17647058823529413,0.3333333333333333,False
9491,Zählfeld I_71.2_1_I (veraltet),9.997188,53.545395,2025-01,4.31733198585144,3.519931939718036,0.5285820341499629,0.10412026726057906,True
9491,Zählfeld I_71.2_1_I (veraltet),9.997188,53.545395,2025-02,4.481643356643357,2.5341228719467064,0.5173562058526741,0.13632694248234106,True
9491,Zählfeld I_71.2_1_I (veraltet),9.997188,53.545395,2025-03,4.882828810020877,2.1705576753109574,0.507981755986317,0.17991529565075745,True
9491,Zählfeld I_71.2_1_I (veraltet),9.997188,53.545395,2025-04,2.6671630677587492,2.1059767570558936,0.3803355277128902,0.19186663835209175,True
9491,Zählfeld I_71.2_1_I (veraltet),9.997188,53.545395,2025-05,2.506471816283925,1.5588652482269505,0.3364721708424416,0.2608037666050109,True
9491,Zählfeld I_71.2_1_I (veraltet),9.997188,53.545395,2025-06,2.515273311897106,1.9602857142857142,0.3633724306120079,0.20322842875391942,True
9491,Zählfeld I_71.2_1_I (veraltet),9.997188,53.545395,2025-07,2.585052417991207,1.7375522764933324,0.3856515816558196,0.16679279551990314,True
9491,Zählfeld I_71.2_1_I (veraltet),9.997188,53.545395,2025-08,2.3697168649979483,1.2208911777877296,0.31748213304013195,0.2805937328202309,True
9491,Zählfeld I_71.2_1_I (veraltet),9.997188,53.545395,2025-09,3.5103260869565225,1.769652650822669,0.4472836813129739,0.17045808663134934,True
9491,Zählfeld I_71.2_1_I (veraltet),9.997188,53.545395,2025-10,3.647395833333334,2.8587107467634283,0.47034723621465513,0.14278997917925987,True
9491,Zählfeld I_71.2_1_I (veraltet),9.997188,53.545395,2025-11,4.702949438202246,2.2957304311427373,0.5013475071118431,0.17884413834406349,True
9491,Zählfeld I_71.2_1_I (veraltet),9.997188,53.545395,2025-12,3.402607823470411,2.8192490129051064,0.4546477967192023,0.1444998391765841,True
9491,Zählfeld I_71.2_1_I (veraltet),9.997188,53.545395,2026-01,3.9043397106859543,3.0660201417381576,0.4894699894699895,0.13443313443313443,True
9491,Zählfeld I_71.2_1_I (veraltet),9.997188,53.545395,2026-02,4.857089552238806,2.6866985645933017,0.5380704365079365,0.12958829365079366,True
9507,Zählfeld D_15.1_1_I (veraltet),10.023593,53.53475,2025-01,2.4501246882793017,2.96540027137042,0.39505428226779254,0.12123039806996382,True
9507,Zählfeld D_15.1_1_I (veraltet),10.023593,53.53475,2025-02,2.1963190184049077,1.5612903225806454,0.33646616541353386,0.20394736842105263,True
9507,Zählfeld D_15.1_1_I (veraltet),10.023593,53.53475,2025-03,2.4471544715447155,1.256092988376453,0.32575757575757575,0.2748917748917749,True
9507,Zählfeld D_15.1_1_I (veraltet),10.023593,53.53475,2025-04,1.331140350877193,1.321954484605087,0.22299779573842762,0.27443056576047026,True
9507,Zählfeld D_15.1_1_I (veraltet),10.023593,53.53475,2025-05,1.5532786885245902,0.9847703464947621,0.2188853595148715,0.35835980363846376,True
9507,Zählfeld D_15.1_1_I (veraltet),10.023593,53.53475,2025-06,1.3611111111111112,1.1171726755218216,0.21560574948665298,0.309181578175418,True
9507,Zählfeld D_15.1_1_I (veraltet),10.023593,53.53475,2025-07,1.514350797266515,1.1675503711558854,0.258455796594355,0.22953114065780267,True
9507,Zählfeld D_15.1_1_I (veraltet),10.023593,53.53475,2025-08,1.5030895983522141,1.2805306624494817,0.24331082770692672,0.27106776694173546,True
9507,Zählfeld D_15.1_1_I (veraltet),10.023593,53.53475,2025-09,1.404745289602233,0.8235639495058225,0.2212331025387405,0.30629739531816685,True
9507,Zählfeld D_15.1_1_I (veraltet),10.023593,53.53475,2025-10,1.2264922322158627,1.134821840216031,0.2044153720359771,0.2955846279640229,True
9507,Zählfeld D_15.1_1_I (veraltet),10.023593,53.53475,2025-11,1.6987951807228914,0.8783783783783783,0.23039215686274508,0.3627450980392157,True
9507,Zählfeld D_15.1_1_I (veraltet),10.023593,53.53475,2025-12,0.8035714285714286,1.2074829931972788,0.15151515151515152,0.2828282828282828,True
9507,Zählfeld D_15.1_1_I (veraltet),10.023593,53.53475,2026-01,,,0.038461538461538464,0.1794871794871795,False
9507,Zählfeld D_15.1_1_I (veraltet),10.023593,53.53475,2026-02,1.5000000000000002,0.65,0.20634920634920634,0.38095238095238093,True
9508,Zählfeld B_46.5_1_I (veraltet),10.092938,53.6564,2025-01,2.4811481391388956,2.860970035551041,0.39603960396039606,0.12510192195690156,True
9508,Zählfeld B_46.5_1_I (veraltet),10.092938,53.6564,2025-02,2.5159769512833945,2.124054462934947,0.3838408055622153,0.15847518580676098,True
9508,Zählfeld B_46.5_1_I (veraltet),10.092938,53.6564,2025-03,2.162726265238271,1.8688570626228584,0.3338465486271491,0.20306218458643402,True
9508,Zählfeld B_46.5_1_I (veraltet),10.092938,53.6564,2025-04,1.3179798924479775,2.3851220457187137,0.2523333109514537,0.1733028939770362,True
9508,Zählfeld B_46.5_1_I (veraltet),10.092938,53.6564,2025-05,1.4407333712336556,1.9752586206896554,0.2537739391663537,0.21779947427713106,True
9508,Zählfeld B_46.5_1_I (veraltet),10.092938,53.6564,2025-06,1.4943509917147881,2.1969808541973492,0.2708532423208191,0.1853924914675768,True
9508,Zählfeld B_46.5_1_I (veraltet),10.092938,53.6564,2025-07,1.5127940036185061,1.7504088422714712,0.27965312119257507,0.16577080197806923,True
9508,Zählfeld B_46.5_1_I (veraltet),10.092938,53.6564,2025-08,1.6289152024446143,1.6661510858132773,0.27368117058144015,0.22227570273392375,True
9508,Zählfeld B_46.5_1_I (veraltet),10.092938,53.6564,2025-09,1.4404625481821023,1.85646620716689,0.27126125595903716,0.1637925960802778,True
9508,Zählfeld B_46.5_1_I (veraltet),10.092938,53.6564,2025-10,1.5234954657873043,1.572116211105381,0.258497691984893,0.23248006714225766,True
9508,Zählfeld B_46.5_1_I (veraltet),10.092938,53.6564,2025-11,2.1700507614213196,1.8451086956521738,0.3302433371958285,0.21320973348783315,True
9508,Zählfeld B_46.5_1_I (veraltet),10.092938,53.6564,2025-12,1.3795986622073577,1.1911584117887843,0.22504091653027825,0.2855973813420622,True
9508,Zählfeld B_46.5_1_I (veraltet),10.092938,53.6564,2026-01,2.404174573055028,2.1290274351498844,0.363558106169297,0.18278335724533715,True
9508,Zählfeld B_46.5_1_I (veraltet),10.092938,53.6564,2026-02,2.8245895074088905,2.7008356545961,0.4223859144807761,0.12899748472871003,True
9509,Zählfeld B_46.5_2_G (veraltet),10.092938,53.6564,2025-01,1.7525354969574034,2.095081967213115,0.3085163363685056,0.16336368505623997,True
9509,Zählfeld B_46.5_2_G (veraltet),10.092938,53.6564,2025-02,2.0842541436464086,1.4309037900874635,0.3203821656050955,0.21847133757961784,True
9509,Zählfeld B_46.5_2_G (veraltet),10.092938,53.6564,2025-03,1.6374795417348607,1.3733187931661215,0.262185534591195,0.2574685534591195,True
9509,Zählfeld B_46.5_2_G (veraltet),10.092938,53.6564,2025-04,1.5063597819503332,2.0361247947454846,0.2683716413078666,0.1971511816121722,True
9509,Zählfeld B_46.5_2_G (veraltet),10.092938,53.6564,2025-05,1.6208530805687205,1.4875173370319001,0.25608386372145264,0.2699363534256833,True
9509,Zählfeld B_46.5_2_G (veraltet),10.092938,53.6564,2025-06,1.5469061876247505,1.5006587615283267,0.2551860388541324,0.24991768192295027,True
9509,Zählfeld B_46.5_2_G (veraltet),10.092938,53.6564,2025-07,1.5653047555257869,1.2849770236832803,0.2698302736404572,0.21302390024246623,True
9509,Zählfeld B_46.5_2_G (veraltet),10.092938,53.6564,2025-08,1.6078274760383386,1.3770139634801288,0.259273570324575,0.25695517774343124,True
9509,Zählfeld B_46.5_2_G (veraltet),10.092938,53.6564,2025-09,1.5446386395843175,1.3591862682771774,0.26814268142681424,0.211070110701107,True
9509,Zählfeld B_46.5_2_G (veraltet),10.092938,53.6564,2025-10,1.7185929648241205,1.4757190004714758,0.2753623188405797,0.24396135265700483,True
9509,Zählfeld B_46.5_2_G (veraltet),10.092938,53.6564,2025-11,2.4740259740259742,1.778481012658228,0.3527777777777778,0.21944444444444444,True
9509,Zählfeld B_46.5_2_G (veraltet),10.092938,53.6564,2025-12,1.479020979020979,0.9822866344605474,0.222397476340694,0.3264984227129338,True
9509,Zählfeld B_46.5_2_G (veraltet),10.092938,53.6564,2026-01,2.315960912052117,1.3706223230032752,0.32332878581173263,0.2578444747612551,True
9509,Zählfeld B_46.5_2_G (veraltet),10.092938,53.6564,2026-02,1.791044776119403,1.6253164556962025,0.3,0.1975,True
9510,Zählfeld B_37.2_1_G (veraltet),10.018335,53.564533,2025-01,2.423500611995104,2.229620932572962,0.37757437070938216,0.15503432494279176,True
9510,Zählfeld B_37.2_1_G (veraltet),10.018335,53.564533,2025-02,2.531107738998483,1.3806818181818183,0.3548181238034461,0.22463305679642628,True
9510,Zählfeld B_37.2_1_G (veraltet),10.018335,53.564533,2025-03,2.4462474645030428,1.4182711354092383,0.33626097867001253,0.25135926390631536,True
9510,Zählfeld B_37.2_1_G (veraltet),10.018335,53.564533,2025-04,1.5750500333555706,1.5466847090663058,0.26016528925619836,0.24429752066115704,True
9510,Zählfeld B_37.2_1_G (veraltet),10.018335,53.564533,2025-05,1.4361479413817166,1.364695550351288,0.23074335687857384,0.2872519340733266,True
9510,Zählfeld B_37.2_1_G (veraltet),10.018335,53.564533,2025-06,1.5660621761658031,1.4055023923444976,0.2529817953546767,0.26239799121155055,True
9510,Zählfeld B_37.2_1_G (veraltet),10.018335,53.564533,2025-07,1.6981460023174972,1.435380019913707,0.29094699225729603,0.1950565812983919,True
9510,Zählfeld B_37.2_1_G (veraltet),10.018335,53.564533,2025-08,1.5517241379310345,1.311099650449831,0.25008015389547933,0.2664315485732607,True
9510,Zählfeld B_37.2_1_G (veraltet),10.018335,53.564533,2025-09,1.6514131897711979,1.5572828658330515,0.28782547501759326,0.1893033075299085,True
9510,Zählfeld B_37.2_1_G (veraltet),10.018335,53.564533,2025-10,1.8364611260053618,1.6977225672877847,0.29653679653679654,0.21904761904761905,True
9510,Zählfeld B_37.2_1_G (veraltet),10.018335,53.564533,2025-11,2.765124555160142,1.6770186335403725,0.369472182596291,0.2296718972895863,True
9510,Zählfeld B_37.2_1_G (veraltet),10.018335,53.564533,2025-12,2.043010752688172,2.1543408360128615,0.3317811408614668,0.1810244470314319,True
9510,Zählfeld B_37.2_1_G (veraltet),10.018335,53.564533,2026-01,2.4508196721311477,1.4264264264264264,0.3370913190529876,0.2502818489289741,True
9510,Zählfeld B_37.2_1_G (veraltet),10.018335,53.564533,2026-02,2.1623036649214664,1.2560509554140127,0.3176923076923077,0.24153846153846154,True
9511,Zählfeld B_37.2_2_I (veraltet),10.018335,53.564533,2025-01,2.1183478951548844,2.346401262289113,0.3524281466798811,0.14846382556987117,True
9511,Zählfeld B_37.2_2_I (veraltet),10.018335,53.564533,2025-02,2.030371713508613,1.482565130260521,0.31786246540344903,0.2124760485416223,True
9511,Zählfeld B_37.2_2_I (veraltet),10.018335,53.564533,2025-03,2.1085805084745766,1.3566259467898811,0.3055139864164844,0.2598135144468746,True
9511,Zählfeld B_37.2_2_I (veraltet),10.018335,53.564533,2025-04,1.733177638300978,1.6867977528089888,0.282452008848926,0.22864482980089917,True
9511,Zählfeld B_37.2_2_I (veraltet),10.018335,53.564533,2025-05,1.6617239467849223,1.3707823960880194,0.25439154786150714,0.28634164969450104,True
9511,Zählfeld B_37.2_2_I (veraltet),10.018335,53.564533,2025-06,1.7497840935856168,1.4113941769316911,0.27202489930428414,0.2615891614793116,True
9511,Zählfeld B_37.2_2_I (veraltet),10.018335,53.564533,2025-07,1.7080985915492959,1.4754352259628174,0.2935882139337034,0.19077138558904394,True
9511,Zählfeld B_37.2_2_I (veraltet),10.018335,53.564533,2025-08,1.7183722321962895,1.7287393822986419,0.28553529166086594,0.21596626956504444,True
9511,Zählfeld B_37.2_2_I (veraltet),10.018335,53.564533,2025-09,1.666281232718315,1.5187021401924208,0.28810597960727047,0.19318329986700394,True
9511,Zählfeld B_37.2_2_I (veraltet),10.018335,53.564533,2025-10,1.7503994319190483,2.3566452658370545,0.30653485046322204,0.168096748119132,True
9511,Zählfeld B_37.2_2_I (veraltet),10.018335,53.564533,2025-11,2.543473735341059,2.5818305216210975,0.38438306172528786,0.1622412382810042,True
9511,Zählfeld B_37.2_2_I (veraltet),10.018335,53.564533,2025-12,2.195751365098362,2.9284765699108326,0.36349790111073965,0.13986403655410676,True
9511,Zählfeld B_37.2_2_I (veraltet),10.018335,53.564533,2026-01,2.6174282678002125,2.9235108677617387,0.40068326012689115,0.14006832601268912,True
9511,Zählfeld B_37.2_2_I (veraltet),10.018335,53.564533,2026-02,2.607490272373541,2.046870838881491,0.3889856334349151,0.1634740966478015,True
9512,Zählfeld D_74.2_1_I (veraltet),9.932612,53.59693,2025-01,2.305986696230599,3.139351829357174,0.3844968882864009,0.11528744839484872,True
9512,Zählfeld D_74.2_1_I (veraltet),9.932612,53.59693,2025-02,2.190506409442823,2.221099796334012,0.3576179523839125,0.1526076956548766,True
9512,Zählfeld D_74.2_1_I (veraltet),9.932612,53.59693,2025-03,2.1537859299854603,1.849844641953898,0.3323495909702806,0.204721963342653,True
9512,Zählfeld D_74.2_1_I (veraltet),9.932612,53.59693,2025-04,1.3455647309536496,2.2862097960899725,0.25407424173834314,0.17945525878979932,True
9512,Zählfeld D_74.2_1_I (veraltet),9.932612,53.59693,2025-05,1.4682150667370486,1.8368363205951979,0.25287356321839083,0.23043054743814534,True
9512,Zählfeld D_74.2_1_I (veraltet),9.932612,53.59693,2025-06,1.4559107902539643,2.0266490765171503,0.2620788081314397,0.197890559732665,True
9512,Zählfeld D_74.2_1_I (veraltet),9.932612,53.59693,2025-07,1.5645521198597385,1.7755870727737737,0.28661527680448495,0.16380518570427471,True
9512,Zählfeld D_74.2_1_I (veraltet),9.932612,53.59693,2025-08,1.8097633136094675,1.5763446490386015,0.28897392290249435,0.23200113378684808,True
9512,Zählfeld D_74.2_1_I (veraltet),9.932612,53.59693,2025-09,1.382169921754667,1.8994171723847866,0.2647267063154914,0.1606839422259983,True
9512,Zählfeld D_74.2_1_I (veraltet),9.932612,53.59693,2025-10,1.4536524379353457,2.588682300912516,0.27568336551163497,0.15537038918809065,True
9512,Zählfeld D_74.2_1_I (veraltet),9.932612,53.59693,2025-11,2.05997443712516,3.0202464788732395,0.34928732183045763,0.1420355088772193,True
9512,Zählfeld D_74.2_1_I (veraltet),9.932612,53.59693,2025-12,2.0278665473603477,2.94774944916588,0.3472322542517565,0.1390767614419857,True
9512,Zählfeld D_74.2_1_I (veraltet),9.932612,53.59693,2026-01,2.308597285067873,2.9036729036729034,0.37360867018160515,0.1408904510837727,True
9512,Zählfeld D_74.2_1_I (veraltet),9.932612,53.59693,2026-02,2.2008432349559217,3.251033243486074,0.3768087410178167,0.10955802736489811,True
9527,Zählfeld D_56.1_1_I (veraltet),9.999764,53.55507,2025-01,4.950567802271209,3.6080333459643805,0.5686334688866723,0.08677971303613903,True
9527,Zählfeld D_56.1_1_I (veraltet),9.999764,53.55507,2025-02,6.030298837852794,2.5824332344213654,0.5782226290444542,0.13411867712022923,True
9527,Zählfeld D_56.1_1_I (veraltet),9.999764,53.55507,2025-03,5.102291684959171,2.4186167201358746,0.5261442346869483,0.16449816650821675,True
9527,Zählfeld D_56.1_1_I (veraltet),9.999764,53.55507,2025-04,3.4704882324815385,2.849382369455362,0.4562885042538033,0.1492812539290055,True
9527,Zählfeld D_56.1_1_I (veraltet),9.999764,53.55507,2025-05,3.5750335101113118,2.388435334872979,0.4419564700542503,0.1871744439881557,True
9527,Zählfeld D_56.1_1_I (veraltet),9.999764,53.55507,2025-06,3.5423838908736602,2.6522712310730747,0.45556878224004344,0.15861579266127854,True
9527,Zählfeld D_56.1_1_I (veraltet),9.999764,53.55507,2025-07,3.414200583316174,3.063797653341591,0.4923600855911516,0.08128145625508575,True
9527,Zählfeld D_56.1_1_I (veraltet),9.999764,53.55507,2025-08,2.9371381827334506,1.9910484800141808,0.3992251045595669,0.19300541400456728,True
9527,Zählfeld D_56.1_1_I (veraltet),9.999764,53.55507,2025-09,3.2355381424291307,1.7077843177478658,0.4277965688515099,0.17554925800652102,True
9527,Zählfeld D_56.1_1_I (veraltet),9.999764,53.55507,2025-10,3.550516181417469,2.5914453668139705,0.4578826908405511,0.15523044473365347,True
9527,Zählfeld D_56.1_1_I (veraltet),9.999764,53.55507,2025-11,5.176040634291378,2.916865552903739,0.5404346138921227,0.14633294528521537,True
9527,Zählfeld D_56.1_1_I (veraltet),9.999764,53.55507,2025-12,4.175972540045767,3.4447190640962266,0.5112623970415195,0.1214489830223567,True
9527,Zählfeld D_56.1_1_I (veraltet),9.999764,53.55507,2026-01,5.175,3.5293355782929674,0.5577710713515844,0.11888338003880147,True
9527,Zählfeld D_56.1_1_I (veraltet),9.999764,53.55507,2026-02,5.347125922612391,2.8729792147806004,0.562305955405024,0.12221281399943551,True
9528,Zählfeld D_55.3_2_I (veraltet),9.947548,53.54874,2025-01,4.197905759162304,3.149037972106281,0.516158104802369,0.11497360628299215,True
9528,Zählfeld D_55.3_2_I (veraltet),9.947548,53.54874,2025-02,4.428607027161725,1.703729104157737,0.48280358598207007,0.19013854930725346,True
9528,Zählfeld D_55.3_2_I (veraltet),9.947548,53.54874,2025-03,3.986279958318861,1.7707260386128938,0.4496620628856891,0.2119306494269762,True
9528,Zählfeld D_55.3_2_I (veraltet),9.947548,53.54874,2025-04,2.904403423739301,1.997174550020929,0.393412395759125,0.20022629174873235,True
9528,Zählfeld D_55.3_2_I (veraltet),9.947548,53.54874,2025-05,2.789001356568924,1.641478373143964,0.36086357744653275,0.25097213220998055,True
9528,Zählfeld D_55.3_2_I (veraltet),9.947548,53.54874,2025-06,2.6117505755179664,1.8707707707707708,0.36725215335247424,0.21090187468333052,True
9528,Zählfeld D_55.3_2_I (veraltet),9.947548,53.54874,2025-07,2.395323916220166,1.4891506009518434,0.3598998814385456,0.18934703376805867,True
9528,Zählfeld D_55.3_2_I (veraltet),9.947548,53.54874,2025-08,2.2608509270174686,1.617920423983547,0.33202700788516926,0.22739506114547428,True
9528,Zählfeld D_55.3_2_I (veraltet),9.947548,53.54874,2025-09,2.4132743362831857,1.3977986822561603,0.353772972972973,0.20644324324324323,True
9528,Zählfeld D_55.3_2_I (veraltet),9.947548,53.54874,2025-10,2.580544641647473,1.8744539100043687,0.36874201417121616,0.20257869671274248,True
9528,Zählfeld D_55.3_2_I (veraltet),9.947548,53.54874,2025-11,3.4674009593178186,1.97509765625,0.42782928914315776,0.2020122312093115,True
9528,Zählfeld D_55.3_2_I (veraltet),9.947548,53.54874,2025-12,2.97603651578547,2.1260098242195427,0.40686427457098284,0.18299531981279252,True
9528,Zählfeld D_55.3_2_I (veraltet),9.947548,53.54874,2026-01,3.322371468272348,2.028714107365793,0.42559629761480955,0.19010323958704164,True
9528,Zählfeld D_55.3_2_I (veraltet),9.947548,53.54874,2026-02,3.436818473380372,1.8778947368421053,0.44017252002464574,0.1756007393715342,True
9529,Zählfeld I_86.1_2_I (veraltet),10.010613,53.559757,2025-01,3.3834268371194702,3.704867347506638,0.4755306222693312,0.09960962746568082,True
9529,Zählfeld I_86.1_2_I (veraltet),10.010613,53.559757,2025-02,3.3354151359294635,2.4790655884995507,0.4533266758207465,0.13893396579702907,True
9529,Zählfeld I_86.1_2_I (veraltet),10.010613,53.559757,2025-03,3.1581176470588233,2.4434361489221934,0.42919435578113824,0.16309978546386897,True
9529,Zählfeld I_86.1_2_I (veraltet),10.010613,53.559757,2025-04,1.9412125549534813,2.6805324459234607,0.33110122940099396,0.15720638242218155,True
9529,Zählfeld I_86.1_2_I (veraltet),10.010613,53.559757,2025-05,1.895278528238775,1.3969728322541883,0.2777945391461759,0.28248981746869817,True
9529,Zählfeld I_86.1_2_I (veraltet),10.010613,53.559757,2025-06,2.0582453051643195,1.5742922374429225,0.30882514803971206,0.241046073920796,True
9529,Zählfeld I_86.1_2_I (veraltet),10.010613,53.559757,2025-07,2.034672576494138,0.8200479452952041,0.28377004067958844,0.29782842785355346,True
9529,Zählfeld I_86.1_2_I (veraltet),10.010613,53.559757,2025-08,1.7899141476083975,1.8289780334209351,0.2964901588212096,0.2065751263757932,True
9529,Zählfeld I_86.1_2_I (veraltet),10.010613,53.559757,2025-09,1.8176190947806279,1.4762598443119226,0.30271915283172923,0.19763960709602396,True
9529,Zählfeld I_86.1_2_I (veraltet),10.010613,53.559757,2025-10,1.9242024853407929,2.4055502995900344,0.3261928211862552,0.16524403589406872,True
9529,Zählfeld I_86.1_2_I (veraltet),10.010613,53.559757,2025-11,2.9494522836984776,2.89112193801597,0.42265634353673626,0.14744382807199585,True
9529,Zählfeld I_86.1_2_I (veraltet),10.010613,53.559757,2025-12,2.5666764361078545,3.220410827674492,0.4016833318044216,0.12881845702229153,True
9529,Zählfeld I_86.1_2_I (veraltet),10.010613,53.559757,2026-01,3.049041297935103,3.13983310365947,0.43767532948711163,0.13168898533848516,True
9529,Zählfeld I_86.1_2_I (veraltet),10.010613,53.559757,2026-02,3.015574131104268,2.5699464336058644,0.43377885783718106,0.1346825637910085,True
9530,Zählfeld A_27.3_1_G (veraltet),9.993779,53.558514,2025-01,1.6956521739130435,1.9636363636363634,0.2988505747126437,0.1724137931034483,True
9530,Zählfeld A_27.3_1_G (veraltet),9.993779,53.558514,2025-02,2.307692307692308,1.84,0.35714285714285715,0.17857142857142858,True
9530,Zählfeld A_27.3_1_G (veraltet),9.993779,53.558514,2025-03,1.5405405405405406,1.7204301075268815,0.26573426573426573,0.21678321678321677,True
9530,Zählfeld A_27.3_1_G (veraltet),9.993779,53.558514,2025-04,1.1923076923076923,1.2823529411764705,0.20462046204620463,0.28052805280528054,True
9530,Zählfeld A_27.3_1_G (veraltet),9.993779,53.558514,2025-05,1.625615763546798,1.95625,0.2743142144638404,0.2194513715710723,True
9530,Zählfeld A_27.3_1_G (veraltet),9.993779,53.558514,2025-06,1.151057401812689,0.9621848739495799,0.1824712643678161,0.34195402298850575,True
9530,Zählfeld A_27.3_1_G (veraltet),9.993779,53.558514,2025-07,1.2900763358778626,1.5514147688060733,0.24563953488372092,0.18313953488372092,True
9530,Zählfeld A_27.3_1_G (veraltet),9.993779,53.558514,2025-08,1.9213483146067416,1.0224089635854343,0.26635514018691586,0.3177570093457944,True
9530,Zählfeld A_27.3_1_G (veraltet),9.993779,53.558514,2025-09,1.765713062709567,1.669008667111134,0.3026634382566586,0.1791767554479419,True
9530,Zählfeld A_27.3_1_G (veraltet),9.993779,53.558514,2025-10,1.9213483146067416,2.482993197278912,0.3275862068965517,0.16091954022988506,True
9530,Zählfeld A_27.3_1_G (veraltet),9.993779,53.558514,2025-11,2.2992700729927007,3.457142857142857,0.37906137184115524,0.1263537906137184,True
9530,Zählfeld A_27.3_1_G (veraltet),9.993779,53.558514,2025-12,1.40625,1.637630662020906,0.24725274725274726,0.22527472527472528,True
9530,Zählfeld A_27.3_1_G (veraltet),9.993779,53.558514,2026-01,3.0714285714285716,1.9274376417233563,0.4056603773584906,0.19811320754716982,True
9530,Zählfeld A_27.3_1_G (veraltet),9.993779,53.558514,2026-02,1.9411764705882353,2.545454545454546,0.3395061728395062,0.13580246913580246,True
9531,Zählfeld A_27.3_2_I (veraltet),9.993779,53.558514,2025-01,3.1873252562907735,3.68765043510461,0.4636973764490543,0.09985763677038845,True
9531,Zählfeld A_27.3_2_I (veraltet),9.993779,53.558514,2025-02,3.4030837004405288,3.183572895277207,0.47215218886087557,0.11162044464817786,True
9531,Zählfeld A_27.3_2_I (veraltet),9.993779,53.558514,2025-03,3.217086388269047,2.5701239399869538,0.43657128025436376,0.15631691648822268,True
9531,Zählfeld A_27.3_2_I (veraltet),9.993779,53.558514,2025-04,1.9719821942916995,3.0293554562858964,0.34043034083717566,0.14166892686013924,True
9531,Zählfeld A_27.3_2_I (veraltet),9.993779,53.558514,2025-05,2.0199362041467306,2.5799180327868854,0.3316747413905984,0.17572345161712716,True
9531,Zählfeld A_27.3_2_I (veraltet),9.993779,53.558514,2025-06,1.920339112502864,2.8322342389870747,0.3317237284781318,0.15004947555907383,True
9531,Zählfeld A_27.3_2_I (veraltet),9.993779,53.558514,2025-07,1.8323882966659106,2.6426968382618,0.3350857000653249,0.11630945344822223,True
9531,Zählfeld A_27.3_2_I (veraltet),9.993779,53.558514,2025-08,1.8875984363492153,2.474486722770062,0.32387506926015575,0.16138345338426993,True
9531,Zählfeld A_27.3_2_I (veraltet),9.993779,53.558514,2025-09,1.8372186974601767,2.4725973881013505,0.32947286563350553,0.12842304060434373,True
9531,Zählfeld A_27.3_2_I (veraltet),9.993779,53.558514,2025-10,1.9940493260682535,3.5782092772384035,0.3523889163404158,0.11745030217796192,True
9531,Zählfeld A_27.3_2_I (veraltet),9.993779,53.558514,2025-11,3.210776720513388,4.152463382157125,0.46141003625262356,0.1074699484831139,True
9531,Zählfeld A_27.3_2_I (veraltet),9.993779,53.558514,2025-12,2.6226255804136764,4.544407768480848,0.42220070332806686,0.09484735742316905,True
9531,Zählfeld A_27.3_2_I (veraltet),9.993779,53.558514,2026-01,3.3370411568409346,4.968602825745683,0.48053820278712156,0.08745795290725612,True
9531,Zählfeld A_27.3_2_I (veraltet),9.993779,53.558514,2026-02,3.2374260355029585,3.5526066350710903,0.4665067945643485,0.10119904076738609,True
9535,Zählfeld K_87.1_1_I (veraltet),9.912326,53.56031,2025-01,2.3790238836967808,1.9694153430212908,0.3662084398976982,0.17199488491048592,True
9535,Zählfeld K_87.1_1_I (veraltet),9.912326,53.56031,2025-02,2.5069894306171157,1.7105639396346306,0.3689598073159717,0.18952280596116214,True
9535,Zählfeld K_87.1_1_I (veraltet),9.912326,53.56031,2025-03,2.1352567496029646,1.6494503532532454,0.3226541876649868,0.2240220782337413,True
9535,Zählfeld K_87.1_1_I (veraltet),9.912326,53.56031,2025-04,1.4889162561576355,2.169642857142857,0.26956521739130435,0.18729096989966554,True
9535,Zählfeld K_87.1_1_I (veraltet),9.912326,53.56031,2025-05,,,0.47619047619047616,0.047619047619047616,False
9535,Zählfeld K_87.1_1_I (veraltet),9.912326,53.56031,2025-06,,,0.4375,0.25,False
9535,Zählfeld K_87.1_1_I (veraltet),9.912326,53.56031,2025-08,2.230769230769231,0.39080459770114945,0.1870967741935484,0.5612903225806452,True
9536,Zählfeld K_87.1_2_I (veraltet),9.912326,53.56031,2025-01,2.5693379790940765,2.1666365443701427,0.38806441427218186,0.15882538680138933,True
9536,Zählfeld K_87.1_2_I (veraltet),9.912326,53.56031,2025-02,2.5469387755102044,1.7409127301841474,0.37337322363500375,0.1868362004487659,True
9536,Zählfeld K_87.1_2_I (veraltet),9.912326,53.56031,2025-03,2.2142857142857144,1.6607829293167018,0.3300293685756241,0.22283406754772395,True
9536,Zählfeld K_87.1_2_I (veraltet),9.912326,53.56031,2025-04,1.586683417085427,1.794985250737463,0.2705655526992288,0.217866323907455,True
9536,Zählfeld K_87.1_2_I (veraltet),9.912326,53.56031,2025-05,,,0.425531914893617,0.1276595744680851,False
9536,Zählfeld K_87.1_2_I (veraltet),9.912326,53.56031,2025-06,,,0.16666666666666666,0.3333333333333333,False
9536,Zählfeld K_87.1_2_I (veraltet),9.912326,53.56031,2025-08,2.3333333333333335,0.7619047619047619,0.2641509433962264,0.39622641509433965,True
9589,Zählfeld B_72.2_1_I (veraltet),9.973194,53.569805,2025-04,3.1294416243654823,2.3132183908045976,0.27381745502998,0.463690872751499,True
9589,Zählfeld B_72.2_1_I (veraltet),9.973194,53.569805,2025-05,2.663782029612602,1.8594955873121375,0.3235342420758745,0.3294465429462966,True
9590,Zählfeld D_72.2_1_I (veraltet),9.973194,53.569805,2025-03,3.363952724885095,2.299967180833607,0.44848645778013807,0.14710568242166755,True
9590,Zählfeld D_72.2_1_I (veraltet),9.973194,53.569805,2025-04,2.8403599726107798,2.168918918918919,0.3952225398121682,0.18734177215189873,True
9590,Zählfeld D_72.2_1_I (veraltet),9.973194,53.569805,2025-05,2.9648533508110764,1.9792333926453143,0.38896591751846,0.2174571953696837,True
9590,Zählfeld D_72.2_1_I (veraltet),9.973194,53.569805,2025-06,2.8862343572241183,2.0889857881136953,0.3956396980849604,0.19312581872621795,True
9590,Zählfeld D_72.2_1_I (veraltet),9.973194,53.569805,2025-07,2.8954265846483014,1.6396771674043216,0.40517983457464724,0.1750065496463191,True
9590,Zählfeld D_72.2_1_I (veraltet),9.973194,53.569805,2025-08,2.9315768777034994,1.7611516839174064,0.38904109589041097,0.2128375733855186,True
9590,Zählfeld D_72.2_1_I (veraltet),9.973194,53.569805,2025-09,2.9867966862271316,1.8973580571053497,0.4186595057517146,0.1608302790579526,True
9590,Zählfeld D_72.2_1_I (veraltet),9.973194,53.569805,2025-10,3.169852672592232,2.613168724279835,0.4345735890630477,0.15413891531874405,True
9590,Zählfeld D_72.2_1_I (veraltet),9.973194,53.569805,2025-11,3.5400153413449247,2.5993902439024392,0.4539641943734015,0.16132205390517412,True
9590,Zählfeld D_72.2_1_I (veraltet),9.973194,53.569805,2025-12,3.2069112023792665,2.695337724396229,0.43909249563699826,0.15014543339150668,True
9590,Zählfeld D_72.2_1_I (veraltet),9.973194,53.569805,2026-01,3.4861968171484246,2.4347158218125964,0.4495539640658374,0.16358839050131926,True
9590,Zählfeld D_72.2_1_I (veraltet),9.973194,53.569805,2026-02,3.7095098260673143,1.8778568041725938,0.45578684429641964,0.1756036636136553,True
11871,Zählfeld J_6.1_2_I (veraltet),9.96656,53.541073,2025-03,2.008581600149897,1.9949401248102545,0.33229901269393514,0.16586741889985895,True
11871,Zählfeld J_6.1_2_I (veraltet),9.96656,53.541073,2025-04,1.41682156133829,1.6359724612736661,0.24568896051571312,0.23408541498791297,True
11871,Zählfeld J_6.1_2_I (veraltet),9.96656,53.541073,2025-05,1.483052654018333,1.3394128886572867,0.23451484047125448,0.2910957172473075,True
11871,Zählfeld J_6.1_2_I (veraltet),9.96656,53.541073,2025-06,1.4453709028177113,1.350541579315164,0.23729053575643144,0.270191172999764,True
11871,Zählfeld J_6.1_2_I (veraltet),9.96656,53.541073,2025-07,1.436924987300333,0.8729132225382377,0.23157952188625697,0.28493068442309794,True
11871,Zählfeld J_6.1_2_I (veraltet),9.96656,53.541073,2025-08,1.3124436700114162,0.890725641312037,0.19831671841804216,0.34836846979353925,True
11871,Zählfeld J_6.1_2_I (veraltet),9.96656,53.541073,2025-09,1.3573280159521435,1.221455970821892,0.24004231684739488,0.229410208939434,True
11871,Zählfeld J_6.1_2_I (veraltet),9.96656,53.541073,2025-10,1.4975028476298957,1.3556770461928531,0.2464100346020761,0.25994809688581316,True
11871,Zählfeld J_6.1_2_I (veraltet),9.96656,53.541073,2025-11,2.2198816780207964,2.440407342217752,0.3529587822815119,0.17004446724816144,True
11871,Zählfeld J_6.1_2_I (veraltet),9.96656,53.541073,2025-12,2.080109589041096,2.6410966396608897,0.3469130387103849,0.1527579778484483,True
11871,Zählfeld J_6.1_2_I (veraltet),9.96656,53.541073,2026-01,2.182742263383781,2.8188117352204034,0.36029082774049215,0.14451901565995526,True
11871,Zählfeld J_6.1_2_I (veraltet),9.96656,53.541073,2026-02,2.15702479338843,2.462379055207741,0.3598186590312575,0.13974389564940745,True
11872,Zählfeld J_6.2_1_I (veraltet),9.96656,53.541008,2025-03,2.1946406820950064,1.943973381989911,0.34864269992663244,0.169479090242113,True
11872,Zählfeld J_6.2_1_I (veraltet),9.96656,53.541008,2025-04,1.4117936925098555,1.6722076951811728,0.2463456577815993,0.23018056749785037,True
11872,Zählfeld J_6.2_1_I (veraltet),9.96656,53.541008,2025-05,1.5373205741626796,1.388063872255489,0.24266455194290246,0.2837883765718817,True
11872,Zählfeld J_6.2_1_I (veraltet),9.96656,53.541008,2025-06,1.5489658199374554,1.493623000432339,0.2551097858498238,0.2507996747085931,True
11872,Zählfeld J_6.2_1_I (veraltet),9.96656,53.541008,2025-07,1.4514395156307922,0.9509094058548414,0.23873544296079507,0.2678190354246692,True
11872,Zählfeld J_6.2_1_I (veraltet),9.96656,53.541008,2025-08,1.3980178019064453,1.0717747071691635,0.2200888464863898,0.30762350556035895,True
11872,Zählfeld J_6.2_1_I (veraltet),9.96656,53.541008,2025-09,1.341979802122315,1.2406701455644054,0.239016106058946,0.22666264928234908,True
11872,Zählfeld J_6.2_1_I (veraltet),9.96656,53.541008,2025-10,1.441245520820462,1.2780551288615802,0.2364244451200973,0.27145028884159317,True
11872,Zählfeld J_6.2_1_I (veraltet),9.96656,53.541008,2025-11,2.30475186817398,2.407016171100678,0.3597415997487775,0.17199766721995424,True
11872,Zählfeld J_6.2_1_I (veraltet),9.96656,53.541008,2025-12,2.1680112241318836,2.5851844053760042,0.3542526364053187,0.1555479138010087,True
11872,Zählfeld J_6.2_1_I (veraltet),9.96656,53.541008,2026-01,2.170715249662618,2.798349401110137,0.3587598974015836,0.14542210326753652,True
11872,Zählfeld J_6.2_1_I (veraltet),9.96656,53.541008,2026-02,2.304944600628411,2.6435105067985165,0.37738607749167413,0.13142717894565836,True
11882,Zählfeld D_6.2_1_I (veraltet),9.966496,53.5413,2025-01,2.5392134047009542,2.2079777365491653,0.3867503190131859,0.15631646108039132,True
11882,Zählfeld D_6.2_1_I (veraltet),9.966496,53.5413,2025-02,2.6519012152097217,1.944436952124073,0.3891509433962264,0.17061665899677864,True
11882,Zählfeld D_6.2_1_I (veraltet),9.966496,53.5413,2025-03,2.5711591651998993,1.5348088113050709,0.34810805290302815,0.24572333146096104,True
11964,Zählfeld J_87.1_1_I (veraltet),9.912326,53.56031,2025-08,1.628808864265928,1.7449419135883044,0.2722222222222222,0.2263888888888889,True
11964,Zählfeld J_87.1_1_I (veraltet),9.912326,53.56031,2025-09,1.7569060773480663,1.1859504132231404,0.2826666666666667,0.23466666666666666,True
11964,Zählfeld J_87.1_1_I (veraltet),9.912326,53.56031,2025-10,2.0395256916996045,1.5587749862461031,0.3100030039050766,0.23400420546710723,True
11964,Zählfeld J_87.1_1_I (veraltet),9.912326,53.56031,2025-11,2.471180749860101,1.7673535791757051,0.35206888304233436,0.22052140636211431,True
11964,Zählfeld J_87.1_1_I (veraltet),9.912326,53.56031,2025-12,2.436697247706422,2.250322776638566,0.36991643454038997,0.1746518105849582,True
11964,Zählfeld J_87.1_1_I (veraltet),9.912326,53.56031,2026-01,2.820689655172414,1.4405188598736984,0.36420302760463047,0.24844167408726625,True
11964,Zählfeld J_87.1_1_I (veraltet),9.912326,53.56031,2026-02,2.944370860927152,1.8133333333333332,0.4058050383351588,0.18072289156626506,True
11965,Zählfeld J_87.1_2_I (veraltet),9.912326,53.56031,2025-08,2.087912087912088,3.070461453440177,0.35185185185185186,0.1425925925925926,True
11965,Zählfeld J_87.1_2_I (veraltet),9.912326,53.56031,2025-09,1.9018003273322421,1.2074178593025597,0.2981780857069541,0.23146009751090582,True
11965,Zählfeld J_87.1_2_I (veraltet),9.912326,53.56031,2025-10,1.980891719745223,1.6957238268713677,0.3105031948881789,0.21924920127795527,True
11965,Zählfeld J_87.1_2_I (veraltet),9.912326,53.56031,2025-11,2.617760617760618,1.7225730071033938,0.3611505681818182,0.22496448863636365,True
11965,Zählfeld J_87.1_2_I (veraltet),9.912326,53.56031,2025-12,2.294420600858369,2.014501273760533,0.35051140833988986,0.1911880409126672,True
11965,Zählfeld J_87.1_2_I (veraltet),9.912326,53.56031,2026-01,2.599378881987578,1.5855428043793696,0.3570057581573896,0.2309660908509277,True
11965,Zählfeld J_87.1_2_I (veraltet),9.912326,53.56031,2026-02,2.444064901793339,1.6666666666666665,0.3620493358633776,0.1935483870967742,True
