station_id,station_name,longitude_wgs84,latitude_wgs84,month,total_day_count,total_night_count,day_hours_weighted,night_hours_weighted,avg_day_count_per_hour,avg_night_count_per_hour,day_night_ratio,day_night_ratio_reliable
5677,Zählfeld J_36.1_1_I (veraltet),9.999514,53.580505,2025-01,11874.244433052223,13593.755566947777,252.25277094527777,491.74722905472225,47.07280078056368,27.643786815187212,1.702834748917336,True
5677,Zählfeld J_36.1_1_I (veraltet),9.999514,53.580505,2025-02,17285.202328261388,9761.797671738612,275.4455073022222,396.55449269777773,62.75361866510987,24.616535309759502,2.549246588744375,True
5677,Zählfeld J_36.1_1_I (veraltet),9.999514,53.580505,2025-03,36477.75078221584,6205.249217784167,368.8174108408333,375.1825891591667,98.9046333226339,16.539278199691896,5.979984865631945,True
5677,Zählfeld J_36.1_1_I (veraltet),9.999514,53.580505,2025-04,45443.22366558417,12261.776334415834,421.24926776527775,298.75073223472225,107.87727633726206,41.04350219560972,2.6283643102172047,True
5677,Zählfeld J_36.1_1_I (veraltet),9.999514,53.580505,2025-05,53850.636178704444,4318.363821295556,493.9207367352778,250.07926326472221,109.02687855271458,17.267980419169493,6.313817592222996,True
5677,Zählfeld J_36.1_1_I (veraltet),9.999514,53.580505,2025-06,59337.88026698695,2327.1197330130553,508.2723593,211.7276407,116.74425961055196,10.99110028959509,10.621708157923905,True
5677,Zählfeld J_36.1_1_I (veraltet),9.999514,53.580505,2025-07,55533.52635551,3975.47364449,508.95938871444446,235.04061128555554,109.11190084493659,16.91398615220634,6.450986766990081,True
5677,Zählfeld J_36.1_1_I (veraltet),9.999514,53.580505,2025-08,49535.12881796694,8566.871182033055,456.3271263661111,287.6728736338889,108.55179531497964,29.779906161523623,3.645135573168167,True
5677,Zählfeld J_36.1_1_I (veraltet),9.999514,53.580505,2025-09,38458.515141284166,18231.484858715834,379.47910540944446,340.52089459055554,101.34554075062657,53.53998873002341,1.892894323561847,True
5677,Zählfeld J_36.1_1_I (veraltet),9.999514,53.580505,2025-10,21117.568828251668,16148.431171748334,326.24710055888886,417.7528994411111,64.72875557231156,38.65546162181625,1.6745047881094282,True
5677,Zählfeld J_36.1_1_I (veraltet),9.999514,53.580505,2025-11,17731.009521811113,14737.990478188889,257.97459228055556,462.0254077194445,68.73161176480542,31.89865802172125,2.1546866240580695,True
5677,Zählfeld J_36.1_1_I (veraltet),9.999514,53.580505,2025-12,12389.6139451475,14962.386054852499,234.07368837805555,509.9263116219445,52.930399956516546,29.34225144660803,1.803897020405205,True
5677,Zählfeld J_36.1_1_I (veraltet),9.999514,53.580505,2026-01,6206.140936835,6694.859063165,251.92644384916667,492.0735561508333,24.63473402002506,13.60540305302009,1.810658157205913,True
5677,Zählfeld J_36.1_1_I (veraltet),9.999514,53.580505,2026-02,12162.959584005834,6767.040415994166,274.9950323086111,397.00496769138886,44.22974292261412,17.045228565639796,2.5948459859185204,True
5678,Zählfeld J_36.1_2_I (veraltet),9.999549,53.580513,2025-01,11787.51485014,11184.48514986,252.25277094527777,491.74722905472225,46.728980640998046,22.744378593367482,2.0545287904513136,True
5678,Zählfeld J_36.1_2_I (veraltet),9.999549,53.580513,2025-02,16358.96284593,7798.03715407,275.4455073022222,396.55449269777773,59.39092274967021,19.6644781427632,3.020213519956892,True
5678,Zählfeld J_36.1_2_I (veraltet),9.999549,53.580513,2025-03,32143.470937845832,6051.529062154167,368.8174108408333,375.1825891591667,87.15280242482277,16.12955727960734,5.403297865776538,True
5678,Zählfeld J_36.1_2_I (veraltet),9.999549,53.580513,2025-04,39653.766439024446,4105.2335609755555,421.24926776527775,298.75073223472225,94.13373380893265,13.741333888179925,6.850407287600003,True
5678,Zählfeld J_36.1_2_I (veraltet),9.999549,53.580513,2025-05,33005.35183743222,1413.6481625677777,493.9207367352778,250.07926326472221,66.8231750211407,5.652800412609005,11.821251440628698,True
5678,Zählfeld J_36.1_2_I (veraltet),9.999549,53.580513,2025-06,36470.26171321556,1098.7382867844444,508.2723593,211.7276407,71.7533838815137,5.189394654150342,13.826927544261299,True
5678,Zählfeld J_36.1_2_I (veraltet),9.999549,53.580513,2025-07,37486.843020653054,1506.1569793469444,508.95938871444446,235.04061128555554,73.65389823211481,6.408071231218353,11.493926264941214,True
5678,Zählfeld J_36.1_2_I (veraltet),9.999549,53.580513,2025-08,34124.78220876472,2337.2177912352777,456.3271263661111,287.6728736338889,74.78140184326107,8.124567887515775,9.2043543581155,True
5678,Zählfeld J_36.1_2_I (veraltet),9.999549,53.580513,2025-09,37822.23469631917,5180.765303680833,379.47910540944446,340.52089459055554,99.66882011991233,15.21423614815243,6.5510236037722995,True
5678,Zählfeld J_36.1_2_I (veraltet),9.999549,53.580513,2025-10,25433.087532319165,7263.912467680833,326.24710055888886,417.7528994411111,77.95651666712175,17.388059968940556,4.483336082712601,True
5678,Zählfeld J_36.1_2_I (veraltet),9.999549,53.580513,2025-11,16157.773279488056,14024.226720511944,257.97459228055556,462.0254077194445,62.633196302975314,30.353799782863607,2.0634384080748664,True
5678,Zählfeld J_36.1_2_I (veraltet),9.999549,53.580513,2025-12,11647.196237593333,13727.803762406667,234.07368837805555,509.9263116219445,49.758673511316616,26.92115203614823,1.8483114483549379,True
5678,Zählfeld J_36.1_2_I (veraltet),9.999549,53.580513,2026-01,5773.982838297778,5449.017161702222,251.92644384916667,492.0735561508333,22.91932021933662,11.073582584535304,2.0697294705097837,True
5678,Zählfeld J_36.1_2_I (veraltet),9.999549,53.580513,2026-02,11314.164982357777,5477.835017642222,274.9950323086111,397.00496769138886,41.143161341403946,13.797900438113428,2.9818421669253183,True
5679,Zählfeld B_39.5_1_I (veraltet),10.036357,53.57573,2025-01,9543.322768692778,12802.677231307222,252.25277094527777,491.74722905472225,37.83238032601454,26.03507752533268,1.4531310801438109,True
5679,Zählfeld B_39.5_1_I (veraltet),10.036357,53.57573,2025-02,13280.080111088611,9311.919888911389,275.4455073022222,396.55449269777773,48.21309391159372,23.482068821265866,2.053187658999232,True
5679,Zählfeld B_39.5_1_I (veraltet),10.036357,53.57573,2025-03,25858.4500178875,7315.5499821125,368.8174108408333,375.1825891591667,70.1117931470078,19.498639311881732,3.5957274774698935,True
5679,Zählfeld B_39.5_1_I (veraltet),10.036357,53.57573,2025-04,31603.414088989444,10556.585911010556,421.24926776527775,298.75073223472225,75.02307186584602,35.335765814011346,2.123148321186175,True
5679,Zählfeld B_39.5_1_I (veraltet),10.036357,53.57573,2025-05,37919.00892912666,5058.991070873333,493.9207367352778,250.07926326472221,76.77144551525434,20.229550442645547,3.7950149081619657,True
5679,Zählfeld B_39.5_1_I (veraltet),10.036357,53.57573,2025-06,39970.369836283055,3300.6301637169445,508.2723593,211.7276407,78.63966848665707,15.58903765613511,5.044549267331342,True
5679,Zählfeld B_39.5_1_I (veraltet),10.036357,53.57573,2025-07,39553.963589961386,4829.036410038611,508.95938871444446,235.04061128555554,77.71536288950048,20.545540549891264,3.7825903242011214,True
5679,Zählfeld B_39.5_1_I (veraltet),10.036357,53.57573,2025-08,33679.537164916386,8357.462835083612,456.3271263661111,287.6728736338889,73.80568723388866,29.051967012085605,2.5404712597665258,True
5679,Zählfeld B_39.5_1_I (veraltet),10.036357,53.57573,2025-09,28261.782577195278,13640.217422804722,379.47910540944446,340.52089459055554,74.47520080638384,40.056917620887276,1.8592344401344925,True
5679,Zählfeld B_39.5_1_I (veraltet),10.036357,53.57573,2025-10,18097.255589468332,13196.744410531666,326.24710055888886,417.7528994411111,55.47100819736391,31.589833196099594,1.7559766097217926,True
5679,Zählfeld B_39.5_1_I (veraltet),10.036357,53.57573,2025-11,14430.329785134167,13617.670214865833,257.97459228055556,462.0254077194445,55.937019446631105,29.473855738978937,1.8978521148373149,True
5679,Zählfeld B_39.5_1_I (veraltet),10.036357,53.57573,2025-12,10493.140505975,12802.859494025,234.07368837805555,509.9263116219445,44.82836400231105,25.107273741773387,1.7854731845188665,True
5679,Zählfeld B_39.5_1_I (veraltet),10.036357,53.57573,2026-01,4856.036472728611,5386.963527271389,251.92644384916667,492.0735561508333,19.27561235150057,10.947476164762945,1.7607357222246085,True
5679,Zählfeld B_39.5_1_I (veraltet),10.036357,53.57573,2026-02,8927.630073004722,5913.369926995278,274.9950323086111,397.00496769138886,32.46469580943469,14.894951973477637,2.1795770719665444,True
5680,Zählfeld B_39.5_2_G (veraltet),10.036357,53.57573,2025-01,580.8159417613889,536.1840582386111,252.25277094527777,491.74722905472225,2.3025156060124616,1.0903651847094473,2.1116921544280776,True
5680,Zählfeld B_39.5_2_G (veraltet),10.036357,53.57573,2025-02,790.8791509977777,398.1208490022222,275.4455073022222,396.55449269777773,2.8712726475150503,1.003949914408455,2.8599759871555492,True
5680,Zählfeld B_39.5_2_G (veraltet),10.036357,53.57573,2025-03,1315.4969540341667,425.50304596583334,368.8174108408333,375.1825891591667,3.5667973240067075,1.1341225799401868,3.1449839612529527,True
5680,Zählfeld B_39.5_2_G (veraltet),10.036357,53.57573,2025-04,1657.8680197458334,284.13198025416665,421.24926776527775,298.75073223472225,3.9355985792944,0.9510670589116081,4.138087364521131,True
5680,Zählfeld B_39.5_2_G (veraltet),10.036357,53.57573,2025-05,1860.42171079,175.57828921,493.9207367352778,250.07926326472221,3.766640216580162,0.7020905568813238,5.3648922915464405,True
5680,Zählfeld B_39.5_2_G (veraltet),10.036357,53.57573,2025-06,1909.6385399855556,111.36146001444445,508.2723593,211.7276407,3.7571166423756295,0.5259656209565672,7.143274184998266,True
5680,Zählfeld B_39.5_2_G (veraltet),10.036357,53.57573,2025-07,1977.4429087830556,160.55709121694446,508.95938871444446,235.04061128555554,3.8852665902829333,0.6831036148977695,5.68766802802586,True
5680,Zählfeld B_39.5_2_G (veraltet),10.036357,53.57573,2025-08,1615.1700431869444,240.82995681305556,456.3271263661111,287.6728736338889,3.539500393169908,0.8371660274077539,4.2279551215543325,True
5680,Zählfeld B_39.5_2_G (veraltet),10.036357,53.57573,2025-09,1638.1069876491667,396.8930123508333,379.47910540944446,340.52089459055554,4.316725122142648,1.1655467216719841,3.7036053912538818,True
5680,Zählfeld B_39.5_2_G (veraltet),10.036357,53.57573,2025-10,1232.661313075,452.338686925,326.24710055888886,417.7528994411111,3.778305802452641,1.0827900596983513,3.489416779006282,True
5680,Zählfeld B_39.5_2_G (veraltet),10.036357,53.57573,2025-11,794.5914402791667,631.4085597208333,257.97459228055556,462.0254077194445,3.0801151123247954,1.3666100373948336,2.2538361551890937,True
5680,Zählfeld B_39.5_2_G (veraltet),10.036357,53.57573,2025-12,587.7465490580555,663.2534509419445,234.07368837805555,509.9263116219445,2.510946672950179,1.30068489471019,1.9304803824216403,True
5680,Zählfeld B_39.5_2_G (veraltet),10.036357,53.57573,2026-01,291.18852095722224,228.8114790427778,251.92644384916667,492.0735561508333,1.155847383498822,0.46499446308925635,2.4857228961820037,True
5680,Zählfeld B_39.5_2_G (veraltet),10.036357,53.57573,2026-02,591.9106560558333,355.08934394416667,274.9950323086111,397.00496769138886,2.1524412680719487,0.8944204048857011,2.406520755021249,True
5683,Zählfeld G_40.1_1_G (veraltet),10.042909,53.5987,2025-01,77.433018355,92.566981645,252.25277094527777,491.74722905472225,0.3069659772807723,0.18824098271573386,1.630707473219725,True
5683,Zählfeld G_40.1_1_G (veraltet),10.042909,53.5987,2025-02,101.39864678861112,60.60135321138889,275.4455073022222,396.55449269777773,0.3681259780990193,0.15281973682636957,2.4088902765045064,True
5683,Zählfeld G_40.1_1_G (veraltet),10.042909,53.5987,2025-03,142.3846359363889,50.61536406361111,368.8174108408333,375.1825891591667,0.3860572515049631,0.1349086165673273,2.8616204163082344,True
5683,Zählfeld G_40.1_1_G (veraltet),10.042909,53.5987,2025-04,152.73479656833334,34.26520343166666,421.24926776527775,298.75073223472225,0.36257581497669916,0.1146949604955117,3.1612183605127764,True
5683,Zählfeld G_40.1_1_G (veraltet),10.042909,53.5987,2025-05,158.95972080444443,20.040279195555556,493.9207367352778,250.07926326472221,0.32183244999012994,0.08013570951039573,4.0160928499469986,True
5683,Zählfeld G_40.1_1_G (veraltet),10.042909,53.5987,2025-06,186.62558691972222,28.374413080277776,508.2723593,211.7276407,0.36717634454241355,0.13401374041890873,2.7398410296934492,True
5683,Zählfeld G_40.1_1_G (veraltet),10.042909,53.5987,2025-07,237.32328001861111,37.676719981388885,508.95938871444446,235.04061128555554,0.46629119195159036,0.16029876613797045,2.9088882165833376,True
5683,Zählfeld G_40.1_1_G (veraltet),10.042909,53.5987,2025-08,204.7584203086111,51.241579691388885,456.3271263661111,287.6728736338889,0.44870972703107176,0.1781244753601698,2.51907957131537,True
5683,Zählfeld G_40.1_1_G (veraltet),10.042909,53.5987,2025-09,154.88503782944446,75.11496217055556,379.47910540944446,340.52089459055554,0.4081516890431398,0.22058840841726984,1.8502862048447766,True
5683,Zählfeld G_40.1_1_G (veraltet),10.042909,53.5987,2025-10,125.73677606361112,83.26322393638888,326.24710055888886,417.7528994411111,0.38540350503717397,0.19931213894094388,1.933667999776817,True
5683,Zählfeld G_40.1_1_G (veraltet),10.042909,53.5987,2025-11,76.13113811888888,72.86886188111112,257.97459228055556,462.0254077194445,0.29511099308607047,0.1577161356575421,1.871152826917225,True
5683,Zählfeld G_40.1_1_G (veraltet),10.042909,53.5987,2025-12,61.088082817777774,66.91191718222223,234.07368837805555,509.9263116219445,0.2609779990270141,0.13121879702459877,1.9888766315857183,True
5683,Zählfeld G_40.1_1_G (veraltet),10.042909,53.5987,2026-01,44.65629419166667,50.34370580833333,251.92644384916667,492.0735561508333,0.17725925674719273,0.1023093096124468,1.7325818874026262,True
5683,Zählfeld G_40.1_1_G (veraltet),10.042909,53.5987,2026-02,68.90182687111111,30.098173128888888,274.9950323086111,397.00496769138886,0.2505566238512504,0.07581308945304092,3.304925648841242,True
5684,Zählfeld G_40.1_2_I (veraltet),10.042909,53.5987,2025-01,5226.462252199167,4981.537747800833,252.25277094527777,491.74722905472225,20.71914703895548,10.130281277592072,2.045268682201916,True
5684,Zählfeld G_40.1_2_I (veraltet),10.042909,53.5987,2025-02,6634.099503896667,3804.9004961033334,275.4455073022222,396.55449269777773,24.084979889026293,9.59489948082148,2.51018574370351,True
5684,Zählfeld G_40.1_2_I (veraltet),10.042909,53.5987,2025-03,9108.777342333333,3010.2226576666667,368.8174108408333,375.1825891591667,24.697254182135975,8.023353813973538,3.078170893962452,True
5684,Zählfeld G_40.1_2_I (veraltet),10.042909,53.5987,2025-04,9090.567646945,2237.432353055,421.24926776527775,298.75073223472225,21.580020055988115,7.489294959441625,2.881448810983543,True
5684,Zählfeld G_40.1_2_I (veraltet),10.042909,53.5987,2025-05,12592.405069738055,850.5949302619445,493.9207367352778,250.07926326472221,25.49478921045401,3.4013013280575146,7.495598522878918,True
5684,Zählfeld G_40.1_2_I (veraltet),10.042909,53.5987,2025-06,14376.22591594,657.77408406,508.2723593,211.7276407,28.2844928568202,3.106699162590725,9.10435525827783,True
5684,Zählfeld G_40.1_2_I (veraltet),10.042909,53.5987,2025-07,15604.860942716667,931.1390572833334,508.95938871444446,235.04061128555554,30.66032632216928,3.961609239315983,7.739361575061132,True
5684,Zählfeld G_40.1_2_I (veraltet),10.042909,53.5987,2025-08,10911.048111473334,1421.9518885266666,456.3271263661111,287.6728736338889,23.91058405482431,4.942947419979315,4.837313048926661,True
5684,Zählfeld G_40.1_2_I (veraltet),10.042909,53.5987,2025-09,8343.233063882222,3770.7669361177777,379.47910540944446,340.52089459055554,21.986014367985216,11.073525871743557,1.9854574435128365,True
5684,Zählfeld G_40.1_2_I (veraltet),10.042909,53.5987,2025-10,8521.457029892777,4266.542970107223,326.24710055888886,417.7528994411111,26.11964065058295,10.213078055987639,2.5574699916515122,True
5684,Zählfeld G_40.1_2_I (veraltet),10.042909,53.5987,2025-11,6808.596252370833,6344.403747629167,257.97459228055556,462.0254077194445,26.392507076690205,13.731720467376713,1.9220102200152192,True
5684,Zählfeld G_40.1_2_I (veraltet),10.042909,53.5987,2025-12,5027.194384595833,6173.805615404167,234.07368837805555,509.9263116219445,21.47697342418232,12.107250547175882,1.7738935310289754,True
5684,Zählfeld G_40.1_2_I (veraltet),10.042909,53.5987,2026-01,2910.0980133947223,2721.9019866052777,251.92644384916667,492.0735561508333,11.551379715966043,5.531494128432588,2.0882928640546634,True
5684,Zählfeld G_40.1_2_I (veraltet),10.042909,53.5987,2026-02,4513.857778400278,2620.1422215997222,274.9950323086111,397.00496769138886,16.414324798909952,6.599771879017104,2.4871048726845566,True
5685,Zählfeld B_39.6_1_G (veraltet),10.036151,53.57526,2025-01,1650.987739715,1048.012260285,252.25277094527777,491.74722905472225,6.544973652928299,2.1312011504357167,3.0710257694775556,True
5685,Zählfeld B_39.6_1_G (veraltet),10.036151,53.57526,2025-02,1682.8463505419445,653.1536494580556,275.4455073022222,396.55449269777773,6.109543651752158,1.6470716168530142,3.709336976752346,True
5685,Zählfeld B_39.6_1_G (veraltet),10.036151,53.57526,2025-03,2495.2363745633334,431.76362543666664,368.8174108408333,375.1825891591667,6.765505914904263,1.1508093336748526,5.878911229630134,True
5685,Zählfeld B_39.6_1_G (veraltet),10.036151,53.57526,2025-04,2676.6768285133335,299.3231714866667,421.24926776527775,298.75073223472225,6.354140014801858,1.0019161099544844,6.3419880683329035,True
5685,Zählfeld B_39.6_1_G (veraltet),10.036151,53.57526,2025-05,2690.0356918752777,184.9643081247222,493.9207367352778,250.07926326472221,5.4462902482206,0.7396227328490154,7.363605803788066,True
5685,Zählfeld B_39.6_1_G (veraltet),10.036151,53.57526,2025-06,3097.241452635,157.758547365,508.2723593,211.7276407,6.093664933699258,0.7451013332195506,8.178303623976614,True
5685,Zählfeld B_39.6_1_G (veraltet),10.036151,53.57526,2025-07,2949.8942003347224,227.10579966527777,508.95938871444446,235.04061128555554,5.7959323783882155,0.9662406782518209,5.998435492153523,True
5685,Zählfeld B_39.6_1_G (veraltet),10.036151,53.57526,2025-08,2346.7726586052777,297.2273413947222,456.3271263661111,287.6728736338889,5.142741956397444,1.0332129604023523,4.97742687470235,True
5685,Zählfeld B_39.6_1_G (veraltet),10.036151,53.57526,2025-09,2932.7645715769445,616.2354284230555,379.47910540944446,340.52089459055554,7.728395397192148,1.8096846279110739,4.2705758108323355,True
5685,Zählfeld B_39.6_1_G (veraltet),10.036151,53.57526,2025-10,2693.2064873108334,745.7935126891666,326.24710055888886,417.7528994411111,8.255112406201137,1.7852503565790285,4.624064280832818,True
5685,Zählfeld B_39.6_1_G (veraltet),10.036151,53.57526,2025-11,2166.671487381111,1021.3285126188889,257.97459228055556,462.0254077194445,8.398778609270122,2.210546207101818,3.7994132772648594,True
5685,Zählfeld B_39.6_1_G (veraltet),10.036151,53.57526,2025-12,1766.8499285861112,1094.150071413889,234.07368837805555,509.9263116219445,7.548263714853966,2.1457023230154157,3.517852236020409,True
5685,Zählfeld B_39.6_1_G (veraltet),10.036151,53.57526,2026-01,852.4479559883333,489.5520440116667,251.92644384916667,492.0735561508333,3.383717655692829,0.9948757414259551,3.401146007282223,True
5685,Zählfeld B_39.6_1_G (veraltet),10.036151,53.57526,2026-02,1598.6174539513888,441.3825460486111,274.9950323086111,397.00496769138886,5.813259390654565,1.1117809145192337,5.2287814215342845,True
5686,Zählfeld B_39.6_2_I (veraltet),10.036151,53.57526,2025-01,13520.005290940555,11239.994709059445,252.25277094527777,491.74722905472225,53.597053623143374,22.857260895330118,2.344858986760465,True
5686,Zählfeld B_39.6_2_I (veraltet),10.036151,53.57526,2025-02,16503.455258928334,8027.544741071667,275.4455073022222,396.55449269777773,59.91549987715189,20.24323236501477,2.959779288049889,True
5686,Zählfeld B_39.6_2_I (veraltet),10.036151,53.57526,2025-03,28184.042129189722,6877.957870810278,368.8174108408333,375.1825891591667,76.41733090890554,18.33229491332389,4.168454155369578,True
5686,Zählfeld B_39.6_2_I (veraltet),10.036151,53.57526,2025-04,39090.77583795694,4715.224162043056,421.24926776527775,298.75073223472225,92.7972552814941,15.783138427049618,5.879518557757523,True
5686,Zählfeld B_39.6_2_I (veraltet),10.036151,53.57526,2025-05,41331.81006346,2792.18993654,493.9207367352778,250.07926326472221,83.68105849666367,11.165219779075878,7.494797250071666,True
5686,Zählfeld B_39.6_2_I (veraltet),10.036151,53.57526,2025-06,44099.497504378334,1981.5024956216666,508.2723593,211.7276407,86.76351703467172,9.358733177541456,9.27086127884079,True
5686,Zählfeld B_39.6_2_I (veraltet),10.036151,53.57526,2025-07,43942.79182909056,2607.2081709094446,508.95938871444446,235.04061128555554,86.33850323516675,11.0925859010037,7.783442382659802,True
5686,Zählfeld B_39.6_2_I (veraltet),10.036151,53.57526,2025-08,37777.08790341694,4197.912096583055,456.3271263661111,287.6728736338889,82.78510244229574,14.592658819564578,5.673065029883698,True
5686,Zählfeld B_39.6_2_I (veraltet),10.036151,53.57526,2025-09,36345.31901132528,7348.680988674722,379.47910540944446,340.52089459055554,95.7768649004007,21.580705047514993,4.438078584065044,True
5686,Zählfeld B_39.6_2_I (veraltet),10.036151,53.57526,2025-10,25366.422752941668,8730.577247058334,326.24710055888886,417.7528994411111,77.75217836261791,20.89890281728385,3.720395230428803,True
5686,Zählfeld B_39.6_2_I (veraltet),10.036151,53.57526,2025-11,17205.206697185557,13606.793302814445,257.97459228055556,462.0254077194445,66.69341559991439,29.450313933983676,2.264607968166841,True
5686,Zählfeld B_39.6_2_I (veraltet),10.036151,53.57526,2025-12,13408.231319555,13004.768680445,234.07368837805555,509.9263116219445,57.28209527718975,25.503231318031375,2.246072058982188,True
5686,Zählfeld B_39.6_2_I (veraltet),10.036151,53.57526,2026-01,6927.120937686666,5270.879062313334,251.92644384916667,492.0735561508333,27.496601118356875,10.711567399687034,2.567000709827047,True
5686,Zählfeld B_39.6_2_I (veraltet),10.036151,53.57526,2026-02,11661.616244934723,5453.383755065278,274.9950323086111,397.00496769138886,42.406643302005406,13.736311126727403,3.087192981490697,True
5689,Zählfeld B_28.6_1_G (veraltet),9.971825,53.566864,2025-01,672.6871387427777,693.3128612572223,117.53604126583333,251.46395873416668,5.723241411724506,2.7571062857168847,2.0758145746406678,True
5689,Zählfeld B_28.6_1_G (veraltet),9.971825,53.566864,2025-02,1687.5535312725,784.4464687275,226.00061980916666,313.99938019083334,7.467030544860711,2.4982420928689484,2.988913911175706,True
5689,Zählfeld B_28.6_1_G (veraltet),9.971825,53.566864,2025-03,3050.734795606111,752.2652043938889,368.8174108408333,375.1825891591667,8.271666971065759,2.005064270385824,4.125387446794454,True
5689,Zählfeld B_28.6_1_G (veraltet),9.971825,53.566864,2025-04,4016.9562205708335,672.0437794291666,421.24926776527775,298.75073223472225,9.535817692647248,2.249513413413681,4.239057938390532,True
5689,Zählfeld B_28.6_1_G (veraltet),9.971825,53.566864,2025-05,4423.695239789166,316.30476021083336,493.9207367352778,250.07926326472221,8.95628571707467,1.2648180264191196,7.081086393456292,True
5689,Zählfeld B_28.6_1_G (veraltet),9.971825,53.566864,2025-06,4763.128326722778,229.87167327722221,508.2723593,211.7276407,9.371212578395227,1.0856951530619035,8.63153211282772,True
5689,Zählfeld B_28.6_1_G (veraltet),9.971825,53.566864,2025-07,4934.830120248055,345.16987975194445,508.95938871444446,235.04061128555554,9.695921186782114,1.4685542122445838,6.602358364396073,True
5689,Zählfeld B_28.6_1_G (veraltet),9.971825,53.566864,2025-08,3268.7585174330557,455.24148256694446,456.3271263661111,287.6728736338889,7.163191334828804,1.5824970801602731,4.526511564939713,True
5689,Zählfeld B_28.6_1_G (veraltet),9.971825,53.566864,2025-09,3171.7723435316666,1025.2276564683334,379.47910540944446,340.52089459055554,8.358226575108628,3.0107628423244734,2.776115892494415,True
5689,Zählfeld B_28.6_1_G (veraltet),9.971825,53.566864,2025-10,2497.7235918541664,1418.2764081458333,326.24710055888886,417.7528994411111,7.655925792368284,3.3950127217387798,2.255050693432232,True
5689,Zählfeld B_28.6_1_G (veraltet),9.971825,53.566864,2025-11,2169.1251417316666,1500.8748582683334,257.97459228055556,462.0254077194445,8.408289834111548,3.2484682296513636,2.5883860452635403,True
5689,Zählfeld B_28.6_1_G (veraltet),9.971825,53.566864,2025-12,1609.1229034494445,1556.8770965505555,234.07368837805555,509.9263116219445,6.874428794621839,3.053141328594184,2.2515920669113485,True
5689,Zählfeld B_28.6_1_G (veraltet),9.971825,53.566864,2026-01,863.85551403,714.14448597,251.92644384916667,492.0735561508333,3.428998960296551,1.4512962077382923,2.3627147525179035,True
5689,Zählfeld B_28.6_1_G (veraltet),9.971825,53.566864,2026-02,1448.022889231389,769.9771107686112,274.9950323086111,397.00496769138886,5.265632899165816,1.9394646753315983,2.71499293910343,True
5690,Zählfeld B_28.6_2_I (veraltet),9.971825,53.566864,2025-01,4981.322695625833,5788.677304374167,117.53604126583333,251.46395873416668,42.38123593391654,23.019908433453182,1.841068832069155,True
5690,Zählfeld B_28.6_2_I (veraltet),9.971825,53.566864,2025-02,13605.945493237223,7124.054506762778,226.00061980916666,313.99938019083334,60.20313353443892,22.688116461991516,2.6535095425525865,True
5690,Zählfeld B_28.6_2_I (veraltet),9.971825,53.566864,2025-03,27959.5234464075,7614.4765535925,368.8174108408333,375.1825891591667,75.80857796996385,20.295388894931236,3.735261165106179,True
5690,Zählfeld B_28.6_2_I (veraltet),9.971825,53.566864,2025-04,43131.09954100361,5729.900458996389,421.24926776527775,298.75073223472225,102.38854483905354,19.1795361174028,5.338426550689616,True
5690,Zählfeld B_28.6_2_I (veraltet),9.971825,53.566864,2025-05,47234.91044506472,3357.0895549352776,493.9207367352778,250.07926326472221,95.6325720545335,13.424102067117895,7.123945540371286,True
5690,Zählfeld B_28.6_2_I (veraltet),9.971825,53.566864,2025-06,50638.643162920554,2304.3568370794446,508.2723593,211.7276407,99.62895332860677,10.883590019049622,9.154052399458775,True
5690,Zählfeld B_28.6_2_I (veraltet),9.971825,53.566864,2025-07,52024.35850918139,3220.641490818611,508.95938871444446,235.04061128555554,102.21711135064659,13.702489425990258,7.459747508125481,True
5690,Zählfeld B_28.6_2_I (veraltet),9.971825,53.566864,2025-08,42291.92795625528,4958.072043744723,456.3271263661111,287.6728736338889,92.67896978433072,17.235104516857177,5.377337264980551,True
5690,Zählfeld B_28.6_2_I (veraltet),9.971825,53.566864,2025-09,38420.25751368778,8312.742486312221,379.47910540944446,340.52089459055554,101.24472458696688,24.41184261631732,4.147361023837384,True
5690,Zählfeld B_28.6_2_I (veraltet),9.971825,53.566864,2025-10,25979.430927165835,9767.569072834167,326.24710055888886,417.7528994411111,79.63114731950375,23.381211921932,3.405775012235713,True
5690,Zählfeld B_28.6_2_I (veraltet),9.971825,53.566864,2025-11,16470.0621611925,15770.9378388075,257.97459228055556,462.0254077194445,63.84373753862081,34.134351867471494,1.870366186722913,True
5690,Zählfeld B_28.6_2_I (veraltet),9.971825,53.566864,2025-12,11984.044060864444,15287.955939135556,234.07368837805555,509.9263116219445,51.19774095031499,29.98071601857237,1.7076890664852418,True
5690,Zählfeld B_28.6_2_I (veraltet),9.971825,53.566864,2026-01,6652.637774991389,6386.362225008611,251.92644384916667,492.0735561508333,26.407064194398163,12.978470688335516,2.0346822694704456,True
5690,Zählfeld B_28.6_2_I (veraltet),9.971825,53.566864,2026-02,12646.855871365278,6801.144128634723,274.9950323086111,397.00496769138886,45.98939757272575,17.131131049024003,2.6845511508328497,True
5692,Zählfeld E_38.1_2_I (veraltet),10.010535,53.576782,2025-01,3010.2239835833334,2638.7760164166666,252.25277094527777,491.74722905472225,11.933363396972767,5.366122797456618,2.2238334543199096,True
5692,Zählfeld E_38.1_2_I (veraltet),10.010535,53.576782,2025-02,3682.516208031667,1922.4837919683334,275.4455073022222,396.55449269777773,13.369309392986994,4.847968759323822,2.757713602686602,True
5692,Zählfeld E_38.1_2_I (veraltet),10.010535,53.576782,2025-03,6255.07959912,1600.92040088,368.8174108408333,375.1825891591667,16.959827316339574,4.267043426689582,3.974608556889516,True
5692,Zählfeld E_38.1_2_I (veraltet),10.010535,53.576782,2025-04,11165.173202408056,809.8267975919445,421.24926776527775,298.75073223472225,26.504908273524517,2.7107106701773045,9.77784481579912,True
5692,Zählfeld E_38.1_2_I (veraltet),10.010535,53.576782,2025-05,11531.283689640833,576.7163103591666,493.9207367352778,250.07926326472221,23.346425513252242,2.306134074574115,10.123620205197193,True
5692,Zählfeld E_38.1_2_I (veraltet),10.010535,53.576782,2025-06,13860.961044634445,419.0389553655556,508.2723593,211.7276407,27.27073544531117,1.9791414761915664,13.779073286760608,True
5692,Zählfeld E_38.1_2_I (veraltet),10.010535,53.576782,2025-07,10288.376757789722,472.6232422102778,508.95938871444446,235.04061128555554,20.21453378387739,2.010815235823559,10.052904624824086,True
5692,Zählfeld E_38.1_2_I (veraltet),10.010535,53.576782,2025-08,9765.5532631025,750.4467368975,456.3271263661111,287.6728736338889,21.400334757367897,2.6086809208593196,8.203507982232821,True
5692,Zählfeld E_38.1_2_I (veraltet),10.010535,53.576782,2025-09,9862.428260208333,1265.5717397916667,379.47910540944446,340.52089459055554,25.98938418379353,3.7165758691941595,6.992830255185571,True
5692,Zählfeld E_38.1_2_I (veraltet),10.010535,53.576782,2025-10,5905.688537865555,1700.3114621344444,326.24710055888886,417.7528994411111,18.101888193791183,4.070136830669994,4.447488855260769,True
5692,Zählfeld E_38.1_2_I (veraltet),10.010535,53.576782,2025-11,3354.9544411808333,2986.0455588191667,257.80110303305554,446.19889696694446,13.013731910800464,6.692184985478304,1.9446162858677083,True
5692,Zählfeld E_38.1_2_I (veraltet),10.010535,53.576782,2025-12,2279.7782548775,2838.2217451225,226.07319907055555,476.9268009294445,10.084248218056135,5.951063642452714,1.6945287135090932,True
5692,Zählfeld E_38.1_2_I (veraltet),10.010535,53.576782,2026-01,1265.7143455566666,1143.2856544433334,242.7658449925,459.2341550075,5.2137249603450995,2.4895483969929497,2.09424527221186,True
5692,Zählfeld E_38.1_2_I (veraltet),10.010535,53.576782,2026-02,2116.1148714519445,1095.8851285480555,274.4314153436111,383.5685846563889,7.710906088511739,2.857077384295638,2.6988789771309354,True
5693,Zählfeld G_40.6_1_G (veraltet),10.040742,53.598392,2025-01,11.88357880611111,8.116421193888888,142.9070708338889,486.09292916611116,0.08315598897079238,0.016697262409911102,,False
5693,Zählfeld G_40.6_1_G (veraltet),10.040742,53.598392,2025-02,21.620155934166668,2.3798440658333333,275.4455073022222,396.55449269777773,0.07849159039085275,0.006001304006526692,,False
5693,Zählfeld G_40.6_1_G (veraltet),10.040742,53.598392,2025-03,26.16572338027778,7.834276619722222,368.8174108408333,375.1825891591667,0.07094492453765923,0.02088123715250183,,False
5693,Zählfeld G_40.6_1_G (veraltet),10.040742,53.598392,2025-04,44.43116109138889,3.568838908611111,421.24926776527775,298.75073223472225,0.1054747497297637,0.011945875017327651,,False
5693,Zählfeld G_40.6_1_G (veraltet),10.040742,53.598392,2025-05,36.54837056277778,4.451629437222222,493.9207367352778,250.07926326472221,0.07399642866658233,0.017800873927359323,,False
5693,Zählfeld G_40.6_1_G (veraltet),10.040742,53.598392,2025-06,45.69713939527778,3.3028606047222224,508.2723593,211.7276407,0.08990679614805837,0.015599572138066254,,False
5693,Zählfeld G_40.6_1_G (veraltet),10.040742,53.598392,2025-07,68.73458155,8.265418449999999,508.95938871444446,235.04061128555554,0.1350492457239335,0.035165916242270896,,False
5693,Zählfeld G_40.6_1_G (veraltet),10.040742,53.598392,2025-08,56.766328594444445,15.233671405555555,456.3271263661111,287.6728736338889,0.12439832154291183,0.05295484142499619,2.349139723496411,True
5693,Zählfeld G_40.6_1_G (veraltet),10.040742,53.598392,2025-09,29.384499650277778,16.615500349722222,379.47910540944446,340.52089459055554,0.07743377495994924,0.04879436361666089,1.5869409747463004,True
5693,Zählfeld G_40.6_1_G (veraltet),10.040742,53.598392,2025-10,13.535300413611111,5.464699586388889,134.40614183194444,161.59385816805553,0.10070447844961623,0.033817495592596544,,False
5694,Zählfeld G_40.6_2_I (veraltet),10.040742,53.598392,2025-01,3456.3931858416668,5332.606814158334,142.9070708338889,486.09292916611116,24.18629928997201,10.970344339931835,2.204698279336079,True
5694,Zählfeld G_40.6_2_I (veraltet),10.040742,53.598392,2025-02,7234.048097636389,4274.951902363611,275.4455073022222,396.55449269777773,26.263082554833982,10.780238229759862,2.4362246914295707,True
5694,Zählfeld G_40.6_2_I (veraltet),10.040742,53.598392,2025-03,12365.340543006945,3132.6594569930558,368.8174108408333,375.1825891591667,33.52699785733089,8.349693049492931,4.015356930919389,True
5694,Zählfeld G_40.6_2_I (veraltet),10.040742,53.598392,2025-04,20349.191998920833,2968.808001079167,421.24926776527775,298.75073223472225,48.306771206684935,9.937408283058653,4.861103602741026,True
5694,Zählfeld G_40.6_2_I (veraltet),10.040742,53.598392,2025-05,21140.5321073525,1528.4678926475,493.9207367352778,250.07926326472221,42.801466986560236,6.111933763294622,7.002933710375849,True
5694,Zählfeld G_40.6_2_I (veraltet),10.040742,53.598392,2025-06,22980.152969314724,985.8470306852778,508.2723593,211.7276407,45.212281464534726,4.656203731482273,9.710116668400522,True
5694,Zählfeld G_40.6_2_I (veraltet),10.040742,53.598392,2025-07,23293.891631986946,1308.1083680130555,508.95938871444446,235.04061128555554,45.76768235049921,5.565456798543671,8.223526658669844,True
5694,Zählfeld G_40.6_2_I (veraltet),10.040742,53.598392,2025-08,20805.3091663875,2320.6908336125,456.3271263661111,287.6728736338889,45.592970402761914,8.067117362500994,5.651705355706767,True
5694,Zählfeld G_40.6_2_I (veraltet),10.040742,53.598392,2025-09,17815.25236309861,4834.747636901389,379.47910540944446,340.52089459055554,46.94659629250624,14.19809390174051,3.3065421751261397,True
5694,Zählfeld G_40.6_2_I (veraltet),10.040742,53.598392,2025-10,9787.950891440556,4212.049108559444,294.37176429305555,377.62823570694445,33.25030481420891,11.153957014560143,2.981032181745425,True
5694,Zählfeld G_40.6_2_I (veraltet),10.040742,53.598392,2025-11,8172.3807790305555,7660.6192209694445,257.97459228055556,462.0254077194445,31.679014226884917,16.58051503873397,1.910617019608808,True
5694,Zählfeld G_40.6_2_I (veraltet),10.040742,53.598392,2025-12,5779.446931761944,7192.553068238056,234.07368837805555,509.9263116219445,24.69071586733611,14.105083233223235,1.7504835284615254,True
5694,Zählfeld G_40.6_2_I (veraltet),10.040742,53.598392,2026-01,3166.2335755444446,3108.7664244555554,251.92644384916667,492.0735561508333,12.568087443175004,6.31768642227675,1.9893496769416665,True
5694,Zählfeld G_40.6_2_I (veraltet),10.040742,53.598392,2026-02,5276.804468586389,3063.195531413611,274.9950323086111,397.00496769138886,19.188726517301355,7.71576121383645,2.4869518360535534,True
5695,Zählfeld J_47.1_1_I (veraltet),10.207702,53.491257,2025-01,5179.638236395278,3947.3617636047225,252.25277094527777,491.74722905472225,20.53352364370625,8.027217095239504,2.5579878306622033,True
5695,Zählfeld J_47.1_1_I (veraltet),10.207702,53.491257,2025-02,5768.163173770556,2774.8368262294443,275.4455073022222,396.55449269777773,20.941213491791157,6.997365752565573,2.9927281540361235,True
5695,Zählfeld J_47.1_1_I (veraltet),10.207702,53.491257,2025-03,7673.970412882222,1893.0295871177777,368.8174108408333,375.1825891591667,20.806963519935337,5.045622163225391,4.1237656817795845,True
5695,Zählfeld J_47.1_1_I (veraltet),10.207702,53.491257,2025-04,9488.396166416944,1750.6038335830556,421.24926776527775,298.75073223472225,22.524421743811615,5.859747423841099,3.843923656533087,True
5695,Zählfeld J_47.1_1_I (veraltet),10.207702,53.491257,2025-05,11451.813142802777,884.1868571972223,493.9207367352778,250.07926326472221,23.18552814465148,3.5356264476085864,6.557686024872232,True
5695,Zählfeld J_47.1_1_I (veraltet),10.207702,53.491257,2025-06,12661.9249697325,717.0750302675,508.2723593,211.7276407,24.91169298911057,3.3867804312028116,7.355567771561502,True
5695,Zählfeld J_47.1_1_I (veraltet),10.207702,53.491257,2025-07,12856.1074131475,1030.8925868525,508.95938871444446,235.04061128555554,25.259593787276643,4.386018999925285,5.759116362174203,True
5695,Zählfeld J_47.1_1_I (veraltet),10.207702,53.491257,2025-08,11745.639395915834,1510.3606040841667,456.3271263661111,287.6728736338889,25.739516056059117,5.2502712021653775,4.902511711288995,True
5695,Zählfeld J_47.1_1_I (veraltet),10.207702,53.491257,2025-09,10012.235307414723,2602.7646925852778,379.47910540944446,340.52089459055554,26.384154396621856,7.643480132738575,3.451850981284451,True
5695,Zählfeld J_47.1_1_I (veraltet),10.207702,53.491257,2025-10,7107.959047997778,3395.040952002222,326.24710055888886,417.7528994411111,21.78704128196463,8.126911761819638,2.6808512163649296,True
5695,Zählfeld J_47.1_1_I (veraltet),10.207702,53.491257,2025-11,6152.082042713889,4062.9179572861112,257.97459228055556,462.0254077194445,23.847627738561574,8.793711102037998,2.711895747068008,True
5695,Zählfeld J_47.1_1_I (veraltet),10.207702,53.491257,2025-12,5136.0746618427775,4126.9253381572225,234.07368837805555,509.9263116219445,21.942127273815732,8.093179826376353,2.7111874126785733,True
5695,Zählfeld J_47.1_1_I (veraltet),10.207702,53.491257,2026-01,2940.9897667963887,2281.0102332036113,251.92644384916667,492.0735561508333,11.674001831094863,4.635506632476756,2.5183874723219697,True
5695,Zählfeld J_47.1_1_I (veraltet),10.207702,53.491257,2026-02,4621.96155195,2253.03844805,274.9950323086111,397.00496769138886,16.807436531300823,5.675088805945108,2.9616164796740616,True
5696,Zählfeld J_47.1_2_I (veraltet),10.207702,53.491257,2025-01,5763.605279506667,4147.394720493333,252.25277094527777,491.74722905472225,22.84853109009847,8.433997133986505,2.7090987496338683,True
5696,Zählfeld J_47.1_2_I (veraltet),10.207702,53.491257,2025-02,6710.894535175556,3064.1054648244444,275.4455073022222,396.55449269777773,24.363782879973712,7.726820704965917,3.153144586921172,True
5696,Zählfeld J_47.1_2_I (veraltet),10.207702,53.491257,2025-03,10493.301748746944,2600.698251253056,368.8174108408333,375.1825891591667,28.45121038300285,6.931820202748643,4.1044357110880085,True
5696,Zählfeld J_47.1_2_I (veraltet),10.207702,53.491257,2025-04,13197.340231255277,2160.659768744722,421.24926776527775,298.75073223472225,31.329052039109783,7.232316227587139,4.331814463478161,True
5696,Zählfeld J_47.1_2_I (veraltet),10.207702,53.491257,2025-05,14847.063531785834,1281.9364682141668,493.9207367352778,250.07926326472221,30.059607600041463,5.126120620633662,5.864007077602802,True
5696,Zählfeld J_47.1_2_I (veraltet),10.207702,53.491257,2025-06,15158.931215911667,927.0687840883334,508.2723593,211.7276407,29.824425701190528,4.378591198689597,6.811420465586336,True
5696,Zählfeld J_47.1_2_I (veraltet),10.207702,53.491257,2025-07,14439.453088434444,1265.5469115655555,508.95938871444446,235.04061128555554,28.370540771251612,5.384375511294162,5.269049439761791,True
5696,Zählfeld J_47.1_2_I (veraltet),10.207702,53.491257,2025-08,14357.468969283056,1965.5310307169443,456.3271263661111,287.6728736338889,31.463106485946803,6.832521279772823,4.6049042802239075,True
5696,Zählfeld J_47.1_2_I (veraltet),10.207702,53.491257,2025-09,12817.844367749445,3198.1556322505558,379.47910540944446,340.52089459055554,33.77747070927514,9.391951222541095,3.596427399261586,True
5696,Zählfeld J_47.1_2_I (veraltet),10.207702,53.491257,2025-10,8574.3342136825,3537.6657863175,326.24710055888886,417.7528994411111,26.281717750116215,8.468321323563167,3.103533362271828,True
5696,Zählfeld J_47.1_2_I (veraltet),10.207702,53.491257,2025-11,6601.3431141975,4736.6568858025,257.97459228055556,462.0254077194445,25.589121222520742,10.251940275714746,2.4960271455284806,True
5696,Zählfeld J_47.1_2_I (veraltet),10.207702,53.491257,2025-12,5235.738236657778,4796.261763342222,234.07368837805555,509.9263116219445,22.367905905773856,9.405793845166661,2.378098677685564,True
5696,Zählfeld J_47.1_2_I (veraltet),10.207702,53.491257,2026-01,3051.3780234522224,2526.6219765477776,251.92644384916667,492.0735561508333,12.112178367742699,5.134642869882856,2.35891349694181,True
5696,Zählfeld J_47.1_2_I (veraltet),10.207702,53.491257,2026-02,4634.688226542778,2534.311773457222,274.9950323086111,397.00496769138886,16.853716184012857,6.383576981906344,2.6401680800252194,True
5697,Zählfeld B_9.1_1_G (veraltet),10.107728,53.537624,2025-01,489.6608109930556,344.3391890069444,252.25277094527777,491.74722905472225,1.941151366377972,0.7002361552069385,2.7721381593104257,True
5697,Zählfeld B_9.1_1_G (veraltet),10.107728,53.537624,2025-02,605.088491685,301.911508315,275.4455073022222,396.55449269777773,2.1967629735964054,0.7613367491087609,2.8854025188827266,True
5697,Zählfeld B_9.1_1_G (veraltet),10.107728,53.537624,2025-03,1290.7978444066666,381.2021555933333,368.8174108408333,375.1825891591667,3.499828930157863,1.01604436508543,3.44456310218658,True
5697,Zählfeld B_9.1_1_G (veraltet),10.107728,53.537624,2025-04,1546.661811096111,194.3381889038889,421.24926776527775,298.75073223472225,3.6716071206512315,0.6505028036256039,5.644260255585955,True
5697,Zählfeld B_9.1_1_G (veraltet),10.107728,53.537624,2025-05,1799.587542481111,128.41245751888889,493.9207367352778,250.07926326472221,3.6434743646845904,0.513487027442805,7.095552896105871,True
5697,Zählfeld B_9.1_1_G (veraltet),10.107728,53.537624,2025-06,1785.542259656389,106.4577403436111,508.2723593,211.7276407,3.5129635263177863,0.5028051131710887,6.986729916412835,True
5697,Zählfeld B_9.1_1_G (veraltet),10.107728,53.537624,2025-07,590.4718385836111,38.52816141638889,508.95938871444446,235.04061128555554,1.1601551158630847,0.1639212951568623,7.077513112331682,True
5697,Zählfeld B_9.1_1_G (veraltet),10.107728,53.537624,2025-08,555.8082543105555,66.19174568944445,456.3271263661111,287.6728736338889,1.2180039760876078,0.23009380360862366,5.293510546504601,True
5697,Zählfeld B_9.1_1_G (veraltet),10.107728,53.537624,2025-09,849.9818459927778,125.01815400722222,379.47910540944446,340.52089459055554,2.239864682604007,0.3671379818191328,6.10087976053498,True
5697,Zählfeld B_9.1_1_G (veraltet),10.107728,53.537624,2025-10,703.2508167133333,239.74918328666666,326.24710055888886,417.7528994411111,2.1555772158851534,0.573901901357032,3.7560029175511307,True
5697,Zählfeld B_9.1_1_G (veraltet),10.107728,53.537624,2025-11,489.88838477055555,311.11161522944445,257.97459228055556,462.0254077194445,1.8989791996174041,0.6733647328294998,2.8201346269470244,True
5697,Zählfeld B_9.1_1_G (veraltet),10.107728,53.537624,2025-12,360.7277604963889,255.2722395036111,234.07368837805555,509.9263116219445,1.5410863262588175,0.5006061340346525,3.078440757084574,True
5697,Zählfeld B_9.1_1_G (veraltet),10.107728,53.537624,2026-01,167.14145601166666,101.85854398833334,251.92644384916667,492.0735561508333,0.6634534011512406,0.20699861375422304,3.2051103585600957,True
5697,Zählfeld B_9.1_1_G (veraltet),10.107728,53.537624,2026-02,301.2929128591667,147.70708714083332,274.9950323086111,397.00496769138886,1.0956303840465125,0.37205349847323116,2.944819464250628,True
5698,Zählfeld B_9.1_2_I (veraltet),10.107728,53.537624,2025-01,1214.8663341847223,970.1336658152778,252.25277094527777,491.74722905472225,4.8160673503494165,1.972829959164488,2.4411973915831378,True
5698,Zählfeld B_9.1_2_I (veraltet),10.107728,53.537624,2025-02,1621.3647176216666,688.6352823783334,275.4455073022222,396.55449269777773,5.886335680337256,1.7365464143238352,3.389679441784018,True
5698,Zählfeld B_9.1_2_I (veraltet),10.107728,53.537624,2025-03,2880.5945839855553,742.4054160144444,368.8174108408333,375.1825891591667,7.810354119178782,1.978784297209186,3.9470467449101223,True
5698,Zählfeld B_9.1_2_I (veraltet),10.107728,53.537624,2025-04,3422.14829098,716.85170902,421.24926776527775,298.75073223472225,8.123808283713952,2.3994977473621204,3.3856286352612055,True
5698,Zählfeld B_9.1_2_I (veraltet),10.107728,53.537624,2025-05,4084.417467947778,389.58253205222223,493.9207367352778,250.07926326472221,8.269378392462324,1.5578362114727937,5.308246355786255,True
5698,Zählfeld B_9.1_2_I (veraltet),10.107728,53.537624,2025-06,4560.129819266112,284.8701807338889,508.2723593,211.7276407,8.971823345944658,1.3454557930748665,6.6682408980831,True
5698,Zählfeld B_9.1_2_I (veraltet),10.107728,53.537624,2025-07,3688.0076145919443,254.99238540805555,508.95938871444446,235.04061128555554,7.246172673830228,1.0848864969052527,6.679198878869504,True
5698,Zählfeld B_9.1_2_I (veraltet),10.107728,53.537624,2025-08,3342.914962554167,362.08503744583334,456.3271263661111,287.6728736338889,7.325698538184529,1.258669379813149,5.820192860552497,True
5698,Zählfeld B_9.1_2_I (veraltet),10.107728,53.537624,2025-09,2990.8078403108334,589.1921596891667,379.47910540944446,340.52089459055554,7.8813505083075865,1.730267273018929,4.554990220994236,True
5698,Zählfeld B_9.1_2_I (veraltet),10.107728,53.537624,2025-10,2146.9581401030555,798.0418598969444,326.24710055888886,417.7528994411111,6.5807730901673445,1.9103203376077131,3.444853180178368,True
5698,Zählfeld B_9.1_2_I (veraltet),10.107728,53.537624,2025-11,1436.0977136625,998.9022863375,257.97459228055556,462.0254077194445,5.566818425671541,2.162007261176561,2.574837987658787,True
5698,Zählfeld B_9.1_2_I (veraltet),10.107728,53.537624,2025-12,1244.2166060655557,1045.7833939344443,234.07368837805555,509.9263116219445,5.315491094650522,2.0508519958659837,2.5918452942314962,True
5698,Zählfeld B_9.1_2_I (veraltet),10.107728,53.537624,2026-01,595.4411382902778,454.55886170972224,251.92644384916667,492.0735561508333,2.3635515557341815,0.9237620189660998,2.5586152138832623,True
5698,Zählfeld B_9.1_2_I (veraltet),10.107728,53.537624,2026-02,1203.945346806389,674.0546531936111,274.9950323086111,397.00496769138886,4.37806216606586,1.6978494176364725,2.578592730655958,True
5699,Zählfeld B_9.3_1_I (veraltet),10.108598,53.537655,2025-01,564.8609579652777,389.1390420347222,252.25277094527777,491.74722905472225,2.2392656217354907,0.7913395725335512,2.829715206287817,True
5699,Zählfeld B_9.3_1_I (veraltet),10.108598,53.537655,2025-02,718.8072606480556,319.19273935194445,275.4455073022222,396.55449269777773,2.609616935444772,0.8049152013900086,3.242101690883987,True
5699,Zählfeld B_9.3_1_I (veraltet),10.108598,53.537655,2025-03,1279.491915955,334.508084045,368.8174108408333,375.1825891591667,3.469174389132017,0.8915874395842206,3.8910085933352967,True
5699,Zählfeld B_9.3_1_I (veraltet),10.108598,53.537655,2025-04,1486.9227244308333,204.07727556916666,421.24926776527775,298.75073223472225,3.5297930185586797,0.6831021769976028,5.167298740099121,True
5699,Zählfeld B_9.3_1_I (veraltet),10.108598,53.537655,2025-05,1778.6097099038889,139.3902900961111,493.9207367352778,250.07926326472221,3.6010023018271333,0.5573844399427835,6.460536110761869,True
5699,Zählfeld B_9.3_1_I (veraltet),10.108598,53.537655,2025-06,1906.3060616802777,105.69393831972222,508.2723593,211.7276407,3.750560160905995,0.4991976388641742,7.513176884088745,True
5699,Zählfeld B_9.3_1_I (veraltet),10.108598,53.537655,2025-07,1718.015775983889,136.9842240161111,508.95938871444446,235.04061128555554,3.3755458963500815,0.5828108736906161,5.791837538950899,True
5699,Zählfeld B_9.3_1_I (veraltet),10.108598,53.537655,2025-08,1645.8837142702778,239.11628572972222,456.3271263661111,287.6728736338889,3.6068066506959875,0.831209014284875,4.339229470218244,True
5699,Zählfeld B_9.3_1_I (veraltet),10.108598,53.537655,2025-09,1523.3082032830555,308.69179671694445,379.47910540944446,340.52089459055554,4.014208375555909,0.9065282090490142,4.428111927997233,True
5699,Zählfeld B_9.3_1_I (veraltet),10.108598,53.537655,2025-10,1052.5666622386111,393.4333377613889,326.24710055888886,417.7528994411111,3.226286641124091,0.9417848165452399,3.4257152848982164,True
5699,Zählfeld B_9.3_1_I (veraltet),10.108598,53.537655,2025-11,708.5940169880555,420.40598301194444,257.97459228055556,462.0254077194445,2.746758937474885,0.9099196191115693,3.0186830570339565,True
5699,Zählfeld B_9.3_1_I (veraltet),10.108598,53.537655,2025-12,555.2572233594444,436.7427766405556,234.07368837805555,509.9263116219445,2.3721471097710096,0.8564821361176463,2.769639913943484,True
5699,Zählfeld B_9.3_1_I (veraltet),10.108598,53.537655,2026-01,271.91174270333335,199.08825729666665,251.92644384916667,492.0735561508333,1.0793298970477758,0.40459044142506395,2.667709828354122,True
5699,Zählfeld B_9.3_1_I (veraltet),10.108598,53.537655,2026-02,585.2498571772222,271.7501428227778,274.9950323086111,397.00496769138886,2.1282197436949697,0.6845006106674774,3.1091568225478685,True
5700,Zählfeld B_9.3_2_G (veraltet),10.108598,53.537655,2025-01,285.80151125888887,172.1984887411111,252.25277094527777,491.74722905472225,1.132996518483791,0.3501768359165449,3.2354981891315324,True
5700,Zählfeld B_9.3_2_G (veraltet),10.108598,53.537655,2025-02,298.0336945272222,153.96630547277778,275.4455073022222,396.55449269777773,1.0820060107214455,0.38826014660769115,2.786806784510733,True
5700,Zählfeld B_9.3_2_G (veraltet),10.108598,53.537655,2025-03,608.8996224536111,145.1003775463889,368.8174108408333,375.1825891591667,1.650951404559335,0.3867460317696987,4.268825712328061,True
5700,Zählfeld B_9.3_2_G (veraltet),10.108598,53.537655,2025-04,664.5149507238889,87.48504927611111,421.24926776527775,298.75073223472225,1.5774863046032879,0.2928362672844461,5.386922594089067,True
5700,Zählfeld B_9.3_2_G (veraltet),10.108598,53.537655,2025-05,822.0671652988889,49.93283470111111,493.9207367352778,250.07926326472221,1.6643706249966272,0.1996680334436788,8.335688974800782,True
5700,Zählfeld B_9.3_2_G (veraltet),10.108598,53.537655,2025-06,893.3535938797222,49.646406120277774,508.2723593,211.7276407,1.7576277315375985,0.2344824036962774,7.495776671644134,True
5700,Zählfeld B_9.3_2_G (veraltet),10.108598,53.537655,2025-07,721.3689207297223,66.63107927027778,508.95938871444446,235.04061128555554,1.4173408266458993,0.28348751692670826,4.999658686954929,True
5700,Zählfeld B_9.3_2_G (veraltet),10.108598,53.537655,2025-08,767.7323118961111,105.26768810388889,456.3271263661111,287.6728736338889,1.6824165550047967,0.36592844773351607,4.597665378095995,True
5700,Zählfeld B_9.3_2_G (veraltet),10.108598,53.537655,2025-09,779.3694019388889,192.6305980611111,379.47910540944446,340.52089459055554,2.053787391266186,0.5656939151787773,3.6305629884972754,True
5700,Zählfeld B_9.3_2_G (veraltet),10.108598,53.537655,2025-10,636.0080646033333,228.99193539666666,326.24710055888886,417.7528994411111,1.9494673317059301,0.548151636297492,3.556438041257471,True
5700,Zählfeld B_9.3_2_G (veraltet),10.108598,53.537655,2025-11,400.7748085275,240.2251914725,257.97459228055556,462.0254077194445,1.5535437229866602,0.5199393528123282,2.9879325628722144,True
5700,Zählfeld B_9.3_2_G (veraltet),10.108598,53.537655,2025-12,282.52584736194444,218.47415263805556,234.07368837805555,509.9263116219445,1.2069953240777458,0.4284425958392801,2.81716929128709,True
5700,Zählfeld B_9.3_2_G (veraltet),10.108598,53.537655,2026-01,138.24009035555557,78.75990964444445,251.92644384916667,492.0735561508333,0.5487319562146585,0.1600571879142038,3.428349350413415,True
5700,Zählfeld B_9.3_2_G (veraltet),10.108598,53.537655,2026-02,223.27415029416667,111.72584970583333,274.9950323086111,397.00496769138886,0.8119206678744616,0.28142179266805356,2.8850667895224067,True
5701,Zählfeld B_46.8_1_G (veraltet),10.093715,53.655895,2025-01,1404.118460753889,782.8815392461111,252.25277094527777,491.74722905472225,5.566315309410378,1.5920405708254455,3.4963401130690657,True
5701,Zählfeld B_46.8_1_G (veraltet),10.093715,53.655895,2025-02,1617.7707049305557,581.2292950694444,275.4455073022222,396.55449269777773,5.873287681383446,1.4656984242324829,4.007159715996154,True
5701,Zählfeld B_46.8_1_G (veraltet),10.093715,53.655895,2025-03,1498.0770134975,347.9229865025,221.9001994686111,366.09980053138884,6.751129638842035,0.9503501121756815,7.103834210516747,True
5701,Zählfeld B_46.8_1_G (veraltet),10.093715,53.655895,2025-04,3714.073396745278,511.92660325472224,421.24926776527775,298.75073223472225,8.816806772029283,1.7135576519776097,5.145322517660169,True
5701,Zählfeld B_46.8_1_G (veraltet),10.093715,53.655895,2025-05,5387.5521756044445,325.4478243955556,493.9207367352778,250.07926326472221,10.907726229951674,1.3013786914873136,8.381669610315736,True
5701,Zählfeld B_46.8_1_G (veraltet),10.093715,53.655895,2025-06,5860.7582760683335,208.24172393166666,508.2723593,211.7276407,11.530743643309375,0.9835358446501911,11.723765540452115,True
5701,Zählfeld B_46.8_1_G (veraltet),10.093715,53.655895,2025-07,5212.8031765411115,262.1968234588889,508.95938871444446,235.04061128555554,10.242080787050368,1.1155383830258199,9.181289449915152,True
5701,Zählfeld B_46.8_1_G (veraltet),10.093715,53.655895,2025-08,4152.454194805556,393.5458051944444,456.3271263661111,287.6728736338889,9.099731212283977,1.3680323772734173,6.651692871787412,True
5701,Zählfeld B_46.8_1_G (veraltet),10.093715,53.655895,2025-09,4712.473838375556,1023.5261616244444,379.47910540944446,340.52089459055554,12.418269599563233,3.0057661009470173,4.131482351754066,True
5701,Zählfeld B_46.8_1_G (veraltet),10.093715,53.655895,2025-10,3291.8653670480558,1277.1346329519445,326.24710055888886,417.7528994411111,10.090098460365816,3.0571532469566423,3.3004882795490813,True
5701,Zählfeld B_46.8_1_G (veraltet),10.093715,53.655895,2025-11,2352.6208759527776,1274.3791240472221,257.97459228055556,462.0254077194445,9.11958365804578,2.7582446825544773,3.306299733205653,True
5701,Zählfeld B_46.8_1_G (veraltet),10.093715,53.655895,2025-12,2029.2277351566668,1278.7722648433332,234.07368837805555,509.9263116219445,8.669183406377712,2.507758936337071,3.456944477701774,True
5701,Zählfeld B_46.8_1_G (veraltet),10.093715,53.655895,2026-01,726.9099013783333,443.0900986216667,251.92644384916667,492.0735561508333,2.8854053201876204,0.9004550093845077,3.204385882821503,True
5701,Zählfeld B_46.8_1_G (veraltet),10.093715,53.655895,2026-02,1334.8226349088889,478.17736509111114,274.9950323086111,397.00496769138886,4.853988174633257,1.2044619186297476,4.030005514956739,True
5702,Zählfeld B_46.8_2_I (veraltet),10.093715,53.655895,2025-01,5890.182492033611,2960.817507966389,252.25277094527777,491.74722905472225,23.350318293674533,6.021015133441464,3.878136456423099,True
5702,Zählfeld B_46.8_2_I (veraltet),10.093715,53.655895,2025-02,6913.530336745555,1968.4696632544444,275.4455073022222,396.55449269777773,25.09944854232073,4.963932320783604,5.056363971207114,True
5702,Zählfeld B_46.8_2_I (veraltet),10.093715,53.655895,2025-03,6577.042855949445,1633.9571440505556,221.9001994686111,366.09980053138884,29.63964373037799,4.463146774947403,6.640974457024726,True
5702,Zählfeld B_46.8_2_I (veraltet),10.093715,53.655895,2025-04,15125.913443879444,1149.0865561205555,421.24926776527775,298.75073223472225,35.907275338713895,3.846305404927818,9.335523719128005,True
5702,Zählfeld B_46.8_2_I (veraltet),10.093715,53.655895,2025-05,13580.338693536945,644.6613064630556,493.9207367352778,250.07926326472221,27.494975779515563,2.57782791762565,10.66594693599263,True
5702,Zählfeld B_46.8_2_I (veraltet),10.093715,53.655895,2025-06,12735.649070819167,364.35092918083336,508.2723593,211.7276407,25.056741406042395,1.7208472544077869,14.560700458371265,True
5702,Zählfeld B_46.8_2_I (veraltet),10.093715,53.655895,2025-07,13628.958607453611,527.0413925463889,508.95938871444446,235.04061128555554,26.778086640425926,2.2423418219674205,11.942018107181783,True
5702,Zählfeld B_46.8_2_I (veraltet),10.093715,53.655895,2025-08,12912.268176299445,773.7318237005555,456.3271263661111,287.6728736338889,28.296078471433972,2.689623856176501,10.520459359569683,True
5702,Zählfeld B_46.8_2_I (veraltet),10.093715,53.655895,2025-09,15131.11049695,1798.88950305,379.47910540944446,340.52089459055554,39.87336926133013,5.282758067498313,7.547831786325291,True
5702,Zählfeld B_46.8_2_I (veraltet),10.093715,53.655895,2025-10,11843.608661317778,2606.3913386822223,326.24710055888886,417.7528994411111,36.3025713976574,6.239074204318323,5.81858304755069,True
5702,Zählfeld B_46.8_2_I (veraltet),10.093715,53.655895,2025-11,8869.916481553055,4643.083518446944,257.97459228055556,462.0254077194445,34.38290725897045,10.04941165760815,3.4213850950110136,True
5702,Zählfeld B_46.8_2_I (veraltet),10.093715,53.655895,2025-12,7518.884927820278,4568.115072179722,234.07368837805555,509.9263116219445,32.1218714496284,8.958382746812422,3.5856774997761764,True
5702,Zählfeld B_46.8_2_I (veraltet),10.093715,53.655895,2026-01,2598.578646318611,1330.4213536813888,251.92644384916667,492.0735561508333,10.31483081575363,2.7037042268403875,3.815073673131689,True
5702,Zählfeld B_46.8_2_I (veraltet),10.093715,53.655895,2026-02,4513.2862981866665,1427.7137018133333,274.9950323086111,397.00496769138886,16.412246651501928,3.5962111761865008,4.563760537807411,True
5703,Zählfeld A_22.1_1_I (veraltet),9.868756,53.571373,2025-01,6502.3343758227775,5463.6656241772225,252.25277094527777,491.74722905472225,25.77705827157536,11.110719697760043,2.3200169721473665,True
5703,Zählfeld A_22.1_1_I (veraltet),9.868756,53.571373,2025-02,8848.831365649166,4193.168634350834,275.4455073022222,396.55449269777773,32.125524399786705,10.57400360244193,3.038160909304753,True
5703,Zählfeld A_22.1_1_I (veraltet),9.868756,53.571373,2025-03,12517.934019579445,2806.0659804205557,368.8174108408333,375.1825891591667,33.940735040249166,7.479200958416852,4.53801619035966,True
5703,Zählfeld A_22.1_1_I (veraltet),9.868756,53.571373,2025-04,14023.372143844723,2841.6278561552776,421.24926776527775,298.75073223472225,33.28996206507026,9.511701728391646,3.4998954987941295,True
5703,Zählfeld A_22.1_1_I (veraltet),9.868756,53.571373,2025-05,19024.627872834168,1432.3721271658333,493.9207367352778,250.07926326472221,38.517572674885734,5.727672532566569,6.724821025622779,True
5703,Zählfeld A_22.1_1_I (veraltet),9.868756,53.571373,2025-06,20851.73840735722,884.2615926427777,508.2723593,211.7276407,41.02473413284668,4.176410740323229,9.822964426547665,True
5703,Zählfeld A_22.1_1_I (veraltet),9.868756,53.571373,2025-07,23992.731691977224,1306.2683080227778,508.95938871444446,235.04061128555554,47.1407586223712,5.557628108938869,8.482172196183868,True
5703,Zählfeld A_22.1_1_I (veraltet),9.868756,53.571373,2025-08,18267.04477083111,1993.955229168889,456.3271263661111,287.6728736338889,40.030591466910664,6.931328644168672,5.775312861638498,True
5703,Zählfeld A_22.1_1_I (veraltet),9.868756,53.571373,2025-09,21323.728321795832,4959.271678204167,379.47910540944446,340.52089459055554,56.19210127205367,14.563780833969751,3.858345707935032,True
5703,Zählfeld A_22.1_1_I (veraltet),9.868756,53.571373,2025-10,13938.056458529445,5146.943541470556,326.24710055888886,417.7528994411111,42.72239181483108,12.320545347157069,3.4675731155593,True
5703,Zählfeld A_22.1_1_I (veraltet),9.868756,53.571373,2025-11,10912.626715695833,7784.373284304166,257.97459228055556,462.0254077194445,42.30116857332991,16.848366246193688,2.5106985422332215,True
5703,Zählfeld A_22.1_1_I (veraltet),9.868756,53.571373,2025-12,8275.092474684721,7152.907525315278,234.07368837805555,509.9263116219445,35.35251028009397,14.027335641033542,2.520258385824807,True
5703,Zählfeld A_22.1_1_I (veraltet),9.868756,53.571373,2026-01,2543.2261199769446,1858.7738800230557,251.92644384916667,492.0735561508333,10.095113800358426,3.7774309486634823,2.6724813603621915,True
5703,Zählfeld A_22.1_1_I (veraltet),9.868756,53.571373,2026-02,5327.735887160556,2356.2641128394444,274.9950323086111,397.00496769138886,19.37393502142084,5.935099821398412,3.2642980917641937,True
5704,Zählfeld A_22.1_2_G (veraltet),9.868756,53.571373,2025-01,2226.7632737197223,2255.2367262802777,252.25277094527777,491.74722905472225,8.827507683563892,4.586170684917702,1.9248101063038172,True
5704,Zählfeld A_22.1_2_G (veraltet),9.868756,53.571373,2025-02,3253.2680822230554,1781.7319177769443,275.4455073022222,396.55449269777773,11.81093173051296,4.493031728516662,2.6287220843669052,True
5704,Zählfeld A_22.1_2_G (veraltet),9.868756,53.571373,2025-03,5138.046676957778,1072.9533230422223,368.8174108408333,375.1825891591667,13.931139165160376,2.8598164041856293,4.871340392610781,True
5704,Zählfeld A_22.1_2_G (veraltet),9.868756,53.571373,2025-04,5764.714349250833,1560.2856507491667,421.24926776527775,298.75073223472225,13.68480562549716,5.222700674498373,2.620254630390349,True
5704,Zählfeld A_22.1_2_G (veraltet),9.868756,53.571373,2025-05,9129.34584566889,860.6541543311112,493.9207367352778,250.07926326472221,18.483422878764173,3.4415254711465737,5.370706401486043,True
5704,Zählfeld A_22.1_2_G (veraltet),9.868756,53.571373,2025-06,10268.384317447777,431.6156825522222,508.2723593,211.7276407,20.202523567462027,2.038541973665993,9.910280891166055,True
5704,Zählfeld A_22.1_2_G (veraltet),9.868756,53.571373,2025-07,9031.840411793888,744.1595882061112,508.95938871444446,235.04061128555554,17.74569958244993,3.166089401044047,5.604926878122305,True
5704,Zählfeld A_22.1_2_G (veraltet),9.868756,53.571373,2025-08,5963.700470077222,1026.2995299227778,456.3271263661111,287.6728736338889,13.068915095116541,3.5675923035722614,3.6632311046389807,True
5704,Zählfeld A_22.1_2_G (veraltet),9.868756,53.571373,2025-09,7593.489525763333,2536.5104742366666,379.47910540944446,340.52089459055554,20.010296792415563,7.448912870050405,2.6863378779567006,True
5704,Zählfeld A_22.1_2_G (veraltet),9.868756,53.571373,2025-10,4675.267504718333,2420.7324952816666,326.24710055888886,417.7528994411111,14.330449210764492,5.794651571587494,2.4730476084239426,True
5704,Zählfeld A_22.1_2_G (veraltet),9.868756,53.571373,2025-11,3917.2833139736113,2873.7166860263887,257.97459228055556,462.0254077194445,15.184764047280444,6.219823927456809,2.4413495019125504,True
5704,Zählfeld A_22.1_2_G (veraltet),9.868756,53.571373,2025-12,2721.821966447222,2433.178033552778,234.07368837805555,509.9263116219445,11.628056042126234,4.771626758802589,2.4369165129428993,True
5704,Zählfeld A_22.1_2_G (veraltet),9.868756,53.571373,2026-01,866.4476901913889,642.5523098086111,251.92644384916667,492.0735561508333,3.439288377007966,1.3058054060756155,2.6338444924532705,True
5704,Zählfeld A_22.1_2_G (veraltet),9.868756,53.571373,2026-02,1747.4999968775,893.5000031225,274.9950323086111,397.00496769138886,6.354660235885212,2.2506015688374474,2.823538525820776,True
5705,Zählfeld B_31.5_1_G (veraltet),9.972654,53.581577,2025-01,7648.425607027222,2671.574392972778,252.25277094527777,491.74722905472225,30.320482024304212,5.432820431155864,5.580983654534916,True
5705,Zählfeld B_31.5_1_G (veraltet),9.972654,53.581577,2025-02,8404.802276997778,1496.1977230022221,275.4455073022222,396.55449269777773,30.513484715421136,3.772994003481143,8.087339838671344,True
5705,Zählfeld B_31.5_1_G (veraltet),9.972654,53.581577,2025-03,9857.841246034166,835.1587539658334,368.8174108408333,375.1825891591667,26.728242637895455,2.226006158328225,12.007263563892787,True
5705,Zählfeld B_31.5_1_G (veraltet),9.972654,53.581577,2025-04,9695.062600650277,598.9373993497222,421.24926776527775,298.75073223472225,23.015025407836234,2.004806464806083,11.47992377910772,True
5705,Zählfeld B_31.5_1_G (veraltet),9.972654,53.581577,2025-05,9600.678079683888,300.3219203161111,493.9207367352778,250.07926326472221,19.437689826798014,1.2009069300488318,16.185842000268607,True
5705,Zählfeld B_31.5_1_G (veraltet),9.972654,53.581577,2025-06,9533.646685721389,255.3533142786111,508.2723593,211.7276407,18.75696466920071,1.2060461895026025,15.552443042779693,True
5705,Zählfeld B_31.5_1_G (veraltet),9.972654,53.581577,2025-07,10519.79804737,268.20195263,508.95938871444446,235.04061128555554,20.669228784523344,1.1410877088987659,18.11361968351292,True
5705,Zählfeld B_31.5_1_G (veraltet),9.972654,53.581577,2025-08,6380.754835630833,511.2451643691667,456.3271263661111,287.6728736338889,13.982852359540765,1.7771754351083178,7.868020277181311,True
5705,Zählfeld B_31.5_1_G (veraltet),9.972654,53.581577,2025-09,10172.929795041111,1043.0702049588888,379.47910540944446,340.52089459055554,26.80761509665962,3.0631606504296394,8.751619048416407,True
5705,Zählfeld B_31.5_1_G (veraltet),9.972654,53.581577,2025-10,9780.503326149445,1544.4966738505555,326.24710055888886,417.7528994411111,29.978820683447044,3.6971536904156825,8.10862171111865,True
5705,Zählfeld B_31.5_1_G (veraltet),9.972654,53.581577,2025-11,7694.67296001,2731.3270399900002,257.97459228055556,462.0254077194445,29.827251172246445,5.911638179103221,5.045513657733896,True
5705,Zählfeld B_31.5_1_G (veraltet),9.972654,53.581577,2025-12,7887.6576412425,3510.3423587575,234.07368837805555,509.9263116219445,33.697327093436655,6.8840188842030985,4.895007939441104,True
5705,Zählfeld B_31.5_1_G (veraltet),9.972654,53.581577,2026-01,5212.943337892222,1784.0566621077778,251.92644384916667,492.0735561508333,20.692322958416046,3.625589385585512,5.707299078236448,True
5705,Zählfeld B_31.5_1_G (veraltet),9.972654,53.581577,2026-02,7396.265119321389,1376.734880678611,274.9950323086111,397.00496769138886,26.895995383003815,3.4678026541693394,7.7559186797053625,True
5706,Zählfeld B_31.5_2_I (veraltet),9.972654,53.581577,2025-01,25207.42869759861,15730.57130240139,252.25277094527777,491.74722905472225,99.92924400052264,31.989140706781434,3.1238489622616985,True
5706,Zählfeld B_31.5_2_I (veraltet),9.972654,53.581577,2025-02,30124.38082020389,10844.619179796111,275.4455073022222,396.55449269777773,109.36602711457931,27.34710961416598,3.9991804858940925,True
5706,Zählfeld B_31.5_2_I (veraltet),9.972654,53.581577,2025-03,42361.406691548334,7909.593308451666,368.8174108408333,375.1825891591667,114.8573940556993,21.0819839112953,5.448130239496153,True
5706,Zählfeld B_31.5_2_I (veraltet),9.972654,53.581577,2025-04,54478.976054494444,5267.023945505555,421.24926776527775,298.75073223472225,129.32717092543507,17.63016246389436,7.335563196895676,True
5706,Zählfeld B_31.5_2_I (veraltet),9.972654,53.581577,2025-05,56815.24863006111,2745.7513699388887,493.9207367352778,250.07926326472221,115.0290813979569,10.979524387963206,10.476690732074212,True
5706,Zählfeld B_31.5_2_I (veraltet),9.972654,53.581577,2025-06,58448.16226380861,1891.8377361913888,508.2723593,211.7276407,114.9937847186974,8.935242134360537,12.869688698920422,True
5706,Zählfeld B_31.5_2_I (veraltet),9.972654,53.581577,2025-07,59520.183779943334,2577.8162200566667,508.95938871444446,235.04061128555554,116.94485866599778,10.967535380193622,10.662820279311761,True
5706,Zählfeld B_31.5_2_I (veraltet),9.972654,53.581577,2025-08,46601.83896228028,4520.161037719722,456.3271263661111,287.6728736338889,102.1237534866416,15.712851130594855,6.499377651952298,True
5706,Zählfeld B_31.5_2_I (veraltet),9.972654,53.581577,2025-09,53454.05177397139,8477.948226028611,379.47910540944446,340.52089459055554,140.86164695760093,24.89699857103497,5.657776239802599,True
5706,Zählfeld B_31.5_2_I (veraltet),9.972654,53.581577,2025-10,40185.59795778361,11259.402042216389,326.24710055888886,417.7528994411111,123.17534129481085,26.9523013659025,4.570123330939028,True
5706,Zählfeld B_31.5_2_I (veraltet),9.972654,53.581577,2025-11,30232.53519539,19102.46480461,257.97459228055556,462.0254077194445,117.19190997891435,41.34505264309963,2.8344844784826595,True
5706,Zählfeld B_31.5_2_I (veraltet),9.972654,53.581577,2025-12,26262.940200859444,20460.059799140556,234.07368837805555,509.9263116219445,112.19945472231727,40.123561645725566,2.7963483330067254,True
5706,Zählfeld B_31.5_2_I (veraltet),9.972654,53.581577,2026-01,14583.694837695555,8541.305162304445,251.92644384916667,492.0735561508333,57.88870201504968,17.357781281964098,3.3350288884674413,True
5706,Zählfeld B_31.5_2_I (veraltet),9.972654,53.581577,2026-02,23268.82918063778,8699.170819362222,274.9950323086111,397.00496769138886,84.61545281488762,21.91199487993437,3.8616042618909674,True
5707,Zählfeld D_50.5_1_G (veraltet),9.985782,53.456486,2025-01,346.2217949347222,400.7782050652778,252.25277094527777,491.74722905472225,1.3725192933949157,0.8150085681940441,1.684055047956422,True
5707,Zählfeld D_50.5_1_G (veraltet),9.985782,53.456486,2025-02,465.0569441405556,393.9430558594444,275.4455073022222,396.55449269777773,1.688380938558164,0.9934146835140675,1.699573165745597,True
5707,Zählfeld D_50.5_1_G (veraltet),9.985782,53.456486,2025-03,954.7003604922222,442.2996395077778,368.8174108408333,375.1825891591667,2.5885447173323177,1.1788916977704886,2.1957442929047297,True
5707,Zählfeld D_50.5_1_G (veraltet),9.985782,53.456486,2025-04,1336.0960309672223,264.90396903277775,421.24926776527775,298.75073223472225,3.17174683306916,0.8867056728237512,3.577000723327505,True
5707,Zählfeld D_50.5_1_G (veraltet),9.985782,53.456486,2025-05,1515.3748691180556,219.62513088194444,493.9207367352778,250.07926326472221,3.068052738855217,0.8782220805307618,3.4934816681004084,True
5707,Zählfeld D_50.5_1_G (veraltet),9.985782,53.456486,2025-06,1622.1529530216667,212.84704697833334,508.2723593,211.7276407,3.191503380698724,1.005287010588851,3.174718609792131,True
5707,Zählfeld D_50.5_1_G (veraltet),9.985782,53.456486,2025-07,1610.0138535,209.9861465,508.95938871444446,235.04061128555554,3.1633444420126624,0.8934036775665275,3.540778397766449,True
5707,Zählfeld D_50.5_1_G (veraltet),9.985782,53.456486,2025-08,1620.9732122894445,367.02678771055554,456.3271263661111,287.6728736338889,3.552217518160291,1.2758477470408196,2.784201740685161,True
5707,Zählfeld D_50.5_1_G (veraltet),9.985782,53.456486,2025-09,1425.261352893611,476.7386471063889,379.47910540944446,340.52089459055554,3.755836178004596,1.4000275891428702,2.682687260687489,True
5707,Zählfeld D_50.5_1_G (veraltet),9.985782,53.456486,2025-10,1019.3449985566667,538.6550014433333,326.24710055888886,417.7528994411111,3.124456881947587,1.289410563431087,2.4231668101380297,True
5707,Zählfeld D_50.5_1_G (veraltet),9.985782,53.456486,2025-11,556.9546092238888,708.0453907761112,257.97459228055556,462.0254077194445,2.158951407967274,1.5324815019828029,1.4087944325421953,True
5707,Zählfeld D_50.5_1_G (veraltet),9.985782,53.456486,2025-12,400.52007169055554,634.4799283094444,234.07368837805555,509.9263116219445,1.7110854041983148,1.2442580699382366,1.375185297599276,True
5707,Zählfeld D_50.5_1_G (veraltet),9.985782,53.456486,2026-01,178.84497702833335,220.15502297166665,251.92644384916667,492.0735561508333,0.7099095049164881,0.4474026702304308,1.5867350647479495,True
5707,Zählfeld D_50.5_1_G (veraltet),9.985782,53.456486,2026-02,337.6240382636111,283.3759617363889,274.9950323086111,397.00496769138886,1.2277459539149604,0.7137844228605994,1.720051481362653,True
5708,Zählfeld D_50.5_2_I (veraltet),9.985782,53.456486,2025-01,3029.7115897305557,2642.2884102694443,252.25277094527777,491.74722905472225,12.010617676773919,5.373265478991458,2.2352548415360016,True
5708,Zählfeld D_50.5_2_I (veraltet),9.985782,53.456486,2025-02,3686.0728209580557,2195.9271790419443,275.4455073022222,396.55449269777773,13.382221612762233,5.537516834326992,2.4166466691001323,True
5708,Zählfeld D_50.5_2_I (veraltet),9.985782,53.456486,2025-03,6413.055454088611,2142.944545911389,368.8174108408333,375.1825891591667,17.388158111809496,5.711737718730521,3.0442851139309934,True
5708,Zählfeld D_50.5_2_I (veraltet),9.985782,53.456486,2025-04,8203.367960087222,2378.6320399127776,421.24926776527775,298.75073223472225,19.473904378768395,7.961928736107451,2.4458777545262347,True
5708,Zählfeld D_50.5_2_I (veraltet),9.985782,53.456486,2025-05,9450.745695821111,1538.2543041788888,493.9207367352778,250.07926326472221,19.134134270791595,6.151067002107107,3.110701649687284,True
5708,Zählfeld D_50.5_2_I (veraltet),9.985782,53.456486,2025-06,10446.937458485556,1277.0625415144445,508.2723593,211.7276407,20.553817785553456,6.031628828868562,3.407672847370654,True
5708,Zählfeld D_50.5_2_I (veraltet),9.985782,53.456486,2025-07,10884.134505715,1731.865494285,508.95938871444446,235.04061128555554,21.385074619031393,7.368367044369715,2.902281399699281,True
5708,Zählfeld D_50.5_2_I (veraltet),9.985782,53.456486,2025-08,9905.260007561112,2455.7399924388887,456.3271263661111,287.6728736338889,21.706489566903645,8.536571284660722,2.542764400727001,True
5708,Zählfeld D_50.5_2_I (veraltet),9.985782,53.456486,2025-09,8600.225164178333,3476.774835821667,379.47910540944446,340.52089459055554,22.6632376897247,10.21016592829689,2.2196737887397924,True
5708,Zählfeld D_50.5_2_I (veraltet),9.985782,53.456486,2025-10,5796.119741682222,3456.8802583177776,326.24710055888886,417.7528994411111,17.766042155632892,8.274940192976638,2.1469692519000723,True
5708,Zählfeld D_50.5_2_I (veraltet),9.985782,53.456486,2025-11,4536.99836736,3492.00163264,257.97459228055556,462.0254077194445,17.586996949009112,7.558029437983737,2.3269288765433567,True
5708,Zählfeld D_50.5_2_I (veraltet),9.985782,53.456486,2025-12,3766.5828121194445,3510.4171878805555,234.07368837805555,509.9263116219445,16.091440427238393,6.88416562917654,2.337456896597532,True
5708,Zählfeld D_50.5_2_I (veraltet),9.985782,53.456486,2026-01,1769.0715423330555,1497.9284576669445,251.92644384916667,492.0735561508333,7.022174867010918,3.0441149274190837,2.306803466505315,True
5708,Zählfeld D_50.5_2_I (veraltet),9.985782,53.456486,2026-02,2916.0016816725,1715.9983183275,274.9950323086111,397.00496769138886,10.60383402999091,4.322359814050056,2.45325111424611,True
5709,Zählfeld C_22.2_1_G (veraltet),9.868201,53.571205,2025-01,389.46858089305556,297.53141910694444,252.25277094527777,491.74722905472225,1.543961556630609,0.605049508217635,2.5517937551570564,True
5709,Zählfeld C_22.2_1_G (veraltet),9.868201,53.571205,2025-02,405.0020417372222,189.9979582627778,275.4455073022222,396.55449269777773,1.4703526868305352,0.4791219410230692,3.068848576817189,True
5709,Zählfeld C_22.2_1_G (veraltet),9.868201,53.571205,2025-03,603.7241009580556,79.27589904194444,368.8174108408333,375.1825891591667,1.6369186573423415,0.21129951477655748,7.746911577498562,True
5709,Zählfeld C_22.2_1_G (veraltet),9.868201,53.571205,2025-04,943.1743368688889,57.825663131111114,421.24926776527775,298.75073223472225,2.238993415638245,0.19355823063114266,11.56754434227609,True
5709,Zählfeld C_22.2_1_G (veraltet),9.868201,53.571205,2025-05,1266.0130361877777,78.98696381222223,493.9207367352778,250.07926326472221,2.5631906944338545,0.3158477147647797,8.115273831703142,True
5709,Zählfeld C_22.2_1_G (veraltet),9.868201,53.571205,2025-06,1503.6964616544444,66.30353834555555,508.2723593,211.7276407,2.95844626240419,0.3131548536900858,9.447231066493451,True
5709,Zählfeld C_22.2_1_G (veraltet),9.868201,53.571205,2025-07,1564.01093545,92.98906455,508.95938871444446,235.04061128555554,3.0729582165690243,0.39562977666453447,7.767257162684879,True
5709,Zählfeld C_22.2_1_G (veraltet),9.868201,53.571205,2025-08,982.3667622552778,116.63323774472222,456.3271263661111,287.6728736338889,2.1527687167716723,0.40543703781107016,5.309748533075171,True
5709,Zählfeld C_22.2_1_G (veraltet),9.868201,53.571205,2025-09,1192.439227921111,234.5607720788889,379.47910540944446,340.52089459055554,3.1423053625956863,0.6888293077020318,4.561805555397418,True
5709,Zählfeld C_22.2_1_G (veraltet),9.868201,53.571205,2025-10,954.6283354622223,344.3716645377778,326.24710055888886,417.7528994411111,2.926089868160861,0.8243429668555119,3.5496025147427943,True
5709,Zählfeld C_22.2_1_G (veraltet),9.868201,53.571205,2025-11,703.4172416991667,433.58275830083335,257.97459228055556,462.0254077194445,2.726691940786859,0.9384392093088474,2.9055605453602524,True
5709,Zählfeld C_22.2_1_G (veraltet),9.868201,53.571205,2025-12,618.0230236730556,503.97697632694445,234.07368837805555,509.9263116219445,2.6402925845936105,0.9883329509393687,2.671460647026009,True
5709,Zählfeld C_22.2_1_G (veraltet),9.868201,53.571205,2026-01,189.2944924463889,139.7055075536111,251.92644384916667,492.0735561508333,0.7513879430605674,0.2839118375846796,2.646553766312961,True
5709,Zählfeld C_22.2_1_G (veraltet),9.868201,53.571205,2026-02,441.5353023375,196.4646976625,274.9950323086111,397.00496769138886,1.6056119218982485,0.4948671015502796,3.244531545678259,True
5710,Zählfeld C_22.2_2_I (veraltet),9.868201,53.571205,2025-01,847.0071859255555,743.9928140744445,252.25277094527777,491.74722905472225,3.357771582653101,1.512957816772267,2.2193424994601276,True
5710,Zählfeld C_22.2_2_I (veraltet),9.868201,53.571205,2025-02,1087.89425301,495.10574699,275.4455073022222,396.55449269777773,3.9495806762836363,1.248518819246691,3.1634130101992888,True
5710,Zählfeld C_22.2_2_I (veraltet),9.868201,53.571205,2025-03,1332.1459178841667,267.8540821158333,368.8174108408333,375.1825891591667,3.6119388042097262,0.7139299366639837,5.059234273166095,True
5710,Zählfeld C_22.2_2_I (veraltet),9.868201,53.571205,2025-04,1789.7253983,233.2746017,421.24926776527775,298.75073223472225,4.248613671887126,0.7808335730428302,5.441125764265879,True
5710,Zählfeld C_22.2_2_I (veraltet),9.868201,53.571205,2025-05,2094.546362985833,108.45363701416667,493.9207367352778,250.07926326472221,4.240652815733931,0.4336770494215777,9.778365771003921,True
5710,Zählfeld C_22.2_2_I (veraltet),9.868201,53.571205,2025-06,2436.5513114647224,71.44868853527778,508.2723593,211.7276407,4.793790704693003,0.3374556496216499,14.205691059159115,True
5710,Zählfeld C_22.2_2_I (veraltet),9.868201,53.571205,2025-07,2265.275765445,116.724234555,508.95938871444446,235.04061128555554,4.4507986603150185,0.4966130487687908,8.962307114864366,True
5710,Zählfeld C_22.2_2_I (veraltet),9.868201,53.571205,2025-08,1484.4769054458334,177.52309455416668,456.3271263661111,287.6728736338889,3.2530980949285886,0.6171005709078223,5.271584970571208,True
5710,Zählfeld C_22.2_2_I (veraltet),9.868201,53.571205,2025-09,1957.8519515063888,446.1480484936111,379.47910540944446,340.52089459055554,5.159314237852269,1.3101928709251816,3.9378280498573184,True
5710,Zählfeld C_22.2_2_I (veraltet),9.868201,53.571205,2025-10,1285.4794287458333,512.5205712541666,326.24710055888886,417.7528994411111,3.940201848671447,1.2268510211176034,3.2116383985091432,True
5710,Zählfeld C_22.2_2_I (veraltet),9.868201,53.571205,2025-11,1105.260314706111,829.7396852938889,257.97459228055556,462.0254077194445,4.28437663157194,1.7958745805549539,2.385676972078974,True
5710,Zählfeld C_22.2_2_I (veraltet),9.868201,53.571205,2025-12,850.8274584475,847.1725415525,234.07368837805555,509.9263116219445,3.63487013146611,1.6613626758302822,2.1878847914104895,True
5710,Zählfeld C_22.2_2_I (veraltet),9.868201,53.571205,2026-01,599.2496618472222,497.7503381527778,251.92644384916667,492.0735561508333,2.378669157121135,1.0115364500509847,2.3515407250042673,True
5710,Zählfeld C_22.2_2_I (veraltet),9.868201,53.571205,2026-02,869.7366604630555,371.26333953694444,274.9950323086111,397.00496769138886,3.1627358980325146,0.935160438157402,3.3820249114304137,True
5711,Zählfeld D_22.2_1_G (veraltet),9.868206,53.57122,2025-01,1.577669176388889,2.422330823611111,252.25277094527777,491.74722905472225,0.006254318517401497,0.004925967408636991,,False
5711,Zählfeld D_22.2_1_G (veraltet),9.868206,53.57122,2025-02,2.0,6.0,275.4455073022222,396.55449269777773,0.00726096431772828,0.015130329148919068,,False
5711,Zählfeld D_22.2_1_G (veraltet),9.868206,53.57122,2025-03,2.0,2.0,368.8174108408333,375.1825891591667,0.005422737488017124,0.0053307377735258505,,False
5711,Zählfeld D_22.2_1_G (veraltet),9.868206,53.57122,2025-04,16.0,6.0,421.24926776527775,298.75073223472225,0.037982261868085385,0.020083632783486953,,False
5711,Zählfeld D_22.2_1_G (veraltet),9.868206,53.57122,2025-05,13.37250516,3.6274948399999998,493.9207367352778,250.07926326472221,0.02707419260910104,0.014505380384778659,,False
5711,Zählfeld D_22.2_1_G (veraltet),9.868206,53.57122,2025-06,20.874986463055556,0.1250135369444444,508.2723593,211.7276407,0.041070473499296496,0.0005904450478507806,,False
5711,Zählfeld D_22.2_1_G (veraltet),9.868206,53.57122,2025-07,17.0940366825,1.9059633175,508.95938871444446,235.04061128555554,0.03358624884723512,0.00810908083958481,,False
5711,Zählfeld D_22.2_1_G (veraltet),9.868206,53.57122,2025-08,18.802618083055556,7.197381916944444,456.3271263661111,287.6728736338889,0.0412042523809339,0.025019327773338467,,False
5711,Zählfeld D_22.2_1_G (veraltet),9.868206,53.57122,2025-09,13.0,7.0,379.47910540944446,340.52089459055554,0.03425748562881601,0.02055674148400451,,False
5711,Zählfeld D_22.2_1_G (veraltet),9.868206,53.57122,2025-10,19.908103181111112,11.09189681888889,326.24710055888886,417.7528994411111,0.06102154822834241,0.02655133413491118,2.2982479116975094,True
5711,Zählfeld D_22.2_1_G (veraltet),9.868206,53.57122,2025-11,7.0,4.0,257.97459228055556,462.0254077194445,0.027134455134198945,0.008657532536455048,,False
5711,Zählfeld D_22.2_1_G (veraltet),9.868206,53.57122,2025-12,0.0,2.0,234.07368837805555,509.9263116219445,0.0,0.003922135325079646,,False
5711,Zählfeld D_22.2_1_G (veraltet),9.868206,53.57122,2026-01,4.876097963055556,1.1239020369444443,251.92644384916667,492.0735561508333,0.019355244683940252,0.0022840122638086635,,False
5711,Zählfeld D_22.2_1_G (veraltet),9.868206,53.57122,2026-02,2.398381794444444,3.6016182055555555,274.9950323086111,397.00496769138886,0.008721545892337715,0.009071972641801469,,False
5713,Zählfeld B_16.1_1_I (veraltet),10.018952,53.490955,2025-01,679.6200536961111,533.3799463038889,232.22817079583334,452.77182920416664,2.9265185673516267,1.1780325362587298,2.4842425631518203,True
5713,Zählfeld B_16.1_1_I (veraltet),10.018952,53.490955,2025-02,971.7529987447223,462.2470012552778,275.4455073022222,396.55449269777773,3.5279319247654417,1.1656582128488597,3.026557773005522,True
5713,Zählfeld B_16.1_1_I (veraltet),10.018952,53.490955,2025-03,1855.6478596180555,387.3521403819444,368.8174108408333,375.1825891591667,5.031345606454783,1.0324363431950594,4.873274405358864,True
5713,Zählfeld B_16.1_1_I (veraltet),10.018952,53.490955,2025-04,2560.0327090741666,418.9672909258333,421.24926776527775,298.75073223472225,6.07723954668244,1.4023975365411303,4.333464219903957,True
5713,Zählfeld B_16.1_1_I (veraltet),10.018952,53.490955,2025-05,3037.4712151705558,239.52878482944445,493.9207367352778,250.07926326472221,6.149713889818968,0.9578114622638282,6.420589157790884,True
5713,Zählfeld B_16.1_1_I (veraltet),10.018952,53.490955,2025-06,3240.735153388889,183.2648466111111,508.2723593,211.7276407,6.375981487272052,0.8655688317558016,7.366232763185811,True
5713,Zählfeld B_16.1_1_I (veraltet),10.018952,53.490955,2025-07,3118.172947393611,214.8270526063889,508.95938871444446,235.04061128555554,6.126565334160848,0.9139997187353772,6.703027592434765,True
5713,Zählfeld B_16.1_1_I (veraltet),10.018952,53.490955,2025-08,3491.2384166025,454.7615833975,456.3271263661111,287.6728736338889,7.65073609453031,1.5808288687527032,4.839699126045725,True
5713,Zählfeld B_16.1_1_I (veraltet),10.018952,53.490955,2025-09,4121.647532575278,1004.3524674247222,379.47910540944446,340.52089459055554,10.861329316480198,2.949459147381725,3.6824816936766007,True
5713,Zählfeld B_16.1_1_I (veraltet),10.018952,53.490955,2025-10,1766.7035510780556,719.2964489219445,326.24710055888886,417.7528994411111,5.415231424437315,1.7218227566684807,3.1450574128286783,True
5713,Zählfeld B_16.1_1_I (veraltet),10.018952,53.490955,2025-11,1149.2463398352777,816.7536601647222,257.97459228055556,462.0254077194445,4.454881892343242,1.767767846786208,2.5200604821737156,True
5713,Zählfeld B_16.1_1_I (veraltet),10.018952,53.490955,2025-12,868.4750559075,789.5249440925,234.07368837805555,509.9263116219445,3.710263472692472,1.5483118366283635,2.3963283008751133,True
5713,Zählfeld B_16.1_1_I (veraltet),10.018952,53.490955,2026-01,348.82484640444443,288.17515359555557,251.92644384916667,492.0735561508333,1.3846297398350638,0.5856343020132185,2.364324861223397,True
5713,Zählfeld B_16.1_1_I (veraltet),10.018952,53.490955,2026-02,721.7818623969445,385.21813760305554,274.9950323086111,397.00496769138886,2.624708731417847,0.9703106231721116,2.7050190616662784,True
5714,Zählfeld B_16.1_2_G (veraltet),10.018952,53.490955,2025-01,149.49183986944445,197.50816013055555,232.22817079583334,452.77182920416664,0.6437282753300085,0.4362200724318782,1.4756961359923106,True
5714,Zählfeld B_16.1_2_G (veraltet),10.018952,53.490955,2025-02,249.8500481313889,177.1499518686111,275.4455073022222,396.55449269777773,0.9070761421323541,0.4467228467478761,2.030512092085352,True
5714,Zählfeld B_16.1_2_G (veraltet),10.018952,53.490955,2025-03,460.9715289172222,140.02847108277777,368.8174108408333,375.1825891591667,1.2498637953839953,0.3732275300850178,3.3487985066355845,True
5714,Zählfeld B_16.1_2_G (veraltet),10.018952,53.490955,2025-04,678.8497680061112,136.1502319938889,421.24926776527775,298.75073223472225,1.6115156035935705,0.4557318771253035,3.5361046362584907,True
5714,Zählfeld B_16.1_2_G (veraltet),10.018952,53.490955,2025-05,941.375198255,122.624801745,493.9207367352778,250.07926326472221,1.9059236193995643,0.49034374199669295,3.8869133143997963,True
5714,Zählfeld B_16.1_2_G (veraltet),10.018952,53.490955,2025-06,1041.056521483611,122.9434785163889,508.2723593,211.7276407,2.0482257247224087,0.5806680606741815,3.5273607477985394,True
5714,Zählfeld B_16.1_2_G (veraltet),10.018952,53.490955,2025-07,1340.9914916994444,182.00850830055555,508.95938871444446,235.04061128555554,2.6347711063678165,0.7743704685971471,3.402468473702231,True
5714,Zählfeld B_16.1_2_G (veraltet),10.018952,53.490955,2025-08,3010.5350125786113,636.4649874213889,456.3271263661111,287.6728736338889,6.597317666719774,2.2124609087452414,2.9818911785706206,True
5714,Zählfeld B_16.1_2_G (veraltet),10.018952,53.490955,2025-09,2382.532766580833,789.4672334191666,379.47910540944446,340.52089459055554,6.278429385486627,2.3184105467842935,2.70807488958114,True
5714,Zählfeld B_16.1_2_G (veraltet),10.018952,53.490955,2025-10,479.2415133419444,332.7584866580556,326.24710055888886,417.7528994411111,1.4689525593360468,0.7965438111937346,1.844157896518726,True
5714,Zählfeld B_16.1_2_G (veraltet),10.018952,53.490955,2025-11,286.24152111305557,293.75847888694443,257.97459228055556,462.0254077194445,1.109572530312438,0.6358058972058162,1.745143502425331,True
5714,Zählfeld B_16.1_2_G (veraltet),10.018952,53.490955,2025-12,224.36288683194445,302.6371131680556,234.07368837805555,509.9263116219445,0.9585139123777677,0.5934918561182786,1.61504139020021,True
5714,Zählfeld B_16.1_2_G (veraltet),10.018952,53.490955,2026-01,97.05612508805555,116.94387491194445,251.92644384916667,492.0735561508333,0.38525580564367023,0.23765527216442842,1.6210698888982369,True
5714,Zählfeld B_16.1_2_G (veraltet),10.018952,53.490955,2026-02,175.02223860444445,136.97776139555555,274.9950323086111,397.00496769138886,0.6364560011688759,0.3450278272135753,1.8446512164217526,True
5715,Zählfeld B_50.6_1_I (veraltet),9.984691,53.456963,2025-01,5606.677776915833,3565.3222230841666,252.25277094527777,491.74722905472225,22.22642691259916,7.250314821168851,3.0655809383206827,True
5715,Zählfeld B_50.6_1_I (veraltet),9.984691,53.456963,2025-02,6389.1829257375,2862.8170742625,275.4455073022222,396.55449269777773,23.195814621609383,7.219227437789518,3.213060513953249,True
5715,Zählfeld B_50.6_1_I (veraltet),9.984691,53.456963,2025-03,10264.5707527525,2562.4292472475,368.8174108408333,375.1825891591667,27.831036309677565,6.829819190144828,4.07493017528732,True
5715,Zählfeld B_50.6_1_I (veraltet),9.984691,53.456963,2025-04,11912.762097321667,1739.2379026783333,383.17557271305554,266.82442728694446,31.08956558210104,6.518285901942356,4.769592197979041,True
5715,Zählfeld B_50.6_1_I (veraltet),9.984691,53.456963,2025-05,14907.57969353389,1209.420306466111,493.9207367352778,250.07926326472221,30.182129610654048,4.83614791037622,6.240944274242861,True
5715,Zählfeld B_50.6_1_I (veraltet),9.984691,53.456963,2025-06,15508.5134277125,1002.4865722874999,506.2723593,211.7276407,30.63274765613399,4.73479310010325,6.469711982867,True
5715,Zählfeld B_50.6_1_I (veraltet),9.984691,53.456963,2025-07,16606.70335625861,1349.2966437413888,508.95938871444446,235.04061128555554,32.628739590018505,5.740695773217256,5.683760449777744,True
5715,Zählfeld B_50.6_1_I (veraltet),9.984691,53.456963,2025-08,14518.343340088055,2132.6566599119446,456.3271263661111,287.6728736338889,31.81564825151331,7.41347848676932,4.2915951409711415,True
5715,Zählfeld B_50.6_1_I (veraltet),9.984691,53.456963,2025-09,14652.32408927139,3138.675910728611,379.47910540944446,340.52089459055554,38.61167553207456,9.217278471274353,4.189053813705188,True
5715,Zählfeld B_50.6_1_I (veraltet),9.984691,53.456963,2025-10,11080.675728834167,3739.324271165833,326.24710055888886,417.7528994411111,33.96405886780919,8.95104325109047,3.7944246178981973,True
5715,Zählfeld B_50.6_1_I (veraltet),9.984691,53.456963,2025-11,8190.002743089723,5057.997256910277,257.97459228055556,462.0254077194445,31.747323140190623,10.947443955250277,2.8999758546345373,True
5715,Zählfeld B_50.6_1_I (veraltet),9.984691,53.456963,2025-12,6985.252134557222,5299.747865442778,234.07368837805555,509.9263116219445,29.842107342177,10.393164158534285,2.8713206956971162,True
5715,Zählfeld B_50.6_1_I (veraltet),9.984691,53.456963,2026-01,3587.0818983372224,2372.9181016627776,251.92644384916667,492.0735561508333,14.238608077542185,4.822283319234933,2.9526693342026977,True
5715,Zählfeld B_50.6_1_I (veraltet),9.984691,53.456963,2026-02,5371.88839855,2429.11160145,274.9950323086111,397.00496769138886,19.53449250865535,6.118592458868841,3.1926448182278087,True
5716,Zählfeld B_50.6_2_G (veraltet),9.984691,53.456963,2025-01,2170.113102055,1791.886897945,252.25277094527777,491.74722905472225,8.602930679107471,3.6439186477766543,2.3609008626898325,True
5716,Zählfeld B_50.6_2_G (veraltet),9.984691,53.456963,2025-02,2606.6177581208335,1297.3822418791667,275.4455073022222,396.55449269777773,9.463279265836128,3.271636725265721,2.89252140763505,True
5716,Zählfeld B_50.6_2_G (veraltet),9.984691,53.456963,2025-03,3747.527967331111,1245.472032668889,368.8174108408333,375.1825891591667,10.160930197919514,3.319642405209034,3.0608508259731346,True
5716,Zählfeld B_50.6_2_G (veraltet),9.984691,53.456963,2025-04,4320.086316279167,605.9136837208333,383.17557271305554,266.82442728694446,11.274430375848363,2.270832883936936,4.964887753563757,True
5716,Zählfeld B_50.6_2_G (veraltet),9.984691,53.456963,2025-05,5663.457395485,489.542604515,493.9207367352778,250.07926326472221,11.466328449620029,1.9575497709172034,5.857490123608719,True
5716,Zählfeld B_50.6_2_G (veraltet),9.984691,53.456963,2025-06,5754.061613344445,399.9383866555556,506.2723593,211.7276407,11.365545654715037,1.8889285562022304,6.01692722437631,True
5716,Zählfeld B_50.6_2_G (veraltet),9.984691,53.456963,2025-07,6192.935115274722,616.0648847252778,508.95938871444446,235.04061128555554,12.167837459324904,2.62109973827803,4.642264192250366,True
5716,Zählfeld B_50.6_2_G (veraltet),9.984691,53.456963,2025-08,5283.514906943055,883.4850930569445,456.3271263661111,287.6728736338889,11.57834939381643,3.0711449498061634,3.7700432845239695,True
5716,Zählfeld B_50.6_2_G (veraltet),9.984691,53.456963,2025-09,5723.315194725833,1185.6848052741666,379.47910540944446,340.52089459055554,15.082029848654194,3.4819737176476098,4.331459991272846,True
5716,Zählfeld B_50.6_2_G (veraltet),9.984691,53.456963,2025-10,4531.891232484722,1640.1087675152778,326.24710055888886,417.7528994411111,13.890977804005644,3.926026054419946,3.5381776920117707,True
5716,Zählfeld B_50.6_2_G (veraltet),9.984691,53.456963,2025-11,3224.165089998889,2435.834910001111,257.97459228055556,462.0254077194445,12.497994711403623,5.272079996691918,2.370600354935009,True
5716,Zählfeld B_50.6_2_G (veraltet),9.984691,53.456963,2025-12,2839.4955770869446,2449.5044229130554,234.07368837805555,509.9263116219445,12.13077640961011,4.8036439130230635,2.525327986265302,True
5716,Zählfeld B_50.6_2_G (veraltet),9.984691,53.456963,2026-01,1817.6910357366667,1223.3089642633333,251.92644384916667,492.0735561508333,7.2151656966386355,2.4860286617156833,2.902285805369288,True
5716,Zählfeld B_50.6_2_G (veraltet),9.984691,53.456963,2026-02,2530.7063877394444,1207.2936122605556,274.9950323086111,397.00496769138886,9.202734923950839,3.041003792171798,3.026216194679096,True
5717,Zählfeld A_50.2_1_G (veraltet),9.987232,53.456978,2025-01,1311.5060103097221,1048.4939896902779,252.25277094527777,491.74722905472225,5.199173850083227,2.132180778538968,2.4384301286337697,True
5717,Zählfeld A_50.2_1_G (veraltet),9.987232,53.456978,2025-02,1686.608096591111,806.3919034088889,275.4455073022222,396.55449269777773,6.123200603669835,2.03349582026664,3.0111695055596113,True
5717,Zählfeld A_50.2_1_G (veraltet),9.987232,53.456978,2025-03,2722.1879563797224,815.8120436202778,368.8174108408333,375.1825891591667,7.380855340244522,2.1744400385119667,3.3943706009458228,True
5717,Zählfeld A_50.2_1_G (veraltet),9.987232,53.456978,2025-04,3238.3430166475,394.6569833525,421.24926776527775,298.75073223472225,7.687474529811934,1.3210243215150554,5.819328535144098,True
5717,Zählfeld A_50.2_1_G (veraltet),9.987232,53.456978,2025-05,3802.930823511667,298.0691764883333,493.9207367352778,250.07926326472221,7.699475929373439,1.1918988107894863,6.459840264689486,True
5717,Zählfeld A_50.2_1_G (veraltet),9.987232,53.456978,2025-06,3905.9485943063887,222.05140569361112,508.2723593,211.7276407,7.684755078331856,1.0487596468721767,7.3274702180341205,True
5717,Zählfeld A_50.2_1_G (veraltet),9.987232,53.456978,2025-07,4074.9745217288887,262.0254782711111,508.95938871444446,235.04061128555554,8.006482662637714,1.1148093805490114,7.181929756183746,True
5717,Zählfeld A_50.2_1_G (veraltet),9.987232,53.456978,2025-08,3799.7934400383333,428.20655996166664,456.3271263661111,287.6728736338889,8.326906774745975,1.4885190756867468,5.5940880508395585,True
5717,Zählfeld A_50.2_1_G (veraltet),9.987232,53.456978,2025-09,3796.876348586111,799.1236514138889,379.47910540944446,340.52089459055554,10.00549514969847,2.3467683308384353,4.263520611821016,True
5717,Zählfeld A_50.2_1_G (veraltet),9.987232,53.456978,2025-10,2721.4149794725,934.5850205275,326.24710055888886,417.7528994411111,8.34157598584167,2.237171834780394,3.7286255155543286,True
5717,Zählfeld A_50.2_1_G (veraltet),9.987232,53.456978,2025-11,1772.4796195247222,1475.5203804752778,257.97459228055556,462.0254077194445,6.870752673182227,3.193591425541812,2.151418812760797,True
5717,Zählfeld A_50.2_1_G (veraltet),9.987232,53.456978,2025-12,1538.3294554780555,1389.6705445219445,234.07368837805555,509.9263116219445,6.571987933105403,2.725237966446093,2.411528099205131,True
5717,Zählfeld A_50.2_1_G (veraltet),9.987232,53.456978,2026-01,1109.3855306147223,761.6144693852777,251.92644384916667,492.0735561508333,4.4036089013304744,1.5477654912872887,2.845139606819867,True
5717,Zählfeld A_50.2_1_G (veraltet),9.987232,53.456978,2026-02,1616.3141469758334,754.6858530241667,274.9950323086111,397.00496769138886,5.877612164142431,1.900948135265704,3.091937152362598,True
5718,Zählfeld A_50.2_2_I (veraltet),9.987232,53.456978,2025-01,2941.4242031475,2433.5757968525,252.25277094527777,491.74722905472225,11.660621971068835,4.948834793701885,2.3562358529140393,True
5718,Zählfeld A_50.2_2_I (veraltet),9.987232,53.456978,2025-02,3472.494163294167,1921.5058367058334,275.4455073022222,396.55449269777773,12.606828106599334,4.845502628488066,2.601758594140526,True
5718,Zählfeld A_50.2_2_I (veraltet),9.987232,53.456978,2025-03,6317.830170439444,1710.1698295605556,368.8174108408333,375.1825891591667,17.129967254083795,4.55823345479136,3.7580276271452777,True
5718,Zählfeld A_50.2_2_I (veraltet),9.987232,53.456978,2025-04,7625.470728641944,1780.5292713580554,421.24926776527775,298.75073223472225,18.102039130168638,5.959916007700796,3.037297691239109,True
5718,Zählfeld A_50.2_2_I (veraltet),9.987232,53.456978,2025-05,9213.861601859167,1084.1383981408333,493.9207367352778,250.07926326472221,18.654534860716804,4.335179110765433,4.303059777713106,True
5718,Zählfeld A_50.2_2_I (veraltet),9.987232,53.456978,2025-06,10073.645885715556,846.3541142844444,508.2723593,211.7276407,19.819385613628736,3.997371866452033,4.9581040432998105,True
5718,Zählfeld A_50.2_2_I (veraltet),9.987232,53.456978,2025-07,10264.669950261112,1190.3300497388889,508.95938871444446,235.04061128555554,20.167954807137242,5.06435906215685,3.9823311419289356,True
5718,Zählfeld A_50.2_2_I (veraltet),9.987232,53.456978,2025-08,9723.529025284723,1734.4709747152779,456.3271263661111,287.6728736338889,21.308242406530834,6.029317094814709,3.5341054503264058,True
5718,Zählfeld A_50.2_2_I (veraltet),9.987232,53.456978,2025-09,8246.006629449445,2651.9933705505555,379.47910540944446,340.52089459055554,21.72980412334507,7.7880488765287925,2.7901473742458394,True
5718,Zählfeld A_50.2_2_I (veraltet),9.987232,53.456978,2025-10,5469.4068349875,2739.5931650125,326.24710055888886,417.7528994411111,16.764614384673283,6.557927350540601,2.556389159036856,True
5718,Zählfeld A_50.2_2_I (veraltet),9.987232,53.456978,2025-11,4209.712331240278,3042.2876687597222,257.97459228055556,462.0254077194445,16.318321482846198,6.5846761193858185,2.4782268993920202,True
5718,Zählfeld A_50.2_2_I (veraltet),9.987232,53.456978,2025-12,3609.1892917130554,2906.8107082869446,234.07368837805555,509.9263116219445,15.41903029222065,5.700452481146006,2.7048783132950254,True
5718,Zählfeld A_50.2_2_I (veraltet),9.987232,53.456978,2026-01,1858.0785008280557,1281.9214991719446,251.92644384916667,492.0735561508333,7.375480209376209,2.6051420222610018,2.831124040974562,True
5718,Zählfeld A_50.2_2_I (veraltet),9.987232,53.456978,2026-02,3070.5266428383334,1446.4733571616666,274.9950323086111,397.00496769138886,11.165753130378217,3.6434641248269726,3.06459807145994,True
5719,Zählfeld D_2.2_1_I (veraltet),9.966833,53.55737,2025-01,22378.834757219167,21298.165242780833,252.25277094527777,491.74722905472225,88.71591250854445,43.311205400632254,2.0483362605107587,True
5719,Zählfeld D_2.2_1_I (veraltet),9.966833,53.55737,2025-02,27968.240160885278,15644.759839114722,275.4455073022222,396.55449269777773,101.53819691892153,39.451727636932645,2.5737325841179834,True
5719,Zählfeld D_2.2_1_I (veraltet),9.966833,53.55737,2025-03,44790.27280773611,12965.727192263888,368.8174108408333,375.1825891591667,121.4429457265123,34.558445852516186,3.5141321529558915,True
5719,Zählfeld D_2.2_1_I (veraltet),9.966833,53.55737,2025-04,68379.42353202084,8115.576467979166,421.24926776527775,298.75073223472225,162.32532318637098,27.16504293486694,5.975522423269312,True
5719,Zählfeld D_2.2_1_I (veraltet),9.966833,53.55737,2025-05,72658.62901269611,4723.370987303889,493.9207367352778,250.07926326472221,147.10584838562528,18.88749561095735,7.788531175106328,True
5719,Zählfeld D_2.2_1_I (veraltet),9.966833,53.55737,2025-06,74393.75187579417,3027.2481242058334,508.2723593,211.7276407,146.365920779659,14.297840915797979,10.23692469664677,True
5719,Zählfeld D_2.2_1_I (veraltet),9.966833,53.55737,2025-07,78365.168646295,4294.831353705,508.95938871444446,235.04061128555554,153.97135878411387,18.27272031932866,8.426296473286731,True
5719,Zählfeld D_2.2_1_I (veraltet),9.966833,53.55737,2025-08,67176.77475827695,7306.225241723056,456.3271263661111,287.6728736338889,147.21188129495735,25.397685744334137,5.796271470434988,True
5719,Zählfeld D_2.2_1_I (veraltet),9.966833,53.55737,2025-09,64797.69889021333,12537.301109786667,379.47910540944446,340.52089459055554,170.75432603937156,36.81800826014391,4.637793680551043,True
5719,Zählfeld D_2.2_1_I (veraltet),9.966833,53.55737,2025-10,41760.26243590806,16421.737564091945,326.24710055888886,417.7528994411111,128.00194197701435,39.309691413420936,3.256243877134902,True
5719,Zählfeld D_2.2_1_I (veraltet),9.966833,53.55737,2025-11,27952.9749703275,26493.0250296725,257.97459228055556,462.0254077194445,108.35553502853395,57.3410565458769,1.8896675707717707,True
5719,Zählfeld D_2.2_1_I (veraltet),9.966833,53.55737,2025-12,22005.695885141944,26108.304114858056,234.07368837805555,509.9263116219445,94.01183036685546,51.20015092340353,1.8361631493528034,True
5719,Zählfeld D_2.2_1_I (veraltet),9.966833,53.55737,2026-01,11656.0376557775,10599.9623442225,251.92644384916667,492.0735561508333,46.267622714335616,21.541418374803577,2.147844766269134,True
5719,Zählfeld D_2.2_1_I (veraltet),9.966833,53.55737,2026-02,20108.827442299167,11109.172557700833,274.9950323086111,397.00496769138886,73.12432982328272,27.982452265777514,2.613220926055635,True
5721,Zählfeld B_16.6_1_I (veraltet),10.014789,53.491993,2025-01,1341.9860008222222,878.0139991777778,252.25277094527777,491.74722905472225,5.320004992584778,1.7854986206339585,2.9795626449130825,True
5721,Zählfeld B_16.6_1_I (veraltet),10.014789,53.491993,2025-02,1696.3147862180556,626.6852137819444,275.4455073022222,396.55449269777773,6.158440567182089,1.580325592880255,3.8969441455149103,True
5721,Zählfeld B_16.6_1_I (veraltet),10.014789,53.491993,2025-03,2792.9399009869444,561.0600990130556,368.8174108408333,375.1825891591667,7.572689951430369,1.4954321315135246,5.063880728419323,True
5721,Zählfeld B_16.6_1_I (veraltet),10.014789,53.491993,2025-04,4269.676622513333,498.3233774866667,421.24926776527775,298.75073223472225,10.135748473021486,1.6680239534781938,6.076500551377719,True
5721,Zählfeld B_16.6_1_I (veraltet),10.014789,53.491993,2025-05,4678.538897609166,241.46110239083333,493.9207367352778,250.07926326472221,9.472246353804497,0.9655382826973299,9.810327072006723,True
5721,Zählfeld B_16.6_1_I (veraltet),10.014789,53.491993,2025-06,5158.789647434723,197.2103525652778,508.2723593,211.7276407,10.149656090957773,0.9314341382791301,10.896804909587871,True
5721,Zählfeld B_16.6_1_I (veraltet),10.014789,53.491993,2025-07,4557.717308784445,255.28269121555556,508.95938871444446,235.04061128555554,8.95497245919082,1.086121627319151,8.244907599615868,True
5721,Zählfeld B_16.6_1_I (veraltet),10.014789,53.491993,2025-08,3952.7735988594445,449.22640114055554,456.3271263661111,287.6728736338889,8.66214908225319,1.5615876306511614,5.547014405231417,True
5721,Zählfeld B_16.6_1_I (veraltet),10.014789,53.491993,2025-09,4364.472950136945,780.5270498630556,379.47910540944446,340.52089459055554,11.501220720513277,2.2921561121867904,5.017642846996466,True
5721,Zählfeld B_16.6_1_I (veraltet),10.014789,53.491993,2025-10,2678.5513095155557,879.4486904844445,326.24710055888886,417.7528994411111,8.21019192178864,2.1051887172082133,3.8999790634810876,True
5721,Zählfeld B_16.6_1_I (veraltet),10.014789,53.491993,2025-11,2075.905276853611,1201.0947231463888,257.97459228055556,462.0254077194445,8.046936942518736,2.599629161251082,3.0954172473762047,True
5721,Zählfeld B_16.6_1_I (veraltet),10.014789,53.491993,2025-12,1586.1485366577779,1258.8514633422221,234.07368837805555,509.9263116219445,6.776278648183507,2.4686928967013673,2.7448852213403603,True
5721,Zählfeld B_16.6_1_I (veraltet),10.014789,53.491993,2026-01,579.7585695683333,405.2414304316667,251.92644384916667,492.0735561508333,2.301300969879312,0.8235383213875643,2.794406659791973,True
5721,Zählfeld B_16.6_1_I (veraltet),10.014789,53.491993,2026-02,1231.2383596355555,488.7616403644445,274.9950323086111,397.00496769138886,4.477311278313594,1.2311222280331326,3.6367723499450113,True
5722,Zählfeld B_16.6_2_G (veraltet),10.014789,53.491993,2025-01,281.4166491305555,247.58335086944444,252.25277094527777,491.74722905472225,1.1156137079326847,0.5034768601449365,2.215819228735818,True
5722,Zählfeld B_16.6_2_G (veraltet),10.014789,53.491993,2025-02,340.92502117916666,203.07497882083334,275.4455073022222,396.55449269777773,1.2377222069013438,0.5120985452448295,2.416960990017264,True
5722,Zählfeld B_16.6_2_G (veraltet),10.014789,53.491993,2025-03,710.9462633452778,190.05373665472223,368.8174108408333,375.1825891591667,1.927637477104066,0.5065633164925311,3.8053238644501963,True
5722,Zählfeld B_16.6_2_G (veraltet),10.014789,53.491993,2025-04,1133.4467936447222,181.55320635527778,421.24926776527775,298.75073223472225,2.6906795581097236,0.6077079878506714,4.4275862945722695,True
5722,Zählfeld B_16.6_2_G (veraltet),10.014789,53.491993,2025-05,1368.4539147330556,122.54608526694444,493.9207367352778,250.07926326472221,2.770594172211266,0.4900289758820302,5.653939478220284,True
5722,Zählfeld B_16.6_2_G (veraltet),10.014789,53.491993,2025-06,1645.6800729411111,91.3199270588889,508.2723593,211.7276407,3.237791791801477,0.43130848082457707,7.506905001291547,True
5722,Zählfeld B_16.6_2_G (veraltet),10.014789,53.491993,2025-07,1534.5947529583334,104.40524704166667,508.95938871444446,235.04061128555554,3.0151614981197046,0.44420088286284554,6.78783319539391,True
5722,Zählfeld B_16.6_2_G (veraltet),10.014789,53.491993,2025-08,1874.7136898991666,224.28631010083333,456.3271263661111,287.6728736338889,4.108267033845111,0.7796574882700779,5.269322870175504,True
5722,Zählfeld B_16.6_2_G (veraltet),10.014789,53.491993,2025-09,1659.6964433483333,364.30355665166667,379.47910540944446,340.52089459055554,4.373617465861737,1.0698420051131006,4.088096602076651,True
5722,Zählfeld B_16.6_2_G (veraltet),10.014789,53.491993,2025-10,788.4347837791667,337.56521622083335,326.24710055888886,417.7528994411111,2.4166798185440155,0.8080499660743073,2.990755423559761,True
5722,Zählfeld B_16.6_2_G (veraltet),10.014789,53.491993,2025-11,540.7835769225,465.2164230775,257.97459228055556,462.0254077194445,2.0962668150450283,1.0069065798216732,2.081888088780078,True
5722,Zählfeld B_16.6_2_G (veraltet),10.014789,53.491993,2025-12,407.18576642194444,508.81423357805556,234.07368837805555,509.9263116219445,1.7395623115242806,0.9978191397099089,1.7433643455967534,True
5722,Zählfeld B_16.6_2_G (veraltet),10.014789,53.491993,2026-01,172.2943015588889,175.7056984411111,251.92644384916667,492.0735561508333,0.6839071711822554,0.3570720195076948,1.9153199741754545,True
5722,Zählfeld B_16.6_2_G (veraltet),10.014789,53.491993,2026-02,294.83568680999997,185.16431319,274.9950323086111,397.00496769138886,1.0721491378765085,0.4664030132084825,2.2987611733058357,True
5727,Zählfeld A_25.1_1_I (veraltet),9.998648,53.557594,2025-01,21378.22060529583,20178.77939470417,252.25277094527777,491.74722905472225,84.74920027710418,41.03486141344103,2.0652975874153787,True
5727,Zählfeld A_25.1_1_I (veraltet),9.998648,53.557594,2025-02,29468.77056828,14100.22943172,275.4455073022222,396.55449269777773,106.98584579180121,35.55685206286661,3.0088671967541987,True
5727,Zählfeld A_25.1_1_I (veraltet),9.998648,53.557594,2025-03,49449.057433691945,9161.942566308055,368.8174108408333,375.1825891591667,134.07462874639657,24.419956658546354,5.490371282025757,True
5727,Zählfeld A_25.1_1_I (veraltet),9.998648,53.557594,2025-04,65388.262012186664,11119.737987813332,421.24926776527775,298.75073223472225,155.22463067786586,37.22078906597218,4.1703745292110055,True
5727,Zählfeld A_25.1_1_I (veraltet),9.998648,53.557594,2025-05,80602.75666733361,5028.243332666389,493.9207367352778,250.07926326472221,163.1896591345861,20.10659847211612,8.116224102296464,True
5727,Zählfeld A_25.1_1_I (veraltet),9.998648,53.557594,2025-06,85571.15995012806,3225.8400498719443,508.2723593,211.7276407,168.35690232689004,15.235800291387955,11.050085923090885,True
5727,Zählfeld A_25.1_1_I (veraltet),9.998648,53.557594,2025-07,55317.68382631694,2968.3161736830557,508.95938871444446,235.04061128555554,108.68781488841607,12.62895019481033,8.606243053605487,True
5727,Zählfeld A_25.1_1_I (veraltet),9.998648,53.557594,2025-08,27463.35591409972,2718.644085900278,456.3271263661111,287.6728736338889,60.18348313588064,9.450470777999735,6.368305299243404,True
5727,Zählfeld A_25.1_1_I (veraltet),9.998648,53.557594,2025-09,20336.9042869125,4804.0957130875,379.47910540944446,340.52089459055554,53.59163125719321,14.108079091193435,3.798648342611451,True
5727,Zählfeld A_25.1_1_I (veraltet),9.998648,53.557594,2025-10,33596.9542378275,15496.0457621725,326.24710055888886,417.7528994411111,102.98008527975598,37.09380780577183,2.776206902752437,True
5727,Zählfeld A_25.1_1_I (veraltet),9.998648,53.557594,2025-11,33307.466061297775,24743.53393870222,257.97459228055556,462.0254077194445,129.1114204963055,53.55448753529855,2.410842236352393,True
5727,Zählfeld A_25.1_1_I (veraltet),9.998648,53.557594,2025-12,22354.259174004445,23439.740825995555,234.07368837805555,509.9263116219445,95.50094813689518,45.96691775217436,2.0776017363569634,True
5727,Zählfeld A_25.1_1_I (veraltet),9.998648,53.557594,2026-01,11316.367982792222,9935.632017207778,251.92644384916667,492.0735561508333,44.91933363520804,20.19135532282545,2.224681449908847,True
5727,Zählfeld A_25.1_1_I (veraltet),9.998648,53.557594,2026-02,22280.73734852833,10876.262651471667,274.9950323086111,397.00496769138886,81.02232669979269,27.395784780018953,2.9574742008809367,True
5728,Zählfeld A_25.1_2_G (veraltet),9.998648,53.557594,2025-01,11236.95915848889,10051.04084151111,252.25277094527777,491.74722905472225,44.54642506554098,20.439445812093467,2.1794340940097343,True
5728,Zählfeld A_25.1_2_G (veraltet),9.998648,53.557594,2025-02,14480.58131071,7305.41868929,275.4455073022222,396.55449269777773,52.57149209851416,18.42223155660377,2.853698366399536,True
5728,Zählfeld A_25.1_2_G (veraltet),9.998648,53.557594,2025-03,25540.852420259722,5229.147579740278,368.8174108408333,375.1825891591667,69.25066894762764,13.937607263331389,4.968619623098437,True
5728,Zählfeld A_25.1_2_G (veraltet),9.998648,53.557594,2025-04,35975.648514072775,5010.351485927222,421.24926776527775,298.75073223472225,85.40228142098182,16.771009893260086,5.09225633784303,True
5728,Zählfeld A_25.1_2_G (veraltet),9.998648,53.557594,2025-05,41654.34463440056,2638.6553655994444,493.9207367352778,250.07926326472221,84.33406726295368,10.551276148019866,7.99278362918977,True
5728,Zählfeld A_25.1_2_G (veraltet),9.998648,53.557594,2025-06,42508.03283201416,1624.9671679858334,508.2723593,211.7276407,83.63239128438312,7.674799391394878,10.897013331469386,True
5728,Zählfeld A_25.1_2_G (veraltet),9.998648,53.557594,2025-07,34839.09187993556,1863.9081200644443,508.95938871444446,235.04061128555554,68.4516145147335,7.930153473775411,8.631814597422268,True
5728,Zählfeld A_25.1_2_G (veraltet),9.998648,53.557594,2025-08,20299.9642446275,2266.0357553725,456.3271263661111,287.6728736338889,44.4855522972808,7.877126983673835,5.6474336886382215,True
5728,Zählfeld A_25.1_2_G (veraltet),9.998648,53.557594,2025-09,10391.151784197778,2592.848215802222,379.47910540944446,340.52089459055554,27.38267176261548,7.614358639929803,3.5961888659959316,True
5728,Zählfeld A_25.1_2_G (veraltet),9.998648,53.557594,2025-10,14109.795602344167,6624.204397655833,326.24710055888886,417.7528994411111,43.248799999058676,15.856752655739784,2.727468917376572,True
5728,Zählfeld A_25.1_2_G (veraltet),9.998648,53.557594,2025-11,13701.854941875834,12091.145058124166,257.97459228055556,462.0254077194445,53.1131954536617,26.169870435926907,2.029555155181283,True
5728,Zählfeld A_25.1_2_G (veraltet),9.998648,53.557594,2025-12,9929.652216957778,11192.347783042222,234.07368837805555,509.9263116219445,42.421052471819316,21.94895130522338,1.932714318871536,True
5728,Zählfeld A_25.1_2_G (veraltet),9.998648,53.557594,2026-01,5157.776912266944,4519.223087733056,251.92644384916667,492.0735561508333,20.47334465354898,9.184039725857158,2.2292308466292243,True
5728,Zählfeld A_25.1_2_G (veraltet),9.998648,53.557594,2026-02,13134.635723729722,7615.3642762702775,274.9950323086111,397.00496769138886,47.76317453251111,19.1820377476739,2.489994814982735,True
5729,Zählfeld J_27.1_1_I (veraltet),9.995789,53.559383,2025-01,18518.9408316775,20247.0591683225,252.25277094527777,491.74722905472225,73.41422162492276,41.17371277768681,1.7830362304540093,True
5729,Zählfeld J_27.1_1_I (veraltet),9.995789,53.559383,2025-02,27223.533748545833,13688.466251454167,275.4455073022222,396.55449269777773,98.83455357533146,34.51849998806198,2.8632343123111608,True
5729,Zählfeld J_27.1_1_I (veraltet),9.995789,53.559383,2025-03,54070.532912964445,7684.467087035556,368.8174108408333,375.1825891591667,146.60515291209802,20.481939485138298,7.157776880381605,True
5729,Zählfeld J_27.1_1_I (veraltet),9.995789,53.559383,2025-04,68943.17710156555,15098.822898434444,421.24926776527775,298.75073223472225,163.66361291809068,50.53986909251025,3.2383070209088607,True
5729,Zählfeld J_27.1_1_I (veraltet),9.995789,53.559383,2025-05,81982.38731748666,4992.612682513333,493.9207367352778,250.07926326472221,165.98288190808643,19.964121044408177,8.314059083236081,True
5729,Zählfeld J_27.1_1_I (veraltet),9.995789,53.559383,2025-06,91325.77025892056,2595.2297410794445,508.2723593,211.7276407,179.67880524665108,12.257396967629104,14.65880608429096,True
5729,Zählfeld J_27.1_1_I (veraltet),9.995789,53.559383,2025-07,90022.92624511723,4574.073754882777,508.95938871444446,235.04061128555554,176.87644287789192,19.460780542838375,9.088866835969895,True
5729,Zählfeld J_27.1_1_I (veraltet),9.995789,53.559383,2025-08,79130.61702246888,11365.382977531111,456.3271263661111,287.6728736338889,173.40765527706634,39.50801072747454,4.389177082927025,True
5729,Zählfeld J_27.1_1_I (veraltet),9.995789,53.559383,2025-09,62693.32400517667,25190.675994823334,379.47910540944446,340.52089459055554,165.20889585615737,73.97688774755734,2.23325015266829,True
5729,Zählfeld J_27.1_1_I (veraltet),9.995789,53.559383,2025-10,35413.019814059444,24766.980185940556,326.24710055888886,417.7528994411111,108.54661927537117,59.286195784816705,1.8308919612475818,True
5729,Zählfeld J_27.1_1_I (veraltet),9.995789,53.559383,2025-11,28918.831716270557,22115.168283729443,257.97459228055556,462.0254077194445,112.0995345340847,47.8656972413916,2.3419597121662155,True
5729,Zählfeld J_27.1_1_I (veraltet),9.995789,53.559383,2025-12,20354.343125915835,23211.65687408417,234.07368837805555,509.9263116219445,86.95698891641877,45.519629689736654,1.910318460609644,True
5729,Zählfeld J_27.1_1_I (veraltet),9.995789,53.559383,2026-01,9994.238243423333,10861.761756576667,251.92644384916667,492.0735561508333,39.67125519148391,22.073451460267567,1.7972384274789361,True
5729,Zählfeld J_27.1_1_I (veraltet),9.995789,53.559383,2026-02,20517.82245510139,10151.177544898612,274.9950323086111,397.00496769138886,74.61161128203733,25.569396785960656,2.918004359140932,True
5730,Zählfeld J_27.1_2_G (veraltet),9.995789,53.559383,2025-01,15589.825206823889,14682.174793176111,252.25277094527777,491.74722905472225,61.802394274613754,29.85715816111342,2.0699355893524545,True
5730,Zählfeld J_27.1_2_G (veraltet),9.995789,53.559383,2025-02,21469.17180032639,10027.828199673611,275.4455073022222,396.55449269777773,77.94344518667407,25.287390218312378,3.0823048370657773,True
5730,Zählfeld J_27.1_2_G (veraltet),9.995789,53.559383,2025-03,41171.47225313639,7222.527746863611,368.8174108408333,375.1825891591667,111.63104301196977,19.2507007402722,5.798804132799133,True
5730,Zählfeld J_27.1_2_G (veraltet),9.995789,53.559383,2025-04,58612.28880186194,5813.711198138056,421.24926776527775,298.75073223472225,139.13920637251056,19.46007346877511,7.149983611098283,True
5730,Zählfeld J_27.1_2_G (veraltet),9.995789,53.559383,2025-05,64803.45474506,3171.54525494,493.9207367352778,250.07926326472221,131.20213411851975,12.682160102106309,10.345409067713089,True
5730,Zählfeld J_27.1_2_G (veraltet),9.995789,53.559383,2025-06,73453.76845313917,2084.2315468608335,508.2723593,211.7276407,144.51655123308447,9.8439275097483,14.680781739805765,True
5730,Zählfeld J_27.1_2_G (veraltet),9.995789,53.559383,2025-07,77822.15733883667,2969.842661163333,508.95938871444446,235.04061128555554,152.90445380210755,12.635444763863433,12.101232418775203,True
5730,Zählfeld J_27.1_2_G (veraltet),9.995789,53.559383,2025-08,70949.3466002811,5336.653399718889,456.3271263661111,287.6728736338889,155.4791343772942,18.55111791496427,8.381119406926786,True
5730,Zählfeld J_27.1_2_G (veraltet),9.995789,53.559383,2025-09,62242.32732216528,9960.672677834722,379.47910540944446,340.52089459055554,164.02043336485687,29.2512818921479,5.607290441821145,True
5730,Zählfeld J_27.1_2_G (veraltet),9.995789,53.559383,2025-10,38411.5949585825,12082.4050414175,326.24710055888886,417.7528994411111,117.73773588418163,28.922372669541954,4.070818712884189,True
5730,Zählfeld J_27.1_2_G (veraltet),9.995789,53.559383,2025-11,23223.793501711112,19911.206498288888,257.97459228055556,462.0254077194445,90.0235689740116,43.095479524752804,2.0889329917376753,True
5730,Zählfeld J_27.1_2_G (veraltet),9.995789,53.559383,2025-12,17172.623752982778,19770.376247017222,234.07368837805555,509.9263116219445,73.36417805852251,38.771045534270904,1.8922414148897193,True
5730,Zählfeld J_27.1_2_G (veraltet),9.995789,53.559383,2026-01,8900.0906530425,8090.9093469575,251.92644384916667,492.0735561508333,35.32813196208636,16.442479474506502,2.148589086996363,True
5730,Zählfeld J_27.1_2_G (veraltet),9.995789,53.559383,2026-02,16209.848653846111,7629.151346153889,274.9950323086111,397.00496769138886,58.94596901537746,19.216765448850495,3.0674240767664402,True
5732,Zählfeld B_27.2_2_G (veraltet),9.993346,53.55816,2025-01,5048.652270011111,5271.347729988889,252.25277094527777,491.74722905472225,20.014258916134306,10.719628741217141,1.8670664254610951,True
5732,Zählfeld B_27.2_2_G (veraltet),9.993346,53.55816,2025-02,6371.295696450277,3480.704303549722,275.4455073022222,396.55449269777773,23.13087535481061,8.777366963794401,2.635286350704343,True
5732,Zählfeld B_27.2_2_G (veraltet),9.993346,53.55816,2025-03,9298.164593844722,2375.8354061552777,368.8174108408333,375.1825891591667,25.210752856397644,6.332477771636034,3.981183000644674,True
5732,Zählfeld B_27.2_2_G (veraltet),9.993346,53.55816,2025-04,12712.774063196111,1705.225936803889,421.24926776527775,298.75073223472225,30.17874459613241,5.707855254607806,5.287230185413318,True
5732,Zählfeld B_27.2_2_G (veraltet),9.993346,53.55816,2025-05,13318.184513550555,982.8154864494444,493.9207367352778,250.07926326472221,26.96421414006876,3.930015922228153,6.86109539342049,True
5732,Zählfeld B_27.2_2_G (veraltet),9.993346,53.55816,2025-06,12728.11704483,659.88295517,508.2723593,211.7276407,25.041922528227474,3.1166594639619953,8.0348600216956,True
5732,Zählfeld B_27.2_2_G (veraltet),9.993346,53.55816,2025-07,14400.833816663333,848.1661833366667,508.95938871444446,235.04061128555554,28.29466188459101,3.608594185905229,7.840909902007502,True
5732,Zählfeld B_27.2_2_G (veraltet),9.993346,53.55816,2025-08,12393.134743573612,1397.865256426389,456.3271263661111,287.6728736338889,27.158444079939713,4.859218176425639,5.589056324265938,True
5732,Zählfeld B_27.2_2_G (veraltet),9.993346,53.55816,2025-09,12857.36245202111,2935.637547978889,379.47910540944446,340.52089459055554,33.88160841727629,8.621020309219844,3.9301158333940167,True
5732,Zählfeld B_27.2_2_G (veraltet),9.993346,53.55816,2025-10,8800.643802408056,3527.3561975919442,326.24710055888886,417.7528994411111,26.97539315240445,8.443642646911613,3.1947577935775264,True
5732,Zählfeld B_27.2_2_G (veraltet),9.993346,53.55816,2025-11,5917.7166482425,5468.2833517575,257.97459228055556,462.0254077194445,22.93914526980547,11.835460259099005,1.9381709513299274,True
5732,Zählfeld B_27.2_2_G (veraltet),9.993346,53.55816,2025-12,4135.119042229445,5163.880957770555,234.07368837805555,509.9263116219445,17.665885776750606,10.126719959489005,1.7444825024708226,True
5732,Zählfeld B_27.2_2_G (veraltet),9.993346,53.55816,2026-01,2321.703735013611,2178.296264986389,251.92644384916667,492.0735561508333,9.21580005473209,4.426769611490125,2.081834128166859,True
5732,Zählfeld B_27.2_2_G (veraltet),9.993346,53.55816,2026-02,4312.032266870277,2310.967733129722,274.9950323086111,397.00496769138886,15.680400590040957,5.821004574749173,2.693761942407789,True
5733,Zählfeld H_29.4_1_I (veraltet),9.970359,53.576,2025-01,14078.511674014444,15504.488325985556,252.25277094527777,491.74722905472225,55.81112794621611,31.529386257629927,1.7701304900189785,True
5733,Zählfeld H_29.4_1_I (veraltet),9.970359,53.576,2025-02,19058.487456988056,10782.512543011944,275.4455073022222,396.55449269777773,69.19149868753114,27.19049397135318,2.544694434769318,True
5733,Zählfeld H_29.4_1_I (veraltet),9.970359,53.576,2025-03,25375.626739423333,5389.373260576666,368.8174108408333,375.1825891591667,68.80268120090032,14.364667807893104,4.789716136915787,True
5733,Zählfeld H_29.4_1_I (veraltet),9.970359,53.576,2025-04,31165.639488277222,7176.360511722778,421.24926776527775,298.75073223472225,73.9838425206305,24.0212315398928,3.07993544784593,True
5733,Zählfeld H_29.4_1_I (veraltet),9.970359,53.576,2025-05,34923.695525555835,2578.3044744441668,493.9207367352778,250.07926326472221,70.70708502014884,10.309949096878514,6.85814103985794,True
5733,Zählfeld H_29.4_1_I (veraltet),9.970359,53.576,2025-06,32968.77408438666,1152.2259156133334,457.2002660602778,190.79973393972222,72.11013757380452,6.038928314110473,11.94088318705705,True
5733,Zählfeld H_29.4_1_I (veraltet),9.970359,53.576,2025-07,37506.93300127278,2228.066998727222,508.95938871444446,235.04061128555554,73.69337089155522,9.479497975012919,7.773974010628425,True
5733,Zählfeld H_29.4_1_I (veraltet),9.970359,53.576,2025-08,33728.38125644333,4617.618743556666,456.3271263661111,287.6728736338889,73.91272468291325,16.051630747198452,4.60468633044113,True
5733,Zählfeld H_29.4_1_I (veraltet),9.970359,53.576,2025-09,33632.4030891425,12491.5969108575,379.47910540944446,340.52089459055554,88.62781272991126,36.68378977412671,2.415993911087697,True
5733,Zählfeld H_29.4_1_I (veraltet),9.970359,53.576,2025-10,23899.6397955175,14556.3602044825,326.24710055888886,417.7528994411111,73.25625194699171,34.844426511357945,2.102380761615146,True
5733,Zählfeld H_29.4_1_I (veraltet),9.970359,53.576,2025-11,19805.840354657223,16402.159645342777,257.97459228055556,462.0254077194445,76.77438378550761,35.50055769942127,2.1626247236887544,True
5733,Zählfeld H_29.4_1_I (veraltet),9.970359,53.576,2025-12,13895.635771558333,15744.364228441667,234.07368837805555,509.9263116219445,59.36436456333061,30.875763555645705,1.9226849064426035,True
5733,Zählfeld H_29.4_1_I (veraltet),9.970359,53.576,2026-01,7960.155069881111,8269.844930118888,251.92644384916667,492.0735561508333,31.597139816918197,16.80611531903569,1.8800977630523121,True
5733,Zählfeld H_29.4_1_I (veraltet),9.970359,53.576,2026-02,13714.567376856388,7892.432623143611,274.9950323086111,397.00496769138886,49.872055003034816,19.87993417069476,2.508662985240252,True
5734,Zählfeld H_29.4_2_G (veraltet),9.970359,53.576,2025-01,58.33227651361111,31.667723486388887,252.25277094527777,491.74722905472225,0.23124533496706512,0.06439837708341181,3.590856562542644,True
5734,Zählfeld H_29.4_2_G (veraltet),9.970359,53.576,2025-02,56.07170717166667,24.928292828333333,275.4455073022222,396.55449269777773,0.2035673325037903,0.06286221260222033,3.238310012915457,True
5734,Zählfeld H_29.4_2_G (veraltet),9.970359,53.576,2025-03,93.99487560305556,29.005124396944446,368.8174108408333,375.1825891591667,0.25485476780709776,0.07730935612430398,3.2965578887673375,True
5734,Zählfeld H_29.4_2_G (veraltet),9.970359,53.576,2025-04,130.4678537625,20.5321462375,421.24926776527775,298.75073223472225,0.30971651168589653,0.06872668088180055,4.506495988342023,True
5734,Zählfeld H_29.4_2_G (veraltet),9.970359,53.576,2025-05,141.70438343916666,9.295616560833333,493.9207367352778,250.07926326472221,0.2868970118076145,0.03717068116516893,,False
5734,Zählfeld H_29.4_2_G (veraltet),9.970359,53.576,2025-06,145.13835200861112,6.861647991388889,457.2002660602778,190.79973393972222,0.31745027897572553,0.03596256582599131,,False
5734,Zählfeld H_29.4_2_G (veraltet),9.970359,53.576,2025-07,108.72079798666667,11.279202013333332,508.95938871444446,235.04061128555554,0.21361389611316375,0.047988311260942065,4.451373480338018,True
5734,Zählfeld H_29.4_2_G (veraltet),9.970359,53.576,2025-08,106.97313233222222,20.02686766777778,456.3271263661111,287.6728736338889,0.23442203224709837,0.069616809589302,3.3673193820580076,True
5734,Zählfeld H_29.4_2_G (veraltet),9.970359,53.576,2025-09,134.65007980805555,25.349920191944445,379.47910540944446,340.52089459055554,0.3548287056879532,0.07444453657513542,4.766349849324826,True
5734,Zählfeld H_29.4_2_G (veraltet),9.970359,53.576,2025-10,73.74226256333333,27.257737436666666,326.24710055888886,417.7528994411111,0.2260319323512963,0.06524846978472995,3.4641721575544806,True
5734,Zählfeld H_29.4_2_G (veraltet),9.970359,53.576,2025-11,73.63135972333333,32.36864027666667,257.97459228055556,462.0254077194445,0.2854209752689788,0.07005813908901275,4.074058760058351,True
5734,Zählfeld H_29.4_2_G (veraltet),9.970359,53.576,2025-12,54.96534522472222,36.03465477527778,234.07368837805555,509.9263116219445,0.23482069089263444,0.07066639621058346,3.3229470226962863,True
5734,Zählfeld H_29.4_2_G (veraltet),9.970359,53.576,2026-01,24.250487068333335,20.749512931666665,251.92644384916667,492.0735561508333,0.09626018887819723,0.042167502545709654,2.282805076583585,True
5734,Zählfeld H_29.4_2_G (veraltet),9.970359,53.576,2026-02,36.78014415027778,18.219855849722222,274.9950323086111,397.00496769138886,0.13374839480373427,0.04589326918419166,2.914335744244715,True
5735,Zählfeld H_29.2_1_G (veraltet),9.970477,53.57606,2025-01,184.0209523811111,161.9790476188889,252.25277094527777,491.74722905472225,0.7295101326004126,0.3293949371718039,2.214697465795957,True
5735,Zählfeld H_29.2_1_G (veraltet),9.970477,53.57606,2025-02,242.2366942775,100.7633057225,275.4455073022222,396.55449269777773,0.8794359967966909,0.2540969969524309,3.461024755681504,True
5735,Zählfeld H_29.2_1_G (veraltet),9.970477,53.57606,2025-03,258.46279961305555,76.53720038694445,368.8174108408333,375.1825891591667,0.7007879563597871,0.20399987259130103,3.4352372256808463,True
5735,Zählfeld H_29.2_1_G (veraltet),9.970477,53.57606,2025-04,238.523701125,91.476298875,421.24926776527775,298.75073223472225,0.5662293548671677,0.3061960658330001,1.8492378513314744,True
5735,Zählfeld H_29.2_1_G (veraltet),9.970477,53.57606,2025-05,235.88827064138889,35.11172935861111,493.9207367352778,250.07926326472221,0.4775832498966647,0.14040240242328078,3.401531894424866,True
5735,Zählfeld H_29.2_1_G (veraltet),9.970477,53.57606,2025-06,219.93367407777777,25.066325922222223,457.2002660602778,190.79973393972222,0.4810445015112512,0.1313750570016058,3.661612124022686,True
5735,Zählfeld H_29.2_1_G (veraltet),9.970477,53.57606,2025-07,332.03298263666665,23.967017363333333,508.95938871444446,235.04061128555554,0.6523761816740083,0.10196968614166564,6.397746294596489,True
5735,Zählfeld H_29.2_1_G (veraltet),9.970477,53.57606,2025-08,182.14613669083334,55.85386330916667,456.3271263661111,287.6728736338889,0.3991569340646595,0.194157560299724,2.05584028481031,True
5735,Zählfeld H_29.2_1_G (veraltet),9.970477,53.57606,2025-09,287.98924716666664,146.01075283333333,379.47910540944446,340.52089459055554,0.7589067304665865,0.4287864714113875,1.76989429719781,True
5735,Zählfeld H_29.2_1_G (veraltet),9.970477,53.57606,2025-10,295.9969457075,152.0030542925,326.24710055888886,417.7528994411111,0.9072783948131101,0.36385876554263685,2.493490553841819,True
5735,Zählfeld H_29.2_1_G (veraltet),9.970477,53.57606,2025-11,216.91199445416666,168.08800554583334,257.97459228055556,462.0254077194445,0.8408269687980279,0.3638068442502222,2.3111906279028567,True
5735,Zählfeld H_29.2_1_G (veraltet),9.970477,53.57606,2025-12,166.57068593833333,133.42931406166667,234.07368837805555,509.9263116219445,0.7116164447723093,0.26166391304120457,2.719581911397351,True
5735,Zählfeld H_29.2_1_G (veraltet),9.970477,53.57606,2026-01,71.41620239722222,52.58379760277778,251.92644384916667,492.0735561508333,0.2834803735013245,0.10686166111852488,2.6527790278957406,True
5735,Zählfeld H_29.2_1_G (veraltet),9.970477,53.57606,2026-02,157.62853510166667,79.37146489833333,274.9950323086111,397.00496769138886,0.5732050276630788,0.19992562148500018,2.867091388314552,True
5736,Zählfeld H_29.2_2_I (veraltet),9.970477,53.57606,2025-01,13733.016132514167,12723.983867485833,252.25277094527777,491.74722905472225,54.44148772301624,25.87504944754837,2.1040148283919318,True
5736,Zählfeld H_29.2_2_I (veraltet),9.970477,53.57606,2025-02,17138.366386976668,9467.633613023334,275.4455073022222,396.55449269777773,62.22053339999567,23.874735471068817,2.6061245149875663,True
5736,Zählfeld H_29.2_2_I (veraltet),9.970477,53.57606,2025-03,25489.75740783889,7511.242592161111,368.8174108408333,375.1825891591667,69.11213152797507,20.02023230607473,3.4521143646771977,True
5736,Zählfeld H_29.2_2_I (veraltet),9.970477,53.57606,2025-04,36565.97105686389,4768.028943136112,421.24926776527775,298.75073223472225,86.8036430089147,15.959890399163843,5.438862099796277,True
5736,Zählfeld H_29.2_2_I (veraltet),9.970477,53.57606,2025-05,38775.62349675611,2614.3765032438887,493.9207367352778,250.07926326472221,78.50576137591553,10.454191479588742,7.509501000550247,True
5736,Zählfeld H_29.2_2_I (veraltet),9.970477,53.57606,2025-06,36021.065836591944,1574.9341634080556,457.2002660602778,190.79973393972222,78.78618739001978,8.254383435909881,9.544769515705829,True
5736,Zählfeld H_29.2_2_I (veraltet),9.970477,53.57606,2025-07,41361.223175205,2195.776824795,508.95938871444446,235.04061128555554,81.26625442489092,9.342116720958092,8.698912339917388,True
5736,Zählfeld H_29.2_2_I (veraltet),9.970477,53.57606,2025-08,33746.82822798139,3755.171772018611,456.3271263661111,287.6728736338889,73.95314956776494,13.053617897938077,5.665337391210634,True
5736,Zählfeld H_29.2_2_I (veraltet),9.970477,53.57606,2025-09,36639.61032273305,7594.389677266944,379.47910540944446,340.52089459055554,96.55237877511126,22.302272189195573,4.329261967392115,True
5736,Zählfeld H_29.2_2_I (veraltet),9.970477,53.57606,2025-10,25128.338143776946,10247.661856223056,326.24710055888886,417.7528994411111,77.02241062289896,24.530438615585545,3.1398709101745275,True
5736,Zählfeld H_29.2_2_I (veraltet),9.970477,53.57606,2025-11,17576.479062672777,15658.520937327223,257.97459228055556,462.0254077194445,68.13259750618309,33.891038621918256,2.010342564778168,True
5736,Zählfeld H_29.2_2_I (veraltet),9.970477,53.57606,2025-12,12415.478386648889,14407.521613351111,234.07368837805555,509.9263116219445,53.04089696145807,28.254124733286442,1.8772797763920857,True
5736,Zählfeld H_29.2_2_I (veraltet),9.970477,53.57606,2026-01,7639.153411603055,6953.846588396945,251.92644384916667,492.0735561508333,30.322951790550288,14.131721775078297,2.1457365403291266,True
5736,Zählfeld H_29.2_2_I (veraltet),9.970477,53.57606,2026-02,11691.828583906667,7019.171416093333,274.9950323086111,397.00496769138886,42.516508337450986,17.680311299151487,2.404737542120734,True
5739,Zählfeld J_16.3_1_G (veraltet),10.018706,53.491585,2025-01,18.759153819444446,12.240846180555556,252.25277094527777,491.74722905472225,0.07436649258260852,0.02489255751188662,2.9874990766656766,True
5739,Zählfeld J_16.3_1_G (veraltet),10.018706,53.491585,2025-02,8.244927753055556,8.755072246944444,275.4455073022222,396.55449269777773,0.029933063108592,0.022077854136472647,,False
5739,Zählfeld J_16.3_1_G (veraltet),10.018706,53.491585,2025-03,20.20862006611111,3.791379933888889,368.8174108408333,375.1825891591667,0.054793020806797904,0.01010542611368472,,False
5739,Zählfeld J_16.3_1_G (veraltet),10.018706,53.491585,2025-04,28.923626223333333,1.0763737766666666,421.24926776527775,298.75073223472225,0.06866154658682927,0.003602915944724721,,False
5739,Zählfeld J_16.3_1_G (veraltet),10.018706,53.491585,2025-05,40.35244580222222,4.647554197777778,493.9207367352778,250.07926326472221,0.08169822159916633,0.01858432457415749,,False
5739,Zählfeld J_16.3_1_G (veraltet),10.018706,53.491585,2025-06,35.115231924444444,7.884768075555556,508.2723593,211.7276407,0.06908743173208483,0.037240145167099836,,False
5739,Zählfeld J_16.3_1_G (veraltet),10.018706,53.491585,2025-07,30.308989625833334,4.691010374166666,508.95938871444446,235.04061128555554,0.05955089993012866,0.01995829720025474,,False
5739,Zählfeld J_16.3_1_G (veraltet),10.018706,53.491585,2025-08,19.463928313055554,11.536071686944444,456.3271263661111,287.6728736338889,0.04265345448133551,0.040101353809348025,1.0636412596971367,True
5739,Zählfeld J_16.3_1_G (veraltet),10.018706,53.491585,2025-09,23.10430162861111,15.895698371388889,379.47910540944446,340.52089459055554,0.06088425238507504,0.046680537446907554,1.304274880175109,True
5739,Zählfeld J_16.3_1_G (veraltet),10.018706,53.491585,2025-10,33.979467891944445,18.020532108055555,326.24710055888886,417.7528994411111,0.10415255134447093,0.04313682114992917,2.414469786321794,True
5739,Zählfeld J_16.3_1_G (veraltet),10.018706,53.491585,2025-11,25.123633565833334,14.876366434166666,257.97459228055556,462.0254077194445,0.09738801540002275,0.032198156607006416,3.024645683561612,True
5739,Zählfeld J_16.3_1_G (veraltet),10.018706,53.491585,2025-12,12.602203156388889,6.397796843611111,234.07368837805555,509.9263116219445,0.053838614855484745,0.012546512501505099,,False
5739,Zählfeld J_16.3_1_G (veraltet),10.018706,53.491585,2026-01,4.537821575833333,11.462178424166666,251.92644384916667,492.0735561508333,0.01801248613087325,0.023293628118990425,,False
5739,Zählfeld J_16.3_1_G (veraltet),10.018706,53.491585,2026-02,21.284387636111113,13.715612363888889,274.9950323086111,397.00496769138886,0.0773991713865757,0.034547709676395526,2.2403560789286745,True
5740,Zählfeld J_16.3_2_I (veraltet),10.018706,53.491585,2025-01,336.1142562661111,341.8857437338889,252.25277094527777,491.74722905472225,1.332450204636308,0.6952469145399971,1.916513654027375,True
5740,Zählfeld J_16.3_2_I (veraltet),10.018706,53.491585,2025-02,352.5274557397222,265.4725442602778,275.4455073022222,396.55449269777773,1.2798446385728293,0.6694478291098315,1.911791453972815,True
5740,Zählfeld J_16.3_2_I (veraltet),10.018706,53.491585,2025-03,734.6880837027778,195.3119162972222,368.8174108408333,375.1825891591667,1.9920103067472579,0.5205783049126608,3.8265334685460326,True
5740,Zählfeld J_16.3_2_I (veraltet),10.018706,53.491585,2025-04,1124.6846711644444,304.31532883555553,421.24926776527775,298.75073223472225,2.669879231199339,1.0186262191198958,2.6210588153779746,True
5740,Zählfeld J_16.3_2_I (veraltet),10.018706,53.491585,2025-05,1542.863352725,246.136647275,493.9207367352778,250.07926326472221,3.1237063722471614,0.9842345345301632,3.1737418904309247,True
5740,Zählfeld J_16.3_2_I (veraltet),10.018706,53.491585,2025-06,1519.398448796389,244.6015512036111,508.2723593,211.7276407,2.989339123002727,1.1552650867639462,2.5875785196419896,True
5740,Zählfeld J_16.3_2_I (veraltet),10.018706,53.491585,2025-07,1427.7348304616667,331.26516953833334,508.95938871444446,235.04061128555554,2.8052038377126944,1.4093954560723665,1.9903596436518234,True
5740,Zählfeld J_16.3_2_I (veraltet),10.018706,53.491585,2025-08,1412.5552653719444,431.4447346280555,456.3271263661111,287.6728736338889,3.0954882665437946,1.4997755234201886,2.06396771930551,True
5740,Zählfeld J_16.3_2_I (veraltet),10.018706,53.491585,2025-09,972.0332638730556,468.96673612694445,379.47910540944446,340.52089459055554,2.5614935052201786,1.3772039941655652,1.8599230876992652,True
5740,Zählfeld J_16.3_2_I (veraltet),10.018706,53.491585,2025-10,594.7430589241667,502.2569410758333,326.24710055888886,417.7528994411111,1.8229834315931746,1.2022823581781852,1.5162689689263475,True
5740,Zählfeld J_16.3_2_I (veraltet),10.018706,53.491585,2025-11,407.48130092472223,460.51869907527777,257.97459228055556,462.0254077194445,1.5795404397095563,0.996738905222542,1.5847083237479247,True
5740,Zählfeld J_16.3_2_I (veraltet),10.018706,53.491585,2025-12,334.41377911555554,408.58622088444446,234.07368837805555,509.9263116219445,1.4286688155032587,0.8012652251358373,1.7830161233579789,True
5740,Zählfeld J_16.3_2_I (veraltet),10.018706,53.491585,2026-01,220.17172025194444,268.82827974805554,251.92644384916667,492.0735561508333,0.8739524001051894,0.5463172657578305,1.5997158700318137,True
5740,Zählfeld J_16.3_2_I (veraltet),10.018706,53.491585,2026-02,359.38732676694445,314.61267323305555,274.9950323086111,397.00496769138886,1.3068866144593652,0.7924653312590768,1.6491404266013387,True
5741,Zählfeld B_11.1_1_G (veraltet),10.027673,53.53323,2025-01,605.064451338889,824.935548661111,252.25277094527777,491.74722905472225,2.398643428460685,1.6775601364279598,1.429840502509873,True
5741,Zählfeld B_11.1_1_G (veraltet),10.027673,53.53323,2025-02,730.1362429025,708.8637570975,275.4455073022222,396.55449269777773,2.6507466033976206,1.7875569944374314,1.4828878808599033,True
5741,Zählfeld B_11.1_1_G (veraltet),10.027673,53.53323,2025-03,1498.3427670072222,838.6572329927777,368.8174108408333,375.1825891591667,4.062559746274686,2.235330895477635,1.8174310364938686,True
5741,Zählfeld B_11.1_1_G (veraltet),10.027673,53.53323,2025-04,2113.190895121111,895.8091048788889,421.24926776527775,298.75073223472225,5.016485622233988,2.998516851081959,1.672988971338908,True
5741,Zählfeld B_11.1_1_G (veraltet),10.027673,53.53323,2025-05,2063.1126727519445,584.8873272480555,493.9207367352778,250.07926326472221,4.177011652494542,2.3388077828305227,1.7859576503714847,True
5741,Zählfeld B_11.1_1_G (veraltet),10.027673,53.53323,2025-06,881.0981686266666,204.90183137333332,508.2723593,211.7276407,1.7335158060535254,0.9677613687844457,1.7912636957506411,True
5741,Zählfeld B_11.1_1_G (veraltet),10.027673,53.53323,2025-07,749.2887270125,132.7112729875,508.95938871444446,235.04061128555554,1.472197475136654,0.5646312450501008,2.6073609777050564,True
5741,Zählfeld B_11.1_1_G (veraltet),10.027673,53.53323,2025-08,834.7073256330556,174.29267436694445,456.3271263661111,287.6728736338889,1.829186295103943,0.6058710790672622,3.0191015189567607,True
5741,Zählfeld B_11.1_1_G (veraltet),10.027673,53.53323,2025-09,478.19892203194445,171.80107796805555,379.47910540944446,340.52089459055554,1.2601455922480496,0.5045243352089458,2.4976904071954578,True
5741,Zählfeld B_11.1_1_G (veraltet),10.027673,53.53323,2025-10,994.8078533216667,881.1921466783333,326.24710055888886,417.7528994411111,3.049246572973298,2.1093621321533194,1.445577564180745,True
5741,Zählfeld B_11.1_1_G (veraltet),10.027673,53.53323,2025-11,804.5170823794444,1168.4829176205556,257.97459228055556,462.0254077194445,3.1185903823602388,2.529044719397971,1.233110019146916,True
5741,Zählfeld B_11.1_1_G (veraltet),10.027673,53.53323,2025-12,567.8266103330556,1033.1733896669443,234.07368837805555,509.9263116219445,2.425845528677923,2.0261229242725003,1.1972844784572718,True
5741,Zählfeld B_11.1_1_G (veraltet),10.027673,53.53323,2026-01,332.69138567194443,515.3086143280556,251.92644384916667,492.0735561508333,1.3205893775531294,1.0472186686051062,1.2610445336236726,True
5741,Zählfeld B_11.1_1_G (veraltet),10.027673,53.53323,2026-02,536.9304358477777,581.0695641522223,274.9950323086111,397.00496769138886,1.9525095829557082,1.4636329805422377,1.334015842026431,True
5742,Zählfeld B_11.1_2_I (veraltet),10.027673,53.53323,2025-01,6343.943721869166,6125.056278130834,252.25277094527777,491.74722905472225,25.149153755957688,12.455700645034502,2.0190878436038413,True
5742,Zählfeld B_11.1_2_I (veraltet),10.027673,53.53323,2025-02,7997.994960195278,4246.005039804722,275.4455073022222,396.55449269777773,29.036578009674265,10.70724230336911,2.7118633525775073,True
5742,Zählfeld B_11.1_2_I (veraltet),10.027673,53.53323,2025-03,14626.875198737222,3451.124801262778,368.8174108408333,375.1825891591667,39.65885223637012,9.198520669621692,4.311438073661597,True
5742,Zählfeld B_11.1_2_I (veraltet),10.027673,53.53323,2025-04,19718.517999590556,4490.4820004094445,421.24926776527775,298.75073223472225,46.80961964443773,15.030865252846866,3.114233203279627,True
5742,Zählfeld B_11.1_2_I (veraltet),10.027673,53.53323,2025-05,15291.45460757,1861.54539243,493.9207367352778,250.07926326472221,30.95932903858949,7.443821483348882,4.159063877047905,True
5742,Zählfeld B_11.1_2_I (veraltet),10.027673,53.53323,2025-06,931.3421005569444,109.65789944305556,508.2723593,211.7276407,1.832368185119494,0.5179196210778707,3.5379393066940636,True
5742,Zählfeld B_11.1_2_I (veraltet),10.027673,53.53323,2025-07,947.0261941172222,127.97380588277778,508.95938871444446,235.04061128555554,1.8607107268602887,0.5444752937921007,3.417438308175599,True
5742,Zählfeld B_11.1_2_I (veraltet),10.027673,53.53323,2025-08,938.2407380275,202.7592619725,456.3271263661111,287.6728736338889,2.056070489385612,0.704825795394753,2.91713286150951,True
5742,Zählfeld B_11.1_2_I (veraltet),10.027673,53.53323,2025-09,931.1070130313889,274.8929869686111,379.47910540944446,340.52089459055554,2.4536450090625084,0.8072720098399371,3.0394278250140347,True
5742,Zählfeld B_11.1_2_I (veraltet),10.027673,53.53323,2025-10,10406.558324109166,6211.441675890834,326.24710055888886,417.7528994411111,31.897780260060095,14.868697941296839,2.1452974824020123,True
5742,Zählfeld B_11.1_2_I (veraltet),10.027673,53.53323,2025-11,10126.900603129723,8053.099396870278,257.97459228055556,462.0254077194445,39.25541858058796,17.42999251192774,2.2521764454990203,True
5742,Zählfeld B_11.1_2_I (veraltet),10.027673,53.53323,2025-12,6849.670446751945,7553.329553248055,234.07368837805555,509.9263116219445,29.262880822764455,14.812590331381129,1.9755410882301758,True
5742,Zählfeld B_11.1_2_I (veraltet),10.027673,53.53323,2026-01,3567.427651057222,3069.572348942778,251.92644384916667,492.0735561508333,14.160592260783515,6.238035575319301,2.2700403179503654,True
5742,Zählfeld B_11.1_2_I (veraltet),10.027673,53.53323,2026-02,5938.976184466389,3113.023815533611,274.9950323086111,397.00496769138886,21.596667163795956,7.841271693994305,2.754230181864126,True
5743,Zählfeld B_48.1_1_I (veraltet),10.186197,53.48948,2025-01,5915.5103821552775,3603.489617844722,252.25277094527777,491.74722905472225,23.450725080195664,7.327930702876866,3.2001837941765965,True
5743,Zählfeld B_48.1_1_I (veraltet),10.186197,53.48948,2025-02,6959.266188344167,2782.7338116558335,275.4455073022222,396.55449269777773,25.26549173556995,7.017279750696487,3.600468077827775,True
5743,Zählfeld B_48.1_1_I (veraltet),10.186197,53.48948,2025-03,11639.61699155639,2410.3830084436113,368.8174108408333,375.1825891591667,31.559293703136966,6.424559875887618,4.912288827999557,True
5743,Zählfeld B_48.1_1_I (veraltet),10.186197,53.48948,2025-04,16869.65475693889,2331.345243061111,421.24926776527775,298.75073223472225,40.04672778764033,7.803646958861414,5.131796453472996,True
5743,Zählfeld B_48.1_1_I (veraltet),10.186197,53.48948,2025-05,17354.322243860555,1275.6777561394445,493.9207367352778,250.07926326472221,35.13584458625756,5.1010937071942335,6.887904163905943,True
5743,Zählfeld B_48.1_1_I (veraltet),10.186197,53.48948,2025-06,20306.981062215833,1033.0189377841666,508.2723593,211.7276407,39.952951779992325,4.878998955303461,8.188760060414351,True
5743,Zählfeld B_48.1_1_I (veraltet),10.186197,53.48948,2025-07,19936.524420249167,1385.4755797508333,508.95938871444446,235.04061128555554,39.17114972690818,5.894622091786475,6.645235117190801,True
5743,Zählfeld B_48.1_1_I (veraltet),10.186197,53.48948,2025-08,17552.478364495557,2003.5216355044445,456.3271263661111,287.6728736338889,38.46468322905093,6.964583105094071,5.522898161832098,True
5743,Zählfeld B_48.1_1_I (veraltet),10.186197,53.48948,2025-09,17512.13414166361,3645.865858336389,379.47910540944446,340.52089459055554,46.147821822149176,10.706731705025623,4.310168881927609,True
5743,Zählfeld B_48.1_1_I (veraltet),10.186197,53.48948,2025-10,11051.793352978055,3736.2066470219443,326.24710055888886,417.7528994411111,33.87552972592062,8.943580408467332,3.7876921969470945,True
5743,Zählfeld B_48.1_1_I (veraltet),10.186197,53.48948,2025-11,8488.356356879167,4873.643643120833,257.97459228055556,462.0254077194445,32.90384638983288,10.548432102851482,3.1193115781574985,True
5743,Zählfeld B_48.1_1_I (veraltet),10.186197,53.48948,2025-12,6624.689167975,4716.310832025,234.07368837805555,509.9263116219445,28.301725041711546,9.249004659170515,3.059975217295409,True
5743,Zählfeld B_48.1_1_I (veraltet),10.186197,53.48948,2026-01,2966.347921886667,1763.6520781133333,251.92644384916667,492.0735561508333,11.774658811373838,3.5841228533173366,3.285227458226113,True
5743,Zählfeld B_48.1_1_I (veraltet),10.186197,53.48948,2026-02,4814.114348121667,1850.8856518783334,274.9950323086111,397.00496769138886,17.506186594378416,4.662122145829461,3.754982397884774,True
5744,Zählfeld B_48.1_2_G (veraltet),10.186197,53.48948,2025-01,2881.4985491847224,2516.5014508152776,252.25277094527777,491.74722905472225,11.423060045631045,5.117469508984743,2.232169634929055,True
5744,Zählfeld B_48.1_2_G (veraltet),10.186197,53.48948,2025-02,3508.3498481397223,1816.6501518602777,275.4455073022222,396.55449269777773,12.737001530724978,4.581085791013302,2.7803455581886514,True
5744,Zählfeld B_48.1_2_G (veraltet),10.186197,53.48948,2025-03,6406.0321404636115,1291.967859536389,368.8174108408333,375.1825891591667,17.369115318767303,3.443570935505984,5.043925519198041,True
5744,Zählfeld B_48.1_2_G (veraltet),10.186197,53.48948,2025-04,8953.391902576945,1828.6080974230556,421.24926776527775,298.75073223472225,21.254379740704547,6.12084892225923,3.4724561920504757,True
5744,Zählfeld B_48.1_2_G (veraltet),10.186197,53.48948,2025-05,9422.73748475861,885.2625152413889,493.9207367352778,250.07926326472221,19.07742838869474,3.539927716054935,5.389214108008833,True
5744,Zählfeld B_48.1_2_G (veraltet),10.186197,53.48948,2025-06,11669.963634127778,612.0363658722222,508.2723593,211.7276407,22.960059544059842,2.890677683125112,7.9427947564315495,True
5744,Zählfeld B_48.1_2_G (veraltet),10.186197,53.48948,2025-07,11352.518957293889,877.4810427061111,508.95938871444446,235.04061128555554,22.30535325415385,3.7333167145316937,5.974674789130991,True
5744,Zählfeld B_48.1_2_G (veraltet),10.186197,53.48948,2025-08,9392.820889403889,1412.179110596111,456.3271263661111,287.6728736338889,20.583525165821573,4.908975576172474,4.193038821731221,True
5744,Zählfeld B_48.1_2_G (veraltet),10.186197,53.48948,2025-09,8733.254067615555,2511.7459323844446,379.47910540944446,340.52089459055554,23.01379428570299,7.376187400789557,3.1200121465514234,True
5744,Zählfeld B_48.1_2_G (veraltet),10.186197,53.48948,2025-10,5457.2853023375,2575.7146976625,326.24710055888886,417.7528994411111,16.727459931409992,6.165641701370377,2.713012001279955,True
5744,Zählfeld B_48.1_2_G (veraltet),10.186197,53.48948,2025-11,4388.460911290833,2948.5390887091667,257.97459228055556,462.0254077194445,17.01121367222956,6.381768273877282,2.6655956377893197,True
5744,Zählfeld B_48.1_2_G (veraltet),10.186197,53.48948,2025-12,3261.6248206555556,2974.3751793444444,234.07368837805555,509.9263116219445,13.934179630594198,5.832950980473476,2.3888730896660344,True
5744,Zählfeld B_48.1_2_G (veraltet),10.186197,53.48948,2026-01,1331.9341243566666,1165.0658756433334,251.92644384916667,492.0735561508333,5.28699609301087,2.367666096013927,2.232999028837625,True
5744,Zählfeld B_48.1_2_G (veraltet),10.186197,53.48948,2026-02,2290.897941983611,1224.1020580163888,274.9950323086111,397.00496769138886,8.330688459174302,3.083341916688414,2.7018373843279986,True
5745,Zählfeld J_37.3_1_I (veraltet),10.019996,53.566193,2025-01,3339.502647091667,3212.497352908333,252.25277094527777,491.74722905472225,13.238715414611319,6.532822480939374,2.026492446907525,True
5745,Zählfeld J_37.3_1_I (veraltet),10.019996,53.566193,2025-02,4327.262248370834,2161.7377516291667,275.4455073022222,396.55449269777773,15.710048389436638,5.451300619298925,2.881889935370517,True
5745,Zählfeld J_37.3_1_I (veraltet),10.019996,53.566193,2025-03,8045.674536871389,1664.325463128611,368.8174108408333,375.1825891591667,21.814790463738646,4.436041306870296,4.917625638416194,True
5745,Zählfeld J_37.3_1_I (veraltet),10.019996,53.566193,2025-04,10728.998817969723,2149.001182030278,421.24926776527775,298.75073223472225,25.46947766790654,7.193291765195917,3.5407263460573466,True
5745,Zählfeld J_37.3_1_I (veraltet),10.019996,53.566193,2025-05,11731.79391781389,1094.2060821861112,493.9207367352778,250.07926326472221,23.752381799879103,4.375437083033293,5.4285735000016615,True
5745,Zählfeld J_37.3_1_I (veraltet),10.019996,53.566193,2025-06,9604.424759595833,624.5752404041666,508.2723593,211.7276407,18.89621692752127,2.9498994006603816,6.405715707895345,True
5745,Zählfeld J_37.3_1_I (veraltet),10.019996,53.566193,2025-07,7290.8951827475,875.1048172525,508.95938871444446,235.04061128555554,14.325102050211147,3.7232068639802747,3.847517093073086,True
5745,Zählfeld J_37.3_1_I (veraltet),10.019996,53.566193,2025-08,15092.360201427779,3338.6397985722224,456.3271263661111,287.6728736338889,33.073554757994344,11.60568167724146,2.8497726956315725,True
5745,Zählfeld J_37.3_1_I (veraltet),10.019996,53.566193,2025-09,12517.748967458334,4944.251032541667,379.47910540944446,340.52089459055554,32.98666195060233,14.519670043997346,2.271860300588547,True
5745,Zählfeld J_37.3_1_I (veraltet),10.019996,53.566193,2025-10,6532.33958558,3363.66041442,326.24710055888886,417.7528994411111,20.022674759069275,8.05179429974049,2.4867345108052015,True
5745,Zählfeld J_37.3_1_I (veraltet),10.019996,53.566193,2025-11,4811.7358267888885,3392.264173211111,257.97459228055556,462.0254077194445,18.651975701374393,7.342159362956494,2.540393742402199,True
5745,Zählfeld J_37.3_1_I (veraltet),10.019996,53.566193,2025-12,3458.8661736247223,3227.1338263752777,234.07368837805555,509.9263116219445,14.776826039662609,6.328627789592961,2.334917857542861,True
5745,Zählfeld J_37.3_1_I (veraltet),10.019996,53.566193,2026-01,1714.7684621602777,1456.2315378397223,251.92644384916667,492.0735561508333,6.806623536459489,2.9593777589490085,2.3000184805324717,True
5745,Zählfeld J_37.3_1_I (veraltet),10.019996,53.566193,2026-02,3160.8226226852776,1454.1773773147222,274.9950323086111,397.00496769138886,11.49410807951639,3.662869474331426,3.1380064618912966,True
5746,Zählfeld J_37.3_2_I (veraltet),10.019996,53.566193,2025-01,3042.722423526389,2974.277576473611,252.25277094527777,491.74722905472225,12.062196233263416,6.048387058918495,1.9942831230480549,True
5746,Zählfeld J_37.3_2_I (veraltet),10.019996,53.566193,2025-02,4041.8033429430557,2013.1966570569443,275.4455073022222,396.55449269777773,14.673694926192203,5.076721343795851,2.890388093513267,True
5746,Zählfeld J_37.3_2_I (veraltet),10.019996,53.566193,2025-03,7222.147716799444,1621.8522832005556,368.8174108408333,375.1825891591667,19.581905583942813,4.322834614568173,4.5298761877104425,True
5746,Zählfeld J_37.3_2_I (veraltet),10.019996,53.566193,2025-04,9845.628653514445,1173.3713464855555,421.24926776527775,298.75073223472225,23.37245286085691,3.9275932069135884,5.950833405994108,True
5746,Zählfeld J_37.3_2_I (veraltet),10.019996,53.566193,2025-05,10162.349702840833,693.6502971591667,493.9207367352778,250.07926326472221,20.57485937928428,2.773721771664454,7.41778053929963,True
5746,Zählfeld J_37.3_2_I (veraltet),10.019996,53.566193,2025-06,10244.268255032777,482.7317449672222,508.2723593,211.7276407,20.155076441971644,2.279965635904912,8.840079045301993,True
5746,Zählfeld J_37.3_2_I (veraltet),10.019996,53.566193,2025-07,8723.006417544722,535.9935824552778,508.95938871444446,235.04061128555554,17.13890461786693,2.280429664999843,7.515647108488264,True
5746,Zählfeld J_37.3_2_I (veraltet),10.019996,53.566193,2025-08,7513.132285181667,800.8677148183333,456.3271263661111,287.6728736338889,16.464356053104506,2.783952844429709,5.914021168155677,True
5746,Zählfeld J_37.3_2_I (veraltet),10.019996,53.566193,2025-09,8357.833422121945,1620.1665778780555,379.47910540944446,340.52089459055554,22.024489103567745,4.757906500351921,4.6290294065128625,True
5746,Zählfeld J_37.3_2_I (veraltet),10.019996,53.566193,2025-10,5223.371758103333,1786.6282418966666,326.24710055888886,417.7528994411111,16.01047717866383,4.27675844808474,3.7436009943076862,True
5746,Zählfeld J_37.3_2_I (veraltet),10.019996,53.566193,2025-11,2671.7634590408334,2315.2365409591666,257.97459228055556,462.0254077194445,10.356692244076525,5.011058920735906,2.06676720587344,True
5746,Zählfeld J_37.3_2_I (veraltet),10.019996,53.566193,2025-12,2265.3122803333335,2026.6877196666667,234.07368837805555,509.9263116219445,9.677774106223325,3.974471749104874,2.434983745551328,True
5746,Zählfeld J_37.3_2_I (veraltet),10.019996,53.566193,2026-01,1147.7849308091668,916.2150691908333,251.92644384916667,492.0735561508333,4.556031964220351,1.8619473811146836,2.4469176790016545,True
5746,Zählfeld J_37.3_2_I (veraltet),10.019996,53.566193,2026-02,2130.0904765022224,896.9095234977777,274.9950323086111,397.00496769138886,7.745923475852991,2.2591896739060173,3.428629107736982,True
5747,Zählfeld H_21.3_1_I (veraltet),9.933929,53.550266,2025-01,18454.495695033333,16194.504304966667,252.25277094527777,491.74722905472225,73.1587432156959,32.93257866668024,2.2214702333563316,True
5747,Zählfeld H_21.3_1_I (veraltet),9.933929,53.550266,2025-02,23348.269768170554,12254.730231829444,275.4455073022222,396.55449269777773,84.76547683369017,30.903017006464793,2.7429514993943007,True
5747,Zählfeld H_21.3_1_I (veraltet),9.933929,53.550266,2025-03,37315.75182352611,9249.24817647389,368.8174108408333,375.1825891591667,101.17676315348919,24.652658315522224,4.104091407042484,True
5747,Zählfeld H_21.3_1_I (veraltet),9.933929,53.550266,2025-04,51429.67128658639,6904.328713413611,421.24926776527775,298.75073223472225,122.08845266229226,23.110667082780648,5.282774929212589,True
5747,Zählfeld H_21.3_1_I (veraltet),9.933929,53.550266,2025-05,55878.53115317139,3530.4688468286113,493.9207367352778,250.07926326472221,113.13258787739478,14.11739942264394,8.013698875441115,True
5747,Zählfeld H_21.3_1_I (veraltet),9.933929,53.550266,2025-06,60534.99065526083,2333.009344739167,508.2723593,211.7276407,119.09951337631361,11.018917213765405,10.808640365092161,True
5747,Zählfeld H_21.3_1_I (veraltet),9.933929,53.550266,2025-07,64002.02761574972,3291.9723842502776,508.95938871444446,235.04061128555554,125.75075543337417,14.005972696568572,8.978366455346782,True
5747,Zählfeld H_21.3_1_I (veraltet),9.933929,53.550266,2025-08,49205.10106464361,5449.898935356389,456.3271263661111,287.6728736338889,107.82856907166719,18.94477872214077,5.691730194011075,True
5747,Zählfeld H_21.3_1_I (veraltet),9.933929,53.550266,2025-09,52031.17789728139,11073.822102718612,379.47910540944446,340.52089459055554,137.11210223588358,32.520242600777394,4.216207853031389,True
5747,Zählfeld H_21.3_1_I (veraltet),9.933929,53.550266,2025-10,37252.86567078611,14056.134329213888,326.24710055888886,417.7528994411111,114.18604366741896,33.64700603638856,3.3936464820652703,True
5747,Zählfeld H_21.3_1_I (veraltet),9.933929,53.550266,2025-11,26856.260581279443,22314.739418720557,257.97459228055556,462.0254077194445,104.10428540215467,48.29764564002231,2.1554732952839353,True
5747,Zählfeld H_21.3_1_I (veraltet),9.933929,53.550266,2025-12,20660.802787373057,22377.197212626943,234.07368837805555,509.9263116219445,88.26623329830868,43.88319783195896,2.0113901825547167,True
5747,Zählfeld H_21.3_1_I (veraltet),9.933929,53.550266,2026-01,10183.767541246389,9399.232458753611,251.92644384916667,492.0735561508333,40.423575173964714,19.10127528956769,2.116276246541631,True
5747,Zählfeld H_21.3_1_I (veraltet),9.933929,53.550266,2026-02,17164.016735676945,8867.983264323055,274.9950323086111,397.00496769138886,62.415733810110275,22.3372098235722,2.7942493401411164,True
5748,Zählfeld H_21.3_2_G (veraltet),9.933929,53.550266,2025-01,466.75788913944444,422.24211086055556,252.25277094527777,491.74722905472225,1.850357827152274,0.8586568177968684,2.154944546879509,True
5748,Zählfeld H_21.3_2_G (veraltet),9.933929,53.550266,2025-02,535.8311265891666,312.1688734108333,275.4455073022222,396.55449269777773,1.945325345246042,0.7872029674588596,2.4711864991130224,True
5748,Zählfeld H_21.3_2_G (veraltet),9.933929,53.550266,2025-03,759.9674438058333,234.03255619416666,368.8174108408333,375.1825891591667,2.0605519735992197,0.6237830937695277,3.3033148768865837,True
5748,Zählfeld H_21.3_2_G (veraltet),9.933929,53.550266,2025-04,865.5831872486111,252.41681275138887,421.24926776527775,298.75073223472225,2.054800455418046,0.8449077626128468,2.4319819823452087,True
5748,Zählfeld H_21.3_2_G (veraltet),9.933929,53.550266,2025-05,904.8923391494444,131.10766085055556,493.9207367352778,250.07926326472221,1.8320598263004928,0.5242644237630015,3.4945339474888573,True
5748,Zählfeld H_21.3_2_G (veraltet),9.933929,53.550266,2025-06,971.5139179844444,77.48608201555555,508.2723593,211.7276407,1.9114041914898292,0.3659705542430651,5.222836015982695,True
5748,Zählfeld H_21.3_2_G (veraltet),9.933929,53.550266,2025-07,802.6904378075,123.3095621925,508.95938871444446,235.04061128555554,1.5771207990385565,0.5246308776941051,3.006153213799443,True
5748,Zählfeld H_21.3_2_G (veraltet),9.933929,53.550266,2025-08,665.7417698902777,161.25823010972223,456.3271263661111,287.6728736338889,1.4589134229030105,0.5605611265070125,2.6025947107567755,True
5748,Zählfeld H_21.3_2_G (veraltet),9.933929,53.550266,2025-09,635.7803549975,284.2196450025,379.47910540944446,340.52089459055554,1.675402798031569,0.834661395284561,2.0072843999935737,True
5748,Zählfeld H_21.3_2_G (veraltet),9.933929,53.550266,2025-10,427.03423562694445,319.96576437305555,326.24710055888886,417.7528994411111,1.3089288300046154,0.7659211098262163,1.7089603788327559,True
5748,Zählfeld H_21.3_2_G (veraltet),9.933929,53.550266,2025-11,421.5970757841667,355.4029242158333,257.97459228055556,462.0254077194445,1.6342581339392777,0.7692280949874611,2.124542960129293,True
5748,Zählfeld H_21.3_2_G (veraltet),9.933929,53.550266,2025-12,395.6475586638889,388.3524413361111,234.07368837805555,509.9263116219445,1.6902692541199813,0.761585414372641,2.2194086470423637,True
5748,Zählfeld H_21.3_2_G (veraltet),9.933929,53.550266,2026-01,200.07134873666666,204.92865126333334,251.92644384916667,492.0735561508333,0.7941657321867065,0.4164593864103467,1.9069464108660943,True
5748,Zählfeld H_21.3_2_G (veraltet),9.933929,53.550266,2026-02,393.07348033777777,261.92651966222223,274.9950323086111,397.00496769138886,1.4293839311855425,0.659756277573409,2.166533278687143,True
5749,Zählfeld H_21.4_1_G (veraltet),9.933929,53.550247,2025-01,165.84460475194444,260.1553952480555,252.25277094527777,491.74722905472225,0.6574540455213544,0.5290429307515327,1.2427234300010532,True
5749,Zählfeld H_21.4_1_G (veraltet),9.933929,53.550247,2025-02,247.84093440722222,201.15906559277778,275.4455073022222,396.55449269777773,0.8997820906016379,0.5072671456179547,1.7737834952932345,True
5749,Zählfeld H_21.4_1_G (veraltet),9.933929,53.550247,2025-03,319.3827891325,165.6172108675,368.8174108408333,375.1825891591667,0.865964511828138,0.4414309609586891,1.9617212846771264,True
5749,Zählfeld H_21.4_1_G (veraltet),9.933929,53.550247,2025-04,462.19961777055556,81.80038222944445,421.24926776527775,298.75073223472225,1.0972116823431384,0.27380813970750567,4.007228139803403,True
5749,Zählfeld H_21.4_1_G (veraltet),9.933929,53.550247,2025-05,440.76151262166667,59.23848737833333,493.9207367352778,250.07926326472221,0.8923729656199829,0.23687884635051185,3.7672125618998087,True
5749,Zählfeld H_21.4_1_G (veraltet),9.933929,53.550247,2025-06,464.1521246583333,63.847875341666665,508.2723593,211.7276407,0.9131956837030648,0.30155663724668647,3.0282725395827748,True
5749,Zählfeld H_21.4_1_G (veraltet),9.933929,53.550247,2025-07,444.2226985752778,59.777301424722225,508.95938871444446,235.04061128555554,0.8728057845584067,0.25432754406895913,3.4318177677277126,True
5749,Zählfeld H_21.4_1_G (veraltet),9.933929,53.550247,2025-08,457.0603778683333,98.93962213166667,456.3271263661111,287.6728736338889,1.00160685495088,0.3439310105324134,2.9122318845293096,True
5749,Zählfeld H_21.4_1_G (veraltet),9.933929,53.550247,2025-09,385.6473027047222,121.35269729527778,379.47910540944446,340.52089459055554,1.0162543792460523,0.3563737180979541,2.8516535525403732,True
5749,Zählfeld H_21.4_1_G (veraltet),9.933929,53.550247,2025-10,300.6640623877778,192.3359376122222,326.24710055888886,417.7528994411111,0.9215838604319083,0.460405990884894,2.0016765174159374,True
5749,Zählfeld H_21.4_1_G (veraltet),9.933929,53.550247,2025-11,220.98908481222222,243.01091518777778,257.97459228055556,462.0254077194445,0.856631200997847,0.5259687262379761,1.6286732618590363,True
5749,Zählfeld H_21.4_1_G (veraltet),9.933929,53.550247,2025-12,173.8133156013889,240.1866843986111,234.07368837805555,509.9263116219445,0.7425581098233505,0.47102233974677443,1.5764817231865391,True
5749,Zählfeld H_21.4_1_G (veraltet),9.933929,53.550247,2026-01,77.15608240138889,113.84391759861111,251.92644384916667,492.0735561508333,0.30626432550123145,0.23135548776312417,1.3237824114844576,True
5749,Zählfeld H_21.4_1_G (veraltet),9.933929,53.550247,2026-02,175.2493564061111,183.7506435938889,274.9950323086111,397.00496769138886,0.6372818990033203,0.4628421771707581,1.376888128257606,True
5750,Zählfeld H_21.4_2_I (veraltet),9.933929,53.550247,2025-01,19553.740173825,18089.259826175,252.25277094527777,491.74722905472225,77.51645343894705,36.785687355976954,2.10724493710873,True
5750,Zählfeld H_21.4_2_I (veraltet),9.933929,53.550247,2025-02,25316.939268631668,12755.060731368334,275.4455073022222,396.55449269777773,91.91269633181423,32.164711196675874,2.8575632397194703,True
5750,Zählfeld H_21.4_2_I (veraltet),9.933929,53.550247,2025-03,40229.51901955111,7824.480980448889,368.8174108408333,375.1825891591667,109.07706045610885,20.855128160356735,5.23022729073668,True
5750,Zählfeld H_21.4_2_I (veraltet),9.933929,53.550247,2025-04,50989.533245103055,9813.466754896945,421.24926776527775,298.75073223472225,121.04361276543437,32.84834377305127,3.6849228564375403,True
5750,Zählfeld H_21.4_2_I (veraltet),9.933929,53.550247,2025-05,57162.016990927776,3562.983009072222,493.9207367352778,250.07926326472221,115.73115429159311,14.247414849829491,8.122958130399224,True
5750,Zählfeld H_21.4_2_I (veraltet),9.933929,53.550247,2025-06,61203.480776689445,1979.5192233105556,508.2723593,211.7276407,120.41473366952269,9.349366085438819,12.879454346863447,True
5750,Zählfeld H_21.4_2_I (veraltet),9.933929,53.550247,2025-07,63386.16709257583,3301.8329074241665,508.95938871444446,235.04061128555554,124.54071679997855,14.047925119683693,8.86541718715986,True
5750,Zählfeld H_21.4_2_I (veraltet),9.933929,53.550247,2025-08,50307.588831562774,6512.411168437222,456.3271263661111,287.6728736338889,110.2445722045483,22.6382525615722,4.869835774855051,True
5750,Zählfeld H_21.4_2_I (veraltet),9.933929,53.550247,2025-09,52387.41977273583,16718.580227264167,379.47910540944446,340.52089459055554,138.05086769194227,49.09707595877983,2.8117940833756556,True
5750,Zählfeld H_21.4_2_I (veraltet),9.933929,53.550247,2025-10,33530.95844631945,18801.041553680556,326.24710055888886,417.7528994411111,102.77779753100666,45.00517310312735,2.2836885283275308,True
5750,Zählfeld H_21.4_2_I (veraltet),9.933929,53.550247,2025-11,28001.68924011889,21733.31075988111,257.97459228055556,462.0254077194445,108.54436862396962,47.039211257139826,2.3075295210757654,True
5750,Zählfeld H_21.4_2_I (veraltet),9.933929,53.550247,2025-12,21181.616550775834,21916.383449224166,234.07368837805555,509.9263116219445,90.49123247276354,42.9795108620965,2.1054504962402327,True
5750,Zählfeld H_21.4_2_I (veraltet),9.933929,53.550247,2026-01,10909.623815412222,10724.376184587778,251.92644384916667,492.0735561508333,43.30479821302137,21.794254234016343,1.986982337089172,True
5750,Zählfeld H_21.4_2_I (veraltet),9.933929,53.550247,2026-02,19335.44270652278,10229.557293477223,274.9950323086111,397.00496769138886,70.31197088980039,25.766824412708992,2.728779059600389,True
5755,Zählfeld B_21.1_1_I (veraltet),9.936625,53.55037,2025-01,10014.683086415278,7211.316913584722,252.25277094527777,491.74722905472225,39.70098345753278,14.664682356109907,2.707251510360313,True
5755,Zählfeld B_21.1_1_I (veraltet),9.936625,53.55037,2025-02,12876.485056851667,5239.514943148333,275.4455073022222,396.55449269777773,46.74784926778068,13.212597611752376,3.5381270694416123,True
5755,Zählfeld B_21.1_1_I (veraltet),9.936625,53.55037,2025-03,19979.634329769724,3752.365670230278,368.8174108408333,375.1825891591667,54.172156038458084,10.001438709189094,5.416436336172909,True
5755,Zählfeld B_21.1_1_I (veraltet),9.936625,53.55037,2025-04,25865.65205886611,3022.347941133889,421.24926776527775,298.75073223472225,61.402248118039665,10.11662103227681,6.069442348600132,True
5755,Zählfeld B_21.1_1_I (veraltet),9.936625,53.55037,2025-05,26997.951188945834,1418.0488110541667,493.9207367352778,250.07926326472221,54.66049343746359,5.670397427367204,9.639622996027414,True
5755,Zählfeld B_21.1_1_I (veraltet),9.936625,53.55037,2025-06,28482.62722101472,847.3727789852778,508.2723593,211.7276407,56.03811952363769,4.00218306964433,14.001888106687169,True
5755,Zählfeld B_21.1_1_I (veraltet),9.936625,53.55037,2025-07,30061.6136013875,1215.3863986125,508.95938871444446,235.04061128555554,59.064857173218975,5.170963400601025,11.422408668828293,True
5755,Zählfeld B_21.1_1_I (veraltet),9.936625,53.55037,2025-08,23708.634285388333,1984.3657146116666,456.3271263661111,287.6728736338889,51.95534719618422,6.897993855121351,7.531950344897808,True
5755,Zählfeld B_21.1_1_I (veraltet),9.936625,53.55037,2025-09,25568.490266577777,4584.509733422222,379.47910540944446,340.52089459055554,67.37786060444695,13.463225917266149,5.004585158007119,True
5755,Zählfeld B_21.1_1_I (veraltet),9.936625,53.55037,2025-10,17204.296941841945,5495.703058158056,326.24710055888886,417.7528994411111,52.73394587222241,13.155391777077929,4.008542411036857,True
5755,Zählfeld B_21.1_1_I (veraltet),9.936625,53.55037,2025-11,12871.450351716388,9047.549648283612,257.97459228055556,462.0254077194445,49.89425601153108,19.582363863801948,2.5479179305702075,True
5755,Zählfeld B_21.1_1_I (veraltet),9.936625,53.55037,2025-12,10255.287135969722,9059.712864030278,234.07368837805555,509.9263116219445,43.81221660166379,17.766709929545822,2.4659724155683214,True
5755,Zählfeld B_21.1_1_I (veraltet),9.936625,53.55037,2026-01,4729.352811780555,3470.6471882194446,251.92644384916667,492.0735561508333,18.77275263176466,7.053106481413119,2.661628983092208,True
5755,Zählfeld B_21.1_1_I (veraltet),9.936625,53.55037,2026-02,8225.959940251945,3430.0400597480557,274.9950323086111,397.00496769138886,29.913121961492106,8.639791284461689,3.4622505308999343,True
5756,Zählfeld B_21.1_2_G (veraltet),9.936625,53.55037,2025-01,964.2039484825,504.7960515175,252.25277094527777,491.74722905472225,3.822372078884591,1.0265356298760673,3.7235649378736735,True
5756,Zählfeld B_21.1_2_G (veraltet),9.936625,53.55037,2025-02,1177.2658421566666,298.7341578433333,275.4455073022222,396.55449269777773,4.274042636189945,0.7533243560324626,5.6735755348467265,True
5756,Zählfeld B_21.1_2_G (veraltet),9.936625,53.55037,2025-03,1814.7222862783333,218.27771372166666,368.8174108408333,375.1825891591667,4.920381286070831,0.5817906268274751,8.457305874626831,True
5756,Zählfeld B_21.1_2_G (veraltet),9.936625,53.55037,2025-04,2112.598876872778,210.40112312722223,421.24926776527775,298.75073223472225,5.015080235225308,0.7042698156867259,7.120964328614819,True
5756,Zählfeld B_21.1_2_G (veraltet),9.936625,53.55037,2025-05,2083.172209459167,106.82779054083333,493.9207367352778,250.07926326472221,4.21762451851797,0.4271757247931046,9.873277608554899,True
5756,Zählfeld B_21.1_2_G (veraltet),9.936625,53.55037,2025-06,2162.5761124925,67.4238875075,508.2723593,211.7276407,4.254758443821008,0.3184463175643368,13.36099119111781,True
5756,Zählfeld B_21.1_2_G (veraltet),9.936625,53.55037,2025-07,2231.3308241633335,78.66917583666667,508.95938871444446,235.04061128555554,4.384103866910369,0.3347046087328709,13.098426948788566,True
5756,Zählfeld B_21.1_2_G (veraltet),9.936625,53.55037,2025-08,1918.0536398675,109.9463601325,456.3271263661111,287.6728736338889,4.203242649941976,0.38219231011827987,10.997716434015032,True
5756,Zählfeld B_21.1_2_G (veraltet),9.936625,53.55037,2025-09,1946.3369016980555,295.66309830194444,379.47910540944446,340.52089459055554,5.128969879904263,0.8682671254504121,5.907133564735183,True
5756,Zählfeld B_21.1_2_G (veraltet),9.936625,53.55037,2025-10,1443.5772020586112,351.42279794138886,326.24710055888886,417.7528994411111,4.424797031408529,0.8412216849040146,5.259965489255556,True
5756,Zählfeld B_21.1_2_G (veraltet),9.936625,53.55037,2025-11,1156.0930491180557,537.9069508819445,257.97459228055556,462.0254077194445,4.481422138893305,1.1642367322114404,3.849236168988543,True
5756,Zählfeld B_21.1_2_G (veraltet),9.936625,53.55037,2025-12,1109.349018198611,623.6509818013889,234.07368837805555,509.9263116219445,4.739315323672289,1.2230217731219153,3.875086632002141,True
5756,Zählfeld B_21.1_2_G (veraltet),9.936625,53.55037,2026-01,515.3152414516667,249.68475854833332,251.92644384916667,492.0735561508333,2.0454988113919317,0.5074134861085655,4.0312267359686995,True
5756,Zählfeld B_21.1_2_G (veraltet),9.936625,53.55037,2026-02,732.4220407922222,245.57795920777778,274.9950323086111,397.00496769138886,2.6634009881686413,0.6185765398247545,4.305693502251468,True
5757,Zählfeld J_42.7_1_I (veraltet),10.044535,53.563873,2025-01,3686.5768246994444,4646.423175300555,252.25277094527777,491.74722905472225,14.614613789511905,9.448803980517184,1.5467157345677065,True
5757,Zählfeld J_42.7_1_I (veraltet),10.044535,53.563873,2025-02,4909.778726050833,3402.2212739491665,275.4455073022222,396.55449269777773,17.824864068898258,8.579454618717607,2.0776220472115026,True
5757,Zählfeld J_42.7_1_I (veraltet),10.044535,53.563873,2025-03,9023.156098085556,2507.8439019144444,368.8174108408333,375.1825891591667,24.46510341665943,6.684329109020893,3.660068649768059,True
5757,Zählfeld J_42.7_1_I (veraltet),10.044535,53.563873,2025-04,10740.128830008889,3215.871169991111,421.24926776527775,298.75073223472225,25.4958991073982,10.764395942850669,2.368539697235094,True
5757,Zählfeld J_42.7_1_I (veraltet),10.044535,53.563873,2025-05,12824.086865436111,1474.913134563889,493.9207367352778,250.07926326472221,25.96385596239771,5.897782628232613,4.40230805355712,True
5757,Zählfeld J_42.7_1_I (veraltet),10.044535,53.563873,2025-06,13215.339313281944,923.6606867180556,508.2723593,211.7276407,26.000507545762076,4.3624945881619865,5.9600091232930685,True
5757,Zählfeld J_42.7_1_I (veraltet),10.044535,53.563873,2025-07,13257.559137591112,1403.440862408889,508.95938871444446,235.04061128555554,26.048363448167702,5.97105689409487,4.362437657214163,True
5757,Zählfeld J_42.7_1_I (veraltet),10.044535,53.563873,2025-08,11231.9612791575,2570.0387208425,456.3271263661111,287.6728736338889,24.61383650058555,8.933893169619104,2.7551075475458098,True
5757,Zählfeld J_42.7_1_I (veraltet),10.044535,53.563873,2025-09,9659.542938283612,4236.457061716389,379.47910540944446,340.52089459055554,25.45474256839862,12.44110751796988,2.0460190165250083,True
5757,Zählfeld J_42.7_1_I (veraltet),10.044535,53.563873,2025-10,6245.645691721945,4389.354308278055,326.24710055888886,417.7528994411111,19.143911719131374,10.507058871764466,1.8220048019885615,True
5757,Zählfeld J_42.7_1_I (veraltet),10.044535,53.563873,2025-11,4954.962440104722,4645.037559895278,257.97459228055556,462.0254077194445,19.207172288951785,10.053640951962283,1.9104692897554596,True
5757,Zählfeld J_42.7_1_I (veraltet),10.044535,53.563873,2025-12,3688.7837768541667,4501.216223145833,234.07368837805555,509.9263116219445,15.75907058334708,8.827189577310929,1.7852874287251737,True
5757,Zählfeld J_42.7_1_I (veraltet),10.044535,53.563873,2026-01,2063.8308807358335,2177.1691192641665,251.92644384916667,492.0735561508333,8.19219629826351,4.424479007355575,1.8515617962350392,True
5757,Zählfeld J_42.7_1_I (veraltet),10.044535,53.563873,2026-02,3300.7144780744443,2234.2855219255557,274.9950323086111,397.00496769138886,12.002814924926508,5.627852807278658,2.132752105634841,True
5758,Zählfeld J_42.7_2_I (veraltet),10.044535,53.563873,2025-01,4455.731936416667,4339.268063583333,252.25277094527777,491.74722905472225,17.663758141167325,8.824184066933407,2.0017440714273156,True
5758,Zählfeld J_42.7_2_I (veraltet),10.044535,53.563873,2025-02,5684.422186304167,3366.5778136958334,275.4455073022222,396.55449269777773,20.63719333082877,8.489571737777716,2.430887442648655,True
5758,Zählfeld J_42.7_2_I (veraltet),10.044535,53.563873,2025-03,10203.624145545833,2883.3758544541665,368.8174108408333,375.1825891591667,27.665787583844043,7.6852602913056,3.599850432540663,True
5758,Zählfeld J_42.7_2_I (veraltet),10.044535,53.563873,2025-04,14404.698510090833,2076.301489909167,421.24926776527775,298.75073223472225,34.19518943381809,6.949946111857091,4.920209291332306,True
5758,Zählfeld J_42.7_2_I (veraltet),10.044535,53.563873,2025-05,15337.618601415834,1142.3813985841666,493.9207367352778,250.07926326472221,31.052793415385995,4.568077271464508,6.7977819922977325,True
5758,Zählfeld J_42.7_2_I (veraltet),10.044535,53.563873,2025-06,16194.465866766945,804.5341332330555,508.2723593,211.7276407,31.861787426469927,3.7998540510495356,8.38500294969739,True
5758,Zählfeld J_42.7_2_I (veraltet),10.044535,53.563873,2025-07,16676.70579213,1102.29420787,508.95938871444446,235.04061128555554,32.76627990742615,4.6898031869513845,6.986706819295318,True
5758,Zählfeld J_42.7_2_I (veraltet),10.044535,53.563873,2025-08,14426.115913225278,1785.8840867747222,456.3271263661111,287.6728736338889,31.61354011124732,6.208037845958161,5.092356215552037,True
5758,Zählfeld J_42.7_2_I (veraltet),10.044535,53.563873,2025-09,13231.632682260279,3001.3673177397222,379.47910540944446,340.52089459055554,34.867882035254134,8.8140474356165,3.9559444500329373,True
5758,Zählfeld J_42.7_2_I (veraltet),10.044535,53.563873,2025-10,8833.91409337889,3506.085906621111,326.24710055888886,417.7528994411111,27.077371962066938,8.392726684390972,3.226290212980031,True
5758,Zählfeld J_42.7_2_I (veraltet),10.044535,53.563873,2025-11,5832.3013786266665,5246.6986213733335,257.97459228055556,462.0254077194445,22.608045726781704,11.35586600587837,1.9908693634707064,True
5758,Zählfeld J_42.7_2_I (veraltet),10.044535,53.563873,2025-12,4268.072237542778,5072.927762457222,234.07368837805555,509.9263116219445,18.233882958469714,9.94835458935536,1.8328541463509742,True
5758,Zählfeld J_42.7_2_I (veraltet),10.044535,53.563873,2026-01,2449.436642478889,2148.563357521111,251.92644384916667,492.0735561508333,9.722824666811933,4.366345906347628,2.2267646392094727,True
5758,Zählfeld J_42.7_2_I (veraltet),10.044535,53.563873,2026-02,3982.5267632738887,2107.4732367261113,274.9950323086111,397.00496769138886,14.482177113674288,5.308430393154053,2.72814674792591,True
5759,Zählfeld B_16.2_1_G (veraltet),10.019236,53.490765,2025-01,666.8508393425,642.1491606575,252.25277094527777,491.74722905472225,2.6435818201067955,1.3058521181540625,2.024411327558079,True
5759,Zählfeld B_16.2_1_G (veraltet),10.019236,53.490765,2025-02,928.5404470708334,586.4595529291666,275.4455073022222,396.55449269777773,3.371049526874393,1.4788876780577025,2.2794493299868197,True
5759,Zählfeld B_16.2_1_G (veraltet),10.019236,53.490765,2025-03,1614.2782893158333,559.7217106841666,368.8174108408333,375.1825891591667,4.376903697782561,1.4918648329032973,2.9338473575147757,True
5759,Zählfeld B_16.2_1_G (veraltet),10.019236,53.490765,2025-04,2476.2125427055557,508.78745729444444,421.24926776527775,298.75073223472225,5.878259577379999,1.7030500761909453,3.451607007662017,True
5759,Zählfeld B_16.2_1_G (veraltet),10.019236,53.490765,2025-05,3051.916491313333,311.0835086866667,493.9207367352778,250.07926326472221,6.178960032101347,1.24393963987877,4.967250688066767,True
5759,Zählfeld B_16.2_1_G (veraltet),10.019236,53.490765,2025-06,3312.7507320519444,243.24926794805555,508.2723593,211.7276407,6.517668473285292,1.1488781868245488,5.673071826091376,True
5759,Zählfeld B_16.2_1_G (veraltet),10.019236,53.490765,2025-07,3193.6126017466668,281.38739825333334,508.95938871444446,235.04061128555554,6.274788662044837,1.19718629352725,5.241280071422746,True
5759,Zählfeld B_16.2_1_G (veraltet),10.019236,53.490765,2025-08,920.5400832680556,155.45991673194445,456.3271263661111,287.6728736338889,2.0172810908670518,0.5404051997262446,3.7329046646645048,True
5759,Zählfeld B_16.2_1_G (veraltet),10.019236,53.490765,2025-09,998.3522633661111,245.64773663388888,379.47910540944446,340.52089459055554,2.6308491011354223,0.7213881454448111,3.646925885527588,True
5759,Zählfeld B_16.2_1_G (veraltet),10.019236,53.490765,2025-10,1472.8103119291666,740.1896880708333,326.24710055888886,417.7528994411111,4.514401229638878,1.771836147782799,2.5478660852968877,True
5759,Zählfeld B_16.2_1_G (veraltet),10.019236,53.490765,2025-11,1191.9201081375,962.0798918625,257.97459228055556,462.0254077194445,4.6203003854009355,2.082309491617187,2.218834618005158,True
5759,Zählfeld B_16.2_1_G (veraltet),10.019236,53.490765,2025-12,811.7312284702778,938.2687715297222,234.07368837805555,509.9263116219445,3.4678448231192895,1.8400085466179035,1.8846895192380988,True
5759,Zählfeld B_16.2_1_G (veraltet),10.019236,53.490765,2026-01,247.76107295777777,242.23892704222223,251.92644384916667,492.0735561508333,0.9834659243081175,0.49228194446598084,1.9977696427094533,True
5759,Zählfeld B_16.2_1_G (veraltet),10.019236,53.490765,2026-02,645.5096889486111,459.4903110513889,274.9950323086111,397.00496769138886,2.3473503631301704,1.1573918425337513,2.0281379882472415,True
5760,Zählfeld B_16.2_2_I (veraltet),10.019236,53.490765,2025-01,1193.9644812319445,1050.0355187680555,252.25277094527777,491.74722905472225,4.73320660366881,2.135315578262681,2.2166309522828493,True
5760,Zählfeld B_16.2_2_I (veraltet),10.019236,53.490765,2025-02,1703.525902726111,869.4740972738889,275.4455073022222,396.55449269777773,6.184620397010075,2.192571546368869,2.820715432183941,True
5760,Zählfeld B_16.2_2_I (veraltet),10.019236,53.490765,2025-03,2861.825192701389,857.1748072986111,368.8174108408333,375.1825891591667,7.759463378306826,2.284687061890724,3.396291556833773,True
5760,Zählfeld B_16.2_2_I (veraltet),10.019236,53.490765,2025-04,4153.1733970875,940.8266029125,421.24926776527775,298.75073223472225,9.859182471983951,3.1492026676383578,3.1306916424586686,True
5760,Zählfeld B_16.2_2_I (veraltet),10.019236,53.490765,2025-05,4923.449781267778,550.5502187322222,493.9207367352778,250.07926326472221,9.9680969335502,2.2015028817060913,4.527860043419637,True
5760,Zählfeld B_16.2_2_I (veraltet),10.019236,53.490765,2025-06,5447.586927360833,423.41307263916667,508.2723593,211.7276407,10.717850041783363,1.999800645958677,5.3594592358206645,True
5760,Zählfeld B_16.2_2_I (veraltet),10.019236,53.490765,2025-07,4615.697538166389,488.3024618336111,508.95938871444446,235.04061128555554,9.068891625763998,2.0775237911560853,4.36524080463955,True
5760,Zählfeld B_16.2_2_I (veraltet),10.019236,53.490765,2025-08,640.7820340652778,132.21796593472223,456.3271263661111,287.6728736338889,1.40421639881031,0.4596122125264802,3.055219945291178,True
5760,Zählfeld B_16.2_2_I (veraltet),10.019236,53.490765,2025-09,1873.9435120677779,616.0564879322222,379.47910540944446,340.52089459055554,4.938199456451915,1.8091591374237768,2.729555048144553,True
5760,Zählfeld B_16.2_2_I (veraltet),10.019236,53.490765,2025-10,2471.8154504955555,1265.1845495044445,326.24710055888886,417.7528994411111,7.576513159078278,3.028547620368563,2.50169853963077,True
5760,Zählfeld B_16.2_2_I (veraltet),10.019236,53.490765,2025-11,1947.2885032955555,1528.7114967044445,257.97459228055556,462.0254077194445,7.548373218002095,3.3087173803929053,2.2813593154655405,True
5760,Zählfeld B_16.2_2_I (veraltet),10.019236,53.490765,2025-12,1358.3369038647222,1467.6630961352778,234.07368837805555,509.9263116219445,5.803031144922423,2.8781866373339686,2.0162108563945336,True
5760,Zählfeld B_16.2_2_I (veraltet),10.019236,53.490765,2026-01,478.03547427138886,432.96452572861114,251.92644384916667,492.0735561508333,1.8975200338936953,0.879877653079769,2.1565725953511263,True
5760,Zählfeld B_16.2_2_I (veraltet),10.019236,53.490765,2026-02,1219.8859158080556,702.1140841919445,274.9950323086111,397.00496769138886,4.436028918657149,1.7685272007420614,2.5083181738996285,True
5761,Zählfeld B_33.2_1_G (veraltet),9.890217,53.60187,2025-01,557.5510742575,589.4489257425,252.25277094527777,491.74722905472225,2.210287213766432,1.1986827599935603,1.8439300935456067,True
5761,Zählfeld B_33.2_1_G (veraltet),9.890217,53.60187,2025-02,813.3185562361111,545.6814437638889,275.4455073022222,396.55449269777773,2.9527385078883426,1.376056642434168,2.1457972127260048,True
5761,Zählfeld B_33.2_1_G (veraltet),9.890217,53.60187,2025-03,3561.0955168208334,1098.9044831791666,368.8174108408333,375.1825891591667,9.655443078737024,2.928985818990043,3.296514109469592,True
5761,Zählfeld B_33.2_1_G (veraltet),9.890217,53.60187,2025-04,2797.3616854025,536.6383145975,421.24926776527775,298.75073223472225,6.640632754669153,1.7962744746542558,3.6968920108645045,True
5761,Zählfeld B_33.2_1_G (veraltet),9.890217,53.60187,2025-05,3021.2350479316665,422.76495206833334,493.9207367352778,250.07926326472221,6.116841880139425,1.6905238225242776,3.618311554465883,True
5761,Zählfeld B_33.2_1_G (veraltet),9.890217,53.60187,2025-06,2132.663311884722,248.33668811527778,508.2723593,211.7276407,4.1959065309430885,1.1729063210369859,3.577358613971334,True
5761,Zählfeld B_33.2_1_G (veraltet),9.890217,53.60187,2025-07,1783.6564701602779,286.34352983972224,508.95938871444446,235.04061128555554,3.5045162928726556,1.2182725711678726,2.876627427894171,True
5761,Zählfeld B_33.2_1_G (veraltet),9.890217,53.60187,2025-08,1370.1712170608334,430.8287829391667,456.3271263661111,287.6728736338889,3.0026074232579054,1.4976343702377277,2.004900183201114,True
5761,Zählfeld B_33.2_1_G (veraltet),9.890217,53.60187,2025-09,3036.5202560616667,909.4797439383333,379.47910540944446,340.52089459055554,8.00181146412625,2.670848568725562,2.9959809619399134,True
5761,Zählfeld B_33.2_1_G (veraltet),9.890217,53.60187,2025-10,3280.1642422930554,1318.8357577069444,326.24710055888886,417.7528994411111,10.054232625129409,3.156975713325612,3.184767175335064,True
5761,Zählfeld B_33.2_1_G (veraltet),9.890217,53.60187,2025-11,1895.8971637122222,1459.1028362877778,257.97459228055556,462.0254077194445,7.349162361114903,3.15805756979882,2.3271147528773746,True
5761,Zählfeld B_33.2_1_G (veraltet),9.890217,53.60187,2025-12,970.3270910963889,1258.6729089036112,234.07368837805555,509.9263116219445,4.145391555197783,2.4683427393658044,1.679422994661943,True
5761,Zählfeld B_33.2_1_G (veraltet),9.890217,53.60187,2026-01,403.8341668616667,375.1658331383333,251.92644384916667,492.0735561508333,1.602984429468826,0.7624181963221272,2.1025002252065264,True
5761,Zählfeld B_33.2_1_G (veraltet),9.890217,53.60187,2026-02,2201.2066802944446,950.7933197055555,270.9950323086111,397.0049676913889,8.122682772235082,2.394915421926541,3.3916365888616458,True
5762,Zählfeld B_33.2_2_I (veraltet),9.890217,53.60187,2025-01,6384.601757476111,5524.398242523889,252.25277094527777,491.74722905472225,25.310333494259805,11.234223430487551,2.25296689627628,True
5762,Zählfeld B_33.2_2_I (veraltet),9.890217,53.60187,2025-02,8551.696301980277,4507.303698019722,275.4455073022222,396.55449269777773,31.04678085236384,11.366164754196419,2.731508958719016,True
5762,Zählfeld B_33.2_2_I (veraltet),9.890217,53.60187,2025-03,14073.603456885834,3826.396543114167,368.8174108408333,375.1825891591667,38.1587285285711,10.198758294433711,3.741507292059016,True
5762,Zählfeld B_33.2_2_I (veraltet),9.890217,53.60187,2025-04,17727.349207757223,4182.650792242778,421.24926776527775,298.75073223472225,42.08280123975193,14.000470428827455,3.0058133727493885,True
5762,Zählfeld B_33.2_2_I (veraltet),9.890217,53.60187,2025-05,20941.874298444167,2487.1257015558335,493.9207367352778,250.07926326472221,42.399261138266795,9.945349602710076,4.2632248067692995,True
5762,Zählfeld B_33.2_2_I (veraltet),9.890217,53.60187,2025-06,22430.11542836639,1573.8845716336111,508.2723593,211.7276407,44.130110595149155,7.433533791006869,5.936626083349216,True
5762,Zählfeld B_33.2_2_I (veraltet),9.890217,53.60187,2025-07,20954.034148164443,2021.9658518355554,508.95938871444446,235.04061128555554,41.17034602916199,8.602623354221235,4.785789675304109,True
5762,Zählfeld B_33.2_2_I (veraltet),9.890217,53.60187,2025-08,15919.619728280279,2864.3802717197223,456.3271263661111,287.6728736338889,34.88641986956518,9.957074629723753,3.5036816702591156,True
5762,Zählfeld B_33.2_2_I (veraltet),9.890217,53.60187,2025-09,17203.61685807139,5517.383141928611,379.47910540944446,340.52089459055554,45.33481979069519,16.202774130975858,2.7979665348803313,True
5762,Zählfeld B_33.2_2_I (veraltet),9.890217,53.60187,2025-10,12101.294135465,6022.705864535,326.24710055888886,417.7528994411111,37.092418950956066,14.416909787083348,2.572841163519561,True
5762,Zählfeld B_33.2_2_I (veraltet),9.890217,53.60187,2025-11,7698.293450974445,6062.706549025555,257.97459228055556,462.0254077194445,29.841285465051946,13.122019801791962,2.2741381217072067,True
5762,Zählfeld B_33.2_2_I (veraltet),9.890217,53.60187,2025-12,5567.572712870277,5368.427287129723,234.07368837805555,509.9263116219445,23.785555529325517,10.527849151486487,2.2592986646248723,True
5762,Zählfeld B_33.2_2_I (veraltet),9.890217,53.60187,2026-01,2430.0614683411113,2260.9385316588887,251.92644384916667,492.0735561508333,9.64591660649978,4.59471658941545,2.0993496375207235,True
5762,Zählfeld B_33.2_2_I (veraltet),9.890217,53.60187,2026-02,5162.695637183056,3158.3043628169444,270.9950323086111,397.0049676913889,19.050886627706667,7.955327060975334,2.3947333003014215,True
5763,Zählfeld B_45.3_1_G (veraltet),10.119637,53.60592,2025-01,1317.2694708727777,1077.7305291272223,252.25277094527777,491.74722905472225,5.2220218074771445,2.19163518460272,2.3827057733715593,True
5763,Zählfeld B_45.3_1_G (veraltet),10.119637,53.60592,2025-02,1212.7294796852777,708.2705203147223,275.4455073022222,396.55449269777773,4.402792739525992,1.7860610164729862,2.465085290434468,True
5763,Zählfeld B_45.3_1_G (veraltet),10.119637,53.60592,2025-03,1343.2053715647223,433.7946284352778,368.8174108408333,375.1825891591667,3.641925061244995,1.156222705876273,3.1498473803841005,True
5763,Zählfeld B_45.3_1_G (veraltet),10.119637,53.60592,2025-04,1666.1547293202777,475.8452706797222,421.24926776527775,298.75073223472225,3.955270327611982,1.5927836130150819,2.4832439857444277,True
5763,Zählfeld B_45.3_1_G (veraltet),10.119637,53.60592,2025-05,1772.5584749608333,256.44152503916666,493.9207367352778,250.07926326472221,3.5887508726139097,1.0254409809569442,3.499714697636599,True
5763,Zählfeld B_45.3_1_G (veraltet),10.119637,53.60592,2025-06,2040.0180326897223,171.98196731027778,508.2723593,211.7276407,4.013631659016958,0.8122792411122247,4.941196888795577,True
5763,Zählfeld B_45.3_1_G (veraltet),10.119637,53.60592,2025-07,1995.155062556111,223.84493744388888,508.95938871444446,235.04061128555554,3.92006731145205,0.9523670663532064,4.116130691564891,True
5763,Zählfeld B_45.3_1_G (veraltet),10.119637,53.60592,2025-08,1599.8859942991667,365.11400570083333,456.3271263661111,287.6728736338889,3.5060067698355035,1.2691985903596215,2.762378398830472,True
5763,Zählfeld B_45.3_1_G (veraltet),10.119637,53.60592,2025-09,1833.0125586369445,627.9874413630556,379.47910540944446,340.52089459055554,4.830338568072646,1.8441964981859678,2.6192103568269314,True
5763,Zählfeld B_45.3_1_G (veraltet),10.119637,53.60592,2025-10,1561.4280766788888,707.5719233211111,326.24710055888886,417.7528994411111,4.786028976208618,1.6937570613339443,2.825687984107536,True
5763,Zählfeld B_45.3_1_G (veraltet),10.119637,53.60592,2025-11,1250.133901813889,1078.866098186111,257.97459228055556,462.0254077194445,4.84595746721572,2.3350795868811405,2.0752857823095634,True
5763,Zählfeld B_45.3_1_G (veraltet),10.119637,53.60592,2025-12,1095.1924629894445,985.8075370105555,234.07368837805555,509.9263116219445,4.678836269801433,1.93323528231943,2.4202104692543807,True
5763,Zählfeld B_45.3_1_G (veraltet),10.119637,53.60592,2026-01,433.5558551763889,472.4441448236111,251.92644384916667,492.0735561508333,1.7209620735009752,0.9601087864164656,1.792465705812711,True
5763,Zählfeld B_45.3_1_G (veraltet),10.119637,53.60592,2026-02,920.624461755,456.37553824500003,274.9950323086111,397.00496769138886,3.347785790987803,1.1495461653763557,2.9122673728303505,True
5765,Zählfeld B_31.3_1_I (veraltet),9.971251,53.58233,2025-01,17749.001440011667,15440.998559988333,252.25277094527777,491.74722905472225,70.36196816986416,31.400275685681677,2.2408073379415825,True
5765,Zählfeld B_31.3_1_I (veraltet),9.971251,53.58233,2025-02,22094.08892605972,10901.911073940279,275.4455073022222,396.55449269777773,80.21219566241759,27.491583816827028,2.917700056746871,True
5765,Zählfeld B_31.3_1_I (veraltet),9.971251,53.58233,2025-03,33399.04716603861,7353.952833961389,368.8174108408333,375.1825891591667,90.55713256566483,19.600997078362724,4.6200268386157575,True
5765,Zählfeld B_31.3_1_I (veraltet),9.971251,53.58233,2025-04,43423.61093112417,7107.389068875834,421.24926776527775,298.75073223472225,103.08293510273833,23.79036535144525,4.332969821183352,True
5765,Zählfeld B_31.3_1_I (veraltet),9.971251,53.58233,2025-05,51211.799053238334,3364.2009467616667,493.9207367352778,250.07926326472221,103.68424575922565,13.452538618527843,7.707411121379272,True
5765,Zählfeld B_31.3_1_I (veraltet),9.971251,53.58233,2025-06,52713.87832976361,1991.1216702363888,508.2723593,211.7276407,103.71187290680517,9.40416500960136,11.028291485838304,True
5765,Zählfeld B_31.3_1_I (veraltet),9.971251,53.58233,2025-07,52658.067868181664,3098.9321318183333,508.95938871444446,235.04061128555554,103.46221925719475,13.184666747030278,7.847162256148692,True
5765,Zählfeld B_31.3_1_I (veraltet),9.971251,53.58233,2025-08,44641.15895352195,5478.841046478055,456.3271263661111,287.6728736338889,97.82709896958079,19.04538643935814,5.136524757902351,True
5765,Zählfeld B_31.3_1_I (veraltet),9.971251,53.58233,2025-09,40579.8536441925,10471.1463558075,379.47910540944446,340.52089459055554,106.93567331041397,30.750378382501523,3.4775400803284304,True
5765,Zählfeld B_31.3_1_I (veraltet),9.971251,53.58233,2025-10,28464.619380696113,13104.380619303889,326.24710055888886,417.7528994411111,87.24865089048704,31.36873648713277,2.7813887539358113,True
5765,Zählfeld B_31.3_1_I (veraltet),9.971251,53.58233,2025-11,22738.330985962777,16623.669014037223,257.97459228055556,462.0254077194445,88.14174599502466,35.979988841071716,2.4497435611878093,True
5765,Zählfeld B_31.3_1_I (veraltet),9.971251,53.58233,2025-12,18070.42808713861,17222.57191286139,234.07368837805555,509.9263116219445,77.19974086943434,33.77462884407909,2.28573173152628,True
5765,Zählfeld B_31.3_1_I (veraltet),9.971251,53.58233,2026-01,10371.531002988055,8478.468997011945,251.92644384916667,492.0735561508333,41.16888582445793,17.230084590062944,2.389360633098757,True
5765,Zählfeld B_31.3_1_I (veraltet),9.971251,53.58233,2026-02,17706.124343577776,8786.875656422222,274.9950323086111,397.00496769138886,64.38706981334562,22.132911100630572,2.9091098554817405,True
5766,Zählfeld B_31.3_2_G (veraltet),9.971251,53.58233,2025-01,3565.8871934636113,3598.1128065363887,252.25277094527777,491.74722905472225,14.136166592347061,7.3169966070840555,1.9319629830989573,True
5766,Zählfeld B_31.3_2_G (veraltet),9.971251,53.58233,2025-02,4407.375360423611,2623.6246395763887,275.4455073022222,396.55449269777773,16.000897613435328,6.616050726667487,2.418496815470307,True
5766,Zählfeld B_31.3_2_G (veraltet),9.971251,53.58233,2025-03,6087.0548504455555,2028.9451495544445,368.8174108408333,375.1825891591667,16.50425026456379,5.4078872745709665,3.051885038760012,True
5766,Zählfeld B_31.3_2_G (veraltet),9.971251,53.58233,2025-04,8442.351977963055,1031.6480220369444,421.24926776527775,298.75073223472225,20.041226475596336,3.453206672733441,5.803656825362376,True
5766,Zählfeld B_31.3_2_G (veraltet),9.971251,53.58233,2025-05,9253.05944364,734.94055636,493.9207367352778,250.07926326472221,18.733895452134618,2.938830460253021,6.374609119343927,True
5766,Zählfeld B_31.3_2_G (veraltet),9.971251,53.58233,2025-06,9744.706020148611,465.2939798513889,508.2723593,211.7276407,19.172213168485417,2.1976062185979335,8.72413492746541,True
5766,Zählfeld B_31.3_2_G (veraltet),9.971251,53.58233,2025-07,9890.957929994445,662.0420700055555,508.95938871444446,235.04061128555554,19.433687931324993,2.8167135304172066,6.899419384138262,True
5766,Zählfeld B_31.3_2_G (veraltet),9.971251,53.58233,2025-08,7290.927860719722,988.0721392802777,456.3271263661111,287.6728736338889,15.977414971535602,3.434707370211632,4.651754356165469,True
5766,Zählfeld B_31.3_2_G (veraltet),9.971251,53.58233,2025-09,7865.487732670833,1585.5122673291667,379.47910540944446,340.52089459055554,20.7270640742769,4.65613797131479,4.451557106333779,True
5766,Zählfeld B_31.3_2_G (veraltet),9.971251,53.58233,2025-10,5904.408300591389,2323.591699408611,326.24710055888886,417.7528994411111,18.09796405999207,5.562119862045765,3.253788934590774,True
5766,Zählfeld B_31.3_2_G (veraltet),9.971251,53.58233,2025-11,4387.729873299167,3916.2701267008333,257.97459228055556,462.0254077194445,17.00837991257438,8.47630901086485,2.0065785580461033,True
5766,Zählfeld B_31.3_2_G (veraltet),9.971251,53.58233,2025-12,3849.5359733472224,3954.4640266527776,234.07368837805555,509.9263116219445,16.44582951642897,7.754971525345779,2.120682127932853,True
5766,Zählfeld B_31.3_2_G (veraltet),9.971251,53.58233,2026-01,2281.7341473755555,2311.2658526244445,251.92644384916667,492.0735561508333,9.057144270022224,4.696992601480055,1.928285828504021,True
5766,Zählfeld B_31.3_2_G (veraltet),9.971251,53.58233,2026-02,3945.703288933611,2084.296711066389,274.9950323086111,397.00496769138886,14.348271151696935,5.250051965814729,2.7329769772041295,True
5767,Zählfeld B_34.1_1_I (veraltet),9.931616,53.628723,2025-01,4386.097297685833,5928.902702314167,252.25277094527777,491.74722905472225,17.387707105256446,12.056809580221124,1.4421482722743268,True
5767,Zählfeld B_34.1_1_I (veraltet),9.931616,53.628723,2025-02,5305.8834369825,4508.1165630175,275.4455073022222,396.55449269777773,19.262915154977712,11.368214573358088,1.6944538679029866,True
5767,Zählfeld B_34.1_1_I (veraltet),9.931616,53.628723,2025-03,9849.610663629166,3086.3893363708335,368.8174108408333,375.1825891591667,26.70592649401755,8.226366109599692,3.246381955071667,True
5767,Zählfeld B_34.1_1_I (veraltet),9.931616,53.628723,2025-04,11907.797965449166,5142.202034550834,421.24926776527775,298.75073223472225,28.26781878724654,17.21234956006974,1.6422986698355204,True
5767,Zählfeld B_34.1_1_I (veraltet),9.931616,53.628723,2025-05,15070.652423928888,2741.3475760711112,493.9207367352778,250.07926326472221,30.512289327115596,10.9619147956672,2.783481708795608,True
5767,Zählfeld B_34.1_1_I (veraltet),9.931616,53.628723,2025-06,18052.918400754723,1695.0815992452779,508.2723593,211.7276407,35.51819820699568,8.005953278660787,4.436473330623416,True
5767,Zählfeld B_34.1_1_I (veraltet),9.931616,53.628723,2025-07,17247.0242808075,2539.9757191925,508.95938871444446,235.04061128555554,33.88683785629913,10.80653979454909,3.135771347771461,True
5767,Zählfeld B_34.1_1_I (veraltet),9.931616,53.628723,2025-08,13749.97106905639,3490.028930943611,456.3271263661111,287.6728736338889,30.13182928341804,12.131936135852863,2.4836785279779914,True
5767,Zählfeld B_34.1_1_I (veraltet),9.931616,53.628723,2025-09,11546.487728051112,6923.512271948889,379.47910540944446,340.52089459055554,30.427202877462417,20.332121705112293,1.4965089880320668,True
5767,Zählfeld B_34.1_1_I (veraltet),9.931616,53.628723,2025-10,6635.937894089445,5697.062105910555,326.24710055888886,417.7528994411111,20.34022028922716,13.637396924192137,1.4915031367272529,True
5767,Zählfeld B_34.1_1_I (veraltet),9.931616,53.628723,2025-11,5909.285870855833,6533.714129144167,257.97459228055556,462.0254077194445,22.90646461969905,14.141460664240421,1.619808954928025,True
5767,Zählfeld B_34.1_1_I (veraltet),9.931616,53.628723,2025-12,4472.538606206945,5866.461393793055,234.07368837805555,509.9263116219445,19.107395782918104,11.504527732905858,1.6608587702619135,True
5767,Zählfeld B_34.1_1_I (veraltet),9.931616,53.628723,2026-01,1807.1322366613888,2388.867763338611,251.92644384916667,492.0735561508333,7.1732534665688155,4.85469648486122,1.4775905123909874,True
5767,Zählfeld B_34.1_1_I (veraltet),9.931616,53.628723,2026-02,3583.332891258889,2841.667108741111,274.9950323086111,397.00496769138886,13.030536810706897,7.157762093672531,1.8204763779765611,True
5768,Zählfeld B_34.1_2_G (veraltet),9.931616,53.628723,2025-01,1291.9124487825,857.0875512175,252.25277094527777,491.74722905472225,5.121499533746489,1.7429433265238028,2.938420002422578,True
5768,Zählfeld B_34.1_2_G (veraltet),9.931616,53.628723,2025-02,1411.1406314844444,657.8593685155555,275.4455073022222,396.55449269777773,5.1231208862525515,1.6589381298900667,3.088192859001949,True
5768,Zählfeld B_34.1_2_G (veraltet),9.931616,53.628723,2025-03,1849.16024226,531.83975774,368.8174108408333,375.1825891591667,5.013755283527064,1.4175491430237275,3.5369181436859307,True
5768,Zählfeld B_34.1_2_G (veraltet),9.931616,53.628723,2025-04,2702.5794347644446,476.42056523555556,421.24926776527775,298.75073223472225,6.415629988157833,1.594709280448698,4.023071833100945,True
5768,Zählfeld B_34.1_2_G (veraltet),9.931616,53.628723,2025-05,2737.5384556866666,298.4615443133333,493.9207367352778,250.07926326472221,5.542465120580431,1.1934677846415274,4.644000610578004,True
5768,Zählfeld B_34.1_2_G (veraltet),9.931616,53.628723,2025-06,3523.704924356389,224.2950756436111,508.2723593,211.7276407,6.932710110794311,1.059356609756107,6.544264742342441,True
5768,Zählfeld B_34.1_2_G (veraltet),9.931616,53.628723,2025-07,3118.560776253333,288.43922374666664,508.95938871444446,235.04061128555554,6.127327337708325,1.2271888767181431,4.9929782236085485,True
5768,Zählfeld B_34.1_2_G (veraltet),9.931616,53.628723,2025-08,2041.1654114519445,430.83458854805554,456.3271263661111,287.6728736338889,4.47303106371616,1.49765455152495,2.986690795391772,True
5768,Zählfeld B_34.1_2_G (veraltet),9.931616,53.628723,2025-09,2980.3613784280556,643.6386215719444,379.47910540944446,340.52089459055554,7.853822083859799,1.8901589646822101,4.155111940640533,True
5768,Zählfeld B_34.1_2_G (veraltet),9.931616,53.628723,2025-10,1721.9355132727778,708.0644867272222,326.24710055888886,417.7528994411111,5.278010165677968,1.6949361397000553,3.113987625877157,True
5768,Zählfeld B_34.1_2_G (veraltet),9.931616,53.628723,2025-11,1560.0203394805555,969.9796605194445,257.97459228055556,462.0254077194445,6.047185987153277,2.099407617661678,2.8804249047589137,True
5768,Zählfeld B_34.1_2_G (veraltet),9.931616,53.628723,2025-12,1108.6319045327778,933.3680954672222,234.07368837805555,509.9263116219445,4.7362517001151,1.8303979892671518,2.5875529408833016,True
5768,Zählfeld B_34.1_2_G (veraltet),9.931616,53.628723,2026-01,486.0767933966667,377.9232066033333,251.92644384916667,492.0735561508333,1.929439347334615,0.7680217761742312,2.512219584379217,True
5768,Zählfeld B_34.1_2_G (veraltet),9.931616,53.628723,2026-02,899.1394854005556,404.86051459944446,274.9950323086111,397.00496769138886,3.269657192903409,1.0197870242121556,3.206215724728806,True
5769,Zählfeld B_46.1_1_I (veraltet),10.094483,53.656406,2025-01,3940.8866328875,2987.1133671125,252.25277094527777,491.74722905472225,15.622768456099191,6.074489474713624,2.5718652606333987,True
5769,Zählfeld B_46.1_1_I (veraltet),10.094483,53.656406,2025-02,4721.789469435834,2191.2105305641667,275.4455073022222,396.55449269777773,17.14237242669937,5.525622760335571,3.102342155847482,True
5769,Zählfeld B_46.1_1_I (veraltet),10.094483,53.656406,2025-03,8373.990988952777,1627.0090110472222,368.8174108408333,375.1825891591667,22.70497743005591,4.336579196528183,5.2356884080967,True
5769,Zählfeld B_46.1_1_I (veraltet),10.094483,53.656406,2025-04,9169.853506821111,2265.1464931788887,421.24926776527775,298.75073223472225,21.768236074253785,7.582061728301339,2.8710180494838404,True
5769,Zählfeld B_46.1_1_I (veraltet),10.094483,53.656406,2025-05,5594.007589581389,637.9924104186111,493.9207367352778,250.07926326472221,11.325719236970523,2.5511607883427834,4.4394376429435605,True
5769,Zählfeld B_46.1_1_I (veraltet),10.094483,53.656406,2025-06,4509.0116741775,202.9883258225,508.2723593,211.7276407,8.871250996979997,0.9587237885020272,9.253187522175725,True
5769,Zählfeld B_46.1_1_I (veraltet),10.094483,53.656406,2025-07,13452.394596171389,1056.605403828611,508.95938871444446,235.04061128555554,26.431174852968393,4.495416336987484,5.879583307000377,True
5769,Zählfeld B_46.1_1_I (veraltet),10.094483,53.656406,2025-08,11919.641404437778,1610.3585955622223,456.3271263661111,287.6728736338889,26.120825863143306,5.5978812851561,4.666198608464223,True
5769,Zählfeld B_46.1_1_I (veraltet),10.094483,53.656406,2025-09,12372.746152447779,3798.2538475522224,379.47910540944446,340.52089459055554,32.604551808189875,11.154246062108074,2.9230619108314566,True
5769,Zählfeld B_46.1_1_I (veraltet),10.094483,53.656406,2025-10,7187.575062890834,3250.4249371091664,326.24710055888886,417.7528994411111,22.031077212879165,7.7807357925169,2.8314902086853393,True
5769,Zählfeld B_46.1_1_I (veraltet),10.094483,53.656406,2025-11,5844.022817658056,3629.9771823419446,257.97459228055556,462.0254077194445,22.6534821355682,7.856661390678701,2.8833471380661435,True
5769,Zählfeld B_46.1_1_I (veraltet),10.094483,53.656406,2025-12,4885.9365893838885,3411.063410616111,234.07368837805555,509.9263116219445,20.873497671778242,6.689326149432053,3.1204185900773393,True
5769,Zählfeld B_46.1_1_I (veraltet),10.094483,53.656406,2026-01,1745.1056548883334,1218.8943451116666,251.92644384916667,492.0735561508333,6.9270443714640875,2.47705719983466,2.7964813941020243,True
5769,Zählfeld B_46.1_1_I (veraltet),10.094483,53.656406,2026-02,3249.460213832222,1471.5397861677777,274.9950323086111,397.00496769138886,11.816432415351926,3.706602954428713,3.187941239088867,True
5770,Zählfeld B_46.1_2_G (veraltet),10.094483,53.656406,2025-01,404.9459661166667,361.0540338833333,252.25277094527777,491.74722905472225,1.6053182076026165,0.7342268802965736,2.186406205877652,True
5770,Zählfeld B_46.1_2_G (veraltet),10.094483,53.656406,2025-02,424.8811608025,253.1188391975,275.4455073022222,396.55449269777773,1.5425234739309621,0.6382952251417487,2.41663013159531,True
5770,Zählfeld B_46.1_2_G (veraltet),10.094483,53.656406,2025-03,613.2821451983333,220.71785480166668,368.8174108408333,375.1825891591667,1.6628340397492816,0.5882945029414193,2.8265333628569738,True
5770,Zählfeld B_46.1_2_G (veraltet),10.094483,53.656406,2025-04,760.8988200072222,143.1011799927778,421.24926776527775,298.75073223472225,1.8062911397894676,0.4789985916431032,3.7709738009737532,True
5770,Zählfeld B_46.1_2_G (veraltet),10.094483,53.656406,2025-05,267.11727670416667,40.88272329583333,493.9207367352778,250.07926326472221,0.5408100062163033,0.16347906164677392,3.308130110171669,True
5770,Zählfeld B_46.1_2_G (veraltet),10.094483,53.656406,2025-06,361.3011471208333,28.698852879166665,508.2723593,211.7276407,0.7108416196749759,0.13554608545338911,5.244279960555677,True
5770,Zählfeld B_46.1_2_G (veraltet),10.094483,53.656406,2025-07,1123.734750885,117.265249115,508.95938871444446,235.04061128555554,2.207906516320264,0.49891484060400143,4.425417599619417,True
5770,Zählfeld B_46.1_2_G (veraltet),10.094483,53.656406,2025-08,889.0087374155555,155.99126258444446,456.3271263661111,287.6728736338889,1.9481829723668544,0.5422522485834692,3.5927614453533603,True
5770,Zählfeld B_46.1_2_G (veraltet),10.094483,53.656406,2025-09,1195.0643571955557,261.93564280444446,379.47910540944446,340.52089459055554,3.149223080164384,0.7692204706539301,4.0940448158993545,True
5770,Zählfeld B_46.1_2_G (veraltet),10.094483,53.656406,2025-10,450.87854455916664,189.12145544083333,326.24710055888886,417.7528994411111,1.3820154839285117,0.452711293431712,3.052752392042939,True
5770,Zählfeld B_46.1_2_G (veraltet),10.094483,53.656406,2025-11,286.52112910666665,258.47887089333335,257.97459228055556,462.0254077194445,1.1106563889635528,0.5594473086862993,1.9852743443732155,True
5770,Zählfeld B_46.1_2_G (veraltet),10.094483,53.656406,2025-12,266.13236256,341.86763744,234.07368837805555,509.9263116219445,1.1369597514529957,0.6704255686524725,1.6958776702658245,True
5770,Zählfeld B_46.1_2_G (veraltet),10.094483,53.656406,2026-01,156.38068412083334,154.61931587916666,251.92644384916667,492.0735561508333,0.6207394576428885,0.31421992494100176,1.9754936220528956,True
5770,Zählfeld B_46.1_2_G (veraltet),10.094483,53.656406,2026-02,380.1576032302778,181.84239676972223,274.9950323086111,397.00496769138886,1.3824162569004113,0.4580355702528063,3.0181417048841994,True
5771,Zählfeld G_2.4_1_I (veraltet),9.967564,53.557423,2025-01,20086.146791190276,19396.853208809724,252.25277094527777,491.74722905472225,79.6270610464281,39.44476361584382,2.018697889076567,True
5771,Zählfeld G_2.4_1_I (veraltet),9.967564,53.557423,2025-02,25336.63698383361,14689.36301616639,275.4455073022222,396.55449269777773,91.98420853542527,37.04248290375934,2.4832085034475386,True
5771,Zählfeld G_2.4_1_I (veraltet),9.967564,53.557423,2025-03,41625.89581439833,12682.104185601667,368.8174108408333,375.1825891591667,112.86315285251646,33.802485914988544,3.338900965342055,True
5771,Zählfeld G_2.4_1_I (veraltet),9.967564,53.557423,2025-04,61403.52161187889,7820.4783881211115,421.24926776527775,298.75073223472225,145.76528984281404,26.177269356370058,5.568391716431762,True
5771,Zählfeld G_2.4_1_I (veraltet),9.967564,53.557423,2025-05,66395.47889668694,4563.521103313055,493.9207367352778,250.07926326472221,134.42537224808262,18.24829873431899,7.366460523537635,True
5771,Zählfeld G_2.4_1_I (veraltet),9.967564,53.557423,2025-06,68396.02485995584,2968.9751400441664,508.2723593,211.7276407,134.56569811144527,14.02261476219324,9.59633423534187,True
5771,Zählfeld G_2.4_1_I (veraltet),9.967564,53.557423,2025-07,70736.46772209417,4240.532277905833,508.95938871444446,235.04061128555554,138.98253827434826,18.041700345792268,7.703405755032514,True
5771,Zählfeld G_2.4_1_I (veraltet),9.967564,53.557423,2025-08,60585.20805090639,7036.791949093611,456.3271263661111,287.6728736338889,132.76705361210304,24.46108964048201,5.427683539999768,True
5771,Zählfeld G_2.4_1_I (veraltet),9.967564,53.557423,2025-09,58850.22660263834,11808.773397361667,379.47910540944446,340.52089459055554,155.08159939172683,34.67855742467906,4.471973775972662,True
5771,Zählfeld G_2.4_1_I (veraltet),9.967564,53.557423,2025-10,37440.94165657555,15101.058343424444,326.24710055888886,417.7528994411111,114.76252690808916,36.148302892995666,3.1747694282578975,True
5771,Zählfeld G_2.4_1_I (veraltet),9.967564,53.557423,2025-11,24294.965558996944,22592.034441003056,257.97459228055556,462.0254077194445,94.17580756393016,48.897818309424245,1.9259715631480299,True
5771,Zählfeld G_2.4_1_I (veraltet),9.967564,53.557423,2025-12,19049.220553261668,22606.779446738332,234.07368837805555,509.9263116219445,81.38129785221744,44.33342412716845,1.8356646131997119,True
5771,Zählfeld G_2.4_1_I (veraltet),9.967564,53.557423,2026-01,11146.347826949166,10330.652173050834,251.92644384916667,492.0735561508333,44.244453486680044,20.9941218013435,2.1074686479073708,True
5771,Zählfeld G_2.4_1_I (veraltet),9.967564,53.557423,2026-02,18878.9131264175,10852.0868735825,274.9950323086111,397.00496769138886,68.65183333650472,27.33488937604013,2.5115094629459214,True
5772,Zählfeld G_2.4_2_G (veraltet),9.967564,53.557423,2025-01,125.31831161944444,108.68168838055556,252.25277094527777,491.74722905472225,0.49679657095473595,0.22101128783068613,2.2478334741677326,True
5772,Zählfeld G_2.4_2_G (veraltet),9.967564,53.557423,2025-02,155.3516523436111,80.64834765638889,275.4455073022222,396.55449269777773,0.5640014021835447,0.20337267422626995,2.7732408217047073,True
5772,Zählfeld G_2.4_2_G (veraltet),9.967564,53.557423,2025-03,351.5982520044444,114.40174799555555,368.8174108408333,375.1825891591667,0.9533125109328964,0.3049228596986466,3.126405517366095,True
5772,Zählfeld G_2.4_2_G (veraltet),9.967564,53.557423,2025-04,457.85692065722225,76.14307934277778,421.24926776527775,298.75073223472225,1.086902591157363,0.25487160742071,4.264510284832319,True
5772,Zählfeld G_2.4_2_G (veraltet),9.967564,53.557423,2025-05,414.1491229827778,69.85087701722222,493.9207367352778,250.07926326472221,0.8384930864013218,0.27931495040946813,3.0019627849211568,True
5772,Zählfeld G_2.4_2_G (veraltet),9.967564,53.557423,2025-06,331.07632595638887,55.92367404361111,508.2723593,211.7276407,0.6513758222311202,0.2641302470415291,2.466115976973681,True
5772,Zählfeld G_2.4_2_G (veraltet),9.967564,53.557423,2025-07,364.22792561666665,85.77207438333333,508.95938871444446,235.04061128555554,0.7156325901299357,0.3649244865140651,1.9610429460790746,True
5772,Zählfeld G_2.4_2_G (veraltet),9.967564,53.557423,2025-08,516.8238545402778,118.17614545972222,456.3271263661111,287.6728736338889,1.132573157892065,0.410800448324929,2.756991046407619,True
5772,Zählfeld G_2.4_2_G (veraltet),9.967564,53.557423,2025-09,301.64646136944447,90.35353863055556,379.47910540944446,340.52089459055554,0.7948961011805344,0.2653391908276208,2.9957734426684954,True
5772,Zählfeld G_2.4_2_G (veraltet),9.967564,53.557423,2025-10,244.86727940027777,104.13272059972222,326.24710055888886,417.7528994411111,0.7505577183086054,0.24926869625330125,3.011038809084577,True
5772,Zählfeld G_2.4_2_G (veraltet),9.967564,53.557423,2025-11,207.6791236586111,158.3208763413889,257.97459228055556,462.0254077194445,0.8050371233177624,0.3426670345314127,2.3493276043277045,True
5772,Zählfeld G_2.4_2_G (veraltet),9.967564,53.557423,2025-12,134.06191094666667,157.93808905333333,234.07368837805555,509.9263116219445,0.5727337911219713,0.30972727912582676,1.84915514299694,True
5772,Zählfeld G_2.4_2_G (veraltet),9.967564,53.557423,2026-01,90.87974321833333,101.12025678166667,251.92644384916667,492.0735561508333,0.3607391976395492,0.20549825431113125,1.7554367984721562,True
5772,Zählfeld G_2.4_2_G (veraltet),9.967564,53.557423,2026-02,114.83532095666666,76.16467904333334,274.9950323086111,397.00496769138886,0.41759052879105685,0.19184817632443285,2.1766718703902246,True
5773,Zählfeld B_39.8_1_I (veraltet),10.035666,53.574757,2025-01,19.72503824388889,11.27496175611111,252.25277094527777,491.74722905472225,0.07819552653464379,0.02292836866164917,3.410426955731765,True
5773,Zählfeld B_39.8_1_I (veraltet),10.035666,53.574757,2025-02,35.77345149333333,11.226548506666665,275.4455073022222,396.55449269777773,0.1298748774075384,0.028310229018695413,4.587560111992455,True
5773,Zählfeld B_39.8_1_I (veraltet),10.035666,53.574757,2025-03,43.0,8.0,368.8174108408333,375.1825891591667,0.11658885599236816,0.021322951094103402,,False
5773,Zählfeld B_39.8_1_I (veraltet),10.035666,53.574757,2025-04,8.036976928333333,0.9630230716666668,421.24926776527775,298.75073223472225,0.019078910144982322,0.0032235002888964955,,False
5773,Zählfeld B_39.8_1_I (veraltet),10.035666,53.574757,2025-05,15.279906624444445,0.7200933755555556,493.9207367352778,250.07926326472221,0.030935948803125224,0.0028794605604435843,,False
5773,Zählfeld B_39.8_1_I (veraltet),10.035666,53.574757,2025-06,14.0,0.0,508.2723593,211.7276407,0.02754428751404267,0.0,,False
5773,Zählfeld B_39.8_1_I (veraltet),10.035666,53.574757,2025-07,8988.457189973333,551.5428100266666,508.95938871444446,235.04061128555554,17.6604605186218,2.3465851582413824,7.52602583230229,True
5773,Zählfeld B_39.8_1_I (veraltet),10.035666,53.574757,2025-08,19236.07222829861,1944.9277717013888,456.3271263661111,287.6728736338889,42.15412829274917,6.760900835497718,6.234986922367115,True
5773,Zählfeld B_39.8_1_I (veraltet),10.035666,53.574757,2025-09,18171.198724854166,3999.801275145833,379.47910540944446,340.52089459055554,47.884583013465495,11.746125828652069,4.076627793026163,True
5773,Zählfeld B_39.8_1_I (veraltet),10.035666,53.574757,2025-10,13328.280294517777,5167.719705482222,326.24710055888886,417.7528994411111,40.85332949069986,12.370278488541512,3.3025391892787193,True
5773,Zählfeld B_39.8_1_I (veraltet),10.035666,53.574757,2025-11,10371.76509832,8280.23490168,257.97459228055556,462.0254077194445,40.204599246116366,17.921600767696315,2.243359829696974,True
5773,Zählfeld B_39.8_1_I (veraltet),10.035666,53.574757,2025-12,7976.73688425,7671.26311575,234.07368837805555,509.9263116219445,34.07788777765857,15.043866027131811,2.2652347286394767,True
5773,Zählfeld B_39.8_1_I (veraltet),10.035666,53.574757,2026-01,4845.9988803666665,3971.0011196333335,251.92644384916667,492.0735561508333,19.235769005924848,8.069933996648498,2.3836339942697924,True
5773,Zählfeld B_39.8_1_I (veraltet),10.035666,53.574757,2026-02,7442.702808845278,3564.297191154722,274.9950323086111,397.00496769138886,27.06486275902163,8.977966225161753,3.014587277369047,True
5774,Zählfeld B_39.8_2_G (veraltet),10.035666,53.574757,2025-01,44.98674365555556,31.013256344444443,252.25277094527777,491.74722905472225,0.17833993849492624,0.063067475548486,2.827764024862851,True
5774,Zählfeld B_39.8_2_G (veraltet),10.035666,53.574757,2025-02,44.18960707722222,12.810392922777778,275.4455073022222,396.55449269777773,0.1604295801010718,0.03230424357476852,4.966207604575412,True
5774,Zählfeld B_39.8_2_G (veraltet),10.035666,53.574757,2025-03,55.5358957625,8.4641042375,368.8174108408333,375.1825891591667,0.15057829194096004,0.022559960088950733,,False
5774,Zählfeld B_39.8_2_G (veraltet),10.035666,53.574757,2025-04,52.44197392694444,1.5580260730555555,421.24926776527775,298.75073223472225,0.12449154916078187,0.005215137253057665,,False
5774,Zählfeld B_39.8_2_G (veraltet),10.035666,53.574757,2025-05,71.20848599611111,2.791514003888889,493.9207367352778,250.07926326472221,0.14416986512205515,0.011162516905425792,,False
5774,Zählfeld B_39.8_2_G (veraltet),10.035666,53.574757,2025-06,57.76481634861111,0.2351836513888888,508.2723593,211.7276407,0.11364933640728693,0.0011107838854262963,,False
5774,Zählfeld B_39.8_2_G (veraltet),10.035666,53.574757,2025-07,1732.7436211291667,86.25637887083333,508.95938871444446,235.04061128555554,3.4044830679041382,0.3669850005879994,9.276899770969731,True
5774,Zählfeld B_39.8_2_G (veraltet),10.035666,53.574757,2025-08,2687.761683866389,293.2383161336111,456.3271263661111,287.6728736338889,5.889988844778863,1.0193464278693343,5.778201290301549,True
5774,Zählfeld B_39.8_2_G (veraltet),10.035666,53.574757,2025-09,3655.7151728583335,655.2848271416667,379.47910540944446,340.52089459055554,9.633508461326077,1.9243601128488321,5.0060840468495185,True
5774,Zählfeld B_39.8_2_G (veraltet),10.035666,53.574757,2025-10,3542.3150242744446,940.6849757255555,326.24710055888886,417.7528994411111,10.857767067373654,2.2517736608986962,4.821873199742577,True
5774,Zählfeld B_39.8_2_G (veraltet),10.035666,53.574757,2025-11,3461.7072804725,1993.2927195275,257.97459228055556,462.0254077194445,13.418791555672984,4.314249143497074,3.110342288854437,True
5774,Zählfeld B_39.8_2_G (veraltet),10.035666,53.574757,2025-12,2720.1738608725,2104.8261391275,234.07368837805555,509.9263116219445,11.6210150731641,4.127706476711487,2.8153685681697205,True
5774,Zählfeld B_39.8_2_G (veraltet),10.035666,53.574757,2026-01,2143.3433405625,1329.6566594375,251.92644384916667,492.0735561508333,8.507814058002431,2.7021502025805377,3.148534840838055,True
5774,Zählfeld B_39.8_2_G (veraltet),10.035666,53.574757,2026-02,2869.761003458611,954.2389965413889,274.9950323086111,397.00496769138886,10.43568307167834,2.403594600063456,4.341698500821575,True
5775,Zählfeld B_48.2_1_G (veraltet),10.186606,53.48963,2025-01,960.0464104336111,562.9535895663889,252.25277094527777,491.74722905472225,3.805890444081099,1.144802769196169,3.3244944426134038,True
5775,Zählfeld B_48.2_1_G (veraltet),10.186606,53.48963,2025-02,1098.1398580211112,450.86014197888886,275.4455073022222,396.55449269777773,3.986777162483244,1.1369437247114953,3.5065738750569273,True
5775,Zählfeld B_48.2_1_G (veraltet),10.186606,53.48963,2025-03,1555.7993668088889,317.20063319111114,368.8174108408333,375.1825891591667,4.218345775113933,0.8454566985690868,4.989428532831276,True
5775,Zählfeld B_48.2_1_G (veraltet),10.186606,53.48963,2025-04,2728.573669488611,154.4263305113889,421.24926776527775,298.75073223472225,6.477337477554943,0.5169069523486869,12.530954455388255,True
5775,Zählfeld B_48.2_1_G (veraltet),10.186606,53.48963,2025-05,2641.8487240372224,66.15127596277777,493.9207367352778,250.07926326472221,5.348730125200534,0.2645212365839111,20.220418573099394,True
5775,Zählfeld B_48.2_1_G (veraltet),10.186606,53.48963,2025-06,2811.967570826111,58.032429173888886,508.2723593,211.7276407,5.5324030893570395,0.2740900006349,20.184622118799748,True
5775,Zählfeld B_48.2_1_G (veraltet),10.186606,53.48963,2025-07,2617.543483244722,68.45651675527778,508.95938871444446,235.04061128555554,5.142931914187194,0.2912539938560174,17.6578931883407,True
5775,Zählfeld B_48.2_1_G (veraltet),10.186606,53.48963,2025-08,1900.1212035047222,118.87879649527778,456.3271263661111,287.6728736338889,4.163945322812687,0.41324298323160846,10.076263824857103,True
5775,Zählfeld B_48.2_1_G (veraltet),10.186606,53.48963,2025-09,2282.9513459427776,253.04865405722222,379.47910540944446,340.52089459055554,6.01601330191699,0.7431222520470866,8.095590308787841,True
5775,Zählfeld B_48.2_1_G (veraltet),10.186606,53.48963,2025-10,1608.656998676111,431.34300132388887,326.24710055888886,417.7528994411111,4.930793242055931,1.0325314364088418,4.775441277802927,True
5775,Zählfeld B_48.2_1_G (veraltet),10.186606,53.48963,2025-11,1178.5097302005556,675.4902697994445,257.97459228055556,462.0254077194445,4.568317057049126,1.4620197472118723,3.124661664632835,True
5775,Zählfeld B_48.2_1_G (veraltet),10.186606,53.48963,2025-12,880.0910873777777,606.9089126222223,234.07368837805555,509.9263116219445,3.759889005364545,1.190189442650647,3.1590676833689364,True
5775,Zählfeld B_48.2_1_G (veraltet),10.186606,53.48963,2026-01,309.44112404944445,159.55887595055555,251.92644384916667,492.0735561508333,1.228299496160526,0.3242581804205845,3.78802932455656,True
5775,Zählfeld B_48.2_1_G (veraltet),10.186606,53.48963,2026-02,570.9723947800001,204.02760522,274.9950323086111,397.00496769138886,2.0763007607324,0.5139170081584483,4.0401479767570665,True
5776,Zählfeld B_48.2_2_I (veraltet),10.186606,53.48963,2025-01,3179.2501707755555,3295.7498292244445,252.25277094527777,491.74722905472225,12.603430118376156,6.702121810751859,1.8805134365294793,True
5776,Zählfeld B_48.2_2_I (veraltet),10.186606,53.48963,2025-02,4052.800927117778,2528.199072882222,275.4455073022222,396.55449269777773,14.71362145932914,6.375414021116675,2.3078691690601767,True
5776,Zählfeld B_48.2_2_I (veraltet),10.186606,53.48963,2025-03,7187.725080037222,1658.2749199627779,368.8174108408333,375.1825891591667,19.488573122539364,4.419914377368068,4.409264854163137,True
5776,Zählfeld B_48.2_2_I (veraltet),10.186606,53.48963,2025-04,9584.469771530556,2639.5302284694444,421.24926776527775,298.75073223472225,22.75249004556388,8.83522597158229,2.5752018249159923,True
5776,Zählfeld B_48.2_2_I (veraltet),10.186606,53.48963,2025-05,10959.378153166666,1457.6218468333334,493.9207367352778,250.07926326472221,22.18853621252283,5.828639399382599,3.8068123093827286,True
5776,Zählfeld B_48.2_2_I (veraltet),10.186606,53.48963,2025-06,12339.93917781,1004.06082219,508.2723593,211.7276407,24.278202329956997,4.742228359369802,5.1195768086510585,True
5776,Zählfeld B_48.2_2_I (veraltet),10.186606,53.48963,2025-07,11665.293733154167,1331.7062668458334,508.95938871444446,235.04061128555554,22.91989104006699,5.665856038929021,4.045265337239205,True
5776,Zählfeld B_48.2_2_I (veraltet),10.186606,53.48963,2025-08,9674.624812404722,1821.3751875952778,456.3271263661111,287.6728736338889,21.201073206949292,6.331410968951065,3.3485542655370715,True
5776,Zählfeld B_48.2_2_I (veraltet),10.186606,53.48963,2025-09,9043.31021384611,3549.6897861538887,379.47910540944446,340.52089459055554,23.830851514442937,10.424293611768105,2.2860879021615443,True
5776,Zählfeld B_48.2_2_I (veraltet),10.186606,53.48963,2025-10,5690.2335273125,3361.7664726875,326.24710055888886,417.7528994411111,17.441483824881963,8.047260658597523,2.1673814935083344,True
5776,Zählfeld B_48.2_2_I (veraltet),10.186606,53.48963,2025-11,4647.2365379513885,3607.763462048611,257.97459228055556,462.0254077194445,18.014318762435998,7.808582389129889,2.30698965122187,True
5776,Zählfeld B_48.2_2_I (veraltet),10.186606,53.48963,2025-12,3600.8758848175,3371.1241151825,234.07368837805555,509.9263116219445,15.383514096644971,6.6110024886925745,2.326956331200428,True
5776,Zählfeld B_48.2_2_I (veraltet),10.186606,53.48963,2026-01,790.4441632302778,661.5558367697222,251.92644384916667,492.0735561508333,3.1375990195913386,1.3444246871232766,2.3337856330985667,True
5776,Zählfeld B_48.2_2_I (veraltet),10.186606,53.48963,2026-02,2435.072832571389,1414.927167428611,274.9950323086111,397.00496769138886,8.854970259385075,3.564003684025693,2.4845569882753353,True
5777,Zählfeld A_39.2_1_I (veraltet),10.034096,53.57585,2025-01,7779.8007265875,7959.1992734125,252.25277094527777,491.74722905472225,30.84128946308068,16.18554981735706,1.9054829654292682,True
5777,Zählfeld A_39.2_1_I (veraltet),10.034096,53.57585,2025-02,8861.729204087778,5321.270795912223,275.4455073022222,396.55449269777773,32.172349772126,13.418763105447079,2.397564478880045,True
5777,Zählfeld A_39.2_1_I (veraltet),10.034096,53.57585,2025-03,15079.384779992777,3711.6152200072224,368.8174108408333,375.1825891591667,40.88577257135084,9.892823727042979,4.132871837146524,True
5777,Zählfeld A_39.2_1_I (veraltet),10.034096,53.57585,2025-04,24396.702194504167,4778.297805495833,421.24926776527775,298.75073223472225,57.91512071683442,15.994263075953311,3.620993380051834,True
5777,Zählfeld A_39.2_1_I (veraltet),10.034096,53.57585,2025-05,28064.67636496722,2468.323635032778,493.9207367352778,250.07926326472221,56.820202671524584,9.870165174070934,5.756763100661383,True
5777,Zählfeld A_39.2_1_I (veraltet),10.034096,53.57585,2025-06,28501.123343529445,1561.8766564705554,508.2723593,211.7276407,56.07450970338344,7.3768198205335,7.601447651913514,True
5777,Zählfeld A_39.2_1_I (veraltet),10.034096,53.57585,2025-07,32913.59943690361,2651.400563096389,508.95938871444446,235.04061128555554,64.6684198518048,11.28060614118787,5.73270789197105,True
5777,Zählfeld A_39.2_1_I (veraltet),10.034096,53.57585,2025-08,27246.73698451139,4278.263015488611,456.3271263661111,287.6728736338889,59.70878216573814,14.871972325529049,4.014852963600717,True
5777,Zählfeld A_39.2_1_I (veraltet),10.034096,53.57585,2025-09,22190.5132366,6984.4867634,379.47910540944446,340.52089459055554,58.47624525375969,20.51118411338074,2.8509443887060595,True
5777,Zählfeld A_39.2_1_I (veraltet),10.034096,53.57585,2025-10,14374.013327677223,7811.986672322778,326.24710055888886,417.7528994411111,44.058669956156926,18.70001784014907,2.3560763595402916,True
5777,Zählfeld A_39.2_1_I (veraltet),10.034096,53.57585,2025-11,11118.917668680555,10157.082331319445,257.97459228055556,462.0254077194445,43.10082466023778,21.983817689712698,1.9605705100259614,True
5777,Zählfeld A_39.2_1_I (veraltet),10.034096,53.57585,2025-12,7806.641812151389,8684.358187848611,234.07368837805555,509.9263116219445,33.35121459504999,17.03061401210285,1.9583095812839668,True
5777,Zählfeld A_39.2_1_I (veraltet),10.034096,53.57585,2026-01,4368.492620811389,4190.507379188611,251.92644384916667,492.0735561508333,17.340349643592365,8.516018239159576,2.0362039108671093,True
5777,Zählfeld A_39.2_1_I (veraltet),10.034096,53.57585,2026-02,7177.467187515,4379.532812485,274.9950323086111,397.00496769138886,26.10035216730803,11.03143076005392,2.365998820553759,True
5778,Zählfeld A_39.2_2_G (veraltet),10.034096,53.57585,2025-01,1384.002069445,1494.997930555,252.25277094527777,491.74722905472225,5.48656835070104,3.040175606945077,1.8046879720261366,True
5778,Zählfeld A_39.2_2_G (veraltet),10.034096,53.57585,2025-02,1579.4335490875,1086.5664509125,275.4455073022222,396.55449269777773,5.734105321073638,2.7400180074131564,2.092725414781924,True
5778,Zählfeld A_39.2_2_G (veraltet),10.034096,53.57585,2025-03,1937.5532407905555,762.4467592094445,368.8174108408333,375.1825891591667,5.253421296932007,2.032201869810077,2.58508830986509,True
5778,Zählfeld A_39.2_2_G (veraltet),10.034096,53.57585,2025-04,2914.8170717583334,472.1829282416667,421.24926776527775,298.75073223472225,6.919459082318179,1.580524756239534,4.377950459176175,True
5778,Zählfeld A_39.2_2_G (veraltet),10.034096,53.57585,2025-05,2524.0777909255557,297.9222090744444,493.9207367352778,250.07926326472221,5.110289168276736,1.191311127460728,4.289634378862292,True
5778,Zählfeld A_39.2_2_G (veraltet),10.034096,53.57585,2025-06,2786.148863769167,263.85113623083333,508.2723593,211.7276407,5.481606097184374,1.2461818181060633,4.398720971162356,True
5778,Zählfeld A_39.2_2_G (veraltet),10.034096,53.57585,2025-07,3165.696082608333,310.3039173916667,508.95938871444446,235.04061128555554,6.219938472113482,1.3202140502207607,4.711310617451321,True
5778,Zählfeld A_39.2_2_G (veraltet),10.034096,53.57585,2025-08,2983.805555035278,496.1944449647222,456.3271263661111,287.6728736338889,6.538742456089213,1.7248565660598618,3.7908905498303813,True
5778,Zählfeld A_39.2_2_G (veraltet),10.034096,53.57585,2025-09,2617.4213651688888,690.5786348311111,379.47910540944446,340.52089459055554,6.897405753986861,2.028006638657129,3.4010765164723864,True
5778,Zählfeld A_39.2_2_G (veraltet),10.034096,53.57585,2025-10,2399.5919950316666,1159.4080049683334,326.24710055888886,417.7528994411111,7.355136615531487,2.7753440048398046,2.650171150929462,True
5778,Zählfeld A_39.2_2_G (veraltet),10.034096,53.57585,2025-11,1765.6150076647223,1755.3849923352777,257.97459228055556,462.0254077194445,6.844143029963819,3.7993256712868906,1.8014099401080301,True
5778,Zählfeld A_39.2_2_G (veraltet),10.034096,53.57585,2025-12,1307.6399704038888,1795.3600295961112,234.07368837805555,509.9263116219445,5.586445787498772,3.5208224966574733,1.5866877108409523,True
5778,Zählfeld A_39.2_2_G (veraltet),10.034096,53.57585,2026-01,1108.2970008916666,1256.7029991083334,251.92644384916667,492.0735561508333,4.399288077734411,2.5538925703276796,1.7225814933828467,True
5778,Zählfeld A_39.2_2_G (veraltet),10.034096,53.57585,2026-02,1544.2919996625,1053.7080003375,274.9950323086111,397.00496769138886,5.615708715528468,2.6541431117723393,2.115827398537867,True
5779,Zählfeld E_24.4_1_I (veraltet),9.81227,53.563923,2025-01,3574.1301014980554,2288.8698985019446,252.25277094527777,491.74722905472225,14.168843767719824,4.6545659299429145,3.0440741373049143,True
5779,Zählfeld E_24.4_1_I (veraltet),9.81227,53.563923,2025-02,4695.3839928725,1697.6160071275,275.4455073022222,396.55449269777773,17.046507815139883,4.280914826052136,3.9819778032958877,True
5779,Zählfeld E_24.4_1_I (veraltet),9.81227,53.563923,2025-03,7776.476671634445,902.5233283655556,368.8174108408333,375.1825891591667,21.084895785981367,2.405557599003271,8.765076252889465,True
5779,Zählfeld E_24.4_1_I (veraltet),9.81227,53.563923,2025-04,10379.033787621944,1533.9662123780556,421.24926776527775,298.75073223472225,24.638698703697674,5.134602351946205,4.798560241838143,True
5779,Zählfeld E_24.4_1_I (veraltet),9.81227,53.563923,2025-05,8652.7961397275,433.2038602725,493.9207367352778,250.07926326472221,17.51859255175403,1.7322662207858899,10.11310636987786,True
5779,Zählfeld E_24.4_1_I (veraltet),9.81227,53.563923,2025-06,8565.978525973333,267.0214740266667,508.2723593,211.7276407,16.853126811323207,1.2611554785377,13.363242754861817,True
5779,Zählfeld E_24.4_1_I (veraltet),9.81227,53.563923,2025-07,12544.461026873056,432.5389731269444,508.95938871444446,235.04061128555554,24.647273053668375,1.840273350044364,13.393267393169713,True
5779,Zählfeld E_24.4_1_I (veraltet),9.81227,53.563923,2025-08,9174.067385176666,782.9326148233333,456.3271263661111,287.6728736338889,20.104146466665046,2.7216073762302107,7.386865071813544,True
5779,Zählfeld E_24.4_1_I (veraltet),9.81227,53.563923,2025-09,10936.337107995278,2465.6628920047224,379.47910540944446,340.52089459055554,28.819339331464267,7.2408563796634295,3.980100946678886,True
5779,Zählfeld E_24.4_1_I (veraltet),9.81227,53.563923,2025-10,6405.078613406111,2810.921386593889,326.24710055888886,417.7528994411111,19.63259934703993,6.728669963402931,2.9177533530134707,True
5779,Zählfeld E_24.4_1_I (veraltet),9.81227,53.563923,2025-11,5590.129240468334,2785.870759531667,257.97459228055556,462.0254077194445,21.669301581408803,6.029691685751035,3.593766101277823,True
5779,Zählfeld E_24.4_1_I (veraltet),9.81227,53.563923,2025-12,4691.232485551666,3118.7675144483333,234.07368837805555,509.9263116219445,20.04169079428865,6.116114119564326,3.2768667167571257,True
5779,Zählfeld E_24.4_1_I (veraltet),9.81227,53.563923,2026-01,1608.1410213969446,974.8589786030556,251.92644384916667,492.0735561508333,6.383375229794337,1.9811245014439183,3.2220969581376098,True
5779,Zählfeld E_24.4_1_I (veraltet),9.81227,53.563923,2026-02,2944.0829787936113,1039.9170212063889,274.9950323086111,397.00496769138886,10.705949682355122,2.6194055637479243,4.087167649990301,True
5780,Zählfeld E_24.4_2_G (veraltet),9.81227,53.563923,2025-01,211.13116989694444,119.86883010305556,252.25277094527777,491.74722905472225,0.8369825596197157,0.24376106873744358,3.4336186822401666,True
5780,Zählfeld E_24.4_2_G (veraltet),9.81227,53.563923,2025-02,249.43536652611112,56.56463347388889,275.4455073022222,396.55449269777773,0.905570647962784,0.14264025377465073,6.348633180318396,True
5780,Zählfeld E_24.4_2_G (veraltet),9.81227,53.563923,2025-03,298.1175415733333,40.882458426666666,368.8174108408333,375.1825891591667,0.808306584262609,0.1089668327048161,7.417913911953905,True
5780,Zählfeld E_24.4_2_G (veraltet),9.81227,53.563923,2025-04,754.8991485422222,42.10085145777778,421.24926776527775,298.75073223472225,1.7920485714953358,0.1409230067583567,12.716508203434765,True
5780,Zählfeld E_24.4_2_G (veraltet),9.81227,53.563923,2025-05,643.0843387680555,47.91566123194445,493.9207367352778,250.07926326472221,1.301999067742571,0.19160189696025764,6.795334954395747,True
5780,Zählfeld E_24.4_2_G (veraltet),9.81227,53.563923,2025-06,559.24014664,46.75985336,508.2723593,211.7276407,1.1002765277462532,0.22084907386397756,4.98202916813643,True
5780,Zählfeld E_24.4_2_G (veraltet),9.81227,53.563923,2025-07,669.2064590191667,25.79354098083333,508.95938871444446,235.04061128555554,1.3148523710496478,0.10974078411281973,11.981437727817811,True
5780,Zählfeld E_24.4_2_G (veraltet),9.81227,53.563923,2025-08,400.3941609394444,29.605839060555557,456.3271263661111,287.6728736338889,0.8774279191507198,0.10291494879782742,8.525757719361007,True
5780,Zählfeld E_24.4_2_G (veraltet),9.81227,53.563923,2025-09,829.8969794627777,63.10302053722222,379.47910540944446,340.52089459055554,2.1869372190264555,0.18531321143478638,11.801302249818606,True
5780,Zählfeld E_24.4_2_G (veraltet),9.81227,53.563923,2025-10,359.4597115122222,94.54028848777777,326.24710055888886,417.7528994411111,1.1018020111027418,0.22630672010716882,4.868622595833554,True
5780,Zählfeld E_24.4_2_G (veraltet),9.81227,53.563923,2025-11,328.0401878313889,113.95981216861111,257.97459228055556,462.0254077194445,1.2715988227035737,0.24665269542451415,5.155422366315617,True
5780,Zählfeld E_24.4_2_G (veraltet),9.81227,53.563923,2025-12,257.0473328688889,148.9526671311111,234.07368837805555,509.9263116219445,1.0981470606543708,0.29210625875988033,3.759409556359691,True
5780,Zählfeld E_24.4_2_G (veraltet),9.81227,53.563923,2026-01,94.10720864722222,43.89279135277778,251.92644384916667,492.0735561508333,0.3735503395727924,0.08919965481608505,4.187800281772295,True
5780,Zählfeld E_24.4_2_G (veraltet),9.81227,53.563923,2026-02,161.21087102916667,30.789128970833332,274.9950323086111,397.00496769138886,0.5862319390855358,0.07755351060183008,7.559063858441273,True
5781,Zählfeld B_35.2_1_G (veraltet),9.951065,53.61623,2025-01,658.1188994619445,575.8811005380555,252.25277094527777,491.74722905472225,2.608965986759023,1.1710917042584306,2.2278067356058133,True
5781,Zählfeld B_35.2_1_G (veraltet),9.951065,53.61623,2025-02,829.8673897213889,430.13261027861114,275.4455073022222,396.55449269777773,3.0128187526066568,1.0846746618665193,2.7776243499798983,True
5781,Zählfeld B_35.2_1_G (veraltet),9.951065,53.61623,2025-03,1319.1203398566668,396.87966014333335,368.8174108408333,375.1825891591667,3.576621659073318,1.0578306979350844,3.3810908173254806,True
5781,Zählfeld B_35.2_1_G (veraltet),9.951065,53.61623,2025-04,1800.7099885655555,386.29001143444447,421.24926776527775,298.75073223472225,4.2746898958858734,1.293017789596393,3.305979183179057,True
5781,Zählfeld B_35.2_1_G (veraltet),9.951065,53.61623,2025-05,2135.4261017541667,270.57389824583333,493.9207367352778,250.07926326472221,4.323418603294382,1.0819525566156858,3.995941020572937,True
5781,Zählfeld B_35.2_1_G (veraltet),9.951065,53.61623,2025-06,2261.894695434167,230.10530456583334,508.2723593,211.7276407,4.450162701251905,1.0867986050620235,4.0947445833332985,True
5781,Zählfeld B_35.2_1_G (veraltet),9.951065,53.61623,2025-07,2371.071417628611,304.92858237138887,508.95938871444446,235.04061128555554,4.658665249535103,1.2973442364005983,3.5909245355421495,True
5781,Zählfeld B_35.2_1_G (veraltet),9.951065,53.61623,2025-08,2200.7703579916665,456.2296420083333,456.3271263661111,287.6728736338889,4.822790999774993,1.5859320910075123,3.040982036444679,True
5781,Zählfeld B_35.2_1_G (veraltet),9.951065,53.61623,2025-09,1924.4279639380557,588.5720360619445,379.47910540944446,340.52089459055554,5.0712356398692,1.728446170005653,2.9339852914555125,True
5781,Zählfeld B_35.2_1_G (veraltet),9.951065,53.61623,2025-10,1202.2274258869445,626.7725741130555,326.24710055888886,417.7528994411111,3.6850210280104476,1.5003428460977302,2.456119304727508,True
5781,Zählfeld B_35.2_1_G (veraltet),9.951065,53.61623,2025-11,808.8447142180555,667.1552857819445,257.97459228055556,462.0254077194445,3.1353658012119707,1.4439796483812875,2.1713365591590854,True
5781,Zählfeld B_35.2_1_G (veraltet),9.951065,53.61623,2025-12,716.2092848880555,709.7907151119445,234.07368837805555,509.9263116219445,3.0597598980509777,1.3919476185770503,2.1981860935103907,True
5781,Zählfeld B_35.2_1_G (veraltet),9.951065,53.61623,2026-01,553.6161964580556,493.3838035419445,251.92644384916667,492.0735561508333,2.1975311047121218,1.0026627063672358,2.191695263778219,True
5781,Zählfeld B_35.2_1_G (veraltet),9.951065,53.61623,2026-02,983.7689996841667,624.2310003158333,274.9950323086111,397.00496769138886,3.57740644049213,1.5723506029301835,2.2751964058304726,True
5782,Zählfeld B_35.2_2_I (veraltet),9.951065,53.61623,2025-01,8967.700466171389,7056.299533828611,252.25277094527777,491.74722905472225,35.550453747510225,14.34944442369878,2.4774794548001444,True
5782,Zählfeld B_35.2_2_I (veraltet),9.951065,53.61623,2025-02,10569.823678865278,5053.1763211347225,275.4455073022222,396.55449269777773,38.37355628846012,12.742703497715386,3.011414045327198,True
5782,Zählfeld B_35.2_2_I (veraltet),9.951065,53.61623,2025-03,15391.071271748333,4001.9287282516666,368.8174108408333,375.1825891591667,41.73086958302654,10.666616319324714,3.9122874896533686,True
5782,Zählfeld B_35.2_2_I (veraltet),9.951065,53.61623,2025-04,22230.730834978334,3335.2691650216666,421.24926776527775,298.75073223472225,52.77334000581673,11.164053524063716,4.727076943160984,True
5782,Zählfeld B_35.2_2_I (veraltet),9.951065,53.61623,2025-05,25230.145714335278,1854.8542856647223,493.9207367352778,250.07926326472221,51.08136556707812,7.417065539341662,6.887004745492932,True
5782,Zählfeld B_35.2_2_I (veraltet),9.951065,53.61623,2025-06,27296.132907243056,1351.8670927569444,508.2723593,211.7276407,53.70375234418744,6.38493438215006,8.411010846771344,True
5782,Zählfeld B_35.2_2_I (veraltet),9.951065,53.61623,2025-07,28386.633190568333,1740.3668094316668,508.95938871444446,235.04061128555554,55.77386687426817,7.404536602899063,7.532391271106864,True
5782,Zählfeld B_35.2_2_I (veraltet),9.951065,53.61623,2025-08,24182.147361204443,3185.8526387955553,456.3271263661111,287.6728736338889,52.99300866414659,11.074567436796551,4.785108670526588,True
5782,Zählfeld B_35.2_2_I (veraltet),9.951065,53.61623,2025-09,22784.10552590222,5072.894474097778,379.47910540944446,340.52089459055554,60.04047443223253,14.897454325666146,4.030250613273673,True
5782,Zählfeld B_35.2_2_I (veraltet),9.951065,53.61623,2025-10,14842.590059525,5445.409940475,326.24710055888886,417.7528994411111,45.49493323955489,13.035002145431232,3.4902129460332203,True
5782,Zählfeld B_35.2_2_I (veraltet),9.951065,53.61623,2025-11,11030.998244401111,8443.001755598889,257.97459228055556,462.0254077194445,42.76001813544704,18.273890601111116,2.3399515225754435,True
5782,Zählfeld B_35.2_2_I (veraltet),9.951065,53.61623,2025-12,8620.618902571667,8323.381097428333,234.07368837805555,509.9263116219445,36.82865409737292,16.32271351316193,2.256282576280953,True
5782,Zählfeld B_35.2_2_I (veraltet),9.951065,53.61623,2026-01,4275.459275919722,3085.540724080278,251.92644384916667,492.0735561508333,16.971061912339476,6.270486770751159,2.7064983202741795,True
5782,Zählfeld B_35.2_2_I (veraltet),9.951065,53.61623,2026-02,8471.420180799445,3753.5798192005554,274.9950323086111,397.00496769138886,30.805720778593766,9.45474269762386,3.2582294160512455,True
5785,Zählfeld J_31.4_1_I (veraltet),9.970928,53.581524,2025-01,14195.700411035277,11003.299588964723,252.25277094527777,491.74722905472225,56.275696626994865,22.375925961222368,2.515010852490352,True
5785,Zählfeld J_31.4_1_I (veraltet),9.970928,53.581524,2025-02,17626.066673756668,7753.933326243333,275.4455073022222,396.55449269777773,63.991120590023385,19.553260570805747,3.2726572818022057,True
5785,Zählfeld J_31.4_1_I (veraltet),9.970928,53.581524,2025-03,26612.852337993056,5309.147662006944,368.8174108408333,375.1825891591667,72.15725601814955,14.150836993543436,5.099151099759863,True
5785,Zählfeld J_31.4_1_I (veraltet),9.970928,53.581524,2025-04,35379.621713775,3430.378286225,421.24926776527775,298.75073223472225,83.98737854540012,11.482409634831699,7.314438451196324,True
5785,Zählfeld J_31.4_1_I (veraltet),9.970928,53.581524,2025-05,40085.310568569446,1580.6894314305555,493.9207367352778,250.07926326472221,81.15737523701826,6.320753711423532,12.839825587626061,True
5785,Zählfeld J_31.4_1_I (veraltet),9.970928,53.581524,2025-06,39607.509098994444,915.4909010055555,508.2723593,211.7276407,77.92575845269744,4.3239082907589195,18.02206550477511,True
5785,Zählfeld J_31.4_1_I (veraltet),9.970928,53.581524,2025-07,42105.530727058336,1362.4692729416668,508.95938871444446,235.04061128555554,82.72866492041857,5.796739829298587,14.271584952334983,True
5785,Zählfeld J_31.4_1_I (veraltet),9.970928,53.581524,2025-08,37226.299395805276,2530.700604194722,456.3271263661111,287.6728736338889,81.57809879121372,8.797147163119227,9.273244755210888,True
5785,Zählfeld J_31.4_1_I (veraltet),9.970928,53.581524,2025-09,36017.141586208614,5340.858413791389,379.47910540944446,340.52089459055554,94.91205463696717,15.684377959282852,6.0513751251953956,True
5785,Zählfeld J_31.4_1_I (veraltet),9.970928,53.581524,2025-10,24995.43646275,7852.56353725,326.24710055888886,417.7528994411111,76.61504552816164,18.79714909879864,4.075886461583594,True
5785,Zählfeld J_31.4_1_I (veraltet),9.970928,53.581524,2025-11,17735.213997001665,12091.786002998333,257.97459228055556,462.0254077194445,68.74790978529411,26.171257686202452,2.6268477659573146,True
5785,Zählfeld J_31.4_1_I (veraltet),9.970928,53.581524,2025-12,15036.277429911666,12867.722570088334,234.07368837805555,509.9263116219445,64.23736701933954,25.23447462273405,2.545619355255659,True
5785,Zählfeld J_31.4_1_I (veraltet),9.970928,53.581524,2026-01,8172.969885110833,6091.030114889167,251.92644384916667,492.0735561508333,32.44188962554543,12.378291901185008,2.620869655080575,True
5785,Zählfeld J_31.4_1_I (veraltet),9.970928,53.581524,2026-02,12668.856000061389,5361.143999938611,274.9950323086111,397.00496769138886,46.06939948589275,13.503972081543543,3.4115443373033756,True
5786,Zählfeld J_31.4_2_I (veraltet),9.970928,53.581524,2025-01,13431.417094688888,11647.582905311112,252.25277094527777,491.74722905472225,53.245865424418355,23.686118023890185,2.2479777129673066,True
5786,Zählfeld J_31.4_2_I (veraltet),9.970928,53.581524,2025-02,16892.88440294028,8069.115597059722,275.4455073022222,396.55449269777773,61.32931543662899,20.348062487365034,3.0140125368059456,True
5786,Zählfeld J_31.4_2_I (veraltet),9.970928,53.581524,2025-03,27455.56911800472,6173.430881995278,368.8174108408333,375.1825891591667,74.44217195552473,16.454470597451614,4.5241304795946435,True
5786,Zählfeld J_31.4_2_I (veraltet),9.970928,53.581524,2025-04,34190.89292326472,5506.107076735278,421.24926776527775,298.75073223472225,81.16546553219426,18.43043876595169,4.403881348833593,True
5786,Zählfeld J_31.4_2_I (veraltet),9.970928,53.581524,2025-05,39206.67909326333,2750.3209067366665,493.9207367352778,250.07926326472221,79.37848358506271,10.997796741848624,7.2176714525931445,True
5786,Zählfeld J_31.4_2_I (veraltet),9.970928,53.581524,2025-06,40116.720065486945,1609.2799345130557,508.2723593,211.7276407,78.92760511458123,7.600707820634851,10.3842440700462,True
5786,Zählfeld J_31.4_2_I (veraltet),9.970928,53.581524,2025-07,40487.2007134,2280.7992866,508.95938871444446,235.04061128555554,79.54898094259472,9.703851917867127,8.197670534947664,True
5786,Zählfeld J_31.4_2_I (veraltet),9.970928,53.581524,2025-08,32807.568501266665,3950.4314987333332,456.3271263661111,287.6728736338889,71.89484605599617,13.73237402898442,5.235427312440685,True
5786,Zählfeld J_31.4_2_I (veraltet),9.970928,53.581524,2025-09,32331.033849671945,7548.966150328056,379.47910540944446,340.52089459055554,85.19845595922312,22.168877946256366,3.8431559849699335,True
5786,Zählfeld J_31.4_2_I (veraltet),9.970928,53.581524,2025-10,22248.509298408055,9251.490701591945,326.24710055888886,417.7528994411111,68.19527057955298,22.145844383052786,3.0793709826544133,True
5786,Zählfeld J_31.4_2_I (veraltet),9.970928,53.581524,2025-11,17182.804645561668,11961.195354438334,257.97459228055556,462.0254077194445,66.60657739067118,25.888609488986212,2.5728140176477075,True
5786,Zählfeld J_31.4_2_I (veraltet),9.970928,53.581524,2025-12,14624.19811898389,13087.801881016112,234.07368837805555,509.9263116219445,62.476898707915225,25.666065042588563,2.4342219426408063,True
5786,Zählfeld J_31.4_2_I (veraltet),9.970928,53.581524,2026-01,7867.857006006944,6272.142993993056,251.92644384916667,492.0735561508333,31.230770719399292,12.746352482453824,2.4501731583518076,True
5786,Zählfeld J_31.4_2_I (veraltet),9.970928,53.581524,2026-02,11907.945410181112,5631.054589818889,274.9950323086111,397.00496769138886,43.302401902364224,14.18383911557545,3.0529394439347044,True
5787,Zählfeld X_44.1_1_I (veraltet),10.146441,53.595352,2025-01,896.6394746452778,654.3605253547222,252.25277094527777,491.74722905472225,3.5545277512126496,1.3306847231505277,2.671202043108268,True
5787,Zählfeld X_44.1_1_I (veraltet),10.146441,53.595352,2025-02,1055.999533026389,499.00046697361114,275.4455073022222,396.55449269777773,3.8337874644211682,1.2583402184625092,3.0467018443592657,True
5787,Zählfeld X_44.1_1_I (veraltet),10.146441,53.595352,2025-03,2014.5936706016666,350.40632939833336,368.8174108408333,375.1825891591667,5.46230631034684,0.9339621281031186,5.848530840796306,True
5787,Zählfeld X_44.1_1_I (veraltet),10.146441,53.595352,2025-04,2742.594427985,629.405572015,385.44152787055555,277.55847212944445,7.115461696971212,2.267650369978493,3.1378125090062703,True
5787,Zählfeld X_44.1_1_I (veraltet),10.146441,53.595352,2025-05,3433.970017763611,453.0299822363889,493.9207367352778,250.07926326472221,6.95247184894787,1.8115455728803573,3.837867483451405,True
5787,Zählfeld X_44.1_1_I (veraltet),10.146441,53.595352,2025-06,3753.477415741389,274.5225842586111,508.2723593,211.7276407,7.384775794046192,1.296583588949476,5.69556475724756,True
5787,Zählfeld X_44.1_1_I (veraltet),10.146441,53.595352,2025-07,3678.9822378902777,350.01776210972224,508.95938871444446,235.04061128555554,7.228439674102169,1.4891799344602565,4.8539733223856985,True
5787,Zählfeld X_44.1_1_I (veraltet),10.146441,53.595352,2025-08,3024.727545848333,572.2724541516667,456.3271263661111,287.6728736338889,6.628419331402173,1.9893167086722872,3.3320080721717376,True
5787,Zählfeld X_44.1_1_I (veraltet),10.146441,53.595352,2025-09,2907.6040242358335,1123.3959757641667,379.47910540944446,340.52089459055554,7.662092544195898,3.2990515225649957,2.322513756389794,True
5787,Zählfeld X_44.1_1_I (veraltet),10.146441,53.595352,2025-10,1696.7948753622222,989.2051246377778,326.24710055888886,417.7528994411111,5.200950054285445,2.3679192315868582,2.196422067487511,True
5787,Zählfeld X_44.1_1_I (veraltet),10.146441,53.595352,2025-11,1376.9258450869445,1082.0741549130555,257.97459228055556,462.0254077194445,5.3374475095186655,2.3420230507542192,2.278990169545858,True
5787,Zählfeld X_44.1_1_I (veraltet),10.146441,53.595352,2025-12,1048.1761298791666,917.8238701208334,234.07368837805555,509.9263116219445,4.4779750220633225,1.7999147116011167,2.4878817830651174,True
5787,Zählfeld X_44.1_1_I (veraltet),10.146441,53.595352,2026-01,331.69737207083335,282.30262792916665,251.92644384916667,492.0735561508333,1.3166437274422336,0.5737000584575888,2.295003648739505,True
5787,Zählfeld X_44.1_1_I (veraltet),10.146441,53.595352,2026-02,566.09566245,271.90433755,274.9950323086111,397.00496769138886,2.058566868272382,0.6848890056241421,3.0056941363752827,True
5788,Zählfeld X_44.1_2_I (veraltet),10.146441,53.595352,2025-01,1120.6022757466667,962.3977242533333,252.25277094527777,491.74722905472225,4.4423784585096335,1.9570984184361035,2.269879949144045,True
5788,Zählfeld X_44.1_2_I (veraltet),10.146441,53.595352,2025-02,1373.1258709908334,787.8741290091667,275.4455073022222,396.55449269777773,4.985108976507004,1.9867991499711029,2.509115718405411,True
5788,Zählfeld X_44.1_2_I (veraltet),10.146441,53.595352,2025-03,2665.212921123889,541.7870788761111,368.8174108408333,375.1825891591667,7.2263750104630695,1.4440624232865573,5.004198498577703,True
5788,Zählfeld X_44.1_2_I (veraltet),10.146441,53.595352,2025-04,3400.7530252883334,583.2469747116667,385.44152787055555,277.55847212944445,8.82300629119139,2.1013481240077545,4.198736130576921,True
5788,Zählfeld X_44.1_2_I (veraltet),10.146441,53.595352,2025-05,3395.8760539255554,233.12394607444446,493.9207367352778,250.07926326472221,6.875346186863202,0.9322002273641952,7.37539638485533,True
5788,Zählfeld X_44.1_2_I (veraltet),10.146441,53.595352,2025-06,3589.4237412694442,171.57625873055557,508.2723593,211.7276407,7.062008538518306,0.81036305965202,8.71462297596687,True
5788,Zählfeld X_44.1_2_I (veraltet),10.146441,53.595352,2025-07,3565.771631023611,244.22836897638888,508.95938871444446,235.04061128555554,7.006004231556114,1.0390900859242191,6.742441609694139,True
5788,Zählfeld X_44.1_2_I (veraltet),10.146441,53.595352,2025-08,3092.189649886111,313.8103501138889,456.3271263661111,287.6728736338889,6.776256486241075,1.0908583285932765,6.211857496637021,True
5788,Zählfeld X_44.1_2_I (veraltet),10.146441,53.595352,2025-09,2929.563471456389,643.4365285436111,379.47910540944446,340.52089459055554,7.719959886317046,1.8895654826623287,4.0855741476817755,True
5788,Zählfeld X_44.1_2_I (veraltet),10.146441,53.595352,2025-10,1882.0244963405555,660.9755036594445,326.24710055888886,417.7528994411111,5.768708727576394,1.5822164359450952,3.645966883241614,True
5788,Zählfeld X_44.1_2_I (veraltet),10.146441,53.595352,2025-11,1201.046369648889,963.9536303511111,257.97459228055556,462.0254077194445,4.655676975904328,2.0863649795996766,2.2314777239012327,True
5788,Zählfeld X_44.1_2_I (veraltet),10.146441,53.595352,2025-12,910.9479476380556,841.0520523619444,234.07368837805555,509.9263116219445,3.891714416730048,1.6493599823997591,2.359530034836752,True
5788,Zählfeld X_44.1_2_I (veraltet),10.146441,53.595352,2026-01,310.5193817363889,259.4806182636111,251.92644384916667,492.0735561508333,1.232579545807041,0.5273207938531725,2.337437780142311,True
5788,Zählfeld X_44.1_2_I (veraltet),10.146441,53.595352,2026-02,557.7524596033334,228.24754039666666,274.9950323086111,397.00496769138886,2.0282274007677343,0.5749236381699246,3.527820507126671,True
5791,Zählfeld H_30.1_1_I (veraltet),9.99935,53.580128,2025-01,27555.998063649167,32519.001936350833,252.25277094527777,491.74722905472225,109.23962484291997,66.12950722439572,1.6519044134449645,True
5791,Zählfeld H_30.1_1_I (veraltet),9.99935,53.580128,2025-02,37787.17516440722,22875.82483559278,275.4455073022222,396.55449269777773,137.18566526825455,57.686459885922694,2.3781259161949744,True
5791,Zählfeld H_30.1_1_I (veraltet),9.99935,53.580128,2025-03,70942.72098537972,14136.279014620277,368.8174108408333,375.1825891591667,192.35187629467887,37.67839826016855,5.105096956789224,True
5791,Zählfeld H_30.1_1_I (veraltet),9.99935,53.580128,2025-04,98111.6994154261,25094.300584573888,421.24926776527775,298.75073223472225,232.90651621997463,83.99745298317066,2.7727806968937343,True
5791,Zählfeld H_30.1_1_I (veraltet),9.99935,53.580128,2025-05,120190.31460931778,9158.685390682222,493.9207367352778,250.07926326472221,243.3392762647564,36.623130087308624,6.644415037290414,True
5791,Zählfeld H_30.1_1_I (veraltet),9.99935,53.580128,2025-06,133760.60666831417,4795.393331685833,508.2723593,211.7276407,263.1671862946299,22.64887718878659,11.619436323533224,True
5791,Zählfeld H_30.1_1_I (veraltet),9.99935,53.580128,2025-07,127946.72758390722,7981.272416092777,508.95938871444446,235.04061128555554,251.38887388850728,33.95699310191195,7.403154723801291,True
5791,Zählfeld H_30.1_1_I (veraltet),9.99935,53.580128,2025-08,63147.15546292861,9279.844537071389,273.4592140288889,165.54078597111112,230.9198309048661,56.05775327592582,4.119320119167804,True
5792,Zählfeld H_30.1_2_G (veraltet),9.999404,53.580128,2025-01,298.23886534916664,241.76113465083333,252.25277094527777,491.74722905472225,1.182301642243862,0.4916370044739588,2.4048263891545343,True
5792,Zählfeld H_30.1_2_G (veraltet),9.999404,53.580128,2025-02,311.54952867055556,182.45047132944444,275.4455073022222,396.55449269777773,1.131075005440984,0.46008928076498595,2.458381563596432,True
5792,Zählfeld H_30.1_2_G (veraltet),9.999404,53.580128,2025-03,512.9929283516667,169.00707164833332,368.8174108408333,375.1825891591667,1.3909129918301328,0.4504661904143801,3.087718948564472,True
5792,Zählfeld H_30.1_2_G (veraltet),9.999404,53.580128,2025-04,722.1627654708333,101.83723452916666,421.24926776527775,298.75073223472225,1.71433595434337,0.3408769369949368,5.029193143591389,True
5792,Zählfeld H_30.1_2_G (veraltet),9.999404,53.580128,2025-05,668.426261638889,86.57373836111111,493.9207367352778,250.07926326472221,1.3533067391684332,0.3461851943696275,3.909198779088992,True
5792,Zählfeld H_30.1_2_G (veraltet),9.999404,53.580128,2025-06,923.9791638888889,75.02083611111111,508.2723593,211.7276407,1.8178819819385936,0.35432707729176105,5.130519507098544,True
5792,Zählfeld H_30.1_2_G (veraltet),9.999404,53.580128,2025-07,697.0919541213889,87.9080458786111,508.95938871444446,235.04061128555554,1.3696416051625244,0.3740121564430832,3.66202429939187,True
5792,Zählfeld H_30.1_2_G (veraltet),9.999404,53.580128,2025-08,355.7690052527778,56.23099474722222,273.4592140288889,165.54078597111112,1.3009947626602683,0.33968060751526946,3.8300530965748036,True
5793,Zählfeld H_30.2_1_G (veraltet),9.99935,53.580128,2025-01,1231.4339416838889,449.5660583161111,252.25277094527777,491.74722905472225,4.881745945026819,0.914221843568503,5.339782657097525,True
5793,Zählfeld H_30.2_1_G (veraltet),9.99935,53.580128,2025-02,1243.1023557022222,362.8976442977778,275.4455073022222,396.55449269777773,4.513060924018902,0.9151268009321218,4.9316235951367915,True
5793,Zählfeld H_30.2_1_G (veraltet),9.99935,53.580128,2025-03,1523.780144765,289.219855235,368.8174108408333,375.1825891591667,4.1315298572566626,0.7708776035774463,5.35951471165239,True
5793,Zählfeld H_30.2_1_G (veraltet),9.99935,53.580128,2025-04,3731.1656038088886,340.8343961911111,421.24926776527775,298.75073223472225,8.857381814816383,1.1408654755139633,7.7637390252572125,True
5793,Zählfeld H_30.2_1_G (veraltet),9.99935,53.580128,2025-05,49994.58412045111,2383.415879548889,493.9207367352778,250.07926326472221,101.21985250286475,9.530641799059989,10.620465508718217,True
5793,Zählfeld H_30.2_1_G (veraltet),9.99935,53.580128,2025-06,131419.2915204175,4035.7084795825,508.2723593,211.7276407,258.5607678950121,19.06084848553503,13.565018791856495,True
5793,Zählfeld H_30.2_1_G (veraltet),9.99935,53.580128,2025-07,76161.51864845694,3080.4813515430556,508.95938871444446,235.04061128555554,149.64164201947347,13.106166354377445,11.41765165902181,True
5793,Zählfeld H_30.2_1_G (veraltet),9.99935,53.580128,2025-08,962.5838780313888,190.4161219686111,273.4592140288889,165.54078597111112,3.520027223985582,1.1502671130354607,3.0601824429253814,True
5794,Zählfeld H_30.2_2_I (veraltet),9.999377,53.580128,2025-01,21693.167950489446,20439.832049510554,252.25277094527777,491.74722905472225,85.99773897110305,41.565728979910496,2.0689577948378433,True
5794,Zählfeld H_30.2_2_I (veraltet),9.999377,53.580128,2025-02,29894.954577299446,14884.045422700556,275.4455073022222,396.55449269777773,108.5330992329395,37.533417718820274,2.8916391266580037,True
5794,Zählfeld H_30.2_2_I (veraltet),9.999377,53.580128,2025-03,49750.134965455,12270.865034545,368.8174108408333,375.1825891591667,134.89096095554217,32.70638187674331,4.124300922795125,True
5794,Zählfeld H_30.2_2_I (veraltet),9.999377,53.580128,2025-04,89851.66518315722,10435.334816842778,421.24926776527775,298.75073223472225,213.298092266888,34.92990540570107,6.106460632787017,True
5794,Zählfeld H_30.2_2_I (veraltet),9.999377,53.580128,2025-05,110029.36814695333,5953.631853046667,493.9207367352778,250.07926326472221,222.76725790908588,23.806979336565107,9.357224818813446,True
5794,Zählfeld H_30.2_2_I (veraltet),9.999377,53.580128,2025-06,122549.39230197667,3833.6076980233333,508.2723593,211.7276407,241.10969258834663,18.106316611987513,13.316330303686225,True
5794,Zählfeld H_30.2_2_I (veraltet),9.999377,53.580128,2025-07,119274.07693135833,5161.923068641667,508.95938871444446,235.04061128555554,234.34890794062542,21.961834767228133,10.670734500303467,True
5794,Zählfeld H_30.2_2_I (veraltet),9.999377,53.580128,2025-08,62531.37827999111,4391.621720008889,273.4592140288889,165.54078597111112,228.66802459757363,26.52894085434196,8.61956856299251,True
5795,Zählfeld A_29.1_1_I (veraltet),9.97035,53.575794,2025-01,21198.708246764167,16734.291753235833,252.25277094527777,491.74722905472225,84.03756346194068,34.03027157957533,2.469494351975119,True
5795,Zählfeld A_29.1_1_I (veraltet),9.97035,53.575794,2025-02,26997.81171340639,11624.188286593611,275.4455073022222,396.55449269777773,98.01507375389521,29.31296581086182,3.343744689170144,True
5795,Zählfeld A_29.1_1_I (veraltet),9.97035,53.575794,2025-03,40275.13438682556,8213.865613174445,368.8174108408333,375.1825891591667,109.20074053718325,21.89298184540704,4.987933635915047,True
5795,Zählfeld A_29.1_1_I (veraltet),9.97035,53.575794,2025-04,56523.533770205555,6823.466229794444,421.24926776527775,298.75073223472225,134.1807288355947,22.839998344952637,5.874813422009157,True
5795,Zählfeld A_29.1_1_I (veraltet),9.97035,53.575794,2025-05,61658.99915329972,3151.0008467002776,493.9207367352778,250.07926326472221,124.83581791048903,12.600008515559226,9.907597900139073,True
5795,Zählfeld A_29.1_1_I (veraltet),9.97035,53.575794,2025-06,64083.08996101945,1924.9100389805556,508.2723593,211.7276407,126.08021819104151,9.09144423759007,13.868007645005635,True
5795,Zählfeld A_29.1_1_I (veraltet),9.97035,53.575794,2025-07,65187.54849534,2854.45150466,508.95938871444446,235.04061128555554,128.0800589217816,12.14450340750718,10.546339741039418,True
5795,Zählfeld A_29.1_1_I (veraltet),9.97035,53.575794,2025-08,53703.51292583611,5096.487074163889,456.3271263661111,287.6728736338889,117.68643550405505,17.716258783057896,6.642849201130371,True
5795,Zählfeld A_29.1_1_I (veraltet),9.97035,53.575794,2025-09,53213.64488272861,10657.355117271389,379.47910540944446,340.52089459055554,140.2281288328457,31.297213435568644,4.480530802575519,True
5795,Zählfeld A_29.1_1_I (veraltet),9.97035,53.575794,2025-10,36207.61982671111,12950.38017328889,326.24710055888886,417.7528994411111,110.98219651510894,31.00009644604382,3.580059717177825,True
5795,Zählfeld A_29.1_1_I (veraltet),9.97035,53.575794,2025-11,27894.456370631666,20035.543629368334,257.97459228055556,462.0254077194445,108.12869641168213,43.36459271420525,2.493478887817656,True
5795,Zählfeld A_29.1_1_I (veraltet),9.97035,53.575794,2025-12,20552.258573343057,19854.741426656943,234.07368837805555,509.9263116219445,87.80251516415133,38.93649135990672,2.255018675220501,True
5795,Zählfeld A_29.1_1_I (veraltet),9.97035,53.575794,2026-01,10744.852306272222,8485.147693727778,251.92644384916667,492.0735561508333,42.650752108839264,17.24365714772704,2.473416847913915,True
5795,Zählfeld A_29.1_1_I (veraltet),9.97035,53.575794,2026-02,18256.366297663335,8298.633702336667,274.9950323086111,397.00496769138886,66.3879857915952,20.90309788966569,3.175987891460664,True
5796,Zählfeld A_29.1_2_I (veraltet),9.97035,53.575794,2025-01,20967.32452401139,21306.67547598861,252.25277094527777,491.74722905472225,83.12029416144617,43.32851151382406,1.918374097271411,True
5796,Zählfeld A_29.1_2_I (veraltet),9.97035,53.575794,2025-02,26672.972359987776,14940.027640012222,275.4455073022222,396.55449269777773,96.83575027681196,37.67458928122225,2.570319998818854,True
5796,Zählfeld A_29.1_2_I (veraltet),9.97035,53.575794,2025-03,44328.84204775166,9298.157952248333,368.8174108408333,375.1825891591667,120.19183678636635,24.78302091012998,4.8497653785716786,True
5796,Zählfeld A_29.1_2_I (veraltet),9.97035,53.575794,2025-04,58361.7582664025,11541.2417335975,421.24926776527775,298.75073223472225,138.54447409727481,38.63167680717109,3.5862920159747556,True
5796,Zählfeld A_29.1_2_I (veraltet),9.97035,53.575794,2025-05,67763.19898841612,4585.801011583889,493.9207367352778,250.07926326472221,137.19448071024104,18.33739012070575,7.481679770521284,True
5796,Zählfeld A_29.1_2_I (veraltet),9.97035,53.575794,2025-06,72031.20315982861,2320.796840171389,508.2723593,211.7276407,141.7177264154813,10.961236957529602,12.92899031054439,True
5796,Zählfeld A_29.1_2_I (veraltet),9.97035,53.575794,2025-07,71477.91732316138,3851.082676838611,508.95938871444446,235.04061128555554,140.4393334873023,16.384754344260337,8.57134202542981,True
5796,Zählfeld A_29.1_2_I (veraltet),9.97035,53.575794,2025-08,56105.40996794361,7132.590032056389,456.3271263661111,287.6728736338889,122.94997760648194,24.794100124761098,4.958840086464587,True
5796,Zählfeld A_29.1_2_I (veraltet),9.97035,53.575794,2025-09,51983.51972946472,18171.480270535278,379.47910540944446,340.52089459055554,136.98651385133934,53.363774614726005,2.567031939557312,True
5796,Zählfeld A_29.1_2_I (veraltet),9.97035,53.575794,2025-10,35202.55043026528,19913.449569734723,326.24710055888886,417.7528994411111,107.90149665686019,47.668010434818875,2.2636039489083446,True
5796,Zählfeld A_29.1_2_I (veraltet),9.97035,53.575794,2025-11,30565.806434371665,23725.193565628335,257.97459228055556,462.0254077194445,118.48378619058106,51.35040880703031,2.307358187465094,True
5796,Zählfeld A_29.1_2_I (veraltet),9.97035,53.575794,2025-12,21999.467507091944,23410.532492908056,234.07368837805555,509.9263116219445,93.98522174589871,45.909638234679775,2.047178443564886,True
5796,Zählfeld A_29.1_2_I (veraltet),9.97035,53.575794,2026-01,10776.133082454722,10288.866917545278,251.92644384916667,492.0735561508333,42.77491841589526,20.90920511565038,2.0457457937450982,True
5796,Zählfeld A_29.1_2_I (veraltet),9.97035,53.575794,2026-02,18905.799381754445,10421.200618245555,274.9950323086111,397.00496769138886,68.74960330387916,26.249547150116413,2.6190776896345147,True
5797,Zählfeld G_32.2_1_G (veraltet),9.95375,53.57567,2025-01,881.5473959516667,470.45260404833334,252.25277094527777,491.74722905472225,3.4946985622723026,0.9566959939005183,3.65288303134224,True
5797,Zählfeld G_32.2_1_G (veraltet),9.95375,53.57567,2025-02,1061.3744051808333,281.6255948191667,275.4455073022222,396.55449269777773,3.8533008418840544,0.7101813243956847,5.4257986087749455,True
5797,Zählfeld G_32.2_1_G (veraltet),9.95375,53.57567,2025-03,1312.6702679344444,266.32973206555556,368.8174108408333,375.1825891591667,3.559133135666797,0.7098669814674379,5.013802907566363,True
5797,Zählfeld G_32.2_1_G (veraltet),9.95375,53.57567,2025-04,1609.4685921119444,206.53140788805555,421.24926776527775,298.75073223472225,3.8207035958784115,0.691316825713378,5.52670418796155,True
5797,Zählfeld G_32.2_1_G (veraltet),9.95375,53.57567,2025-05,1589.636910481389,123.3630895186111,493.9207367352778,250.07926326472221,3.2184048821043367,0.49329595708231394,6.524287977424669,True
5797,Zählfeld G_32.2_1_G (veraltet),9.95375,53.57567,2025-06,1636.0418849780556,86.95811502194445,508.2723593,211.7276407,3.2188291474894206,0.41070742929193965,7.837280063422977,True
5797,Zählfeld G_32.2_1_G (veraltet),9.95375,53.57567,2025-07,1519.2589292975,116.7410707025,508.95938871444446,235.04061128555554,2.9850297744480585,0.4966846795708378,6.009909097714237,True
5797,Zählfeld G_32.2_1_G (veraltet),9.95375,53.57567,2025-08,1297.0380987536112,139.9619012463889,456.3271263661111,286.6728736338889,2.8423427489011424,0.48822861916518406,5.821745463756771,True
5797,Zählfeld G_32.2_1_G (veraltet),9.95375,53.57567,2025-09,1322.8160572975,201.1839427025,379.47910540944446,340.52089459055554,3.4858732363412437,0.5908123286954383,5.9001362480676995,True
5797,Zählfeld G_32.2_1_G (veraltet),9.95375,53.57567,2025-10,1065.5308386794445,314.46916132055554,326.24710055888886,417.7528994411111,3.2660239335586434,0.7527635636790714,4.338711504042802,True
5797,Zählfeld G_32.2_1_G (veraltet),9.95375,53.57567,2025-11,967.1648211336111,437.8351788663889,257.97459228055556,462.0254077194445,3.749070063775074,0.9476430766600944,3.9562047738357613,True
5797,Zählfeld G_32.2_1_G (veraltet),9.95375,53.57567,2025-12,1069.0042637019444,505.99573629805553,234.07368837805555,509.9263116219445,4.566956120140173,0.9922918758371444,4.602432239291764,True
5797,Zählfeld G_32.2_1_G (veraltet),9.95375,53.57567,2026-01,421.5456265011111,216.45437349888888,251.92644384916667,492.0735561508333,1.6732885204917145,0.4398821493113115,3.803947314323733,True
5797,Zählfeld G_32.2_1_G (veraltet),9.95375,53.57567,2026-02,720.0977766966666,177.90222330333333,274.9950323086111,397.00496769138886,2.6185846727898063,0.4481108242494974,5.843609507035342,True
5798,Zählfeld G_32.2_2_I (veraltet),9.95375,53.57567,2025-01,15524.145758048611,12109.854241951389,252.25277094527777,491.74722905472225,61.542022709500095,24.62617687796628,2.499049000357154,True
5798,Zählfeld G_32.2_2_I (veraltet),9.95375,53.57567,2025-02,19303.58478010889,8330.41521989111,275.4455073022222,396.55449269777773,70.08132014630668,21.006987370686254,3.336095695668392,True
5798,Zählfeld G_32.2_2_I (veraltet),9.95375,53.57567,2025-03,29364.034421847224,5806.965578152778,368.8174108408333,375.1825891591667,79.61672512938809,15.477705378511695,5.143961794228433,True
5798,Zählfeld G_32.2_2_I (veraltet),9.95375,53.57567,2025-04,36797.06637464445,4854.933625355556,421.24926776527775,298.75073223472225,87.35223818869156,16.250784019974,5.375263007700186,True
5798,Zählfeld G_32.2_2_I (veraltet),9.95375,53.57567,2025-05,40638.58869988528,2213.411300114722,493.9207367352778,250.07926326472221,82.2775511886758,8.85083901487549,9.296017140340368,True
5798,Zählfeld G_32.2_2_I (veraltet),9.95375,53.57567,2025-06,41482.84236188278,1329.1576381172222,508.2723593,211.7276407,81.61538120824345,6.2776765174487785,13.000889896348403,True
5798,Zählfeld G_32.2_2_I (veraltet),9.95375,53.57567,2025-07,42609.505494325,1996.494505675,508.95938871444446,235.04061128555554,83.71887116956475,8.494253375002582,9.855942302820617,True
5798,Zählfeld G_32.2_2_I (veraltet),9.95375,53.57567,2025-08,37072.75606745611,3704.243932543889,456.3271263661111,286.6728736338889,81.24162234815874,12.921501380959379,6.287320641227748,True
5798,Zählfeld G_32.2_2_I (veraltet),9.95375,53.57567,2025-09,36540.33418321861,7158.6658167813885,379.47910540944446,340.52089459055554,96.29076716567278,21.022691795136428,4.5803253029637965,True
5798,Zählfeld G_32.2_2_I (veraltet),9.95375,53.57567,2025-10,25082.966928968333,9015.033071031667,326.24710055888886,417.7528994411111,76.88334052930766,21.57982166752736,3.5627421632032905,True
5798,Zählfeld G_32.2_2_I (veraltet),9.95375,53.57567,2025-11,19125.289610509444,11831.710389490556,257.97459228055556,462.0254077194445,74.13633040927567,25.608354414731927,2.8950056379501943,True
5798,Zählfeld G_32.2_2_I (veraltet),9.95375,53.57567,2025-12,16513.373278291943,12986.626721708055,234.07368837805555,509.9263116219445,70.54775525056439,25.46765370941722,2.7700924496424193,True
5798,Zählfeld G_32.2_2_I (veraltet),9.95375,53.57567,2026-01,7889.210125276111,5227.789874723889,251.92644384916667,492.0735561508333,31.315530060034256,10.624000841698217,2.9476211953150178,True
5798,Zählfeld G_32.2_2_I (veraltet),9.95375,53.57567,2026-02,12392.3023750575,4665.6976249425,274.9950323086111,397.00496769138886,45.063731773708305,11.752239907913122,3.83448024604787,True
5799,Zählfeld G_32.1_1_I (veraltet),9.953787,53.57574,2025-01,15203.91537422139,11473.08462577861,252.25277094527777,491.74722905472225,60.27254058398287,23.331264413697127,2.5833379415390176,True
5799,Zählfeld G_32.1_1_I (veraltet),9.953787,53.57574,2025-02,18187.492355306113,8474.50764469389,275.4455073022222,396.55449269777773,66.02936651041678,21.370348339874905,3.089765569577201,True
5799,Zählfeld G_32.1_1_I (veraltet),9.953787,53.57574,2025-03,27386.546198716944,6994.453801283055,368.8174108408333,375.1825891591667,74.25502536954762,18.642799541840528,3.983040487180861,True
5799,Zählfeld G_32.1_1_I (veraltet),9.953787,53.57574,2025-04,36620.621242390276,3620.378757609722,421.24926776527775,298.75073223472225,86.93337661252737,12.118392917495063,7.173672054074392,True
5799,Zählfeld G_32.1_1_I (veraltet),9.953787,53.57574,2025-05,39169.99823029389,2059.001769706111,493.9207367352778,250.07926326472221,79.30421891010313,8.233396655229859,9.632017286538606,True
5799,Zählfeld G_32.1_1_I (veraltet),9.953787,53.57574,2025-06,39604.65678470334,1368.3432152966666,508.2723593,211.7276407,77.92014666948924,6.46275191454805,12.056806094333627,True
5799,Zählfeld G_32.1_1_I (veraltet),9.953787,53.57574,2025-07,41456.50890457555,1870.4910954244444,508.95938871444446,235.04061128555554,81.45347118812076,7.958161294738752,10.23521240289145,True
5799,Zählfeld G_32.1_1_I (veraltet),9.953787,53.57574,2025-08,36010.07775099111,3152.9222490088887,456.3271263661111,287.6728736338889,78.91285805810334,10.960095782341652,7.2000153671324405,True
5799,Zählfeld G_32.1_1_I (veraltet),9.953787,53.57574,2025-09,35285.95703261472,5943.042967385278,379.47910540944446,340.52089459055554,92.98524353413985,17.45279970126717,5.327812449906739,True
5799,Zählfeld G_32.1_1_I (veraltet),9.953787,53.57574,2025-10,24200.933248174166,7830.066751825833,326.24710055888886,417.7528994411111,74.17976499014374,18.743297203445515,3.957668930123326,True
5799,Zählfeld G_32.1_1_I (veraltet),9.953787,53.57574,2025-11,17379.03547263361,12346.964527366388,257.97459228055556,462.0254077194445,67.36723690111839,26.723561780532705,2.5208928904901198,True
5799,Zählfeld G_32.1_1_I (veraltet),9.953787,53.57574,2025-12,15307.431794636666,12210.568205363334,234.07368837805555,509.9263116219445,65.39578156222936,23.94575044877495,2.7309973726705636,True
5799,Zählfeld G_32.1_1_I (veraltet),9.953787,53.57574,2026-01,7606.57794516,5662.42205484,251.92644384916667,492.0735561508333,30.193646323663458,11.507267529540483,2.6238762804595344,True
5799,Zählfeld G_32.1_1_I (veraltet),9.953787,53.57574,2026-02,11385.51971692889,5210.480283071111,274.9950323086111,397.00496769138886,41.40263779074953,13.124471246217427,3.1546137755974044,True
5800,Zählfeld G_32.1_2_G (veraltet),9.953787,53.57574,2025-01,579.7602870291666,321.23971297083335,252.25277094527777,491.74722905472225,2.2983306976435016,0.6532618670538262,3.518237958705354,True
5800,Zählfeld G_32.1_2_G (veraltet),9.953787,53.57574,2025-02,796.7855785802777,232.2144214197222,275.4455073022222,396.55449269777773,2.8927158274759397,0.5855801048676998,4.939914801459129,True
5800,Zählfeld G_32.1_2_G (veraltet),9.953787,53.57574,2025-03,957.6872244955556,215.31277550444443,368.8174108408333,375.1825891591667,2.5966432070335603,0.5738879727521167,4.5246517270281705,True
5800,Zählfeld G_32.1_2_G (veraltet),9.953787,53.57574,2025-04,1350.2447660558332,99.75523394416666,421.24926776527775,298.75073223472225,3.2053343931465217,0.33390791446091267,9.599456180370767,True
5800,Zählfeld G_32.1_2_G (veraltet),9.953787,53.57574,2025-05,1685.4260117858335,84.57398821416666,493.9207367352778,250.07926326472221,3.4123410629126023,0.3381887290856283,10.090049636304137,True
5800,Zählfeld G_32.1_2_G (veraltet),9.953787,53.57574,2025-06,1417.6681127133334,50.331887286666664,508.2723593,211.7276407,2.789189864004736,0.23771996476351737,11.733090515890865,True
5800,Zählfeld G_32.1_2_G (veraltet),9.953787,53.57574,2025-07,1655.3481121744444,71.65188782555555,508.95938871444446,235.04061128555554,3.252416889991178,0.30484896815769524,10.668945050549542,True
5800,Zählfeld G_32.1_2_G (veraltet),9.953787,53.57574,2025-08,1319.6007918027778,107.39920819722222,456.3271263661111,287.6728736338889,2.8917868685809016,0.37333797532090357,7.745761373713079,True
5800,Zählfeld G_32.1_2_G (veraltet),9.953787,53.57574,2025-09,1409.10581345,113.89418655,379.47910540944446,340.52089459055554,3.7132632425957284,0.3344704784913334,11.101916256839225,True
5800,Zählfeld G_32.1_2_G (veraltet),9.953787,53.57574,2025-10,1238.459216418611,225.5407835813889,326.24710055888886,417.7528994411111,3.7960773116359525,0.5398904086198508,7.031199760225519,True
5800,Zählfeld G_32.1_2_G (veraltet),9.953787,53.57574,2025-11,873.9302378088889,458.0697621911111,257.97459228055556,462.0254077194445,3.38766011832073,0.9914384675339427,3.416914139661169,True
5800,Zählfeld G_32.1_2_G (veraltet),9.953787,53.57574,2025-12,1007.3315211666667,509.6684788333333,234.07368837805555,509.9263116219445,4.30348036187524,0.9994943724559122,4.305657420862635,True
5800,Zählfeld G_32.1_2_G (veraltet),9.953787,53.57574,2026-01,991.0696143130556,626.9303856869444,251.92644384916667,492.0735561508333,3.933964212611315,1.2740582741145594,3.0877427607032555,True
5800,Zählfeld G_32.1_2_G (veraltet),9.953787,53.57574,2026-02,1683.692605026389,763.307394973611,274.9950323086111,397.00496769138886,6.122629164940252,1.9226645938772402,3.184449947452028,True
5822,Zählfeld G_40.2_1_I (veraltet),10.042891,53.598804,2025-01,4620.208124317778,5030.791875682222,252.25277094527777,491.74722905472225,18.31578740247043,10.230442752779373,1.7903220657282362,True
5822,Zählfeld G_40.2_1_I (veraltet),10.042891,53.598804,2025-02,5726.0476981825,3799.9523018175,275.4455073022222,396.55449269777773,20.788314009056645,9.582421512781904,2.1694217877315567,True
5822,Zählfeld G_40.2_1_I (veraltet),10.042891,53.598804,2025-03,8566.063636836388,3017.936363163611,368.8174108408333,375.1825891591667,23.225757204106493,8.043913684606744,2.8873702671067347,True
5822,Zählfeld G_40.2_1_I (veraltet),10.042891,53.598804,2025-04,9896.02920957611,3592.970790423889,421.24926776527775,298.75073223472225,23.492098305771368,12.026650992778041,1.953336662041518,True
5822,Zählfeld G_40.2_1_I (veraltet),10.042891,53.598804,2025-05,10713.859946309445,1406.1400536905555,493.9207367352778,250.07926326472221,21.691456036298504,5.622777495957678,3.8577831066395403,True
5822,Zählfeld G_40.2_1_I (veraltet),10.042891,53.598804,2025-06,12037.930918584445,1298.0690814155555,508.2723593,211.7276407,23.684016449690983,6.130843743990935,3.8630924940640603,True
5822,Zählfeld G_40.2_1_I (veraltet),10.042891,53.598804,2025-07,12508.617844316666,1831.3821556833334,508.95938871444446,235.04061128555554,24.576848608513874,7.791769029473594,3.15420651145434,True
5822,Zählfeld G_40.2_1_I (veraltet),10.042891,53.598804,2025-08,10690.547230382777,2920.452769617222,456.3271263661111,287.6728736338889,23.42737613587704,10.151992201162418,2.3076629366593258,True
5822,Zählfeld G_40.2_1_I (veraltet),10.042891,53.598804,2025-09,9975.388430825278,4572.611569174722,379.47910540944446,340.52089459055554,26.28705583160419,13.428284847756137,1.957588488003868,True
5822,Zählfeld G_40.2_1_I (veraltet),10.042891,53.598804,2025-10,7219.549607661666,4850.450392338334,326.24710055888886,417.7528994411111,22.12908435138264,11.610812034644134,1.9059032465045747,True
5822,Zählfeld G_40.2_1_I (veraltet),10.042891,53.598804,2025-11,6292.790376529167,5753.209623470833,257.97459228055556,462.0254077194445,24.393062591549935,12.45214987606126,1.958943863857966,True
5822,Zählfeld G_40.2_1_I (veraltet),10.042891,53.598804,2025-12,4605.224188765833,5619.775811234167,234.07368837805555,509.9263116219445,19.674249680416338,11.020760614134826,1.78519889590768,True
5822,Zählfeld G_40.2_1_I (veraltet),10.042891,53.598804,2026-01,2499.3449958533333,2653.6550041466667,251.92644384916667,492.0735561508333,9.920931513445014,5.392801484608233,1.8396619163083716,True
5822,Zählfeld G_40.2_1_I (veraltet),10.042891,53.598804,2026-02,3604.7237393058335,2575.2762606941665,274.9950323086111,397.00496769138886,13.108323117853487,6.486760797149655,2.020781022727616,True
5823,Zählfeld G_40.2_2_G (veraltet),10.042891,53.598804,2025-01,30.106009899722224,22.893990100277776,252.25277094527777,491.74722905472225,0.11934857954941254,0.046556419126725986,2.5635257562345424,True
5823,Zählfeld G_40.2_2_G (veraltet),10.042891,53.598804,2025-02,21.9437487575,17.0562512425,275.4455073022222,396.55449269777773,0.07966638836270089,0.04301111589094747,1.8522278883600933,True
5823,Zählfeld G_40.2_2_G (veraltet),10.042891,53.598804,2025-03,41.89364653166667,21.106353468333335,368.8174108408333,375.1825891591667,0.1135891237785037,0.05625621784751642,2.019139005867569,True
5823,Zählfeld G_40.2_2_G (veraltet),10.042891,53.598804,2025-04,27.715497412222224,16.284502587777776,421.24926776527775,298.75073223472225,0.06579358003220422,0.05450866167244531,1.2070298189959698,True
5823,Zählfeld G_40.2_2_G (veraltet),10.042891,53.598804,2025-05,42.506291563611114,5.493708436388889,493.9207367352778,250.07926326472221,0.08605893294654852,0.021967868765566164,,False
5823,Zählfeld G_40.2_2_G (veraltet),10.042891,53.598804,2025-06,57.86298143277778,8.137018567222222,508.2723593,211.7276407,0.1138424712145817,0.03843153657368564,,False
5823,Zählfeld G_40.2_2_G (veraltet),10.042891,53.598804,2025-07,40.52946407583333,12.470535924166667,508.95938871444446,235.04061128555554,0.0796320197141951,0.053056941334346526,1.500878447032625,True
5823,Zählfeld G_40.2_2_G (veraltet),10.042891,53.598804,2025-08,32.92832635111111,11.071673648888888,456.3271263661111,287.6728736338889,0.0721594760612428,0.038487026979747194,1.874903876031133,True
5823,Zählfeld G_40.2_2_G (veraltet),10.042891,53.598804,2025-09,32.641552051666665,25.358447948333332,379.47910540944446,340.52089459055554,0.08601673079324773,0.0744695798442104,1.1550586289488116,True
5823,Zählfeld G_40.2_2_G (veraltet),10.042891,53.598804,2025-10,48.77982036,18.220179639999998,326.24710055888886,417.7528994411111,0.14951801955154864,0.04361472933970246,3.428154245484277,True
5823,Zählfeld G_40.2_2_G (veraltet),10.042891,53.598804,2025-11,35.42251426333333,25.577485736666667,257.97459228055556,462.0254077194445,0.13731008914556292,0.05535947874147664,2.4803356582670806,True
5823,Zählfeld G_40.2_2_G (veraltet),10.042891,53.598804,2025-12,23.163266690277776,25.836733309722224,234.07368837805555,509.9263116219445,0.09895715682860722,0.050667582199361745,1.9530664881391118,True
5823,Zählfeld G_40.2_2_G (veraltet),10.042891,53.598804,2026-01,16.301187556666665,22.698812443333335,251.92644384916667,492.0735561508333,0.06470613925081445,0.0461289011766679,1.402724487257957,True
5823,Zählfeld G_40.2_2_G (veraltet),10.042891,53.598804,2026-02,28.509076106111113,21.490923893888887,274.9950323086111,397.00496769138886,0.10367124041032501,0.05413263219062493,1.9151339259700644,True
5824,Zählfeld A_1.3_1_G (veraltet),9.990172,53.55968,2025-01,376.8312790036111,365.1687209963889,252.25277094527777,491.74722905472225,1.4938637842965803,0.7425943643817716,2.011682091797531,True
5824,Zählfeld A_1.3_1_G (veraltet),9.990172,53.55968,2025-02,552.2477542477777,273.7522457522222,275.4455073022222,396.55449269777773,2.004925619069345,0.6903269305811507,2.9043132032839885,True
5824,Zählfeld A_1.3_1_G (veraltet),9.990172,53.55968,2025-03,897.3950350116667,233.60496498833334,368.8174108408333,375.1825891591667,2.4331688489591023,0.6226434054732461,3.9078047363398136,True
5824,Zählfeld A_1.3_1_G (veraltet),9.990172,53.55968,2025-04,1635.085324345,223.914675655,421.24926776527775,298.75073223472225,3.881514935370945,0.7495033534481009,5.178782613198433,True
5824,Zählfeld A_1.3_1_G (veraltet),9.990172,53.55968,2025-05,1217.1991161316666,125.80088386833333,493.9207367352778,250.07926326472221,2.4643612337014265,0.5030440438204842,4.898897549775693,True
5824,Zählfeld A_1.3_1_G (veraltet),9.990172,53.55968,2025-06,1454.2176461088889,85.78235389111111,508.2723593,211.7276407,2.861099210886971,0.40515425197911403,7.061752892659911,True
5824,Zählfeld A_1.3_1_G (veraltet),9.990172,53.55968,2025-07,1389.5134642619444,136.48653573805555,508.95938871444446,235.04061128555554,2.7301067532552024,0.5806934171568986,4.701459793744398,True
5824,Zählfeld A_1.3_1_G (veraltet),9.990172,53.55968,2025-08,1187.3830493880555,214.61695061194445,456.3271263661111,287.6728736338889,2.6020435358370926,0.7460451446147816,3.4877829506961686,True
5824,Zählfeld A_1.3_1_G (veraltet),9.990172,53.55968,2025-09,1460.7203340752778,425.2796659247222,379.47910540944446,340.52089459055554,3.849277373254089,1.2489091644026167,3.0821115602072555,True
5824,Zählfeld A_1.3_1_G (veraltet),9.990172,53.55968,2025-10,932.9840815044445,479.0159184955555,326.24710055888886,417.7528994411111,2.859746737691044,1.1466489380119322,2.4940037381007762,True
5824,Zählfeld A_1.3_1_G (veraltet),9.990172,53.55968,2025-11,516.4073860605556,400.59261393944445,257.97459228055556,462.0254077194445,2.001776149718443,0.8670358972610791,2.30875809876148,True
5824,Zählfeld A_1.3_1_G (veraltet),9.990172,53.55968,2025-12,515.9465988219445,549.0534011780555,234.07368837805555,509.9263116219445,2.204205873787199,1.0767308700577891,2.047127963990572,True
5824,Zählfeld A_1.3_1_G (veraltet),9.990172,53.55968,2026-01,280.2923132402778,246.70768675972224,251.92644384916667,492.0735561508333,1.1125958393160755,0.5013634316982072,2.2191403859422203,True
5824,Zählfeld A_1.3_1_G (veraltet),9.990172,53.55968,2026-02,1050.9828475616666,548.0171524383334,274.9950323086111,397.00496769138886,3.8218248480292876,1.3803785771878139,2.7686787604421736,True
5825,Zählfeld A_1.3_2_I (veraltet),9.990172,53.55968,2025-01,19342.718606070834,16472.281393929166,252.25277094527777,491.74722905472225,76.67990537264278,33.49745645866387,2.2891262047692007,True
5825,Zählfeld A_1.3_2_I (veraltet),9.990172,53.55968,2025-02,25321.80215204,11914.19784796,275.4455073022222,396.55449269777773,91.9303509432688,30.044289164163004,3.0598277909308584,True
5825,Zählfeld A_1.3_2_I (veraltet),9.990172,53.55968,2025-03,39666.08981398722,8706.910186012778,368.8174108408333,375.1825891591667,107.54939611868134,23.20712750963765,4.634326073919201,True
5825,Zählfeld A_1.3_2_I (veraltet),9.990172,53.55968,2025-04,57081.76975102722,4461.230248972778,421.24926776527775,298.75073223472225,135.50592041107944,14.932951680492224,9.074289082988104,True
5825,Zählfeld A_1.3_2_I (veraltet),9.990172,53.55968,2025-05,60917.98385327639,2365.016146723611,493.9207367352778,250.07926326472221,123.33554621725884,9.457066195129165,13.041628732680591,True
5825,Zählfeld A_1.3_2_I (veraltet),9.990172,53.55968,2025-06,62281.80971126222,1713.1902887377778,508.2723593,211.7276407,122.53629097013582,8.091481504605355,15.143863444585884,True
5825,Zählfeld A_1.3_2_I (veraltet),9.990172,53.55968,2025-07,62353.52091340722,2375.4790865927775,508.95938871444446,235.04061128555554,122.51178049962478,10.10667507032119,12.121867938486258,True
5825,Zählfeld A_1.3_2_I (veraltet),9.990172,53.55968,2025-08,54161.406724005836,3746.5932759941666,456.3271263661111,287.6728736338889,118.68986872490275,13.023797581840556,9.113307234626815,True
5825,Zählfeld A_1.3_2_I (veraltet),9.990172,53.55968,2025-09,48203.5571956775,7457.4428043225,379.47910540944446,340.52089459055554,127.02558983759482,21.900103408601037,5.800227855897103,True
5825,Zählfeld A_1.3_2_I (veraltet),9.990172,53.55968,2025-10,34210.86052902361,10619.139470976388,326.24710055888886,417.7528994411111,104.86180711006324,25.419666710112985,4.125223524993934,True
5825,Zählfeld A_1.3_2_I (veraltet),9.990172,53.55968,2025-11,21862.04720015167,18904.95279984833,257.97459228055556,462.0254077194445,84.7449626991793,40.91756099120847,2.0711147156935277,True
5825,Zählfeld A_1.3_2_I (veraltet),9.990172,53.55968,2025-12,17027.058555397776,19301.941444602224,234.07368837805555,509.9263116219445,72.74230039856998,37.85241319124662,1.9217348186242367,True
5825,Zählfeld A_1.3_2_I (veraltet),9.990172,53.55968,2026-01,8444.592528535555,6858.407471464445,251.92644384916667,492.0735561508333,33.52007196827459,13.937768826907181,2.4049811978200792,True
5825,Zählfeld A_1.3_2_I (veraltet),9.990172,53.55968,2026-02,15378.174492621389,7499.825507378611,274.9950323086111,397.00496769138886,55.92164470579726,18.89101174474116,2.9602249716119418,True
5826,Zählfeld D_40.4_1_G (veraltet),10.042236,53.598213,2025-01,14.842112191944445,13.157887808055555,252.25277094527777,491.74722905472225,0.05883825234635066,0.02675742135517215,2.198950772024874,True
5826,Zählfeld D_40.4_1_G (veraltet),10.042236,53.598213,2025-02,23.1970874625,6.8029125375,275.4455073022222,396.55449269777773,0.08421661217021728,0.01715505097728054,,False
5826,Zählfeld D_40.4_1_G (veraltet),10.042236,53.598213,2025-03,44.58004863777778,16.41995136222222,368.8174108408333,375.1825891591667,0.12087295048285214,0.043765227483027615,2.761849016544637,True
5826,Zählfeld D_40.4_1_G (veraltet),10.042236,53.598213,2025-04,47.0,3.0,421.24926776527775,298.75073223472225,0.11157289423750083,0.010041816391743476,,False
5826,Zählfeld D_40.4_1_G (veraltet),10.042236,53.598213,2025-05,48.12456600777778,4.875433992222222,493.9207367352778,250.07926326472221,0.09743378325411485,0.01949555484359099,,False
5826,Zählfeld D_40.4_1_G (veraltet),10.042236,53.598213,2025-06,61.013544331666665,4.986455668333333,508.2723593,211.7276407,0.12004104338015822,0.02355127394726282,,False
5826,Zählfeld D_40.4_1_G (veraltet),10.042236,53.598213,2025-07,51.151655749444444,6.848344250555556,508.95938871444446,235.04061128555554,0.10050243081013968,0.029136855171957347,,False
5826,Zählfeld D_40.4_1_G (veraltet),10.042236,53.598213,2025-08,41.904961229166666,11.095038770833334,456.3271263661111,287.6728736338889,0.09183096688305646,0.03856824813087381,2.380999172465548,True
5826,Zählfeld D_40.4_1_G (veraltet),10.042236,53.598213,2025-09,44.412890699444446,10.587109300555555,379.47910540944446,340.52089459055554,0.11703645883618419,0.031090924136345767,3.7643287257379003,True
5826,Zählfeld D_40.4_1_G (veraltet),10.042236,53.598213,2025-10,19.6474661175,7.3525338824999995,326.24710055888886,417.7528994411111,0.06022265357712675,0.017600198328573076,,False
5826,Zählfeld D_40.4_1_G (veraltet),10.042236,53.598213,2025-11,26.00170471638889,18.99829528361111,257.97459228055556,462.0254077194445,0.1007917271485062,0.04111958988876092,2.4511851266312186,True
5826,Zählfeld D_40.4_1_G (veraltet),10.042236,53.598213,2025-12,13.271610300833332,30.728389699166666,234.07368837805555,509.9263116219445,0.056698428570913006,0.06026045136095755,0.9408895434800484,True
5826,Zählfeld D_40.4_1_G (veraltet),10.042236,53.598213,2026-01,10.765006649722222,8.234993350277778,251.92644384916667,492.0735561508333,0.042730753013635374,0.016735289363433173,,False
5826,Zählfeld D_40.4_1_G (veraltet),10.042236,53.598213,2026-02,15.713266097777778,11.286733902222222,274.9950323086111,397.00496769138886,0.05714018164569491,0.028429704464040726,2.0098760336382884,True
5827,Zählfeld D_40.4_2_I (veraltet),10.042236,53.598213,2025-01,5559.410269415555,4544.589730584445,252.25277094527777,491.74722905472225,22.039045393168667,9.24171904195665,2.3847344085135247,True
5827,Zählfeld D_40.4_2_I (veraltet),10.042236,53.598213,2025-02,6892.906834012222,3524.093165987778,275.4455073022222,396.55449269777773,25.02457528359408,8.886781592141894,2.815932294962889,True
5827,Zählfeld D_40.4_2_I (veraltet),10.042236,53.598213,2025-03,12515.096507429722,3244.9034925702776,368.8174108408333,375.1825891591667,33.93304149849567,8.648864809645168,3.9234098630670835,True
5827,Zählfeld D_40.4_2_I (veraltet),10.042236,53.598213,2025-04,16196.247006099167,2438.752993900833,421.24926776527775,298.75073223472225,38.44813094161578,8.163169929855622,4.7099510694978015,True
5827,Zählfeld D_40.4_2_I (veraltet),10.042236,53.598213,2025-05,18379.133334981943,1514.8666650180555,493.9207367352778,250.07926326472221,37.21069387866669,6.05754609655295,6.142865986581836,True
5827,Zählfeld D_40.4_2_I (veraltet),10.042236,53.598213,2025-06,18601.009587444445,1155.9904125555556,508.2723593,211.7276407,36.596539723431,5.459799243658958,6.702909409340358,True
5827,Zählfeld D_40.4_2_I (veraltet),10.042236,53.598213,2025-07,19126.87905508139,1450.120944918611,508.95938871444446,235.04061128555554,37.58036393314806,6.169661221467936,6.0911551840777785,True
5827,Zählfeld D_40.4_2_I (veraltet),10.042236,53.598213,2025-08,18272.729219569443,2388.2707804305555,456.3271263661111,287.6728736338889,40.04304842686305,8.302036790128579,4.823280050321589,True
5827,Zählfeld D_40.4_2_I (veraltet),10.042236,53.598213,2025-09,15922.643296471944,3824.3567035280557,379.47910540944446,340.52089459055554,41.95920953089625,11.230901728149417,3.7360499224856207,True
5827,Zählfeld D_40.4_2_I (veraltet),10.042236,53.598213,2025-10,10355.6325595875,4180.3674404125,326.24710055888886,417.7528994411111,31.741684575425886,10.00679455727342,3.172013214996455,True
5827,Zählfeld D_40.4_2_I (veraltet),10.042236,53.598213,2025-11,7220.132076269444,5587.867923730556,257.97459228055556,462.0254077194445,27.987764269503415,12.094287089777701,2.3141309662773883,True
5827,Zählfeld D_40.4_2_I (veraltet),10.042236,53.598213,2025-12,6021.585369919167,5716.414630080833,234.07368837805555,509.9263116219445,25.725169760189463,11.210275876721067,2.2947847174403266,True
5827,Zählfeld D_40.4_2_I (veraltet),10.042236,53.598213,2026-01,3005.4619930858335,2584.5380069141665,251.92644384916667,492.0735561508333,11.92991869835333,5.252340782405179,2.271352753484194,True
5827,Zählfeld D_40.4_2_I (veraltet),10.042236,53.598213,2026-02,4848.220303573611,2743.779696426389,274.9950323086111,397.00496769138886,17.63021049097619,6.911197389749695,2.5509632407727696,True
5828,Zählfeld A_25.2_1_G (veraltet),9.996308,53.558098,2025-01,103.10980911555555,107.89019088444445,252.25277094527777,491.74722905472225,0.40875590277628143,0.21940172615072995,1.8630477979715818,True
5828,Zählfeld A_25.2_1_G (veraltet),9.996308,53.558098,2025-02,134.74537196305556,96.25462803694444,275.4455073022222,396.55449269777773,0.4891906689013856,0.2427273673842905,2.0153914829343895,True
5828,Zählfeld A_25.2_1_G (veraltet),9.996308,53.558098,2025-03,219.3794798811111,66.62052011888889,368.8174108408333,375.1825891591667,0.5948186648264998,0.17756826154484992,3.3498028287913457,True
5828,Zählfeld A_25.2_1_G (veraltet),9.996308,53.558098,2025-04,472.4699782613889,47.53002173861111,421.24926776527775,298.75073223472225,1.1215924024457928,0.1590959171315696,7.0497874657478174,True
5828,Zählfeld A_25.2_1_G (veraltet),9.996308,53.558098,2025-05,385.6503847275,47.3496152725,493.9207367352778,250.07926326472221,0.780794074929058,0.1893384307613619,4.123801342333687,True
5828,Zählfeld A_25.2_1_G (veraltet),9.996308,53.558098,2025-06,649.993268845,51.006731155,508.2723593,211.7276407,1.2788286770899366,0.24090728535190256,5.308385237174966,True
5828,Zählfeld A_25.2_1_G (veraltet),9.996308,53.558098,2025-07,531.4334495305555,57.566550469444444,508.95938871444446,235.04061128555554,1.0441568842513687,0.24492171865357212,4.263227001637488,True
5828,Zählfeld A_25.2_1_G (veraltet),9.996308,53.558098,2025-08,414.50573855305555,364.49426144694445,456.3271263661111,287.6728736338889,0.9083521767682462,1.267044253574021,0.7169064333830548,True
5828,Zählfeld A_25.2_1_G (veraltet),9.996308,53.558098,2025-09,426.4305872438889,84.5694127561111,379.47910540944446,340.52089459055554,1.1237261318611613,0.24835307935449277,4.524711893171993,True
5828,Zählfeld A_25.2_1_G (veraltet),9.996308,53.558098,2025-10,260.8734087763889,113.12659122361111,326.24710055888886,417.7528994411111,0.7996190872792147,0.2707978601105032,2.9528264623395395,True
5828,Zählfeld A_25.2_1_G (veraltet),9.996308,53.558098,2025-11,143.10386045416666,124.89613954583334,257.97459228055556,462.0254077194445,0.554720754432036,0.2703230979489205,2.0520656896912834,True
5828,Zählfeld A_25.2_1_G (veraltet),9.996308,53.558098,2025-12,132.43316534916667,115.56683465083333,234.07368837805555,509.9263116219445,0.56577553105957,0.22663438229583593,2.496424087678974,True
5828,Zählfeld A_25.2_1_G (veraltet),9.996308,53.558098,2026-01,80.27615810111111,84.72384189888889,251.92644384916667,492.0735561508333,0.3186491932906179,0.1721771894462844,1.8507050458622432,True
5828,Zählfeld A_25.2_1_G (veraltet),9.996308,53.558098,2026-02,149.4527443825,77.5472556175,274.9950323086111,397.00496769138886,0.5434743425284053,0.19533069338764855,2.782329459353525,True
5829,Zählfeld A_25.2_2_I (veraltet),9.996308,53.558098,2025-01,11280.412315679721,13960.587684320279,252.25277094527777,491.74722905472225,44.718685441623265,28.389763804376674,1.5751693374331373,True
5829,Zählfeld A_25.2_2_I (veraltet),9.996308,53.558098,2025-02,14551.049780611389,9960.950219388611,275.4455073022222,396.55449269777773,52.82732662125361,25.118742575891215,2.1031039456551817,True
5829,Zählfeld A_25.2_2_I (veraltet),9.996308,53.558098,2025-03,25445.297992544445,7392.702007455556,368.8174108408333,375.1825891591667,68.99158565896882,19.704277919781855,3.501350617355311,True
5829,Zählfeld A_25.2_2_I (veraltet),9.996308,53.558098,2025-04,31147.00402758083,7159.995972419167,421.24926776527775,298.75073223472225,73.93960396136784,23.96645497355202,3.0851289455600868,True
5829,Zählfeld A_25.2_2_I (veraltet),9.996308,53.558098,2025-05,31863.914472790555,2754.0855272094445,493.9207367352778,250.07926326472221,64.51220226833352,11.01285045091523,5.857902325639244,True
5829,Zählfeld A_25.2_2_I (veraltet),9.996308,53.558098,2025-06,39423.08233843278,2215.9176615672222,508.2723593,211.7276407,77.56290818711216,10.465887468641794,7.411020653480985,True
5829,Zählfeld A_25.2_2_I (veraltet),9.996308,53.558098,2025-07,33477.07198906445,2602.9280109355554,508.95938871444446,235.04061128555554,65.77552695043615,11.074375601300687,5.93943435896384,True
5829,Zählfeld A_25.2_2_I (veraltet),9.996308,53.558098,2025-08,30626.626122707778,5864.3738772922225,456.3271263661111,287.6728736338889,67.115506296104,20.385564350275178,3.2923055326254937,True
5829,Zählfeld A_25.2_2_I (veraltet),9.996308,53.558098,2025-09,26756.992361953056,10341.007638046944,379.47910540944446,340.52089459055554,70.5097908699959,30.368202957063872,2.321829545517931,True
5829,Zählfeld A_25.2_2_I (veraltet),9.996308,53.558098,2025-10,19424.571825655,12540.428174345,326.24710055888886,417.7528994411111,59.53944661080226,30.01876992624625,1.983407273418797,True
5829,Zählfeld A_25.2_2_I (veraltet),9.996308,53.558098,2025-11,15531.848955434167,15928.151044565833,257.97459228055556,462.0254077194445,60.20689409034045,34.47462147847479,1.7464120419112459,True
5829,Zählfeld A_25.2_2_I (veraltet),9.996308,53.558098,2025-12,10708.089823529166,15454.910176470834,234.07368837805555,509.9263116219445,45.746661650558465,30.30812457453458,1.5093860901243494,True
5829,Zählfeld A_25.2_2_I (veraltet),9.996308,53.558098,2026-01,5171.617384274445,5921.382615725555,251.92644384916667,492.0735561508333,20.528283197498688,12.033531454209049,1.7059234253564337,True
5829,Zählfeld A_25.2_2_I (veraltet),9.996308,53.558098,2026-02,6562.033293171389,4458.966706828611,274.9950323086111,397.00496769138886,23.862370305683186,11.231513632582,2.1245907796843846,True
5830,Zählfeld D_40.5_1_I (veraltet),10.042127,53.59801,2025-01,5426.742545616389,4785.257454383611,252.25277094527777,491.74722905472225,21.513113712410455,9.731132524289428,2.210751282927508,True
5830,Zählfeld D_40.5_1_I (veraltet),10.042127,53.59801,2025-02,6961.789316513334,3429.2106834866668,275.4455073022222,396.55449269777773,25.274651907372636,8.647514393690498,2.9227649422374857,True
5830,Zählfeld D_40.5_1_I (veraltet),10.042127,53.59801,2025-03,12511.405397832777,2900.594602167222,368.8174108408333,375.1825891591667,33.9230335393038,7.731154605728998,4.387835358274416,True
5830,Zählfeld D_40.5_1_I (veraltet),10.042127,53.59801,2025-04,15071.363847760556,2826.6361522394445,421.24926776527775,298.75073223472225,35.777780523427275,9.461520415684253,3.781398649641855,True
5830,Zählfeld D_40.5_1_I (veraltet),10.042127,53.59801,2025-05,17664.352667615833,1447.6473323841667,493.9207367352778,250.07926326472221,35.76353725169315,5.788753987377814,6.178106260807483,True
5830,Zählfeld D_40.5_1_I (veraltet),10.042127,53.59801,2025-06,18072.35663490028,974.6433650997222,508.2723593,211.7276407,35.556441943429284,4.603288271089313,7.7241397560825105,True
5830,Zählfeld D_40.5_1_I (veraltet),10.042127,53.59801,2025-07,18622.776269088332,1391.2237309116667,508.95938871444446,235.04061128555554,36.589906153665204,5.91907808315492,6.181690060449831,True
5830,Zählfeld D_40.5_1_I (veraltet),10.042127,53.59801,2025-08,17370.561517101665,2409.4384828983334,456.3271263661111,287.6728736338889,38.06602876193091,8.375619336165636,4.544861368945352,True
5830,Zählfeld D_40.5_1_I (veraltet),10.042127,53.59801,2025-09,15400.11398468139,4149.8860153186115,379.47910540944446,340.52089459055554,40.58224488556547,12.186876286427182,3.329995638895826,True
5830,Zählfeld D_40.5_1_I (veraltet),10.042127,53.59801,2025-10,10214.3749000475,4528.6250999525,326.24710055888886,417.7528994411111,31.308707058390443,10.840439661845798,2.8881399680296287,True
5830,Zählfeld D_40.5_1_I (veraltet),10.042127,53.59801,2025-11,7654.433560866667,5436.566439133333,257.97459228055556,462.0254077194445,29.67126914786332,11.766812708349098,2.521606307782071,True
5830,Zählfeld D_40.5_1_I (veraltet),10.042127,53.59801,2025-12,6179.337856475556,5471.662143524444,234.07368837805555,509.9263116219445,26.39911345565344,10.730299690009119,2.4602400881900257,True
5830,Zählfeld D_40.5_1_I (veraltet),10.042127,53.59801,2026-01,2870.8965862466666,2260.1034137533334,251.92644384916667,492.0735561508333,11.395773077182517,4.5930194490283744,2.481107080788265,True
5830,Zählfeld D_40.5_1_I (veraltet),10.042127,53.59801,2026-02,4845.592804040555,2393.4071959594444,274.9950323086111,397.00496769138886,17.62065577462005,6.0286580540220225,2.92281559456908,True
5831,Zählfeld D_40.5_2_G (veraltet),10.042127,53.59801,2025-01,49.56190507805555,26.438094921944444,252.25277094527777,491.74722905472225,0.19647714826810453,0.053763586980990145,3.65446502551207,True
5831,Zählfeld D_40.5_2_G (veraltet),10.042127,53.59801,2025-02,49.44436275611111,20.55563724388889,275.4455073022222,396.55449269777773,0.17950687684246797,0.051835592894303076,3.4630042181343783,True
5831,Zählfeld D_40.5_2_G (veraltet),10.042127,53.59801,2025-03,60.06521543,25.934784569999998,368.8174108408333,375.1825891591667,0.1628589477190428,0.06912576787777718,2.3559803054484307,True
5831,Zählfeld D_40.5_2_G (veraltet),10.042127,53.59801,2025-04,67.59597490472223,9.404025095277778,421.24926776527775,298.75073223472225,0.1604655012537305,0.03147783111670913,,False
5831,Zählfeld D_40.5_2_G (veraltet),10.042127,53.59801,2025-05,85.31210562444444,4.6878943755555555,493.9207367352778,250.07926326472221,0.17272428403865214,0.018745634141576824,,False
5831,Zählfeld D_40.5_2_G (veraltet),10.042127,53.59801,2025-06,68.09698534805555,5.903014651944444,508.2723593,211.7276407,0.13397735309045666,0.027880226844394455,,False
5831,Zählfeld D_40.5_2_G (veraltet),10.042127,53.59801,2025-07,86.88485619972222,3.1151438002777776,508.95938871444446,235.04061128555554,0.170710783858768,0.013253640650607086,,False
5831,Zählfeld D_40.5_2_G (veraltet),10.042127,53.59801,2025-08,75.31446034416666,11.685539655833333,456.3271263661111,287.6728736338889,0.16504488993218847,0.04062092997584856,4.063050502051946,True
5831,Zählfeld D_40.5_2_G (veraltet),10.042127,53.59801,2025-09,75.68295667611112,19.31704332388889,379.47910540944446,340.52089459055554,0.19943906159062935,0.056727923692071296,3.5157123442983407,True
5831,Zählfeld D_40.5_2_G (veraltet),10.042127,53.59801,2025-10,56.071358726111114,14.92864127388889,326.24710055888886,417.7528994411111,0.17186776106226273,0.035735577883148406,4.80943002025187,True
5831,Zählfeld D_40.5_2_G (veraltet),10.042127,53.59801,2025-11,42.832951067222226,20.167048932777778,257.97459228055556,462.0254077194445,0.1660355412855543,0.043649220574951166,3.803860391973106,True
5831,Zählfeld D_40.5_2_G (veraltet),10.042127,53.59801,2025-12,40.553251485,32.446748515,234.07368837805555,509.9263116219445,0.17324993580441173,0.06363026926732852,2.722759746254418,True
5831,Zählfeld D_40.5_2_G (veraltet),10.042127,53.59801,2026-01,28.261350144722222,15.738649855277778,251.92644384916667,492.0735561508333,0.11218095930271953,0.03198434392286968,3.5073709679099303,True
5831,Zählfeld D_40.5_2_G (veraltet),10.042127,53.59801,2026-02,29.325416212777778,21.674583787222222,274.9950323086111,397.00496769138886,0.10663980351422331,0.05459524578057905,1.9532800336280902,True
5833,Zählfeld D_6.2_2_G (veraltet),9.966496,53.5413,2025-01,18.000569371666668,17.999430628333332,252.25277094527777,491.74722905472225,0.07135925327683161,0.03660301383483817,1.9495458379143906,True
5833,Zählfeld D_6.2_2_G (veraltet),9.966496,53.5413,2025-02,36.33337860333333,5.666621396666667,275.4455073022222,396.55449269777773,0.13190768279065776,0.014289641148979024,,False
5833,Zählfeld D_6.2_2_G (veraltet),9.966496,53.5413,2025-03,32.972342405,10.027657595,279.55386217,296.44613783,0.11794629539029272,0.033826237941242676,3.486828644532373,True
5834,Zählfeld A_43.1_1_G (veraltet),10.064118,53.57115,2025-01,1037.8637620633333,459.13623793666665,252.25277094527777,491.74722905472225,4.1143800251394715,0.9336834267866783,4.406611392149619,True
5834,Zählfeld A_43.1_1_G (veraltet),10.064118,53.57115,2025-02,1267.1559235725,302.8440764275,275.4455073022222,396.55449269777773,4.600386973028973,0.7636884261914129,6.0239055814575355,True
5834,Zählfeld A_43.1_1_G (veraltet),10.064118,53.57115,2025-03,1617.2437225822223,207.75627741777777,368.8174108408333,375.1825891591667,4.384944080853491,0.5537471178590317,7.918676123872437,True
5834,Zählfeld A_43.1_1_G (veraltet),10.064118,53.57115,2025-04,1915.4225318538888,198.5774681461111,421.24926776527775,298.75073223472225,4.547005012056595,0.6646928248868454,6.8407613890381,True
5834,Zählfeld A_43.1_1_G (veraltet),10.064118,53.57115,2025-05,2328.266225414722,150.73377458527779,493.9207367352778,250.07926326472221,4.713845870906574,0.6027439965132897,7.820643421045903,True
5834,Zählfeld A_43.1_1_G (veraltet),10.064118,53.57115,2025-06,2253.120841729167,152.87915827083333,508.2723593,211.7276407,4.4329005906050005,0.7220557399373757,6.139277545234206,True
5834,Zählfeld A_43.1_1_G (veraltet),10.064118,53.57115,2025-07,2742.2521723869445,165.74782761305556,508.95938871444446,235.04061128555554,5.387958711820731,0.7051880383840783,7.640456755572756,True
5834,Zählfeld A_43.1_1_G (veraltet),10.064118,53.57115,2025-08,2166.8472668230556,209.15273317694445,456.3271263661111,287.6728736338889,4.748451585770062,0.727050592344434,6.531115765215584,True
5834,Zählfeld A_43.1_1_G (veraltet),10.064118,53.57115,2025-09,2345.050904987778,442.94909501222224,379.47910540944446,340.52089459055554,6.179657513573907,1.3007985766771435,4.750664418283485,True
5834,Zählfeld A_43.1_1_G (veraltet),10.064118,53.57115,2025-10,1746.5425231388888,519.4574768611111,326.24710055888886,417.7528994411111,5.3534346210185895,1.2434563052849306,4.30528567691961,True
5834,Zählfeld A_43.1_1_G (veraltet),10.064118,53.57115,2025-11,1375.8938777094445,736.1061222905555,257.97459228055556,462.0254077194445,5.33344724201799,1.5932156760035607,3.3475990240043747,True
5834,Zählfeld A_43.1_1_G (veraltet),10.064118,53.57115,2025-12,1249.9234753238889,790.0765246761111,234.07368837805555,509.9263116219445,5.339871747161606,1.549393523474168,3.4464270479123593,True
5834,Zählfeld A_43.1_1_G (veraltet),10.064118,53.57115,2026-01,474.52323727333334,231.47676272666666,251.92644384916667,492.0735561508333,1.883578516106232,0.4704108965687094,4.004113275958334,True
5834,Zählfeld A_43.1_1_G (veraltet),10.064118,53.57115,2026-02,957.9123121636111,332.0876878363889,274.9950323086111,397.00496769138886,3.48338042371835,0.8364824494955355,4.164319796331772,True
5835,Zählfeld A_43.1_2_I (veraltet),10.064118,53.57115,2025-01,9864.801870856945,6324.198129143056,252.25277094527777,491.74722905472225,39.10681271761711,12.860668561976363,3.040807134493743,True
5835,Zählfeld A_43.1_2_I (veraltet),10.064118,53.57115,2025-02,11875.6012154325,4564.3987845675,275.4455073022222,396.55449269777773,43.11415833841299,11.510142662905402,3.745753601939289,True
5835,Zählfeld A_43.1_2_I (veraltet),10.064118,53.57115,2025-03,19260.597969760554,3617.4020302394442,368.8174108408333,375.1825891591667,52.222583326123534,9.641710822313252,5.416319187386105,True
5835,Zählfeld A_43.1_2_I (veraltet),10.064118,53.57115,2025-04,24880.239566658056,3013.7604333419445,421.24926776527775,298.75073223472225,59.0629859100941,10.087876306773687,5.854848346072125,True
5835,Zählfeld A_43.1_2_I (veraltet),10.064118,53.57115,2025-05,27369.436178416665,1721.5638215833333,493.9207367352778,250.07926326472221,55.41260802152879,6.884072670035685,8.049393241114862,True
5835,Zählfeld A_43.1_2_I (veraltet),10.064118,53.57115,2025-06,28352.78751243361,1217.212487566389,508.2723593,211.7276407,55.782666504787855,5.748954097547779,9.703098260704847,True
5835,Zählfeld A_43.1_2_I (veraltet),10.064118,53.57115,2025-07,28643.403536325277,1620.5964636747221,508.95938871444446,235.04061128555554,56.27836753080485,6.894963618460927,8.162242855077913,True
5835,Zählfeld A_43.1_2_I (veraltet),10.064118,53.57115,2025-08,22528.918439970555,2450.0815600294445,456.3271263661111,287.6728736338889,49.370105650689744,8.516901607996507,5.796721380969838,True
5835,Zählfeld A_43.1_2_I (veraltet),10.064118,53.57115,2025-09,25541.885534084166,4691.1144659158335,379.47910540944446,340.52089459055554,67.30775204744245,13.77628962110081,4.885767786440029,True
5835,Zählfeld A_43.1_2_I (veraltet),10.064118,53.57115,2025-10,17183.430940561666,5525.569059438333,326.24710055888886,417.7528994411111,52.6699882117726,13.226883803393566,3.982040592075004,True
5835,Zählfeld A_43.1_2_I (veraltet),10.064118,53.57115,2025-11,12892.574601381944,7775.425398618056,257.97459228055556,462.0254077194445,49.976141012215884,16.828999593328692,2.969644198697782,True
5835,Zählfeld A_43.1_2_I (veraltet),10.064118,53.57115,2025-12,10629.363913730833,8226.636086269167,234.07368837805555,509.9263116219445,45.410332051346174,16.132990000265632,2.81474990380571,True
5835,Zählfeld A_43.1_2_I (veraltet),10.064118,53.57115,2026-01,4438.311539245,2704.688460755,251.92644384916667,492.0735561508333,17.617489738005847,5.496512517177296,3.2052123383598174,True
5835,Zählfeld A_43.1_2_I (veraltet),10.064118,53.57115,2026-02,8331.430827465556,3242.5691725344445,274.9950323086111,397.00496769138886,30.296659388798233,8.167578333818357,3.709380938944052,True
5836,Zählfeld A_43.2_1_I (veraltet),10.065,53.57146,2025-01,13221.531506768888,9391.46849323111,252.25277094527777,491.74722905472225,52.4138206974824,19.0981625077668,2.7444431199162147,True
5836,Zählfeld A_43.2_1_I (veraltet),10.065,53.57146,2025-02,15431.591671803055,6731.408328196944,264.2760906352778,381.7239093647222,58.39193259862425,17.63423291823554,3.3112828252507214,True
5836,Zählfeld A_43.2_1_I (veraltet),10.065,53.57146,2025-03,27562.313864085278,6059.686135914722,368.8174108408333,375.1825891591667,74.73159632363468,16.151298890215756,4.6269712938633125,True
5836,Zählfeld A_43.2_1_I (veraltet),10.065,53.57146,2025-04,33538.492735264444,6056.5072647355555,421.24926776527775,298.75073223472225,79.61673835823085,20.272777975911648,3.9272732357071334,True
5836,Zählfeld A_43.2_1_I (veraltet),10.065,53.57146,2025-05,36681.64651165111,3229.3534883488887,493.9207367352778,250.07926326472221,74.26626133194938,12.913319745869718,5.75113625260485,True
5836,Zählfeld A_43.2_1_I (veraltet),10.065,53.57146,2025-06,37328.095187050276,2272.9048129497223,508.2723593,211.7276407,73.44112758454752,10.735040571156388,6.8412529135543245,True
5836,Zählfeld A_43.2_1_I (veraltet),10.065,53.57146,2025-07,42699.42159709056,3085.5784029094443,508.95938871444446,235.04061128555554,83.89553772638507,13.127852187044873,6.390652220260127,True
5836,Zählfeld A_43.2_1_I (veraltet),10.065,53.57146,2025-08,38856.78172268389,5206.218277316111,456.3271263661111,287.6728736338889,85.15115468176026,18.097703170796287,4.705080743017494,True
5836,Zählfeld A_43.2_1_I (veraltet),10.065,53.57146,2025-09,34084.55340556,8170.44659444,379.47910540944446,340.52089459055554,89.81931526581413,23.993965492966876,3.74341270483789,True
5836,Zählfeld A_43.2_1_I (veraltet),10.065,53.57146,2025-10,30971.973337416388,11842.02666258361,326.24710055888886,417.7528994411111,94.93409530493537,28.34696462532376,3.3490039078161473,True
5836,Zählfeld A_43.2_1_I (veraltet),10.065,53.57146,2025-11,25773.941489070832,17138.058510929168,257.97459228055556,462.0254077194445,99.90883699523732,37.093324792509904,2.6934451833072535,True
5836,Zählfeld A_43.2_1_I (veraltet),10.065,53.57146,2025-12,22767.23762619472,18966.76237380528,234.07368837805555,509.9263116219445,97.26525772270077,37.19510435434658,2.615001608708605,True
5836,Zählfeld A_43.2_1_I (veraltet),10.065,53.57146,2026-01,14065.667144946388,9447.332855053612,251.92644384916667,492.0735561508333,55.832436365305824,19.199025708582802,2.9080869629934547,True
5836,Zählfeld A_43.2_1_I (veraltet),10.065,53.57146,2026-02,19657.73889195528,8827.261108044722,274.9950323086111,397.00496769138886,71.4839781901752,22.234636406128246,3.2149830059947817,True
5837,Zählfeld A_43.2_2_G (veraltet),10.065,53.57146,2025-01,3832.5680230180556,2590.4319769819444,252.25277094527777,491.74722905472225,15.19336342136543,5.267812046366768,2.8841885943604146,True
5837,Zählfeld A_43.2_2_G (veraltet),10.065,53.57146,2025-02,4692.913589204444,1956.0864107955556,264.2760906352778,381.7239093647222,17.75761696006409,5.124348679261251,3.465341269990259,True
5837,Zählfeld A_43.2_2_G (veraltet),10.065,53.57146,2025-03,7391.884914087223,1817.1150859127779,368.8174108408333,375.1825891591667,20.04212571536451,4.843282013659458,4.138128991630038,True
5837,Zählfeld A_43.2_2_G (veraltet),10.065,53.57146,2025-04,8705.238478699723,949.7615213002778,421.24926776527775,298.75073223472225,20.665290470131634,3.1791102709467833,6.500337738828173,True
5837,Zählfeld A_43.2_2_G (veraltet),10.065,53.57146,2025-05,9550.5785394925,712.4214605075,493.9207367352778,250.07926326472221,19.336257478517727,2.8487826267840686,6.78755103907174,True
5837,Zählfeld A_43.2_2_G (veraltet),10.065,53.57146,2025-06,8912.877819163055,511.12218083694444,508.2723593,211.7276407,17.535633516325774,2.4140550527418427,7.2639741568482865,True
5837,Zählfeld A_43.2_2_G (veraltet),10.065,53.57146,2025-07,12898.509419230279,632.4905807697222,508.95938871444446,235.04061128555554,25.342904964991394,2.690984240171571,9.41770843049441,True
5837,Zählfeld A_43.2_2_G (veraltet),10.065,53.57146,2025-08,12908.409516614167,1131.5904833858333,456.3271263661111,287.6728736338889,28.287622564558554,3.9336016256644637,7.191277932162286,True
5837,Zählfeld A_43.2_2_G (veraltet),10.065,53.57146,2025-09,10311.350262695832,1422.6497373041666,379.47910540944446,340.52089459055554,27.172379495230054,4.177863267435526,6.503893917980979,True
5837,Zählfeld A_43.2_2_G (veraltet),10.065,53.57146,2025-10,11496.66254487361,4591.337455126389,326.24710055888886,417.7528994411111,35.23912557438474,10.990557962060562,3.20630906056183,True
5837,Zählfeld A_43.2_2_G (veraltet),10.065,53.57146,2025-11,11666.718345051666,8201.281654948334,257.97459228055556,462.0254077194445,45.22429221387717,17.750715692086775,2.5477447218670766,True
5837,Zählfeld A_43.2_2_G (veraltet),10.065,53.57146,2025-12,11601.519333787777,9932.480666212223,234.07368837805555,509.9263116219445,49.56353451845475,19.478266643310786,2.5445557053956764,True
5837,Zählfeld A_43.2_2_G (veraltet),10.065,53.57146,2026-01,7646.389111835,5418.610888165,251.92644384916667,492.0735561508333,30.351673270206774,11.011790453750892,2.75628867055568,True
5837,Zählfeld A_43.2_2_G (veraltet),10.065,53.57146,2026-02,9896.599356961666,4665.400643038333,274.9950323086111,397.00496769138886,35.98828412963941,11.751491852023813,3.0624438652392545,True
5838,Zählfeld G_46.4_1_I (veraltet),10.094027,53.656773,2025-01,4104.077446824444,3163.9225531755555,252.25277094527777,491.74722905472225,16.269702138236408,6.434042463762354,2.5286905129815667,True
5838,Zählfeld G_46.4_1_I (veraltet),10.094027,53.656773,2025-02,4856.064496316944,2235.9355036830557,275.4455073022222,396.55449269777773,17.629855516172245,5.638406687746462,3.126744219157856,True
5838,Zählfeld G_46.4_1_I (veraltet),10.094027,53.656773,2025-03,7915.5101523202775,1378.4898476797223,368.8174108408333,375.1825891591667,21.461866819883653,3.6741839507240956,5.8412608371592345,True
5838,Zählfeld G_46.4_1_I (veraltet),10.094027,53.656773,2025-04,9075.334154798611,2105.665845201389,421.24926776527775,298.75073223472225,21.543857400496265,7.048236599959229,3.0566308458800724,True
5838,Zählfeld G_46.4_1_I (veraltet),10.094027,53.656773,2025-05,9038.481897133333,826.5181028666667,493.9207367352778,250.07926326472221,18.29945824278604,3.3050245433255028,5.53686001507668,True
5838,Zählfeld G_46.4_1_I (veraltet),10.094027,53.656773,2025-06,8499.421671654445,435.5783283455555,508.2723593,211.7276407,16.722179587652516,2.0572577435117827,8.128383349335412,True
5838,Zählfeld G_46.4_1_I (veraltet),10.094027,53.656773,2025-07,7194.248641430556,554.7513585694444,508.95938871444446,235.04061128555554,14.135211572778244,2.3602361972053667,5.988897038997629,True
5838,Zählfeld G_46.4_1_I (veraltet),10.094027,53.656773,2025-08,3350.5427032977777,944.4572967022222,456.3271263661111,287.6728736338889,7.342414048402721,3.2830947345567227,2.236430758795658,True
5838,Zählfeld G_46.4_1_I (veraltet),10.094027,53.656773,2025-09,4425.918592939723,2272.081407060278,379.47910540944446,340.52089459055554,11.663141737841702,6.672370016507336,1.7479758629972975,True
5838,Zählfeld G_46.4_1_I (veraltet),10.094027,53.656773,2025-10,6445.451237495833,3308.5487625041665,326.24710055888886,417.7528994411111,19.75634795360397,7.91987025567146,2.4945292430082864,True
5838,Zählfeld G_46.4_1_I (veraltet),10.094027,53.656773,2025-11,6206.226768344444,3818.7732316555557,257.97459228055556,462.0254077194445,24.057511685472402,8.265288375600392,2.910668157264974,True
5838,Zählfeld G_46.4_1_I (veraltet),10.094027,53.656773,2025-12,4975.888727555834,3467.111272444167,234.07368837805555,509.9263116219445,21.257787502879047,6.7992397988175535,3.1264947452766645,True
5838,Zählfeld G_46.4_1_I (veraltet),10.094027,53.656773,2026-01,2164.3085735783334,1649.6914264216666,251.92644384916667,492.0735561508333,8.591033718056797,3.352530136604198,2.5625522718667395,True
5838,Zählfeld G_46.4_1_I (veraltet),10.094027,53.656773,2026-02,3304.9029518897223,1746.0970481102777,274.9950323086111,397.00496769138886,12.0180460139397,4.398174305636405,2.7325078950459463,True
5839,Zählfeld G_46.4_2_G (veraltet),10.094027,53.656773,2025-01,135.7026061072222,63.29739389277778,252.25277094527777,491.74722905472225,0.5379627965976268,0.1287193707516224,4.1793460724391105,True
5839,Zählfeld G_46.4_2_G (veraltet),10.094027,53.656773,2025-02,121.37103182777778,46.62896817222222,275.4455073022222,396.55449269777773,0.44063536565367895,0.11758527272003223,3.747368658172196,True
5839,Zählfeld G_46.4_2_G (veraltet),10.094027,53.656773,2025-03,189.75046466444445,47.24953533555556,368.8174108408333,375.1825891591667,0.5144834790522758,0.1259374413973952,4.085230518768638,True
5839,Zählfeld G_46.4_2_G (veraltet),10.094027,53.656773,2025-04,282.8913942052778,26.108605794722223,421.24926776527775,298.75073223472225,0.6715534384332896,0.08739260854500344,7.684327652120241,True
5839,Zählfeld G_46.4_2_G (veraltet),10.094027,53.656773,2025-05,294.5877600547222,31.41223994527778,493.9207367352778,250.07926326472221,0.5964271959948296,0.12560913502062845,4.7482788246004555,True
5839,Zählfeld G_46.4_2_G (veraltet),10.094027,53.656773,2025-06,289.4953924183333,34.50460758166667,508.2723593,211.7276407,0.5695674516257987,0.16296694880077917,3.494987516285115,True
5839,Zählfeld G_46.4_2_G (veraltet),10.094027,53.656773,2025-07,271.1723538997222,33.827646100277775,508.95938871444446,235.04061128555554,0.5327976257293596,0.1439225583836654,3.7019743931249476,True
5839,Zählfeld G_46.4_2_G (veraltet),10.094027,53.656773,2025-08,135.29260546583333,36.70739453416667,456.3271263661111,287.6728736338889,0.2964816195416972,0.12760116750139908,2.323502404775775,True
5839,Zählfeld G_46.4_2_G (veraltet),10.094027,53.656773,2025-09,225.48209526916668,80.51790473083334,379.47910540944446,340.52089459055554,0.594188433710677,0.23645510748363494,2.5129016667648036,True
5839,Zählfeld G_46.4_2_G (veraltet),10.094027,53.656773,2025-10,179.284255535,68.715744465,326.24710055888886,417.7528994411111,0.5495351689804168,0.16448897076939756,3.3408633199537006,True
5839,Zählfeld G_46.4_2_G (veraltet),10.094027,53.656773,2025-11,167.9533413561111,103.04665864388889,257.97459228055556,462.0254077194445,0.6510460579523139,0.22303244999561123,2.919064279503386,True
5839,Zählfeld G_46.4_2_G (veraltet),10.094027,53.656773,2025-12,105.65392695833333,60.34607304166666,234.07368837805555,509.9263116219445,0.45137036841018313,0.11834273240327867,3.8140945307231893,True
5839,Zählfeld G_46.4_2_G (veraltet),10.094027,53.656773,2026-01,55.02645547888889,29.973544521111112,251.92644384916667,492.0735561508333,0.218422705604634,0.06091273173786124,3.585830078096301,True
5839,Zählfeld G_46.4_2_G (veraltet),10.094027,53.656773,2026-02,101.3074173586111,30.69258264138889,274.9950323086111,397.00496769138886,0.36839726342736123,0.07731032389813247,4.765175527045752,True
5840,Zählfeld B_33.1_1_I (veraltet),9.891808,53.602936,2025-01,4409.174687475834,3277.8253125241667,197.29867245,368.70132755,22.34771594113599,8.890191240441514,2.513749742466298,True
5840,Zählfeld B_33.1_1_I (veraltet),9.891808,53.602936,2025-02,5882.124437491111,2908.875562508889,275.4455073022222,396.55449269777773,21.354947826530246,7.335374119001099,2.911228177335047,True
5840,Zählfeld B_33.1_1_I (veraltet),9.891808,53.602936,2025-03,4841.68994518,1157.31005482,368.8174108408333,375.1825891591667,13.12760678554158,3.084658212455123,4.255773535147394,True
5840,Zählfeld B_33.1_1_I (veraltet),9.891808,53.602936,2025-04,13584.912185032223,1896.0878149677778,421.24926776527775,298.75073223472225,32.24910575417737,6.346721900176168,5.0812224422945365,True
5840,Zählfeld B_33.1_1_I (veraltet),9.891808,53.602936,2025-05,18170.76372192972,1553.2362780702779,493.9207367352778,250.07926326472221,36.78882535289977,6.210975903372263,5.923195633865718,True
5840,Zählfeld B_33.1_1_I (veraltet),9.891808,53.602936,2025-06,21908.620338380555,1251.3796616194445,508.2723593,211.7276407,43.10409554545406,5.910327331293238,7.293013251098981,True
5840,Zählfeld B_33.1_1_I (veraltet),9.891808,53.602936,2025-07,22869.633462871112,2025.366537128889,508.95938871444446,235.04061128555554,44.93410273978125,8.617091855110225,5.214532175740221,True
5840,Zählfeld B_33.1_1_I (veraltet),9.891808,53.602936,2025-08,16687.38597591361,2249.614024086389,456.3271263661111,287.6728736338889,36.56891079169667,7.820042243362136,4.676306042046941,True
5840,Zählfeld B_33.1_1_I (veraltet),9.891808,53.602936,2025-09,13169.819185922777,2726.1808140772223,379.47910540944446,340.52089459055554,34.7049916535273,8.005913461948346,4.334919658884419,True
5840,Zählfeld B_33.1_1_I (veraltet),9.891808,53.602936,2025-10,10060.591937918334,4097.408062081667,326.24710055888886,417.7528994411111,30.837337468083824,9.808209751657897,3.1440332383665983,True
5840,Zählfeld B_33.1_1_I (veraltet),9.891808,53.602936,2025-11,7675.373131686667,5378.626868313333,257.97459228055556,462.0254077194445,29.7524382685697,11.641409278468501,2.555741968766501,True
5840,Zählfeld B_33.1_1_I (veraltet),9.891808,53.602936,2025-12,4886.110929557222,4315.889070442778,234.07368837805555,509.9263116219445,20.874242480708038,8.463750491154387,2.4663111823208954,True
5840,Zählfeld B_33.1_1_I (veraltet),9.891808,53.602936,2026-01,2215.690697863889,1607.309302136111,251.92644384916667,492.0735561508333,8.794990569511102,3.2664004843280563,2.6925634537800263,True
5840,Zählfeld B_33.1_1_I (veraltet),9.891808,53.602936,2026-02,3081.736139955,1755.263860045,260.36189721777777,377.6381027822222,11.836356136924692,4.6480051856876115,2.546545381096355,True
5842,Zählfeld D_44.3_1_I (veraltet),10.146805,53.595016,2025-01,1952.6599136352777,1603.3400863647223,252.25277094527777,491.74722905472225,7.740885883306615,3.2604964331914936,2.374143337347421,True
5842,Zählfeld D_44.3_1_I (veraltet),10.146805,53.595016,2025-02,2522.1168270147223,1221.8831729852777,275.4455073022222,396.55449269777773,9.156500143047984,3.0812490981321443,2.971684486203553,True
5842,Zählfeld D_44.3_1_I (veraltet),10.146805,53.595016,2025-03,4877.386356034723,995.6136439652778,368.8174108408333,375.1825891591667,13.224392918206362,2.6536776298617117,4.983421034037021,True
5842,Zählfeld D_44.3_1_I (veraltet),10.146805,53.595016,2025-04,6501.161914699167,1419.8380853008334,421.24926776527775,298.75073223472225,15.433052143182948,4.752584452865194,3.247296770050833,True
5842,Zählfeld D_44.3_1_I (veraltet),10.146805,53.595016,2025-05,7014.326788528611,900.6732114713889,493.9207367352778,250.07926326472221,14.201320711683374,3.6015509631359492,3.943112524865669,True
5842,Zählfeld D_44.3_1_I (veraltet),10.146805,53.595016,2025-06,7858.3126351227775,605.6873648772222,508.2723593,211.7276407,15.460830185504005,2.8606910409748036,5.404578811221642,True
5842,Zählfeld D_44.3_1_I (veraltet),10.146805,53.595016,2025-07,7712.977866363611,874.0221336363888,508.95938871444446,235.04061128555554,15.154407281581824,3.718600495701238,4.075298569744333,True
5842,Zählfeld D_44.3_1_I (veraltet),10.146805,53.595016,2025-08,6657.915510147778,1204.0844898522223,456.3271263661111,287.6728736338889,14.590225137758159,4.18560316321176,3.485811857654123,True
5842,Zählfeld D_44.3_1_I (veraltet),10.146805,53.595016,2025-09,6124.969769231667,1885.0302307683332,379.47910540944446,340.52089459055554,16.140466449722027,5.535725591919713,2.9156912100703924,True
5842,Zählfeld D_44.3_1_I (veraltet),10.146805,53.595016,2025-10,3814.5519927427777,1861.4480072572221,326.24710055888886,417.7528994411111,11.69221729850818,4.45585897727473,2.6240097269997795,True
5842,Zählfeld D_44.3_1_I (veraltet),10.146805,53.595016,2025-11,2782.5611129741665,1963.4388870258333,257.97459228055556,462.0254077194445,10.786182811166315,4.24963401194181,2.5381439391854177,True
5842,Zählfeld D_44.3_1_I (veraltet),10.146805,53.595016,2025-12,2227.084995548333,1817.9150044516666,234.07368837805555,509.9263116219445,9.514461069846254,3.565054328476102,2.668812363909543,True
5842,Zählfeld D_44.3_1_I (veraltet),10.146805,53.595016,2026-01,961.5439327741667,742.4560672258333,251.92644384916667,492.0735561508333,3.816764600344464,1.508831470306141,2.529616246385718,True
5842,Zählfeld D_44.3_1_I (veraltet),10.146805,53.595016,2026-02,1531.3250222652778,851.6749777347222,274.9950323086111,397.00496769138886,5.568555218651222,2.145250178322127,2.5957602870386793,True
5843,Zählfeld D_44.3_2_G (veraltet),10.146805,53.595016,2025-01,18.32565189527778,11.674348104722222,252.25277094527777,491.74722905472225,0.07264797063122545,0.023740546799142382,3.0600799234266094,True
5843,Zählfeld D_44.3_2_G (veraltet),10.146805,53.595016,2025-02,25.534432060555556,4.465567939444444,275.4455073022222,396.55449269777773,0.09270230003257546,0.011260918793442456,,False
5843,Zählfeld D_44.3_2_G (veraltet),10.146805,53.595016,2025-03,40.89874195777778,8.101258042222222,368.8174108408333,375.1825891591667,0.11089157061359022,0.02159284112937704,,False
5843,Zählfeld D_44.3_2_G (veraltet),10.146805,53.595016,2025-04,76.68499260972223,10.315007390277778,421.24926776527775,298.75073223472225,0.1820418419159164,0.034527136764215496,5.272427979159501,True
5843,Zählfeld D_44.3_2_G (veraltet),10.146805,53.595016,2025-05,88.62144636444444,6.378553635555556,493.9207367352778,250.07926326472221,0.1794244294139488,0.025506127746399817,,False
5843,Zählfeld D_44.3_2_G (veraltet),10.146805,53.595016,2025-06,135.8863205438889,1.113679456111111,508.2723593,211.7276407,0.26734942016330276,0.005259962527467539,,False
5843,Zählfeld D_44.3_2_G (veraltet),10.146805,53.595016,2025-07,117.04503436555555,7.954965634444445,508.95938871444446,235.04061128555554,0.2299693000284244,0.03384506869231972,,False
5843,Zählfeld D_44.3_2_G (veraltet),10.146805,53.595016,2025-08,74.95210234361112,9.047897656388889,456.3271263661111,287.6728736338889,0.16425081484960216,0.03145203627333951,,False
5843,Zählfeld D_44.3_2_G (veraltet),10.146805,53.595016,2025-09,75.46476535055555,11.535234649444444,379.47910540944446,340.52089459055554,0.19886408572912534,0.0338752623779944,5.87048104631977,True
5843,Zählfeld D_44.3_2_G (veraltet),10.146805,53.595016,2025-10,47.0983475075,12.9016524925,326.24710055888886,417.7528994411111,0.14436403396939482,0.03088345409394027,4.6744782345353295,True
5843,Zählfeld D_44.3_2_G (veraltet),10.146805,53.595016,2025-11,30.320545983055556,16.679454016944444,257.97459228055556,462.0254077194445,0.11753307066023386,0.036100728960500594,3.25569798850411,True
5843,Zählfeld D_44.3_2_G (veraltet),10.146805,53.595016,2025-12,24.600091836944443,22.399908163055557,234.07368837805555,509.9263116219445,0.10509550222155899,0.04392773554243006,2.3924634612691706,True
5843,Zählfeld D_44.3_2_G (veraltet),10.146805,53.595016,2026-01,8.36938859888889,4.630611401111111,251.92644384916667,492.0735561508333,0.033221556542511306,0.009410404894205915,,False
5843,Zählfeld D_44.3_2_G (veraltet),10.146805,53.595016,2026-02,21.69608089138889,2.303919108611111,274.9950323086111,397.00496769138886,0.07889626481339716,0.005803250075203236,,False
5844,Zählfeld D_44.4_1_G (veraltet),10.146732,53.594925,2025-01,47.096411869722225,54.903588130277775,252.25277094527777,491.74722905472225,0.18670324886119505,0.11165002034849908,1.6722186729427222,True
5844,Zählfeld D_44.4_1_G (veraltet),10.146732,53.594925,2025-02,40.94891958138889,39.05108041861111,275.4455073022222,396.55449269777773,0.14866432196499482,0.09847595005908238,1.509651055671979,True
5844,Zählfeld D_44.4_1_G (veraltet),10.146732,53.594925,2025-03,71.58222351666667,36.417776483333334,368.8174108408333,375.1825891591667,0.19408580346972468,0.0970668083637632,1.9995074190796245,True
5844,Zählfeld D_44.4_1_G (veraltet),10.146732,53.594925,2025-04,126.06791847222222,21.93208152777778,421.24926776527775,298.75073223472225,0.29927154328602396,0.0734126452635644,4.07656667610309,True
5844,Zählfeld D_44.4_1_G (veraltet),10.146732,53.594925,2025-05,122.52653087638889,10.47346912361111,493.9207367352778,250.07926326472221,0.2480692179199966,0.04188059812270154,5.9232491664327425,True
5844,Zählfeld D_44.4_1_G (veraltet),10.146732,53.594925,2025-06,134.48846869555555,5.5115313044444445,508.2723593,211.7276407,0.2645992177909792,0.026031231851555058,,False
5844,Zählfeld D_44.4_1_G (veraltet),10.146732,53.594925,2025-07,154.5689603636111,18.43103963638889,508.95938871444446,235.04061128555554,0.3036960586463082,0.07841640444849188,3.872863857788738,True
5844,Zählfeld D_44.4_1_G (veraltet),10.146732,53.594925,2025-08,123.79176413861111,17.20823586138889,456.3271263661111,287.6728736338889,0.27127855651362925,0.05981876443202359,4.53500768679204,True
5844,Zählfeld D_44.4_1_G (veraltet),10.146732,53.594925,2025-09,150.78989233277778,35.21010766722222,379.47910540944446,340.52089459055554,0.3973601976585268,0.10340072584843603,3.8429149737398776,True
5844,Zählfeld D_44.4_1_G (veraltet),10.146732,53.594925,2025-10,84.35977215722222,38.640227842777776,326.24710055888886,417.7528994411111,0.25857631228816075,0.09249541509938636,2.795558158318663,True
5844,Zählfeld D_44.4_1_G (veraltet),10.146732,53.594925,2025-11,46.77299995111111,41.22700004888889,257.97459228055556,462.0254077194445,0.18130855266647342,0.08923102357592236,2.0319004019068183,True
5844,Zählfeld D_44.4_1_G (veraltet),10.146732,53.594925,2025-12,27.520561135833333,36.47943886416667,234.07368837805555,509.9263116219445,0.11757221124052399,0.0715386479041157,1.6434782412732731,True
5844,Zählfeld D_44.4_1_G (veraltet),10.146732,53.594925,2026-01,17.54047230388889,7.4595276961111106,251.92644384916667,492.0735561508333,0.06962537173902521,0.015159375265889256,,False
5844,Zählfeld D_44.4_1_G (veraltet),10.146732,53.594925,2026-02,24.217548039166665,16.782451960833335,274.9950323086111,397.00496769138886,0.08806540189420115,0.0422726497817507,2.083271390576973,True
5845,Zählfeld D_44.4_2_I (veraltet),10.146732,53.594925,2025-01,2464.672060809722,1878.3279391902777,252.25277094527777,491.74722905472225,9.770644150205959,3.8197021319285462,2.557959708044778,True
5845,Zählfeld D_44.4_2_I (veraltet),10.146732,53.594925,2025-02,3156.0115898375,1425.9884101625,275.4455073022222,396.55449269777773,11.457843770073495,3.5959456680504056,3.1863228279212383,True
5845,Zählfeld D_44.4_2_I (veraltet),10.146732,53.594925,2025-03,5991.139387976945,1174.8606120230556,368.8174108408333,375.1825891591667,16.244188077559272,3.1314369215695006,5.18745498773054,True
5845,Zählfeld D_44.4_2_I (veraltet),10.146732,53.594925,2025-04,7648.874535333611,1355.125464666389,421.24926776527775,298.75073223472225,18.157597224823196,4.535973701318647,4.003020833111229,True
5845,Zählfeld D_44.4_2_I (veraltet),10.146732,53.594925,2025-05,8449.230697770556,689.7693022294444,493.9207367352778,250.07926326472221,17.106450629342604,2.758202712310804,6.20202806450398,True
5845,Zählfeld D_44.4_2_I (veraltet),10.146732,53.594925,2025-06,9243.783442367778,471.2165576322222,508.2723593,211.7276407,18.186673489580368,2.22557884305666,8.171659946498405,True
5845,Zählfeld D_44.4_2_I (veraltet),10.146732,53.594925,2025-07,8954.700601281389,690.2993987186111,508.95938871444446,235.04061128555554,17.59413579912462,2.93693670614204,5.990641801142618,True
5845,Zählfeld D_44.4_2_I (veraltet),10.146732,53.594925,2025-08,8060.343236169167,1101.6567638308334,456.3271263661111,287.6728736338889,17.66351980947623,3.8295469083152867,4.612430721535894,True
5845,Zählfeld D_44.4_2_I (veraltet),10.146732,53.594925,2025-09,7604.805000085556,2037.1949999144445,379.47910540944446,340.52089459055554,20.04011523079839,5.982584423678261,3.3497421534884357,True
5845,Zählfeld D_44.4_2_I (veraltet),10.146732,53.594925,2025-10,4575.026606938056,2064.9733930619445,326.24710055888886,417.7528994411111,14.023194686176977,4.943049816828466,2.8369519235746785,True
5845,Zählfeld D_44.4_2_I (veraltet),10.146732,53.594925,2025-11,3317.632040657778,2334.367959342222,257.97459228055556,462.0254077194445,12.860305394144195,5.052466640015865,2.545351866806945,True
5845,Zählfeld D_44.4_2_I (veraltet),10.146732,53.594925,2025-12,2543.5340821355558,2260.4659178644442,234.07368837805555,509.9263116219445,10.866381863592716,4.432926613797361,2.4512884625185096,True
5845,Zählfeld D_44.4_2_I (veraltet),10.146732,53.594925,2026-01,1156.0606814483333,895.9393185516667,251.92644384916667,492.0735561508333,4.588881833065884,1.8207426661168478,2.5203352008291917,True
5845,Zählfeld D_44.4_2_I (veraltet),10.146732,53.594925,2026-02,1838.3126433827779,858.6873566172222,274.9950323086111,397.00496769138886,6.684894006811532,2.162913380178964,3.0906896540898043,True
5846,Zählfeld A_50.4_1_I (veraltet),9.985738,53.456882,2025-01,3538.8981463066666,2029.1018536933334,252.25277094527777,491.74722905472225,14.029174518262773,4.126310701524121,3.3999316903307513,True
5846,Zählfeld A_50.4_1_I (veraltet),9.985738,53.456882,2025-02,4307.691061097222,1441.3089389027778,275.4455073022222,396.55449269777773,15.638995543212001,3.634579775146385,4.302834580809863,True
5846,Zählfeld A_50.4_1_I (veraltet),9.985738,53.456882,2025-03,7389.913952678611,1385.0860473213888,368.8174108408333,375.1825891591667,20.036781712205553,3.6917652560198704,5.4274257225681275,True
5846,Zählfeld A_50.4_1_I (veraltet),9.985738,53.456882,2025-04,10303.595574324445,866.4044256755556,421.24926776527775,298.75073223472225,24.459616580427294,2.900091387875962,8.4340847611501,True
5846,Zählfeld A_50.4_1_I (veraltet),9.985738,53.456882,2025-05,12123.1723356075,433.8276643925,493.9207367352778,250.07926326472221,24.544772944216444,1.7347606464006187,14.14879510619713,True
5846,Zählfeld A_50.4_1_I (veraltet),9.985738,53.456882,2025-06,12318.338403499167,324.66159650083335,508.2723593,211.7276407,24.235703905803888,1.5333925954469552,15.805282989996202,True
5846,Zählfeld A_50.4_1_I (veraltet),9.985738,53.456882,2025-07,12478.366868651945,512.6331313480556,508.95938871444446,235.04061128555554,24.517411694026197,2.181040665884107,11.241152940212519,True
5846,Zählfeld A_50.4_1_I (veraltet),9.985738,53.456882,2025-08,12517.71028056,833.28971944,456.3271263661111,287.6728736338889,27.43144020440513,2.896657265295366,9.470033107837494,True
5846,Zählfeld A_50.4_1_I (veraltet),9.985738,53.456882,2025-09,11104.35221768889,1365.647782311111,379.47910540944446,340.52089459055554,29.262091270368334,4.010466917024797,7.296430035651983,True
5846,Zählfeld A_50.4_1_I (veraltet),9.985738,53.456882,2025-10,7497.013985562778,1965.9860144372221,326.24710055888886,417.7528994411111,22.979557435820148,4.706097832157258,4.882932368893488,True
5846,Zählfeld A_50.4_1_I (veraltet),9.985738,53.456882,2025-11,5127.431981523611,3118.5680184763887,257.97459228055556,462.0254077194445,19.87572472232989,6.749776021776871,2.944649519955127,True
5846,Zählfeld A_50.4_1_I (veraltet),9.985738,53.456882,2025-12,4412.034558315,3041.965441685,234.07368837805555,509.9263116219445,18.848912873919705,5.965500058252123,3.1596534556806946,True
5846,Zählfeld A_50.4_1_I (veraltet),9.985738,53.456882,2026-01,2224.898636420278,1325.1013635797221,251.92644384916667,492.0735561508333,8.831540676819019,2.6928928551761966,3.2795737341882356,True
5846,Zählfeld A_50.4_1_I (veraltet),9.985738,53.456882,2026-02,3473.5411538075,1307.4588461925,274.9950323086111,397.00496769138886,12.63128691688272,3.2933060102382674,3.835442827849714,True
5847,Zählfeld A_50.4_2_G (veraltet),9.985738,53.456882,2025-01,1115.0567329777778,797.9432670222222,252.25277094527777,491.74722905472225,4.4203943877376535,1.6226695746839197,2.724149424320539,True
5847,Zählfeld A_50.4_2_G (veraltet),9.985738,53.456882,2025-02,1353.3967741594445,697.6032258405555,275.4455073022222,396.55449269777773,4.9134828424501436,1.7591610703858882,2.793082978679335,True
5847,Zählfeld A_50.4_2_G (veraltet),9.985738,53.456882,2025-03,2397.2324924372224,702.7675075627778,368.8174108408333,375.1825891591667,6.499781252116026,1.8731346492857566,3.47000214565165,True
5847,Zählfeld A_50.4_2_G (veraltet),9.985738,53.456882,2025-04,3299.119016301389,706.8809836986111,421.24926776527775,298.75073223472225,7.831750150696226,2.366123016372155,3.309950537865192,True
5847,Zählfeld A_50.4_2_G (veraltet),9.985738,53.456882,2025-05,4483.228474267222,581.7715257327778,493.9207367352778,250.07926326472221,9.076817677063955,2.32634852701458,3.9017445458666082,True
5847,Zählfeld A_50.4_2_G (veraltet),9.985738,53.456882,2025-06,4606.308137988889,458.6918620111111,508.2723593,211.7276407,9.062676837931464,2.166424093210571,4.18324226836901,True
5847,Zählfeld A_50.4_2_G (veraltet),9.985738,53.456882,2025-07,4766.437047862778,578.5629521372222,508.95938871444446,235.04061128555554,9.36506360537348,2.461544619769196,3.804547571537251,True
5847,Zählfeld A_50.4_2_G (veraltet),9.985738,53.456882,2025-08,4493.172746088056,785.8272539119445,456.3271263661111,287.6728736338889,9.846385381181975,2.7316696356711025,3.6045300839473455,True
5847,Zählfeld A_50.4_2_G (veraltet),9.985738,53.456882,2025-09,4065.468321443611,1208.531678556389,379.47910540944446,340.52089459055554,10.713286353558559,3.5490676130448175,3.018619964911689,True
5847,Zählfeld A_50.4_2_G (veraltet),9.985738,53.456882,2025-10,3162.1217530525,1306.8782469475,326.24710055888886,417.7528994411111,9.692413350603019,3.1283523075385027,3.098248661842486,True
5847,Zählfeld A_50.4_2_G (veraltet),9.985738,53.456882,2025-11,2084.198076935,1430.801923065,257.97459228055556,462.0254077194445,8.079082744196638,3.0968035505394225,2.6088457379834016,True
5847,Zählfeld A_50.4_2_G (veraltet),9.985738,53.456882,2025-12,1803.4814512505557,1449.5185487494443,234.07368837805555,509.9263116219445,7.704759401824474,2.8426039522041893,2.710458273953398,True
5847,Zählfeld A_50.4_2_G (veraltet),9.985738,53.456882,2026-01,1029.5495308055556,612.4504691944444,251.92644384916667,492.0735561508333,4.086706877909043,1.2446319489005673,3.283466153603877,True
5847,Zählfeld A_50.4_2_G (veraltet),9.985738,53.456882,2026-02,1549.9362354852778,692.0637645147223,274.9950323086111,397.00496769138886,5.636233580197455,1.7432118508217178,3.2332464797899574,True
5848,Zählfeld E_24.5_1_G (veraltet),9.812422,53.56373,2025-01,816.7020356491666,525.2979643508334,252.25277094527777,491.74722905472225,3.237633555376631,1.0682276041709582,3.0308461817828882,True
5848,Zählfeld E_24.5_1_G (veraltet),9.812422,53.56373,2025-02,966.4546931083333,390.54530689166666,275.4455073022222,396.55449269777773,3.508696520680322,0.9848465068060878,3.562683622709107,True
5848,Zählfeld E_24.5_1_G (veraltet),9.812422,53.56373,2025-03,1303.392153591389,300.6078464086111,368.8174108408333,375.1825891591667,3.533976746433699,0.8012308009343202,4.410685088881639,True
5848,Zählfeld E_24.5_1_G (veraltet),9.812422,53.56373,2025-04,1789.6102023558333,374.38979764416666,421.24926776527775,298.75073223472225,4.2483402092297835,1.2531845356282387,3.3900356160236464,True
5848,Zählfeld E_24.5_1_G (veraltet),9.812422,53.56373,2025-05,1918.6416244441666,177.35837555583333,493.9207367352778,250.07926326472221,3.8845132057544762,0.7092086454529021,5.47725021495447,True
5848,Zählfeld E_24.5_1_G (veraltet),9.812422,53.56373,2025-06,2325.9203165830554,93.07968341694445,508.2723593,211.7276407,4.576129852479774,0.4396198961515394,10.409287415195505,True
5848,Zählfeld E_24.5_1_G (veraltet),9.812422,53.56373,2025-07,2440.589882348611,136.41011765138887,508.95938871444446,235.04061128555554,4.795254663664182,0.5803682899958998,8.262433951548351,True
5848,Zählfeld E_24.5_1_G (veraltet),9.812422,53.56373,2025-08,1323.3377737511112,194.66222624888889,456.3271263661111,287.6728736338889,2.899976129600934,0.6766791174639171,4.285600153392603,True
5848,Zählfeld E_24.5_1_G (veraltet),9.812422,53.56373,2025-09,2056.945388798333,615.0546112016667,379.47910540944446,340.52089459055554,5.4204443920014045,1.8062169487167954,3.000992984731038,True
5848,Zählfeld E_24.5_1_G (veraltet),9.812422,53.56373,2025-10,1200.3498920022223,632.6501079977778,326.24710055888886,417.7528994411111,3.679266083731998,1.5144122490691652,2.4295010067393883,True
5848,Zählfeld E_24.5_1_G (veraltet),9.812422,53.56373,2025-11,1197.5303957947222,671.4696042052777,257.97459228055556,462.0254077194445,4.642047828075913,1.4533174864119462,3.1941044344938914,True
5848,Zählfeld E_24.5_1_G (veraltet),9.812422,53.56373,2025-12,1026.4998839619445,724.5001160380556,234.07368837805555,509.9263116219445,4.385370654321603,1.42079374906858,3.086563871213883,True
5848,Zählfeld E_24.5_1_G (veraltet),9.812422,53.56373,2026-01,327.37675562333334,254.62324437666666,251.92644384916667,492.0735561508333,1.2994934180841304,0.5174495584936859,2.5113431768441394,True
5848,Zählfeld E_24.5_1_G (veraltet),9.812422,53.56373,2026-02,651.6516217436111,276.3483782563889,274.9950323086111,397.00496769138886,2.3696850676644226,0.6960829227487346,3.4043143283947637,True
5849,Zählfeld E_24.5_2_I (veraltet),9.812422,53.56373,2025-01,3100.911079695,1893.088920305,252.25277094527777,491.74722905472225,12.292872217319243,3.8497195478743302,3.193186429413255,True
5849,Zählfeld E_24.5_2_I (veraltet),9.812422,53.56373,2025-02,3881.8764853047223,1380.123514695278,275.4455073022222,396.55449269777773,14.09308332281303,3.4802871739170995,4.049402425303633,True
5849,Zählfeld E_24.5_2_I (veraltet),9.812422,53.56373,2025-03,6325.197982410278,926.8020175897223,368.8174108408333,375.1825891591667,17.149944109173248,2.4702692618727506,6.942540383703597,True
5849,Zählfeld E_24.5_2_I (veraltet),9.812422,53.56373,2025-04,9652.584486295,974.415513705,421.24926776527775,298.75073223472225,22.914186978892197,3.2616338926306696,7.0253706372945395,True
5849,Zählfeld E_24.5_2_I (veraltet),9.812422,53.56373,2025-05,10143.465025759167,405.5349742408333,493.9207367352778,250.07926326472221,20.53662515326962,1.621625755557161,12.664219893457236,True
5849,Zählfeld E_24.5_2_I (veraltet),9.812422,53.56373,2025-06,11409.222867726388,211.7771322736111,508.2723593,211.7276407,22.447065355746147,1.0002337511221846,22.441819555241246,True
5849,Zählfeld E_24.5_2_I (veraltet),9.812422,53.56373,2025-07,11695.568646121666,307.4313538783333,508.95938871444446,235.04061128555554,22.97937498640693,1.3079924877528029,17.568430401222454,True
5849,Zählfeld E_24.5_2_I (veraltet),9.812422,53.56373,2025-08,8436.592181967222,497.40781803277775,456.3271263661111,287.6728736338889,18.488035653612553,1.7290744579060002,10.692446221201216,True
5849,Zählfeld E_24.5_2_I (veraltet),9.812422,53.56373,2025-09,10177.861522838612,1603.138477161389,379.47910540944446,340.52089459055554,26.820611142363322,4.7079004625810486,5.696936746122124,True
5849,Zählfeld E_24.5_2_I (veraltet),9.812422,53.56373,2025-10,6139.558911503334,1737.4410884966667,326.24710055888886,417.7528994411111,18.818738621694262,4.159016229022216,4.524805286974931,True
5849,Zählfeld E_24.5_2_I (veraltet),9.812422,53.56373,2025-11,4882.722071469722,2615.2779285302777,257.97459228055556,462.0254077194445,18.927143283008302,5.6604634395309095,3.343744462834446,True
5849,Zählfeld E_24.5_2_I (veraltet),9.812422,53.56373,2025-12,4045.35362215,2705.64637785,234.07368837805555,509.9263116219445,17.2823936350176,5.305955617869638,3.257168902207393,True
5849,Zählfeld E_24.5_2_I (veraltet),9.812422,53.56373,2026-01,1297.5651151180555,876.4348848819444,251.92644384916667,492.0735561508333,5.1505713147561965,1.7811054341910102,2.8917835047174623,True
5849,Zählfeld E_24.5_2_I (veraltet),9.812422,53.56373,2026-02,2390.374802158611,789.6251978413889,274.9950323086111,397.00496769138886,8.692429030776204,1.9889554592556198,4.3703487628774775,True
5850,Zählfeld B_50.3_1_I (veraltet),9.985666,53.45643,2025-01,9797.7451595,5894.2548405,252.25277094527777,491.74722905472225,38.84098130135294,11.986350897859516,3.2404341932196425,True
5850,Zählfeld B_50.3_1_I (veraltet),9.985666,53.45643,2025-02,11241.565448341944,4407.434551658055,275.4455073022222,396.55449269777773,40.812302797908984,11.11432257815082,3.6720459129142227,True
5850,Zählfeld B_50.3_1_I (veraltet),9.985666,53.45643,2025-03,15245.661299515834,3553.3387004841666,368.8174108408333,375.1825891591667,41.336609529248186,9.470958416401102,4.364564568002381,True
5850,Zählfeld B_50.3_1_I (veraltet),9.985666,53.45643,2025-04,20003.555514715834,1671.4444852841666,421.24926776527775,298.75073223472225,47.48626774079502,5.59477954340526,8.487603018561929,True
5850,Zählfeld B_50.3_1_I (veraltet),9.985666,53.45643,2025-05,22996.007080807776,1069.9929191922222,493.9207367352778,250.07926326472221,46.55809195784533,4.278615128754509,10.881579800190686,True
5850,Zählfeld B_50.3_1_I (veraltet),9.985666,53.45643,2025-06,22517.9718128725,855.0281871275,508.2723593,211.7276407,44.302963560490625,4.038339936631146,10.970587978150482,True
5850,Zählfeld B_50.3_1_I (veraltet),9.985666,53.45643,2025-07,21874.044297024167,1033.9557029758334,508.95938871444446,235.04061128555554,42.97797581114427,4.399051284459348,9.769828317977055,True
5850,Zählfeld B_50.3_1_I (veraltet),9.985666,53.45643,2025-08,18473.183094926946,1719.8169050730555,456.3271263661111,287.6728736338889,40.482325129420246,5.978377048027843,6.771457337702483,True
5850,Zählfeld B_50.3_1_I (veraltet),9.985666,53.45643,2025-09,19005.192947695832,2852.8070523041665,379.47910540944446,340.52089459055554,50.082317252197335,8.37777386828024,5.977998217619361,True
5850,Zählfeld B_50.3_1_I (veraltet),9.985666,53.45643,2025-10,14962.828920996111,4193.171079003889,326.24710055888886,417.7528994411111,45.86348474933117,10.037443389653799,4.569239692709544,True
5850,Zählfeld B_50.3_1_I (veraltet),9.985666,53.45643,2025-11,11241.434170473889,7918.565829526111,257.97459228055556,462.0254077194445,43.57574159182495,17.138810327795866,2.542518457138968,True
5850,Zählfeld B_50.3_1_I (veraltet),9.985666,53.45643,2025-12,9727.538119706389,8130.461880293611,234.07368837805555,509.9263116219445,41.557588924712086,15.944385874956525,2.6064088796286358,True
5850,Zählfeld B_50.3_1_I (veraltet),9.985666,53.45643,2026-01,7132.121463064167,4348.878536935833,251.92644384916667,492.0735561508333,28.310332786399783,8.837862719050053,3.203300807714147,True
5850,Zählfeld B_50.3_1_I (veraltet),9.985666,53.45643,2026-02,9084.017541808056,3713.9824581919443,274.9950323086111,397.00496769138886,33.033387787214956,9.35500248218305,3.531093428369289,True
5851,Zählfeld B_50.3_2_G (veraltet),9.985666,53.45643,2025-01,7264.2830891172225,4029.716910882778,252.25277094527777,491.74722905472225,28.797634459655125,8.194691648042507,3.5141815819920583,True
5851,Zählfeld B_50.3_2_G (veraltet),9.985666,53.45643,2025-02,8373.870224588334,2764.1297754116667,275.4455073022222,396.55449269777773,30.401186451011597,6.970365552051043,4.36149097547201,True
5851,Zählfeld B_50.3_2_G (veraltet),9.985666,53.45643,2025-03,9947.15307581889,2054.8469241811113,368.8174108408333,375.1825891591667,26.970399941643965,5.476925058772829,4.924368993956439,True
5851,Zählfeld B_50.3_2_G (veraltet),9.985666,53.45643,2025-04,12505.397819900832,967.6021800991666,421.24926776527775,298.75073223472225,29.686455922503594,3.2388278109355113,9.165802461702613,True
5851,Zählfeld B_50.3_2_G (veraltet),9.985666,53.45643,2025-05,13978.003877734722,643.9961222652778,493.9207367352778,250.07926326472221,28.300095213913615,2.575168024161898,10.989611143189007,True
5851,Zählfeld B_50.3_2_G (veraltet),9.985666,53.45643,2025-06,13121.652601114445,527.3473988855555,508.2723593,211.7276407,25.81618370746301,2.490687550959687,10.365083206649414,True
5851,Zählfeld B_50.3_2_G (veraltet),9.985666,53.45643,2025-07,12249.377790884168,727.6222091158334,508.95938871444446,235.04061128555554,24.067495486868353,3.0957297342620955,7.774417521174577,True
5851,Zählfeld B_50.3_2_G (veraltet),9.985666,53.45643,2025-08,9809.007012843056,1042.9929871569445,456.3271263661111,287.6728736338889,21.495559755466505,3.6256216096493157,5.928792927054967,True
5851,Zählfeld B_50.3_2_G (veraltet),9.985666,53.45643,2025-09,12004.108487285,1753.891512715,379.47910540944446,340.52089459055554,31.633121076147248,5.1506134882674095,6.141621992837238,True
5851,Zählfeld B_50.3_2_G (veraltet),9.985666,53.45643,2025-10,10465.733184345556,2580.2668156544446,326.24710055888886,417.7528994411111,32.07916075397105,6.176538377367203,5.193711880997822,True
5851,Zählfeld B_50.3_2_G (veraltet),9.985666,53.45643,2025-11,8277.275451849722,5307.724548150278,257.97459228055556,462.0254077194445,32.085622768803226,11.48794949253805,2.7929808352347223,True
5851,Zählfeld B_50.3_2_G (veraltet),9.985666,53.45643,2025-12,7278.975690805,5271.024309195,234.07368837805555,509.9263116219445,31.096941058358635,10.336835321223623,3.0083618527336213,True
5851,Zählfeld B_50.3_2_G (veraltet),9.985666,53.45643,2026-01,5902.134719148334,2973.8652808516667,251.92644384916667,492.0735561508333,23.42800790965024,6.043538092382472,3.8765384699369863,True
5851,Zählfeld B_50.3_2_G (veraltet),9.985666,53.45643,2026-02,6918.376301585556,2364.6236984144443,274.9950323086111,397.00496769138886,25.158186471606733,5.9561564485323535,4.223896180196193,True
5852,Zählfeld G_46.3_1_G (veraltet),10.0939665,53.656464,2025-01,236.07998380222222,254.92001619777778,252.25277094527777,491.74722905472225,0.9358865828016455,0.5183964466618478,1.8053491470247833,True
5852,Zählfeld G_46.3_1_G (veraltet),10.0939665,53.656464,2025-02,334.7780835113889,216.2219164886111,275.4455073022222,396.55449269777773,1.2154058593668267,0.5452514609471295,2.229074007900144,True
5852,Zählfeld G_46.3_1_G (veraltet),10.0939665,53.656464,2025-03,526.2642638788889,215.7357361211111,368.8174108408333,375.1825891591667,1.4268964761698935,0.575015318820106,2.48149297847889,True
5852,Zählfeld G_46.3_1_G (veraltet),10.0939665,53.656464,2025-04,802.1217487225,225.8782512775,421.24926776527775,298.75073223472225,1.9041498943790363,0.7560759754055838,2.5184636945481413,True
5852,Zählfeld G_46.3_1_G (veraltet),10.0939665,53.656464,2025-05,869.4211463008334,98.57885369916667,493.9207367352778,250.07926326472221,1.7602442692476163,0.39419043551330246,4.4654667152324015,True
5852,Zählfeld G_46.3_1_G (veraltet),10.0939665,53.656464,2025-06,869.1960016733333,110.80399832666667,508.2723593,211.7276407,1.7100988982961862,0.5233327021466531,3.2677088423512406,True
5852,Zählfeld G_46.3_1_G (veraltet),10.0939665,53.656464,2025-07,836.2803975647222,112.71960243527778,508.95938871444446,235.04061128555554,1.6431181271202047,0.47957500543739007,3.426196337362537,True
5852,Zählfeld G_46.3_1_G (veraltet),10.0939665,53.656464,2025-08,680.4740638552778,151.5259361447222,456.3271263661111,287.6728736338889,1.4911979247741098,0.5267300118730135,2.831047958462664,True
5852,Zählfeld G_46.3_1_G (veraltet),10.0939665,53.656464,2025-09,731.9862898225,364.0137101775,379.47910540944446,340.52089459055554,1.9289238310834342,1.0689908195360298,1.804434421542215,True
5852,Zählfeld G_46.3_1_G (veraltet),10.0939665,53.656464,2025-10,507.3644627,407.6355373,326.24710055888886,417.7528994411111,1.5551539364820155,0.9757814675741412,1.5937522776982365,True
5852,Zählfeld G_46.3_1_G (veraltet),10.0939665,53.656464,2025-11,383.19623411888887,370.80376588111113,257.97459228055556,462.0254077194445,1.485403003184712,0.8025614169389449,1.8508278267976026,True
5852,Zählfeld G_46.3_1_G (veraltet),10.0939665,53.656464,2025-12,293.24643271527776,315.75356728472224,234.07368837805555,509.9263116219445,1.2527953686176445,0.6192141101336609,2.023202230238619,True
5852,Zählfeld G_46.3_1_G (veraltet),10.0939665,53.656464,2026-01,96.13381695,113.86618305,251.92644384916667,492.0735561508333,0.3815947841011768,0.23140073598081556,1.6490646949922112,True
5852,Zählfeld G_46.3_1_G (veraltet),10.0939665,53.656464,2026-02,193.0231397738889,115.97686022611111,274.9950323086111,397.00496769138886,0.7019150060764375,0.29212949374544234,2.402752960945726,True
5853,Zählfeld G_46.3_2_I (veraltet),10.0939665,53.656464,2025-01,4522.705879753334,2744.294120246667,252.25277094527777,491.74722905472225,17.929261442025794,5.580700730173872,3.212725840159358,True
5853,Zählfeld G_46.3_2_I (veraltet),10.0939665,53.656464,2025-02,5518.7145137269445,1903.2854862730555,275.4455073022222,396.55449269777773,20.03559458195026,4.799555978611969,4.174468361497172,True
5853,Zählfeld G_46.3_2_I (veraltet),10.0939665,53.656464,2025-03,8996.862805795834,1345.1371942041667,368.8174108408333,375.1825891591667,24.393812605767998,3.5852868258593644,6.803866410303448,True
5853,Zählfeld G_46.3_2_I (veraltet),10.0939665,53.656464,2025-04,12346.015274364445,1233.9847256355556,421.24926776527775,298.75073223472225,29.308099073643277,4.130482681682733,7.095562754351833,True
5853,Zählfeld G_46.3_2_I (veraltet),10.0939665,53.656464,2025-05,12567.516726213056,539.4832737869444,493.9207367352778,250.07926326472221,25.444399863188483,2.1572491327114665,11.794836061056694,True
5853,Zählfeld G_46.3_2_I (veraltet),10.0939665,53.656464,2025-06,11380.367715762222,265.63228423777775,508.2723593,211.7276407,22.390294312748836,1.254594267236728,17.84664165735745,True
5853,Zählfeld G_46.3_2_I (veraltet),10.0939665,53.656464,2025-07,10742.815010679722,422.1849893202778,508.95938871444446,235.04061128555554,21.107411021171004,1.7962214572670456,11.751007057496112,True
5853,Zählfeld G_46.3_2_I (veraltet),10.0939665,53.656464,2025-08,8863.327067089722,563.6729329102777,456.3271263661111,287.6728736338889,19.423186909074253,1.9594233053327244,9.912705874331762,True
5853,Zählfeld G_46.3_2_I (veraltet),10.0939665,53.656464,2025-09,11374.099859032778,1719.9001409672221,379.47910540944446,340.52089459055554,29.97292788165643,5.050791796595157,5.934302796219357,True
5853,Zählfeld G_46.3_2_I (veraltet),10.0939665,53.656464,2025-10,9177.857371511389,2260.142628488611,326.24710055888886,417.7528994411111,28.13161360143567,5.410238041465022,5.199699788776391,True
5853,Zählfeld G_46.3_2_I (veraltet),10.0939665,53.656464,2025-11,7024.475413216666,4102.524586783334,257.97459228055556,462.0254077194445,27.22933042017303,8.879435022920878,3.0665611437985363,True
5853,Zählfeld G_46.3_2_I (veraltet),10.0939665,53.656464,2025-12,5605.124552275834,3823.875447724167,234.07368837805555,509.9263116219445,23.945982955687533,7.498878486111851,3.193275234428217,True
5853,Zählfeld G_46.3_2_I (veraltet),10.0939665,53.656464,2026-01,1800.9367647319443,1067.0632352680555,251.92644384916667,492.0735561508333,7.1486610822411345,2.168503513204381,3.296587272610692,True
5853,Zählfeld G_46.3_2_I (veraltet),10.0939665,53.656464,2026-02,3389.077444000278,1157.9225559997221,274.9950323086111,397.00496769138886,12.324140605554327,2.9166450050565396,4.225451017929219,True
5874,Zählfeld B_16.4_1_I (veraltet),10.018673,53.49202,2025-01,762.8497457552778,468.15025424472225,196.29867245,368.70132755,3.8861686441083103,1.2697276067747163,3.0606317633588485,True
5874,Zählfeld B_16.4_1_I (veraltet),10.018673,53.49202,2025-02,1182.2286534144444,500.77134658555553,275.4455073022222,396.55449269777773,4.2920600339191175,1.262805883697814,3.398828029966794,True
5874,Zählfeld B_16.4_1_I (veraltet),10.018673,53.49202,2025-03,2088.5049244272222,328.4950755727778,368.8174108408333,375.1825891591667,5.662706973799934,0.8755605538865177,6.467521804932619,True
5874,Zählfeld B_16.4_1_I (veraltet),10.018673,53.49202,2025-04,3215.0899260225,454.9100739775,421.24926776527775,298.75073223472225,7.6322742187268675,1.522707812545499,5.012303841777795,True
5874,Zählfeld B_16.4_1_I (veraltet),10.018673,53.49202,2025-05,3715.2519350441667,256.74806495583334,493.9207367352778,250.07926326472221,7.521959818089996,1.0266667519891557,7.326583629513939,True
5874,Zählfeld B_16.4_1_I (veraltet),10.018673,53.49202,2025-06,4088.703326647778,163.29667335222223,508.2723593,211.7276407,8.044315713486366,0.7712581730582815,10.430120541333288,True
5874,Zählfeld B_16.4_1_I (veraltet),10.018673,53.49202,2025-07,3759.4548604125,206.5451395875,508.95938871444446,235.04061128555554,7.386551744154524,0.8787636249659178,8.405618455635333,True
5874,Zählfeld B_16.4_1_I (veraltet),10.018673,53.49202,2025-08,3365.2842940425,307.7157059575,456.3271263661111,287.6728736338889,7.374718923333376,1.06967230545734,6.894372122853366,True
5874,Zählfeld B_16.4_1_I (veraltet),10.018673,53.49202,2025-09,3312.0605472669445,713.9394527330555,379.47910540944446,340.52089459055554,8.727912815366604,2.096609823580726,4.162869369972001,True
5874,Zählfeld B_16.4_1_I (veraltet),10.018673,53.49202,2025-10,1936.0259417930556,712.9740582069444,326.24710055888886,417.7528994411111,5.934231870494725,1.7066884734032814,3.47704455908193,True
5874,Zählfeld B_16.4_1_I (veraltet),10.018673,53.49202,2025-11,1421.7075866205555,851.2924133794445,257.97459228055556,462.0254077194445,5.511037246157961,1.8425229417174702,2.9910277486265433,True
5874,Zählfeld B_16.4_1_I (veraltet),10.018673,53.49202,2025-12,1099.3041484838889,856.6958515161111,234.07368837805555,509.9263116219445,4.69640204373756,1.6800385310402632,2.795413293782967,True
5874,Zählfeld B_16.4_1_I (veraltet),10.018673,53.49202,2026-01,287.8144654788889,210.18553452111112,251.92644384916667,492.0735561508333,1.1424543651765635,0.4271425113051265,2.674644492035724,True
5874,Zählfeld B_16.4_1_I (veraltet),10.018673,53.49202,2026-02,653.1108771544444,238.88912284555556,274.9950323086111,397.00496769138886,2.374991546834547,0.6017282963352126,3.9469500791292016,True
5875,Zählfeld B_16.4_2_G (veraltet),10.018673,53.49202,2025-01,737.3601128625,537.6398871375,196.29867245,368.70132755,3.7563173691371547,1.4581989457702456,2.575997863688623,True
5875,Zählfeld B_16.4_2_G (veraltet),10.018673,53.49202,2025-02,1185.9310291102777,551.0689708897222,275.4455073022222,396.55449269777773,4.305501442828253,1.3896424855529328,3.098279944366491,True
5875,Zählfeld B_16.4_2_G (veraltet),10.018673,53.49202,2025-03,1951.0614520233332,395.93854797666665,368.8174108408333,375.1825891591667,5.290047038656026,1.055322286847097,5.012731280849456,True
5875,Zählfeld B_16.4_2_G (veraltet),10.018673,53.49202,2025-04,2796.4226675319446,480.57733246805554,421.24926776527775,298.75073223472225,6.638403628253013,1.608623111559358,4.126761315655793,True
5875,Zählfeld B_16.4_2_G (veraltet),10.018673,53.49202,2025-05,3412.4806734975,249.5193265025,493.9207367352778,250.07926326472221,6.908964171161043,0.9977609628446902,6.924468312994604,True
5875,Zählfeld B_16.4_2_G (veraltet),10.018673,53.49202,2025-06,3820.8002046983333,149.19979530166665,508.2723593,211.7276407,7.517229955137427,0.7046779287219755,10.667610902431548,True
5875,Zählfeld B_16.4_2_G (veraltet),10.018673,53.49202,2025-07,3374.7426007405556,268.25739925944447,508.95938871444446,235.04061128555554,6.630671671593784,1.141323611235563,5.8096333119890655,True
5875,Zählfeld B_16.4_2_G (veraltet),10.018673,53.49202,2025-08,3025.6431961591666,403.3568038408333,456.3271263661111,287.6728736338889,6.6304258969949865,1.4021370828108433,4.72880004264852,True
5875,Zählfeld B_16.4_2_G (veraltet),10.018673,53.49202,2025-09,2789.8446640233333,781.1553359766666,379.47910540944446,340.52089459055554,7.351774114185259,2.2940011857890035,3.204782176978987,True
5875,Zählfeld B_16.4_2_G (veraltet),10.018673,53.49202,2025-10,1628.2587499066667,744.7412500933333,326.24710055888886,417.7528994411111,4.9908757721289225,1.782731492922448,2.7995667277674747,True
5875,Zählfeld B_16.4_2_G (veraltet),10.018673,53.49202,2025-11,1292.0681710963888,775.9318289036111,257.97459228055556,462.0254077194445,5.008509402705921,1.679413763701021,2.982296269662802,True
5875,Zählfeld B_16.4_2_G (veraltet),10.018673,53.49202,2025-12,924.1619137905556,779.8380862094444,234.07368837805555,509.9263116219445,3.948166580337425,1.5293152528822842,2.5816564458481386,True
5875,Zählfeld B_16.4_2_G (veraltet),10.018673,53.49202,2026-01,268.8225437855556,208.17745621444445,251.92644384916667,492.0735561508333,1.0670675919456274,0.4230616614371219,2.522250747848069,True
5875,Zählfeld B_16.4_2_G (veraltet),10.018673,53.49202,2026-02,597.9502798475,267.0497201525,274.9950323086111,397.00496769138886,2.174403933146163,0.6726609032260036,3.2325409767655207,True
5876,Zählfeld A_1.2_1_I (veraltet),9.990132,53.55966,2025-01,17622.462873555,17017.537126445,252.25277094527777,491.74722905472225,69.86033417003738,34.6062694835262,2.0187190128451538,True
5876,Zählfeld A_1.2_1_I (veraltet),9.990132,53.55966,2025-02,23683.100285583056,10985.899714416944,275.4455073022222,396.55449269777773,85.98107305339951,27.70337977935739,3.1036311720155734,True
5876,Zählfeld A_1.2_1_I (veraltet),9.990132,53.55966,2025-03,39638.72542934305,5927.274570656945,368.8174108408333,375.1825891591667,107.47520118145812,15.798373223930096,6.802928355855234,True
5876,Zählfeld A_1.2_1_I (veraltet),9.990132,53.55966,2025-04,45671.00425447361,9540.995745526388,421.24926776527775,298.75073223472225,108.41800271074116,31.936309156993886,3.3948194256817614,True
5876,Zählfeld A_1.2_1_I (veraltet),9.990132,53.55966,2025-05,45201.38018907944,3086.6198109205557,493.9207367352778,250.07926326472221,91.51545344674527,12.34256599537885,7.414621358395762,True
5876,Zählfeld A_1.2_1_I (veraltet),9.990132,53.55966,2025-06,27228.830492346668,1524.1695076533333,508.2723593,211.7276407,53.571338268023474,7.198727112880606,7.441779279585254,True
5876,Zählfeld A_1.2_1_I (veraltet),9.990132,53.55966,2025-07,61522.74513926333,3419.2548607366666,508.95938871444446,235.04061128555554,120.87947781975417,14.547506671443028,8.309291794795488,True
5876,Zählfeld A_1.2_1_I (veraltet),9.990132,53.55966,2025-08,51935.96173438889,7061.038265611111,456.3271263661111,287.6728736338889,113.81300548133684,24.545373974320025,4.636841369799899,True
5876,Zählfeld A_1.2_1_I (veraltet),9.990132,53.55966,2025-09,44719.96008285444,16586.039917145557,379.47910540944446,340.52089459055554,117.8456453738163,48.70784783144869,2.4194385631986006,True
5876,Zählfeld A_1.2_1_I (veraltet),9.990132,53.55966,2025-10,30379.874347211666,18459.125652788334,326.24710055888886,417.7528994411111,93.11921637056199,44.186708643994564,2.1074033171560487,True
5876,Zählfeld A_1.2_1_I (veraltet),9.990132,53.55966,2025-11,26760.075661164166,17252.924338835834,257.97459228055556,462.0254077194445,103.73143891651831,37.34193845311711,2.7778803997214387,True
5876,Zählfeld A_1.2_1_I (veraltet),9.990132,53.55966,2025-12,19850.836657278334,19330.163342721666,234.07368837805555,509.9263116219445,84.80592925599132,37.90775824302415,2.237165508767521,True
5876,Zählfeld A_1.2_1_I (veraltet),9.990132,53.55966,2026-01,8907.509517012222,7618.490482987778,251.92644384916667,492.0735561508333,35.35758049419109,15.482422064258444,2.283724106437774,True
5876,Zählfeld A_1.2_1_I (veraltet),9.990132,53.55966,2026-02,19560.932502403055,9017.067497596945,274.9950323086111,397.00496769138886,71.13194859626027,22.712732160586835,3.1318094227208295,True
5877,Zählfeld A_1.2_2_G (veraltet),9.990132,53.55966,2025-01,201.29873442055555,178.70126557944445,252.25277094527777,491.74722905472225,0.7980040562734754,0.36340065590803433,2.195934551299836,True
5877,Zählfeld A_1.2_2_G (veraltet),9.990132,53.55966,2025-02,225.31082370277778,85.68917629722222,275.4455073022222,396.55449269777773,0.8179869256519183,0.2160842403127877,3.78550015710475,True
5877,Zählfeld A_1.2_2_G (veraltet),9.990132,53.55966,2025-03,325.7050201136111,78.29497988638889,368.8174108408333,375.1825891591667,0.8831064113027252,0.20868500337890997,4.231767482109226,True
5877,Zählfeld A_1.2_2_G (veraltet),9.990132,53.55966,2025-04,1491.4155743541667,211.58442564583333,421.24926776527775,298.75073223472225,3.540458556203808,0.7082306512293193,4.999019104946132,True
5877,Zählfeld A_1.2_2_G (veraltet),9.990132,53.55966,2025-05,1175.9815105577777,144.01848944222223,493.9207367352778,250.07926326472221,2.3809113954817773,0.5758913696485541,4.13430643514377,True
5877,Zählfeld A_1.2_2_G (veraltet),9.990132,53.55966,2025-06,1264.8593775666666,110.14062243333333,508.2723593,211.7276407,2.4885464543235227,0.5201995453649493,4.783830505998746,True
5877,Zählfeld A_1.2_2_G (veraltet),9.990132,53.55966,2025-07,1408.9957933908333,130.00420660916666,508.95938871444446,235.04061128555554,2.768385503114004,0.5531138040277727,5.005092049691458,True
5877,Zählfeld A_1.2_2_G (veraltet),9.990132,53.55966,2025-08,1435.8063846594443,189.19361534055557,456.3271263661111,287.6728736338889,3.1464410106259986,0.6576692927305186,4.784229772326104,True
5877,Zählfeld A_1.2_2_G (veraltet),9.990132,53.55966,2025-09,1645.2466928977778,512.7533071022223,379.47910540944446,340.52089459055554,4.3355396106002075,1.5057910255955367,2.8792438903569053,True
5877,Zählfeld A_1.2_2_G (veraltet),9.990132,53.55966,2025-10,941.4798151305556,452.52018486944445,326.24710055888886,417.7528994411111,2.885787531958816,1.0832245221393955,2.66407145792759,True
5877,Zählfeld A_1.2_2_G (veraltet),9.990132,53.55966,2025-11,648.2234923855556,497.7765076144444,257.97459228055556,462.0254077194445,2.5127416101528013,1.0773790776387542,2.3322725142016587,True
5877,Zählfeld A_1.2_2_G (veraltet),9.990132,53.55966,2025-12,463.39555713694443,501.60444286305557,234.07368837805555,509.9263116219445,1.9796994713412985,0.9836802522850425,2.0125436764055706,True
5877,Zählfeld A_1.2_2_G (veraltet),9.990132,53.55966,2026-01,291.31120282166665,237.68879717833335,251.92644384916667,492.0735561508333,1.1563343584371015,0.48303509547965945,2.393893050956987,True
5877,Zählfeld A_1.2_2_G (veraltet),9.990132,53.55966,2026-02,506.1594730988889,302.8405269011111,274.9950323086111,397.00496769138886,1.8406131516254274,0.7628129407602872,2.4129285874344353,True
5878,Zählfeld D_6.1_1_G (veraltet),9.966544,53.541264,2025-01,30.29873129027778,18.70126870972222,252.25277094527777,491.74722905472225,0.120112580633854,0.03803024725868078,3.1583434053649784,True
5878,Zählfeld D_6.1_1_G (veraltet),9.966544,53.541264,2025-02,17.637269901666667,9.362730098333333,275.4455073022222,396.55449269777773,0.06403179370907232,0.023610198020045787,,False
5878,Zählfeld D_6.1_1_G (veraltet),9.966544,53.541264,2025-03,29.11270850388889,9.88729149611111,279.55386217,296.44613783,0.10413989017324006,0.03335274181167129,,False
5879,Zählfeld D_6.1_2_I (veraltet),9.966544,53.541264,2025-01,3784.766666676667,2992.233333323333,252.25277094527777,491.74722905472225,15.003865576952222,6.084901259281633,2.4657533356134587,True
5879,Zählfeld D_6.1_2_I (veraltet),9.966544,53.541264,2025-02,9676.12530276139,3591.874697238611,275.4455073022222,396.55449269777773,35.1290002786091,9.057707738482367,3.8783543577323476,True
5879,Zählfeld D_6.1_2_I (veraltet),9.966544,53.541264,2025-03,12856.464075136111,2270.535924863889,279.55386217,296.44613783,45.989220021285,7.659185380131181,6.004453181220342,True
5889,Zählfeld D_45.4_1_I (veraltet),10.118848,53.605583,2025-01,2386.6604564116665,2310.3395435883335,252.25277094527777,491.74722905472225,9.461384497256581,4.698225850767805,2.0138207054712702,True
5889,Zählfeld D_45.4_1_I (veraltet),10.118848,53.605583,2025-02,2660.1619796444443,1493.8380203555555,275.4455073022222,396.55449269777773,9.657670606787867,3.7670434905248693,2.5637268672579743,True
5889,Zählfeld D_45.4_1_I (veraltet),10.118848,53.605583,2025-03,5642.729856755555,1463.2701432444444,368.8174108408333,375.1825891591667,15.299521364490923,3.9001547127328706,3.922798578872381,True
5889,Zählfeld D_45.4_1_I (veraltet),10.118848,53.605583,2025-04,7641.001997831667,1887.9980021683334,421.24926776527775,298.75073223472225,18.138908676012875,6.319643095250968,2.8702425758258006,True
5889,Zählfeld D_45.4_1_I (veraltet),10.118848,53.605583,2025-05,9627.24703224389,1124.752967756111,493.9207367352778,250.07926326472221,19.49148176259649,4.497585897657976,4.333765314576042,True
5889,Zählfeld D_45.4_1_I (veraltet),10.118848,53.605583,2025-06,10496.79276955611,696.2072304438889,508.2723593,211.7276407,20.651905572855554,3.288220792250527,6.280571432893641,True
5889,Zählfeld D_45.4_1_I (veraltet),10.118848,53.605583,2025-07,9723.162161478056,1052.8378385219444,508.95938871444446,235.04061128555554,19.10400392855963,4.479386914301506,4.264870236497223,True
5889,Zählfeld D_45.4_1_I (veraltet),10.118848,53.605583,2025-08,8903.485255788333,1744.5147442116665,456.3271263661111,287.6728736338889,19.51118998050769,6.064230951548976,3.2174219841551355,True
5889,Zählfeld D_45.4_1_I (veraltet),10.118848,53.605583,2025-09,7040.415209070277,1997.5847909297222,379.47910540944446,340.52089459055554,18.552840218894055,5.866262019931642,3.1626340855313937,True
5889,Zählfeld D_45.4_1_I (veraltet),10.118848,53.605583,2025-10,4180.761020243889,2502.238979756111,326.24710055888886,417.7528994411111,12.814707052053159,5.989758498633332,2.139436348723752,True
5889,Zählfeld D_45.4_1_I (veraltet),10.118848,53.605583,2025-11,2921.0344567125,2203.9655432875,257.97459228055556,462.0254077194445,11.322954058730645,4.770225850059339,2.3736725292765315,True
5889,Zählfeld D_45.4_1_I (veraltet),10.118848,53.605583,2025-12,2331.1714196419443,2122.8285803580557,234.07368837805555,509.9263116219445,9.959134816882273,4.163010482055503,2.392291554347687,True
5889,Zählfeld D_45.4_1_I (veraltet),10.118848,53.605583,2026-01,846.1572504430555,690.8427495569445,251.92644384916667,492.0735561508333,3.3587472498507007,1.403942034522138,2.392368892205669,True
5889,Zählfeld D_45.4_1_I (veraltet),10.118848,53.605583,2026-02,1658.9143619186111,901.0856380813889,274.9950323086111,397.00496769138886,6.032524835055591,2.269708722591719,2.6578409709626594,True
5890,Zählfeld D_45.4_2_G (veraltet),10.118848,53.605583,2025-01,9.348207954444444,2.6517920455555553,252.25277094527777,491.74722905472225,0.03705889104572964,0.005392591739973913,,False
5890,Zählfeld D_45.4_2_G (veraltet),10.118848,53.605583,2025-02,9.0,4.0,275.4455073022222,396.55449269777773,0.03267433942977726,0.010086886099279378,,False
5890,Zählfeld D_45.4_2_G (veraltet),10.118848,53.605583,2025-03,15.0,1.0,368.8174108408333,375.1825891591667,0.04067053116012843,0.0026653688867629252,,False
5890,Zählfeld D_45.4_2_G (veraltet),10.118848,53.605583,2025-04,34.0,1.0,421.24926776527775,298.75073223472225,0.08071230646968144,0.003347272130581159,,False
5890,Zählfeld D_45.4_2_G (veraltet),10.118848,53.605583,2025-05,25.0,1.0,493.9207367352778,250.07926326472221,0.05061540879057893,0.003998732189727569,,False
5890,Zählfeld D_45.4_2_G (veraltet),10.118848,53.605583,2025-06,28.0,0.0,508.2723593,211.7276407,0.05508857502808534,0.0,,False
5890,Zählfeld D_45.4_2_G (veraltet),10.118848,53.605583,2025-07,28.38607406638889,1.613925933611111,508.95938871444446,235.04061128555554,0.05577276831082315,0.006866583288665464,,False
5890,Zählfeld D_45.4_2_G (veraltet),10.118848,53.605583,2025-08,35.47452306694444,9.525476933055556,456.3271263661111,287.6728736338889,0.07773923796606219,0.0331121833377251,,False
5890,Zählfeld D_45.4_2_G (veraltet),10.118848,53.605583,2025-09,23.992428509722224,4.007571490277778,379.47910540944446,340.52089459055554,0.06322463652863113,0.011768944443472425,,False
5890,Zählfeld D_45.4_2_G (veraltet),10.118848,53.605583,2025-10,5.0,2.0,326.24710055888886,417.7528994411111,0.015325806701223021,0.004787519135536082,,False
5890,Zählfeld D_45.4_2_G (veraltet),10.118848,53.605583,2025-11,10.0,1.0,257.97459228055556,462.0254077194445,0.03876350733456992,0.002164383134113762,,False
5890,Zählfeld D_45.4_2_G (veraltet),10.118848,53.605583,2025-12,13.250822258333333,1.7491777416666667,234.07368837805555,509.9263116219445,0.056609618749339105,0.0034302559052169362,,False
5890,Zählfeld D_45.4_2_G (veraltet),10.118848,53.605583,2026-01,4.0,1.0,251.92644384916667,492.0735561508333,0.01587765039225052,0.002032216499952446,,False
5890,Zählfeld D_45.4_2_G (veraltet),10.118848,53.605583,2026-02,7.889394342222222,1.1106056577777779,274.9950323086111,397.00496769138886,0.028689224950683507,0.002797460354806203,,False
5891,Zählfeld B_35.1_1_I (veraltet),9.950462,53.617043,2025-01,6850.576985184723,9300.423014815278,252.25277094527777,491.74722905472225,27.1575886342626,18.913015600908075,1.4359205960237602,True
5891,Zählfeld B_35.1_1_I (veraltet),9.950462,53.617043,2025-02,8901.081887792223,7216.918112207778,275.4455073022222,396.55449269777773,32.315218988218405,18.199057746416553,1.7756534123081928,True
5891,Zählfeld B_35.1_1_I (veraltet),9.950462,53.617043,2025-03,15991.943528611111,5089.056471388889,368.8174108408333,375.1825891591667,43.36005583942616,13.564212781819462,3.1966511095684815,True
5891,Zählfeld B_35.1_1_I (veraltet),9.950462,53.617043,2025-04,19492.507612812224,7138.492387187778,421.24926776527775,298.75073223472225,46.273095538467615,23.894476621999416,1.9365603302591035,True
5891,Zählfeld B_35.1_1_I (veraltet),9.950462,53.617043,2025-05,23734.848821103333,3935.151178896667,493.9207367352778,250.07926326472221,48.05396302650942,15.735615690498495,3.0538343063071527,True
5891,Zählfeld B_35.1_1_I (veraltet),9.950462,53.617043,2025-06,26277.758848255555,2648.2411517444443,508.2723593,211.7276407,51.70015321007356,12.507772452330757,4.133442098272224,True
5891,Zählfeld B_35.1_1_I (veraltet),9.950462,53.617043,2025-07,26490.613528835835,3903.386471164167,508.95938871444446,235.04061128555554,52.04858013474744,16.60728522536841,3.1340811835543585,True
5891,Zählfeld B_35.1_1_I (veraltet),9.950462,53.617043,2025-08,22117.322876952778,5954.677123047222,456.3271263661111,287.6728736338889,48.468130862788236,20.69947384272849,2.34151511439575,True
5891,Zählfeld B_35.1_1_I (veraltet),9.950462,53.617043,2025-09,18348.427440824165,9110.572559175833,379.47910540944446,340.52089459055554,48.351614566569786,26.754812124320424,1.8072118892816902,True
5891,Zählfeld B_35.1_1_I (veraltet),9.950462,53.617043,2025-10,11403.880696390555,9273.119303609445,326.24710055888886,417.7528994411111,34.954734239338045,22.197618056069622,1.5747065361267523,True
5891,Zählfeld B_35.1_1_I (veraltet),9.950462,53.617043,2025-11,9289.433138708333,9660.566861291667,257.97459228055556,462.0254077194445,36.009100960631734,20.909167980558006,1.722168045811967,True
5891,Zählfeld B_35.1_1_I (veraltet),9.950462,53.617043,2025-12,6981.149396149444,9627.850603850555,234.07368837805555,509.9263116219445,29.824579791617143,18.88086647897583,1.5796192311845079,True
5891,Zählfeld B_35.1_1_I (veraltet),9.950462,53.617043,2026-01,3131.241325908611,4134.7586740913885,251.92644384916667,492.0735561508333,12.429188766635974,8.402724800810018,1.4791855096144297,True
5891,Zählfeld B_35.1_1_I (veraltet),9.950462,53.617043,2026-02,6507.449553688056,4739.550446311944,274.9950323086111,397.00496769138886,23.66388039470153,11.938264838026475,1.982187588880247,True
5892,Zählfeld B_35.1_2_G (veraltet),9.950462,53.617043,2025-01,350.84454293361114,342.15545706638886,252.25277094527777,491.74722905472225,1.3908451495651608,0.6957953941583134,1.998928364922036,True
5892,Zählfeld B_35.1_2_G (veraltet),9.950462,53.617043,2025-02,419.34409752944447,308.65590247055553,275.4455073022222,396.55449269777773,1.522421264505632,0.7783442330226945,1.9559742333971173,True
5892,Zählfeld B_35.1_2_G (veraltet),9.950462,53.617043,2025-03,632.7200310980555,292.27996890194447,368.8174108408333,375.1825891591667,1.715537316027393,0.7790339353352781,2.2021342565636317,True
5892,Zählfeld B_35.1_2_G (veraltet),9.950462,53.617043,2025-04,689.6609044391666,192.33909556083333,421.24926776527775,298.75073223472225,1.637180067036815,0.6438112941919637,2.5429502119741643,True
5892,Zählfeld B_35.1_2_G (veraltet),9.950462,53.617043,2025-05,885.5438636677778,125.45613633222221,493.9207367352778,250.07926326472221,1.7928865864613308,0.5016654907505075,3.5738686824543495,True
5892,Zählfeld B_35.1_2_G (veraltet),9.950462,53.617043,2025-06,993.8702996166667,92.12970038333333,508.2723593,211.7276407,1.9553892345935142,0.43513307983190186,4.493772882881966,True
5892,Zählfeld B_35.1_2_G (veraltet),9.950462,53.617043,2025-07,1067.8050350144445,124.19496498555556,508.95938871444446,235.04061128555554,2.0980161849682366,0.5283978981601125,3.97052333530007,True
5892,Zählfeld B_35.1_2_G (veraltet),9.950462,53.617043,2025-08,887.4179499608333,171.58205003916666,456.3271263661111,287.6728736338889,1.944696904231063,0.5964484863370645,3.2604607921363344,True
5892,Zählfeld B_35.1_2_G (veraltet),9.950462,53.617043,2025-09,823.608025175,257.391974825,379.47910540944446,340.52089459055554,2.1703646220161614,0.755877183790703,2.8713191356456127,True
5892,Zählfeld B_35.1_2_G (veraltet),9.950462,53.617043,2025-10,648.7219528041667,337.2780471958333,326.24710055888886,417.7528994411111,1.9884374503033164,0.8073625524731469,2.4628804546510747,True
5892,Zählfeld B_35.1_2_G (veraltet),9.950462,53.617043,2025-11,422.22977324333334,403.77022675666666,257.97459228055556,462.0254077194445,1.6367106911991747,0.8739134688494186,1.8728521181325235,True
5892,Zählfeld B_35.1_2_G (veraltet),9.950462,53.617043,2025-12,398.2458004327778,391.7541995672222,234.07368837805555,509.9263116219445,1.7013693559165253,0.7682564924354518,2.214585067186364,True
5892,Zählfeld B_35.1_2_G (veraltet),9.950462,53.617043,2026-01,219.7987716697222,246.2012283302778,251.92644384916667,492.0735561508333,0.8724720133044869,0.5003341985213502,1.7437784902229843,True
5892,Zählfeld B_35.1_2_G (veraltet),9.950462,53.617043,2026-02,421.70256084777776,303.29743915222224,274.9950323086111,397.00496769138886,1.5334915591294218,0.7639638388303241,2.0072829120777396,True
5893,Zählfeld B_31.6_1_I (veraltet),9.972512,53.581276,2025-01,22477.960424972778,18722.039575027222,252.25277094527777,491.74722905472225,89.10887416911275,38.072486165333956,2.3405057863084555,True
5893,Zählfeld B_31.6_1_I (veraltet),9.972512,53.581276,2025-02,28078.593629896666,12870.406370103334,275.4455073022222,396.55449269777773,101.93883321933615,32.45558077666802,3.1408722561704674,True
5893,Zählfeld B_31.6_1_I (veraltet),9.972512,53.581276,2025-03,42445.494467491386,8774.50553250861,368.8174108408333,375.1825891591667,115.08538702314449,23.387294043077603,4.920850903536169,True
5893,Zählfeld B_31.6_1_I (veraltet),9.972512,53.581276,2025-04,52090.394975994444,9021.605024005556,421.24926776527775,298.75073223472225,123.65693892438878,30.197767069964762,4.09490339593288,True
5893,Zählfeld B_31.6_1_I (veraltet),9.972512,53.581276,2025-05,60937.304086505,4039.695913495,493.9207367352778,250.07926326472221,123.37466227737066,16.153662086003376,7.637566120952276,True
5893,Zählfeld B_31.6_1_I (veraltet),9.972512,53.581276,2025-06,62165.51795034361,2273.482049656389,508.2723593,211.7276407,122.30749284883179,10.737766888347464,11.39040306244298,True
5893,Zählfeld B_31.6_1_I (veraltet),9.972512,53.581276,2025-07,60064.115947484446,3500.8840525155556,508.95938871444446,235.04061128555554,118.01357294773057,14.894804916339591,7.923136530527483,True
5893,Zählfeld B_31.6_1_I (veraltet),9.972512,53.581276,2025-08,51362.15127399639,6182.848726003611,456.3271263661111,287.6728736338889,112.55555128403336,21.492637271987988,5.23693532160106,True
5893,Zählfeld B_31.6_1_I (veraltet),9.972512,53.581276,2025-09,49299.60380221611,12634.396197783888,379.47910540944446,340.52089459055554,129.91388221236474,37.103145206333274,3.5014250541269276,True
5893,Zählfeld B_31.6_1_I (veraltet),9.972512,53.581276,2025-10,34357.034125180275,15558.965874819722,326.24710055888886,417.7528994411111,105.30985276596718,37.244423427426156,2.827533441917074,True
5893,Zählfeld B_31.6_1_I (veraltet),9.972512,53.581276,2025-11,28881.784378299722,19947.215621700278,257.97459228055556,462.0254077194445,111.95592605836882,43.17341706413864,2.5931680573730485,True
5893,Zählfeld B_31.6_1_I (veraltet),9.972512,53.581276,2025-12,23988.699549444445,21015.300450555555,234.07368837805555,509.9263116219445,102.4835371957739,41.21242613214307,2.486714489148778,True
5893,Zählfeld B_31.6_1_I (veraltet),9.972512,53.581276,2026-01,14067.591112838889,10255.408887161111,251.92644384916667,492.0735561508333,55.84007338769658,20.841211154247766,2.6793103804965526,True
5893,Zählfeld B_31.6_1_I (veraltet),9.972512,53.581276,2026-02,22034.41842138972,10128.581578610278,274.9950323086111,397.00496769138886,80.12660532958924,25.51248070649764,3.140682642796951,True
5894,Zählfeld B_31.6_2_G (veraltet),9.972512,53.581276,2025-01,5090.232146539167,4116.767853460833,252.25277094527777,491.74722905472225,20.179093087716414,8.371715406255424,2.4103892820625994,True
5894,Zählfeld B_31.6_2_G (veraltet),9.972512,53.581276,2025-02,6092.981763889722,2824.018236110278,275.4455073022222,396.55449269777773,22.120461588086194,7.121387572483058,3.1062010546314527,True
5894,Zählfeld B_31.6_2_G (veraltet),9.972512,53.581276,2025-03,8531.088623638056,2169.9113763619443,368.8174108408333,375.1825891591667,23.13092704649925,5.783614269588042,3.9993896495014405,True
5894,Zählfeld B_31.6_2_G (veraltet),9.972512,53.581276,2025-04,9812.757966486944,1037.2420335130555,421.24926776527775,298.75073223472225,23.29442142070301,3.471931351445579,6.709355417123702,True
5894,Zählfeld B_31.6_2_G (veraltet),9.972512,53.581276,2025-05,10134.378242288056,626.6217577119445,493.9207367352778,250.07926326472221,20.518227902870347,2.5056925933464225,8.188645310024913,True
5894,Zählfeld B_31.6_2_G (veraltet),9.972512,53.581276,2025-06,10284.899802347778,386.1001976522222,508.2723593,211.7276407,20.23501694349913,1.823570112885229,11.096374524083172,True
5894,Zählfeld B_31.6_2_G (veraltet),9.972512,53.581276,2025-07,12119.477888132778,585.5221118672222,508.95938871444446,235.04061128555554,23.812269027485225,2.491152948695575,9.558734255941161,True
5894,Zählfeld B_31.6_2_G (veraltet),9.972512,53.581276,2025-08,8484.33387343861,955.6661265613889,456.3271263661111,287.6728736338889,18.592657291715838,3.322058539929042,5.596727772326664,True
5894,Zählfeld B_31.6_2_G (veraltet),9.972512,53.581276,2025-09,10656.034089107223,1765.9659108927779,379.47910540944446,340.52089459055554,28.08068728213571,5.186072099969626,5.41463495702271,True
5894,Zählfeld B_31.6_2_G (veraltet),9.972512,53.581276,2025-10,8693.78291794639,2692.217082053611,326.24710055888886,417.7528994411111,26.647847300568202,6.444520398674389,4.1349620533514875,True
5894,Zählfeld B_31.6_2_G (veraltet),9.972512,53.581276,2025-11,5843.778368935278,4198.221631064722,257.97459228055556,462.0254077194445,22.65253456658237,9.086560091548053,2.4929714147439395,True
5894,Zählfeld B_31.6_2_G (veraltet),9.972512,53.581276,2025-12,5838.680058328333,4622.319941671667,234.07368837805555,509.9263116219445,24.943769198433795,9.064682163525267,2.751753315610255,True
5894,Zählfeld B_31.6_2_G (veraltet),9.972512,53.581276,2026-01,3596.486149598611,2535.513850401389,251.92644384916667,492.0735561508333,14.275937430974487,5.152713082643661,2.7705671171681163,True
5894,Zählfeld B_31.6_2_G (veraltet),9.972512,53.581276,2026-02,5140.806572746945,2141.1934272530557,274.9950323086111,397.00496769138886,18.694179780592233,5.393366837962362,3.4661428273354713,True
5895,Zählfeld G_40.8_1_G (veraltet),10.04128,53.59968,2025-01,14.944583131111111,8.055416868888889,252.25277094527777,491.74722905472225,0.059244475591323044,0.01638121456093141,,False
5895,Zählfeld G_40.8_1_G (veraltet),10.04128,53.59968,2025-02,10.790098724444444,9.209901275555556,275.4455073022222,396.55449269777773,0.03917326091147827,0.023224806288034187,,False
5895,Zählfeld G_40.8_1_G (veraltet),10.04128,53.59968,2025-03,19.249242797222223,9.750757202777777,368.8174108408333,375.1825891591667,0.05219179526622028,0.025989364870663376,,False
5895,Zählfeld G_40.8_1_G (veraltet),10.04128,53.59968,2025-04,24.126067675555554,6.873932324444445,421.24926776527775,298.75073223472225,0.057272663768756324,0.023008922097113853,,False
5895,Zählfeld G_40.8_1_G (veraltet),10.04128,53.59968,2025-05,24.0,1.0,493.9207367352778,250.07926326472221,0.04859079243895577,0.003998732189727569,,False
5895,Zählfeld G_40.8_1_G (veraltet),10.04128,53.59968,2025-06,22.66824979277778,5.331750207222222,508.2723593,211.7276407,0.04459862783802924,0.025182116938509965,,False
5895,Zählfeld G_40.8_1_G (veraltet),10.04128,53.59968,2025-07,27.556245878333332,5.443754121666666,508.95938871444446,235.04061128555554,0.054142327441755816,0.023160908627202898,,False
5895,Zählfeld G_40.8_1_G (veraltet),10.04128,53.59968,2025-08,37.985615265,8.014384735,456.3271263661111,287.6728736338889,0.08324207146634574,0.02785936899006899,,False
5895,Zählfeld G_40.8_1_G (veraltet),10.04128,53.59968,2025-09,22.50351978361111,7.496480216388889,379.47910540944446,340.52089459055554,0.059301077352679574,0.022014743692608654,,False
5895,Zählfeld G_40.8_1_G (veraltet),10.04128,53.59968,2025-10,17.53530041361111,13.464699586388889,326.24710055888886,417.7528994411111,0.053748524917376,0.03223125346204079,1.6675902778859162,True
5895,Zählfeld G_40.8_1_G (veraltet),10.04128,53.59968,2025-11,20.06348480666667,11.936515193333333,257.97459228055556,462.0254077194445,0.07777310404602555,0.025835192164543337,3.0103551601509935,True
5895,Zählfeld G_40.8_1_G (veraltet),10.04128,53.59968,2025-12,12.434758118333333,11.565241881666667,234.07368837805555,509.9263116219445,0.05312326303949972,0.022680221863587716,2.342272635559497,True
5895,Zählfeld G_40.8_1_G (veraltet),10.04128,53.59968,2026-01,11.812736705833334,12.187263294166666,251.92644384916667,492.0735561508333,0.04688962589773169,0.024767157555670303,1.8932178952039884,True
5895,Zählfeld G_40.8_1_G (veraltet),10.04128,53.59968,2026-02,7.895398138611111,6.104601861388889,274.9950323086111,397.00496769138886,0.028711057331939585,0.015376638476056276,,False
5896,Zählfeld G_40.8_2_I (veraltet),10.04128,53.59968,2025-01,6507.166903315833,5397.833096684167,252.25277094527777,491.74722905472225,25.796215751887456,10.976844967810665,2.3500574006041117,True
5896,Zählfeld G_40.8_2_I (veraltet),10.04128,53.59968,2025-02,8076.070476283611,4093.9295237163888,275.4455073022222,396.55449269777773,29.32002977787707,10.323750201051071,2.840056104311006,True
5896,Zählfeld G_40.8_2_I (veraltet),10.04128,53.59968,2025-03,15297.736123072778,3727.263876927222,368.8174108408333,375.1825891591667,41.47780357819025,9.934533170317174,4.175113502275015,True
5896,Zählfeld G_40.8_2_I (veraltet),10.04128,53.59968,2025-04,20331.048752494444,2901.951247505556,421.24926776527775,298.75073223472225,48.26370111062842,9.713620535080572,4.968662398981399,True
5896,Zählfeld G_40.8_2_I (veraltet),10.04128,53.59968,2025-05,23847.066963737223,1809.9330362627777,493.9207367352778,250.07926326472221,48.28116171303478,7.237437493355325,6.671029871741427,True
5896,Zählfeld G_40.8_2_I (veraltet),10.04128,53.59968,2025-06,24048.2736274575,1308.7263725425,508.2723593,211.7276407,47.31375450078995,6.181178651099474,7.654487464518444,True
5896,Zählfeld G_40.8_2_I (veraltet),10.04128,53.59968,2025-07,24238.602892920833,1658.3971070791667,508.95938871444446,235.04061128555554,47.623844712136915,7.055789627199135,6.749612336591399,True
5896,Zählfeld G_40.8_2_I (veraltet),10.04128,53.59968,2025-08,23237.22173987222,2755.7782601277777,456.3271263661111,287.6728736338889,50.92228885211835,9.579555504544928,5.315725643842113,True
5896,Zählfeld G_40.8_2_I (veraltet),10.04128,53.59968,2025-09,19238.447884540277,4462.552115459722,379.47910540944446,340.52089459055554,50.69698860964341,13.105075742343278,3.8685002365792083,True
5896,Zählfeld G_40.8_2_I (veraltet),10.04128,53.59968,2025-10,12153.94516878639,5072.054831213611,326.24710055888886,417.7528994411111,37.25380286281673,12.141279780461698,3.0683588168989604,True
5896,Zählfeld G_40.8_2_I (veraltet),10.04128,53.59968,2025-11,8685.082454491667,6792.917545508333,257.97459228055556,462.0254077194445,33.666425742603224,14.70247616692369,2.2898473264213086,True
5896,Zählfeld G_40.8_2_I (veraltet),10.04128,53.59968,2025-12,7334.952107424722,6937.047892575278,234.07368837805555,509.9263116219445,31.33608120694857,13.604020295619405,2.303442697526629,True
5896,Zählfeld G_40.8_2_I (veraltet),10.04128,53.59968,2026-01,3802.6951320480557,3068.3048679519443,251.92644384916667,492.0735561508333,15.094465963742989,6.235459779536352,2.42074626369659,True
5896,Zählfeld G_40.8_2_I (veraltet),10.04128,53.59968,2026-02,5879.761529814445,3151.2384701855553,274.9950323086111,397.00496769138886,21.381337257088802,7.937529065467929,2.693701916646568,True
5897,Zählfeld A_38.2_1_I (veraltet),10.010372,53.576862,2025-01,11291.508529222223,9312.491470777777,252.25277094527777,491.74722905472225,44.76267391200129,18.937557591690002,2.363698364758696,True
5897,Zählfeld A_38.2_1_I (veraltet),10.010372,53.576862,2025-02,14739.117576605555,6515.882423394444,275.4455073022222,396.55449269777773,53.51010339926733,16.43124096026906,3.2566075519588207,True
5897,Zählfeld A_38.2_1_I (veraltet),10.010372,53.576862,2025-03,27953.32230769889,4393.677692301111,368.8174108408333,375.1825891591667,75.79176439629207,11.71077181952371,6.471970042993682,True
5897,Zählfeld A_38.2_1_I (veraltet),10.010372,53.576862,2025-04,36290.65536351556,5780.344636484445,421.24926776527775,298.75073223472225,86.15007346134284,19.34838650685866,4.452571455030846,True
5897,Zählfeld A_38.2_1_I (veraltet),10.010372,53.576862,2025-05,39167.47463998,2633.52536002,493.9207367352778,250.07926326472221,79.29910960788884,10.53076262957586,7.530234266716419,True
5897,Zählfeld A_38.2_1_I (veraltet),10.010372,53.576862,2025-06,41196.20315262083,1640.7968473791666,508.2723593,211.7276407,81.05143315162137,7.749563741202953,10.458838182165834,True
5897,Zählfeld A_38.2_1_I (veraltet),10.010372,53.576862,2025-07,40277.4285942125,2538.5714057874998,508.95938871444446,235.04061128555554,79.13682208701815,10.800565025349337,7.3271001934881195,True
5897,Zählfeld A_38.2_1_I (veraltet),10.010372,53.576862,2025-08,38138.111303645834,4702.888696354166,456.3271263661111,287.6728736338889,83.57625286787716,16.34804365440228,5.112309132192178,True
5897,Zählfeld A_38.2_1_I (veraltet),10.010372,53.576862,2025-09,32960.71436919972,8579.285630800277,379.47910540944446,340.52089459055554,86.8577845244899,25.19459383282798,3.447477069914745,True
5897,Zählfeld A_38.2_1_I (veraltet),10.010372,53.576862,2025-10,20377.583218225278,9126.416781774722,326.24710055888886,417.7528994411111,62.46058028812135,21.846447490812054,2.859072639356598,True
5897,Zählfeld A_38.2_1_I (veraltet),10.010372,53.576862,2025-11,15501.041649983612,10492.958350016388,257.97459228055556,462.0254077194445,60.087474169261355,22.71078207973364,2.6457686026973706,True
5897,Zählfeld A_38.2_1_I (veraltet),10.010372,53.576862,2025-12,11397.039587060555,10125.960412939445,234.07368837805555,509.9263116219445,48.68996454079471,19.85769351797394,2.451944607601261,True
5897,Zählfeld A_38.2_1_I (veraltet),10.010372,53.576862,2026-01,5345.878344223611,4100.121655776389,251.92644384916667,492.0735561508333,21.219996847271396,8.332334880681122,2.546704753366415,True
5897,Zählfeld A_38.2_1_I (veraltet),10.010372,53.576862,2026-02,9997.168996443055,4350.831003556945,274.9950323086111,397.00496769138886,36.35399851595795,10.95913491676773,3.317232499833129,True
5898,Zählfeld A_38.2_2_G (veraltet),10.010372,53.576862,2025-01,8965.047580923056,7292.952419076944,252.25277094527777,491.74722905472225,35.539936974043705,14.830693470497167,2.3963772863854023,True
5898,Zählfeld A_38.2_2_G (veraltet),10.010372,53.576862,2025-02,11835.365196019444,5112.634803980555,275.4455073022222,396.55449269777773,42.96808218779018,12.892641233740854,3.3327602473991136,True
5898,Zählfeld A_38.2_2_G (veraltet),10.010372,53.576862,2025-03,23022.209171886665,3508.790828113333,368.8174108408333,375.1825891591667,62.421698366680744,9.352221903412397,6.674531358575291,True
5898,Zählfeld A_38.2_2_G (veraltet),10.010372,53.576862,2025-04,30549.6427216775,4159.3572783225,421.24926776527775,298.75073223472225,72.52153311445022,13.922500698858803,5.208944476504472,True
5898,Zählfeld A_38.2_2_G (veraltet),10.010372,53.576862,2025-05,31858.640309733888,1713.359690266111,493.9207367352778,250.07926326472221,64.50152411156787,6.851266546048757,9.414540169768612,True
5898,Zählfeld A_38.2_2_G (veraltet),10.010372,53.576862,2025-06,33897.670077152776,983.3299228472222,508.2723593,211.7276407,66.69194076151835,4.644315308082598,14.359908046177008,True
5898,Zählfeld A_38.2_2_G (veraltet),10.010372,53.576862,2025-07,32841.165292758335,1541.8347072416666,508.95938871444446,235.04061128555554,64.52610173025833,6.559865117813452,9.836498246745402,True
5898,Zählfeld A_38.2_2_G (veraltet),10.010372,53.576862,2025-08,29396.597457815835,2879.4025421841666,456.3271263661111,287.6728736338889,64.4200087159205,10.00929460540197,6.436018846038694,True
5898,Zählfeld A_38.2_2_G (veraltet),10.010372,53.576862,2025-09,26590.58877725361,6048.411222746389,379.47910540944446,340.52089459055554,70.07128560757862,17.76223227070702,3.9449594251246354,True
5898,Zählfeld A_38.2_2_G (veraltet),10.010372,53.576862,2025-10,15857.104653983333,6331.895346016667,326.24710055888886,417.7528994411111,48.60458415360251,15.157035066633327,3.206734294664302,True
5898,Zählfeld A_38.2_2_G (veraltet),10.010372,53.576862,2025-11,11464.675665254445,8309.324334745555,257.97459228055556,462.0254077194445,44.44110392385559,17.984561446004335,2.4710696481136134,True
5898,Zählfeld A_38.2_2_G (veraltet),10.010372,53.576862,2025-12,8738.414030939723,7955.585969060277,234.07368837805555,509.9263116219445,37.33189360790604,15.60144238047965,2.39284885957822,True
5898,Zählfeld A_38.2_2_G (veraltet),10.010372,53.576862,2026-01,4129.423942724445,3202.5760572755557,251.92644384916667,492.0735561508333,16.39138742099187,6.508327905948034,2.5185251354670677,True
5898,Zählfeld A_38.2_2_G (veraltet),10.010372,53.576862,2026-02,7595.257759623333,3378.742240376667,274.9950323086111,397.00496769138886,27.619618055862233,8.510579250492217,3.2453276378649347,True
5899,Zählfeld I_38.2_1_I (veraltet),10.010398,53.576874,2025-01,384.24487430666665,957.7551256933333,252.25277094527777,491.74722905472225,1.5232533338157956,1.947657392059759,0.7820951159201918,True
5899,Zählfeld I_38.2_1_I (veraltet),10.010398,53.576874,2025-02,562.3305871197222,735.6694128802778,275.4455073022222,396.55449269777773,2.0415311639217486,1.8551533936117741,1.1004648839021975,True
5899,Zählfeld I_38.2_1_I (veraltet),10.010398,53.576874,2025-03,1111.8377088294444,490.16229117055553,368.8174108408333,375.1825891591667,3.014602012130248,1.3064633203504283,2.307452467415351,True
5899,Zählfeld I_38.2_1_I (veraltet),10.010398,53.576874,2025-04,1256.661476671389,1034.338523328611,421.24926776527775,298.75073223472225,2.983177830404223,3.4622125127243293,0.8616391453269963,True
5899,Zählfeld I_38.2_1_I (veraltet),10.010398,53.576874,2025-05,1941.8159033744444,667.1840966255555,493.9207367352778,250.07926326472221,3.9314322298137925,2.667890523650918,1.4736107778642131,True
5899,Zählfeld I_38.2_1_I (veraltet),10.010398,53.576874,2025-06,2303.1477851841664,458.85221481583335,508.2723593,211.7276407,4.531326055888805,2.167181447348142,2.0908844810541978,True
5899,Zählfeld I_38.2_1_I (veraltet),10.010398,53.576874,2025-07,1998.114405706111,696.8855942938889,508.95938871444446,235.04061128555554,3.9258818090634895,2.9649582277814477,1.3240934635362671,True
5899,Zählfeld I_38.2_1_I (veraltet),10.010398,53.576874,2025-08,1444.389664316389,930.6103356836111,456.3271263661111,287.6728736338889,3.1652504987344443,3.2349603350782594,0.9784511001300643,True
5899,Zählfeld I_38.2_1_I (veraltet),10.010398,53.576874,2025-09,1098.9876191263888,1532.0123808736112,379.47910540944446,340.52089459055554,2.8960425052668453,4.499026066273297,0.6437043179137969,True
5899,Zählfeld I_38.2_1_I (veraltet),10.010398,53.576874,2025-10,636.4405795361112,1719.559420463889,326.24710055888886,417.7528994411111,1.9507930597569592,4.116211815081102,0.4739292211857476,True
5899,Zählfeld I_38.2_1_I (veraltet),10.010398,53.576874,2025-11,775.5996817919445,1051.4003182080555,257.97459228055556,462.0254077194445,3.0064963953832136,2.275633115931358,1.32116920532365,True
5899,Zählfeld I_38.2_1_I (veraltet),10.010398,53.576874,2025-12,369.9821672936111,851.0178327063888,234.07368837805555,509.9263116219445,1.58062262297524,1.668903551965224,0.9471024380731718,True
5899,Zählfeld I_38.2_1_I (veraltet),10.010398,53.576874,2026-01,379.3643467511111,724.6356532488888,251.92644384916667,492.0735561508333,1.5058536172496604,1.4726165309862114,1.0225700890653389,True
5899,Zählfeld I_38.2_1_I (veraltet),10.010398,53.576874,2026-02,431.5107559655556,603.4892440344445,274.9950323086111,397.00496769138886,1.5691583674911476,1.5201050191985654,1.03226971010098,True
5900,Zählfeld I_38.2_2_G (veraltet),10.010398,53.576874,2025-01,219.4572252275,205.5427747725,252.25277094527777,491.74722905472225,0.8699893539528561,0.41798461206911436,2.0813908666307603,True
5900,Zählfeld I_38.2_2_G (veraltet),10.010398,53.576874,2025-02,269.54353630916665,151.45646369083335,275.4455073022222,396.55449269777773,0.9785729996075782,0.3819310245622697,2.5621720590232715,True
5900,Zählfeld I_38.2_2_G (veraltet),10.010398,53.576874,2025-03,593.8261053241666,161.17389467583334,368.8174108408333,375.1825891591667,1.6100815413522818,0.4295878842273708,3.747967762750272,True
5900,Zählfeld I_38.2_2_G (veraltet),10.010398,53.576874,2025-04,2628.7828273894443,46.21717261055556,421.24926776527775,298.75073223472225,6.240444859014486,0.15470145383357148,40.338630984864466,True
5900,Zählfeld I_38.2_2_G (veraltet),10.010398,53.576874,2025-05,1174.7613213725,40.2386786275,493.9207367352778,250.07926326472221,2.3784409805051903,0.16090369949988703,14.781766907148459,True
5900,Zählfeld I_38.2_2_G (veraltet),10.010398,53.576874,2025-06,3831.7732158866665,29.226784113333334,508.2723593,211.7276407,7.538818796213588,0.13803953048692963,54.61347752792746,True
5900,Zählfeld I_38.2_2_G (veraltet),10.010398,53.576874,2025-07,1597.633882995,33.366117005,508.95938871444446,235.04061128555554,3.1390203588352796,0.14195894412673576,22.112170375350754,True
5900,Zählfeld I_38.2_2_G (veraltet),10.010398,53.576874,2025-08,1497.451624081111,45.54837591888889,456.3271263661111,287.6728736338889,3.2815310279838728,0.15833392750425504,20.725381348831164,True
5900,Zählfeld I_38.2_2_G (veraltet),10.010398,53.576874,2025-09,1661.0717383975,79.9282616025,379.47910540944446,340.52089459055554,4.377241631275753,0.23472351586121093,18.648500620892033,True
5900,Zählfeld I_38.2_2_G (veraltet),10.010398,53.576874,2025-10,770.0023959883333,150.99760401166665,326.24710055888886,417.7528994411111,2.3601815760791562,0.36145195931297697,6.529724117598441,True
5900,Zählfeld I_38.2_2_G (veraltet),10.010398,53.576874,2025-11,383.41533960472225,297.58466039527775,257.97459228055556,462.0254077194445,1.4862523328954267,0.6440872199305108,2.307532717472294,True
5900,Zählfeld I_38.2_2_G (veraltet),10.010398,53.576874,2025-12,263.1837776072222,259.8162223927778,234.07368837805555,509.9263116219445,1.1243629278919662,0.5095171919377315,2.2067222572332272,True
5900,Zählfeld I_38.2_2_G (veraltet),10.010398,53.576874,2026-01,213.66711423972222,171.33288576027778,251.92644384916667,492.0735561508333,0.8481329350548406,0.348185517426504,2.4358650564317825,True
5900,Zählfeld I_38.2_2_G (veraltet),10.010398,53.576874,2026-02,312.80552682916664,114.19447317083333,274.9950323086111,397.00496769138886,1.1374951911062998,0.2876399099862202,3.954580541903219,True
7648,Zählfeld J_52.1_1_I (veraltet),9.978648,53.461315,2025-01,5252.2905315083335,3879.7094684916665,252.25277094527777,491.74722905472225,20.821537507105262,7.889641749379186,2.6390979677554625,True
7648,Zählfeld J_52.1_1_I (veraltet),9.978648,53.461315,2025-02,6359.712853959722,2615.2871460402775,275.4455073022222,396.55449269777773,23.088824051799715,6.595025889754428,3.5009451725836134,True
7648,Zählfeld J_52.1_1_I (veraltet),9.978648,53.461315,2025-03,10610.845538491389,2169.154461508611,368.8174108408333,375.1825891591667,28.76991494056825,5.781596812288038,4.976119206275593,True
7648,Zählfeld J_52.1_1_I (veraltet),9.978648,53.461315,2025-04,14693.441369934166,1884.5586300658333,421.24926776527775,298.75073223472225,34.880633616012425,6.308130580865572,5.5294723482446155,True
7648,Zählfeld J_52.1_1_I (veraltet),9.978648,53.461315,2025-05,16099.483209910555,889.5167900894445,493.9207367352778,250.07926326472221,32.595276959467384,3.5569394218338033,9.163854958953076,True
7648,Zählfeld J_52.1_1_I (veraltet),9.978648,53.461315,2025-06,18564.75866779972,823.2413322002777,508.2723593,211.7276407,36.52521788390652,3.888209066508895,9.393841035585416,True
7648,Zählfeld J_52.1_1_I (veraltet),9.978648,53.461315,2025-07,18601.58558956111,1005.4144104388889,508.95938871444446,235.04061128555554,36.54827084837936,4.277619960821966,8.54406683696053,True
7648,Zählfeld J_52.1_1_I (veraltet),9.978648,53.461315,2025-08,16402.859568880835,1741.1404311191666,456.3271263661111,287.6728736338889,35.94539667081029,6.05250126341441,5.93893253489919,True
7648,Zählfeld J_52.1_1_I (veraltet),9.978648,53.461315,2025-09,15485.301513803888,3030.698486196111,379.47910540944446,340.52089459055554,40.806730312847655,8.900183613813894,4.584931287205345,True
7648,Zählfeld J_52.1_1_I (veraltet),9.978648,53.461315,2025-10,10152.400420412778,3511.5995795872223,326.24710055888886,417.7528994411111,31.118745279332316,8.405925091807143,3.702001259761675,True
7648,Zählfeld J_52.1_1_I (veraltet),9.978648,53.461315,2025-11,7044.159496102222,4899.840503897778,257.97459228055556,462.0254077194445,27.305632829303885,10.605132146483827,2.574756490738984,True
7648,Zählfeld J_52.1_1_I (veraltet),9.978648,53.461315,2025-12,5453.088701966389,4585.911298033611,234.07368837805555,509.9263116219445,23.29646163886234,8.99328234984974,2.5904292484769567,True
7648,Zählfeld J_52.1_1_I (veraltet),9.978648,53.461315,2026-01,2348.5511477019445,1958.4488522980555,251.92644384916667,492.0735561508333,9.322368512882548,3.9799920719530397,2.3423083122645334,True
7648,Zählfeld J_52.1_1_I (veraltet),9.978648,53.461315,2026-02,4144.557004441389,1718.442995558611,274.9950323086111,397.00496769138886,15.071388634359733,4.328517614153483,3.4818822464944974,True
7649,Zählfeld J_52.1_2_I (veraltet),9.978648,53.461315,2025-01,4686.533428564445,4973.466571435555,252.25277094527777,491.74722905472225,18.57871931793809,10.113868015069388,1.8369548910719722,True
7649,Zählfeld J_52.1_2_I (veraltet),9.978648,53.461315,2025-02,5654.008440048889,3555.991559951111,275.4455073022222,396.55449269777773,20.52677676766476,8.967220458806413,2.2890902328052043,True
7649,Zählfeld J_52.1_2_I (veraltet),9.978648,53.461315,2025-03,9974.562254465556,3151.4377455344443,368.8174108408333,375.1825891591667,27.044716331925486,8.399744115517803,3.219707167265096,True
7649,Zählfeld J_52.1_2_I (veraltet),9.978648,53.461315,2025-04,12766.09229861111,3736.907701388889,421.24926776527775,298.75073223472225,30.305316294874707,12.508447003413128,2.4227880796557257,True
7649,Zählfeld J_52.1_2_I (veraltet),9.978648,53.461315,2025-05,14994.214064185833,2418.785935814167,493.9207367352778,250.07926326472221,30.357530974088554,9.672077181600432,3.138677494410287,True
7649,Zählfeld J_52.1_2_I (veraltet),9.978648,53.461315,2025-06,17614.005114244723,2046.9948857552777,508.2723593,211.7276407,34.65465865289819,9.668056938563325,3.5844491683401154,True
7649,Zählfeld J_52.1_2_I (veraltet),9.978648,53.461315,2025-07,17187.7227532825,2830.2772467175,508.95938871444446,235.04061128555554,33.770322611979175,12.041651998934514,2.804459273110308,True
7649,Zählfeld J_52.1_2_I (veraltet),9.978648,53.461315,2025-08,14818.768923969723,3978.2310760302776,456.3271263661111,287.6728736338889,32.474003993531234,13.829010103654165,2.348252242938946,True
7649,Zählfeld J_52.1_2_I (veraltet),9.978648,53.461315,2025-09,12705.5050571925,5754.4949428075,379.47910540944446,340.52089459055554,33.4814351464324,16.89909498718644,1.9812561070175265,True
7649,Zählfeld J_52.1_2_I (veraltet),9.978648,53.461315,2025-10,8257.746744603333,5762.253255396667,326.24710055888886,417.7528994411111,25.31132607908887,13.793448862008312,1.835025187123764,True
7649,Zählfeld J_52.1_2_I (veraltet),9.978648,53.461315,2025-11,6553.543572246945,5812.456427753055,257.97459228055556,462.0254077194445,25.4038334330218,12.580382659999838,2.01932120187369,True
7649,Zählfeld J_52.1_2_I (veraltet),9.978648,53.461315,2025-12,4776.102935950833,5498.897064049167,234.07368837805555,509.9263116219445,20.404270847549874,10.783709211941995,1.8921384512996666,True
7649,Zählfeld J_52.1_2_I (veraltet),9.978648,53.461315,2026-01,2142.767172741389,2163.232827258611,251.92644384916667,492.0735561508333,8.505527010194713,4.3961574447937295,1.9347639653506081,True
7649,Zählfeld J_52.1_2_I (veraltet),9.978648,53.461315,2026-02,3647.1625288513887,2275.8374711486113,274.9950323086111,397.00496769138886,13.262648776718223,5.732516357119565,2.313582369502796,True
7650,Zählfeld B_45.3_2_I (veraltet),10.119637,53.60592,2025-01,4680.2898998125,3427.7101001875,252.25277094527777,491.74722905472225,18.553968236994372,6.970471611556473,2.6617952515915,True
7650,Zählfeld B_45.3_2_I (veraltet),10.119637,53.60592,2025-02,5162.2352699825,2319.7647300175,275.4455073022222,396.55449269777773,18.741403047530675,5.849800652203025,3.203767813946394,True
7650,Zählfeld B_45.3_2_I (veraltet),10.119637,53.60592,2025-03,8046.229568613611,1740.770431386389,368.8174108408333,375.1825891591667,21.81629535945644,4.639795346814156,4.70199518054956,True
7650,Zählfeld B_45.3_2_I (veraltet),10.119637,53.60592,2025-04,10959.90903852,1761.09096148,421.24926776527775,298.75073223472225,26.01763344696641,5.894850694780381,4.413620428080363,True
7650,Zählfeld B_45.3_2_I (veraltet),10.119637,53.60592,2025-05,12020.280535686112,962.7194643138889,493.9207367352778,250.07926326472221,24.336456523647666,3.8496573116292296,6.32172023471568,True
7650,Zählfeld B_45.3_2_I (veraltet),10.119637,53.60592,2025-06,13507.523324330834,709.4766756691666,508.2723593,211.7276407,26.57536471771471,3.3508930308935647,7.930830519716112,True
7650,Zählfeld B_45.3_2_I (veraltet),10.119637,53.60592,2025-07,12791.931474869445,905.0685251305556,508.95938871444446,235.04061128555554,25.13350133333812,3.8506899730232993,6.5270124339833595,True
7650,Zählfeld B_45.3_2_I (veraltet),10.119637,53.60592,2025-08,10828.578787880833,1425.4212121191667,456.3271263661111,287.6728736338889,23.729859923324103,4.955007380825381,4.789066513836614,True
7650,Zählfeld B_45.3_2_I (veraltet),10.119637,53.60592,2025-09,10927.712446891666,2644.287553108333,379.47910540944446,340.52089459055554,28.796611700401932,7.76541937694555,3.708313782240154,True
7650,Zählfeld B_45.3_2_I (veraltet),10.119637,53.60592,2025-10,7341.023181794722,2786.9768182052776,326.24710055888886,417.7528994411111,22.501420454676623,6.671352423726615,3.3728424201741296,True
7650,Zählfeld B_45.3_2_I (veraltet),10.119637,53.60592,2025-11,5164.807590411667,4080.1924095883332,257.97459228055556,462.0254077194445,20.020605691256502,8.831099635251979,2.2670569372061276,True
7650,Zählfeld B_45.3_2_I (veraltet),10.119637,53.60592,2025-12,3940.230602848611,3660.769397151389,234.07368837805555,509.9263116219445,16.833291388499383,7.179016484768991,2.3447907417698386,True
7650,Zählfeld B_45.3_2_I (veraltet),10.119637,53.60592,2026-01,1759.7220043291666,1277.2779956708334,251.92644384916667,492.0735561508333,6.985062693072216,2.595705417828457,2.6910074791598864,True
7650,Zählfeld B_45.3_2_I (veraltet),10.119637,53.60592,2026-02,3314.2861198675,1541.7138801325,274.9950323086111,397.00496769138886,12.052167241145169,3.8833616846098225,3.103539721501913,True
7758,Zählfeld B_41.4_1_G (veraltet),10.018459,53.649273,2025-01,541.4499121116667,493.55008788833334,252.25277094527777,491.74722905472225,2.1464577379374976,1.0036662307931592,2.1386170741654165,True
7758,Zählfeld B_41.4_1_G (veraltet),10.018459,53.649273,2025-02,690.2326822602778,385.7673177397222,275.4455073022222,396.55449269777773,2.5058774384108795,0.9727977487162738,2.5759490518123553,True
7758,Zählfeld B_41.4_1_G (veraltet),10.018459,53.649273,2025-03,1112.0193541430556,336.9806458569444,368.8174108408333,375.1825891591667,3.0150945195560688,0.8981777289083754,3.356901894261557,True
7758,Zählfeld B_41.4_1_G (veraltet),10.018459,53.649273,2025-04,1481.8130074402777,386.1869925597222,421.24926776527775,298.75073223472225,3.5176631055082366,1.2926729573881115,2.721232068330563,True
7758,Zählfeld B_41.4_1_G (veraltet),10.018459,53.649273,2025-05,1982.8876485266667,211.11235147333335,493.9207367352778,250.07926326472221,4.014586756638681,0.8441817554854986,4.755595261982233,True
7758,Zählfeld B_41.4_1_G (veraltet),10.018459,53.649273,2025-06,2126.5247723883335,144.47522761166667,505.2723593,211.7276407,4.208670300774819,0.6823635645020752,6.167782864910015,True
7758,Zählfeld B_41.4_1_G (veraltet),10.018459,53.649273,2025-07,2069.811313135,207.188686865,508.95938871444446,235.04061128555554,4.066751412844618,0.8815016508499559,4.613435957747102,True
7758,Zählfeld B_41.4_1_G (veraltet),10.018459,53.649273,2025-08,1593.0723826455555,289.92761735444446,456.3271263661111,287.6728736338889,3.4910753505533094,1.0078378739436693,3.4639255388297054,True
7758,Zählfeld B_41.4_1_G (veraltet),10.018459,53.649273,2025-09,1616.6053644469443,537.3946355530555,379.47910540944446,340.52089459055554,4.260064233846775,1.5781546568507117,2.69939591494027,True
7758,Zählfeld B_41.4_1_G (veraltet),10.018459,53.649273,2025-10,1216.8315616866666,541.1684383133334,326.24710055888886,417.7528994411111,3.729785060471438,1.2954271269866307,2.879193265890233,True
7758,Zählfeld B_41.4_1_G (veraltet),10.018459,53.649273,2025-11,848.5470736172222,541.4529263827778,257.97459228055556,462.0254077194445,3.2892660711889032,1.1719115817794248,2.8067527638855636,True
7758,Zählfeld B_41.4_1_G (veraltet),10.018459,53.649273,2025-12,676.137322155,582.862677845,234.07368837805555,509.9263116219445,2.888566104290037,1.143033149223196,2.527106152829516,True
7758,Zählfeld B_41.4_1_G (veraltet),10.018459,53.649273,2026-01,316.309254715,230.690745285,251.92644384916667,492.0735561508333,1.2555619405495224,0.46881353895450395,2.6781691146325204,True
7758,Zählfeld B_41.4_1_G (veraltet),10.018459,53.649273,2026-02,505.91253780222223,299.08746219777777,274.9950323086111,397.00496769138886,1.8397151888709966,0.7533594955675036,2.4420150004018257,True
7759,Zählfeld B_41.4_2_I (veraltet),10.018459,53.649273,2025-01,2643.148469786111,1793.851530213889,252.25277094527777,491.74722905472225,10.478174173791336,3.647913855380905,2.8723743457744657,True
7759,Zählfeld B_41.4_2_I (veraltet),10.018459,53.649273,2025-02,3317.376389837222,1437.6236101627778,275.4455073022222,396.55449269777773,12.043675797541166,3.6252864023366898,3.32213085006977,True
7759,Zählfeld B_41.4_2_I (veraltet),10.018459,53.649273,2025-03,5963.80984752,1228.19015248,368.8174108408333,375.1825891591667,16.170087615776197,3.273579819448805,4.939573344052098,True
7759,Zählfeld B_41.4_2_I (veraltet),10.018459,53.649273,2025-04,7817.6455732875,1511.3544267125,421.24926776527775,298.75073223472225,18.55824133478027,5.0589145519652154,3.668423560854774,True
7759,Zählfeld B_41.4_2_I (veraltet),10.018459,53.649273,2025-05,8885.434401937222,845.5655980627778,493.9207367352778,250.07926326472221,17.98959578143703,3.381190375499873,5.320491833819756,True
7759,Zählfeld B_41.4_2_I (veraltet),10.018459,53.649273,2025-06,9091.96023596639,595.039764033611,505.2723593,211.7276407,17.994176939665397,2.81040190154828,6.402705936738875,True
7759,Zählfeld B_41.4_2_I (veraltet),10.018459,53.649273,2025-07,9743.66680688111,823.3331931188889,508.95938871444446,235.04061128555554,19.144291318590586,3.5029401456014972,5.4652065187666174,True
7759,Zählfeld B_41.4_2_I (veraltet),10.018459,53.649273,2025-08,8822.815261252223,1013.1847387477777,456.3271263661111,287.6728736338889,19.334408917373196,3.5220030514146496,5.489605952955471,True
7759,Zählfeld B_41.4_2_I (veraltet),10.018459,53.649273,2025-09,8323.379763385834,2027.6202366141667,379.47910540944446,340.52089459055554,21.93369712518217,5.954466433116211,3.6835705384442625,True
7759,Zählfeld B_41.4_2_I (veraltet),10.018459,53.649273,2025-10,5404.800787822778,2063.1992121772223,326.24710055888886,417.7528994411111,16.56658642655796,4.938802854360711,3.3543728946237468,True
7759,Zählfeld B_41.4_2_I (veraltet),10.018459,53.649273,2025-11,3957.317232891111,2419.682767108889,257.97459228055556,462.0254077194445,15.339949558239452,5.237120571036197,2.929080847035826,True
7759,Zählfeld B_41.4_2_I (veraltet),10.018459,53.649273,2025-12,3163.0396638116667,2355.9603361883333,234.07368837805555,509.9263116219445,13.513008171610467,4.62019762952539,2.9247684309553206,True
7759,Zählfeld B_41.4_2_I (veraltet),10.018459,53.649273,2026-01,1053.6174852277777,760.3825147722222,251.92644384916667,492.0735561508333,4.182242519402208,1.5452618927954445,2.706494309412079,True
7759,Zählfeld B_41.4_2_I (veraltet),10.018459,53.649273,2026-02,2019.8318854627778,891.1681145372222,274.9950323086111,397.00496769138886,7.344975901950246,2.244727867561522,3.27210082259512,True
7762,Zählfeld A_41.2_1_G (veraltet),10.017069,53.649292,2025-01,2804.6029201925,2132.3970798075,252.25277094527777,491.74722905472225,11.118224428943593,4.336368267710573,2.563948387809222,True
7762,Zählfeld A_41.2_1_G (veraltet),10.017069,53.649292,2025-02,3012.274948151111,1502.7250518488888,275.4455073022222,396.55449269777773,10.936010456856012,3.78945410913336,2.885906555906823,True
7762,Zählfeld A_41.2_1_G (veraltet),10.017069,53.649292,2025-03,4070.3994644469444,889.6005355530556,368.8174108408333,375.1825891591667,11.036353883530635,2.3711135891107498,4.654502396770309,True
7762,Zählfeld A_41.2_1_G (veraltet),10.017069,53.649292,2025-04,4306.713147981111,1288.2868520188888,421.24926776527775,298.75073223472225,10.223669161084059,4.31224667595696,2.3708451601543077,True
7762,Zählfeld A_41.2_1_G (veraltet),10.017069,53.649292,2025-05,5165.348145486111,548.6518545138889,493.9207367352778,250.07926326472221,10.45784831717753,2.193911831598415,4.766758703132693,True
7762,Zählfeld A_41.2_1_G (veraltet),10.017069,53.649292,2025-06,3918.5366765191666,267.4633234808333,505.2723593,211.7276407,7.755295939694531,1.2632423551151077,6.139198791341873,True
7762,Zählfeld A_41.2_1_G (veraltet),10.017069,53.649292,2025-07,5035.0202278952775,482.9797721047222,508.95938871444446,235.04061128555554,9.892774039620308,2.0548779611449377,4.81428786851568,True
7762,Zählfeld A_41.2_1_G (veraltet),10.017069,53.649292,2025-08,3611.7870368755557,611.2129631244444,456.3271263661111,287.6728736338889,7.914907591923037,2.1246805630422894,3.7252223838249985,True
7762,Zählfeld A_41.2_1_G (veraltet),10.017069,53.649292,2025-09,4575.390229768055,1567.6097702319444,379.47910540944446,340.52089459055554,12.05702808019264,4.60356411349397,2.619063791215826,True
7762,Zählfeld A_41.2_1_G (veraltet),10.017069,53.649292,2025-10,3566.617742881111,1547.382257118889,326.24710055888886,417.7528994411111,10.932258820909652,3.7040610829728475,2.9514250915472258,True
7762,Zählfeld A_41.2_1_G (veraltet),10.017069,53.649292,2025-11,3290.895490178333,2251.104509821667,257.97459228055556,462.0254077194445,12.756665147083089,4.872252634185443,2.6182273590613563,True
7762,Zählfeld A_41.2_1_G (veraltet),10.017069,53.649292,2025-12,2817.1458958819444,2014.8541041180556,234.07368837805555,509.9263116219445,12.035295019284415,3.951265228321564,3.045934485242546,True
7762,Zählfeld A_41.2_1_G (veraltet),10.017069,53.649292,2026-01,1835.9696593177778,1609.0303406822222,251.92644384916667,492.0735561508333,7.287721095356742,3.2698980072585178,2.228730400513858,True
7762,Zählfeld A_41.2_1_G (veraltet),10.017069,53.649292,2026-02,2498.1902114725,1324.8097885275,274.9950323086111,397.00496769138886,9.084492147003314,3.3370106077799475,2.722344401849852,True
7763,Zählfeld A_41.2_2_I (veraltet),10.017069,53.649292,2025-01,6789.139481849166,3941.8605181508333,252.25277094527777,491.74722905472225,26.914033318278047,8.01602995451181,3.3575265400710643,True
7763,Zählfeld A_41.2_2_I (veraltet),10.017069,53.649292,2025-02,7525.663097627223,2823.336902372778,275.4455073022222,396.55449269777773,27.32178560955787,7.119669438531618,3.837507604172252,True
7763,Zählfeld A_41.2_2_I (veraltet),10.017069,53.649292,2025-03,11361.417944425279,2057.5820555747223,368.8174108408333,375.1825891591667,30.804993502132707,5.484215192890568,5.617028584521371,True
7763,Zählfeld A_41.2_2_I (veraltet),10.017069,53.649292,2025-04,14325.032578865834,2394.9674211341667,421.24926776527775,298.75073223472225,34.006071167458536,8.016607702412225,4.2419527597971385,True
7763,Zählfeld A_41.2_2_I (veraltet),10.017069,53.649292,2025-05,16186.504620752223,1379.4953792477777,493.9207367352778,250.07926326472221,32.77146193079874,5.51623257857853,5.940913742118461,True
7763,Zählfeld A_41.2_2_I (veraltet),10.017069,53.649292,2025-06,12347.330901120555,740.6690988794444,505.2723593,211.7276407,24.436980717145186,3.498216370950401,6.985554387107882,True
7763,Zählfeld A_41.2_2_I (veraltet),10.017069,53.649292,2025-07,16403.631751595276,1193.3682484047222,508.95938871444446,235.04061128555554,32.22974586052613,5.07728533327747,6.3478303354917625,True
7763,Zählfeld A_41.2_2_I (veraltet),10.017069,53.649292,2025-08,13767.432699141944,1606.5673008580554,456.3271263661111,287.6728736338889,30.17009488078589,5.584702097781652,5.402274705533535,True
7763,Zählfeld A_41.2_2_I (veraltet),10.017069,53.649292,2025-09,14504.676284718333,3137.323715281667,379.47910540944446,340.52089459055554,38.222595336489746,9.21330750952597,4.148629066919782,True
7763,Zählfeld A_41.2_2_I (veraltet),10.017069,53.649292,2025-10,10298.400896202222,3329.599103797778,326.24710055888886,417.7528994411111,31.566260293379436,7.9702597115478255,3.960505860009079,True
7763,Zählfeld A_41.2_2_I (veraltet),10.017069,53.649292,2025-11,8316.473724813055,4784.526275186944,257.97459228055556,462.0254077194445,32.23756902295489,10.355547974738762,3.113072248962097,True
7763,Zählfeld A_41.2_2_I (veraltet),10.017069,53.649292,2025-12,6908.476513765833,4659.523486234167,234.07368837805555,509.9263116219445,29.514109687577786,9.137640831698643,3.229948542647113,True
7763,Zählfeld A_41.2_2_I (veraltet),10.017069,53.649292,2026-01,3873.1217352097224,2239.8782647902776,251.92644384916667,492.0735561508333,15.374018209571666,4.551917567591657,3.3774816835503025,True
7763,Zählfeld A_41.2_2_I (veraltet),10.017069,53.649292,2026-02,5439.582967138055,2071.4170328619443,274.9950323086111,397.00496769138886,19.780659023082006,5.217609857396437,3.791134171337307,True
7764,Zählfeld A_41.7_1_G (veraltet),10.018023,53.65003,2025-01,62.85461769388889,141.14538230611112,252.25277094527777,491.74722905472225,0.24917315063914283,0.2870283226149187,0.86811346130966,True
7764,Zählfeld A_41.7_1_G (veraltet),10.018023,53.65003,2025-02,79.25258040916667,114.74741959083333,275.4455073022222,396.55449269777773,0.28772507921942525,0.2893610378997387,0.9943463062885464,True
7764,Zählfeld A_41.7_1_G (veraltet),10.018023,53.65003,2025-03,166.8416464422222,137.1583535577778,368.8174108408333,375.1825891591667,0.4523692253623686,0.3655776081325299,1.237409554904618,True
7764,Zählfeld A_41.7_1_G (veraltet),10.018023,53.65003,2025-04,219.2229758372222,144.77702416277776,421.24926776527775,298.75073223472225,0.5204115297343955,0.484608098128541,1.0738812078133242,True
7764,Zählfeld A_41.7_1_G (veraltet),10.018023,53.65003,2025-05,332.35039925722225,202.64960074277778,493.9207367352778,250.07926326472221,0.672882052804657,0.8103414817255855,0.8303685149769022,True
7764,Zählfeld A_41.7_1_G (veraltet),10.018023,53.65003,2025-06,370.98901321305556,141.01098678694444,508.2723593,211.7276407,0.7299020031779555,0.6660017856938433,1.0959460152461014,True
7764,Zählfeld A_41.7_1_G (veraltet),10.018023,53.65003,2025-07,363.21572204222224,207.78427795777776,508.95938871444446,235.04061128555554,0.7136438193225023,0.8840356431226963,0.8072568395564734,True
7764,Zählfeld A_41.7_1_G (veraltet),10.018023,53.65003,2025-08,240.06747328555556,200.93252671444444,456.3271263661111,287.6728736338889,0.526086352124834,0.6984757519061883,0.7531920051470767,True
7764,Zählfeld A_41.7_1_G (veraltet),10.018023,53.65003,2025-09,188.09297943527778,225.90702056472222,379.47910540944446,340.52089459055554,0.49566096460655495,0.6634160315958122,0.7471344390250394,True
7764,Zählfeld A_41.7_1_G (veraltet),10.018023,53.65003,2025-10,132.22173404,174.77826596,326.24710055888886,417.7528994411111,0.40528094751951205,0.41837714637965734,0.9686976237266528,True
7764,Zählfeld A_41.7_1_G (veraltet),10.018023,53.65003,2025-11,103.85793594583333,163.14206405416667,257.97459228055556,462.0254077194445,0.40258978617896035,0.3531019319033454,1.1401517516736819,True
7764,Zählfeld A_41.7_1_G (veraltet),10.018023,53.65003,2025-12,76.63393140138889,167.36606859861112,234.07368837805555,509.9263116219445,0.3273923350052758,0.328216184935158,0.9974899168057635,True
7764,Zählfeld A_41.7_1_G (veraltet),10.018023,53.65003,2026-01,17.1393799775,54.8606200225,251.92644384916667,492.0735561508333,0.0680332708056709,0.11148865720734605,0.6102259414528867,True
7764,Zählfeld A_41.7_1_G (veraltet),10.018023,53.65003,2026-02,69.89055777444445,63.109442225555554,266.92769123749997,382.07230876250003,0.2618332981880814,0.1651766976517134,1.585170922475852,True
7765,Zählfeld A_41.7_2_I (veraltet),10.018023,53.65003,2025-01,2641.7837884094442,1736.2162115905555,252.25277094527777,491.74722905472225,10.472764198029513,3.53070868325594,2.9661932313180155,True
7765,Zählfeld A_41.7_2_I (veraltet),10.018023,53.65003,2025-02,3068.1015156422222,1312.8984843577778,275.4455073022222,396.55449269777773,11.138687814123116,3.3107643679083583,3.3643855546144485,True
7765,Zählfeld A_41.7_2_I (veraltet),10.018023,53.65003,2025-03,5633.472933299445,1143.5270667005555,368.8174108408333,375.1825891591667,15.274422431566345,3.0479214647549324,5.011422573775037,True
7765,Zählfeld A_41.7_2_I (veraltet),10.018023,53.65003,2025-04,7314.129607053889,1328.870392946111,421.24926776527775,298.75073223472225,17.36294912951483,4.448090831462951,3.9034610099911697,True
7765,Zählfeld A_41.7_2_I (veraltet),10.018023,53.65003,2025-05,9486.114061959723,836.8859380402778,493.9207367352778,250.07926326472221,19.20574164320602,3.346482739572011,5.739082833477362,True
7765,Zählfeld A_41.7_2_I (veraltet),10.018023,53.65003,2025-06,9090.860148662778,433.1398513372222,508.2723593,211.7276407,17.88580469176573,2.0457406973657464,8.74294807489379,True
7765,Zählfeld A_41.7_2_I (veraltet),10.018023,53.65003,2025-07,9424.812412511945,662.1875874880556,508.95938871444446,235.04061128555554,18.517808338927818,2.8173326467550353,6.572815730601203,True
7765,Zählfeld A_41.7_2_I (veraltet),10.018023,53.65003,2025-08,7830.335012176111,1002.6649878238889,456.3271263661111,287.6728736338889,17.159477400635254,3.4854346020123717,4.923195916723829,True
7765,Zählfeld A_41.7_2_I (veraltet),10.018023,53.65003,2025-09,7412.3306813330555,1818.6693186669445,379.47910540944446,340.52089459055554,19.532908599369165,5.340845004103857,3.657269324303599,True
7765,Zählfeld A_41.7_2_I (veraltet),10.018023,53.65003,2025-10,4352.815811925833,1623.1841880741667,326.24710055888886,417.7528994411111,13.342082747920493,3.885512680452336,3.4338023949949537,True
7765,Zählfeld A_41.7_2_I (veraltet),10.018023,53.65003,2025-11,3177.3691758922223,2203.6308241077777,257.97459228055556,462.0254077194445,12.316597335433455,4.769501389512084,2.5823658134406022,True
7765,Zählfeld A_41.7_2_I (veraltet),10.018023,53.65003,2025-12,2617.872655805,2196.127344195,234.07368837805555,509.9263116219445,11.183968065547113,4.306754317520278,2.596843757734145,True
7765,Zählfeld A_41.7_2_I (veraltet),10.018023,53.65003,2026-01,879.6372847338889,573.3627152661111,251.92644384916667,492.0735561508333,3.4916433197483037,1.1651971704213273,2.996611567882326,True
7765,Zählfeld A_41.7_2_I (veraltet),10.018023,53.65003,2026-02,1738.774992403889,809.2250075961111,266.92769123749997,382.07230876250003,6.514030014431163,2.1179891581704067,3.075572879730041,True
7766,Zählfeld B_41.5_1_I (veraltet),10.018795,53.6495,2025-01,4806.253824456111,2526.746175543889,252.25277094527777,491.74722905472225,19.05332419717503,5.138302823588884,3.708096788244003,True
7766,Zählfeld B_41.5_1_I (veraltet),10.018795,53.6495,2025-02,5452.672616148611,1998.327383851389,275.4455073022222,396.55449269777773,19.79583065105459,5.039225177494975,3.9283480999146776,True
7766,Zählfeld B_41.5_1_I (veraltet),10.018795,53.6495,2025-03,9789.552762578332,1411.4472374216666,368.8174108408333,375.1825891591667,26.543087378277562,3.7620275519311934,7.055527109218532,True
7766,Zählfeld B_41.5_1_I (veraltet),10.018795,53.6495,2025-04,11680.863747657222,2178.136252342778,421.24926776527775,298.75073223472225,27.729101606808868,7.2908147740754705,3.8032925627746623,True
7766,Zählfeld B_41.5_1_I (veraltet),10.018795,53.6495,2025-05,13236.84848917639,1030.151510823611,493.9207367352778,250.07926326472221,26.7995398951448,4.119300006626863,6.505848045063831,True
7766,Zählfeld B_41.5_1_I (veraltet),10.018795,53.6495,2025-06,13912.316012981944,611.6839870180555,508.2723593,211.7276407,27.371773731985318,2.8890133805664022,9.474436468902397,True
7766,Zählfeld B_41.5_1_I (veraltet),10.018795,53.6495,2025-07,14214.817141240277,982.1828587597222,508.95938871444446,235.04061128555554,27.92917756590518,4.178779375137212,6.68357313431703,True
7766,Zählfeld B_41.5_1_I (veraltet),10.018795,53.6495,2025-08,12264.864444029166,1552.1355559708334,456.3271263661111,287.6728736338889,26.877351214464227,5.395488063800487,4.981449480870928,True
7766,Zählfeld B_41.5_1_I (veraltet),10.018795,53.6495,2025-09,11768.165115704167,2962.8348842958335,379.47910540944446,340.52089459055554,31.01136517913611,8.700890110894266,3.564160078324309,True
7766,Zählfeld B_41.5_1_I (veraltet),10.018795,53.6495,2025-10,7786.7230967925,2997.2769032075,326.24710055888886,417.7528994411111,23.867562603478113,7.174760264303117,3.326600711974641,True
7766,Zählfeld B_41.5_1_I (veraltet),10.018795,53.6495,2025-11,6145.241769081111,3044.758230918889,257.97459228055556,462.0254077194445,23.821112438848107,6.590023362454898,3.6147235189731304,True
7766,Zählfeld B_41.5_1_I (veraltet),10.018795,53.6495,2025-12,5591.285988561945,3259.7140114380554,234.07368837805555,509.9263116219445,23.886862412025497,6.392519736959137,3.73668966149931,True
7766,Zählfeld B_41.5_1_I (veraltet),10.018795,53.6495,2026-01,2329.575694149722,1608.4243058502777,251.92644384916667,492.0735561508333,9.247047108498403,3.268666413273494,2.8289968872160616,True
7766,Zählfeld B_41.5_1_I (veraltet),10.018795,53.6495,2026-02,3673.7484828847223,1507.2515171152777,274.9950323086111,397.00496769138886,13.35932671962556,3.7965558110772486,3.5188016150445938,True
7767,Zählfeld B_41.5_2_G (veraltet),10.018795,53.6495,2025-01,1714.5339556905556,889.4660443094444,252.25277094527777,491.74722905472225,6.7968884911178895,1.8087870998668374,3.7577050895698423,True
7767,Zählfeld B_41.5_2_G (veraltet),10.018795,53.6495,2025-02,2011.3824937725,672.6175062275,275.4455073022222,396.55449269777773,7.302288258292724,1.6961540434245328,4.30520346108978,True
7767,Zählfeld B_41.5_2_G (veraltet),10.018795,53.6495,2025-03,3333.900229295,591.099770705,368.8174108408333,375.1825891591667,9.039432877353441,1.575498937809806,5.737504901094817,True
7767,Zählfeld B_41.5_2_G (veraltet),10.018795,53.6495,2025-04,4315.7935030944445,463.2064969055556,421.24926776527775,298.75073223472225,10.245224937694674,1.550478197796094,6.607783941920376,True
7767,Zählfeld B_41.5_2_G (veraltet),10.018795,53.6495,2025-05,4773.2286610325,273.7713389675,493.9207367352778,250.07926326472221,9.663956797162708,1.09473826575416,8.827641363669017,True
7767,Zählfeld B_41.5_2_G (veraltet),10.018795,53.6495,2025-06,5201.042238563611,215.9577614363889,508.2723593,211.7276407,10.232785913691158,1.0199790670807247,10.03234894121734,True
7767,Zählfeld B_41.5_2_G (veraltet),10.018795,53.6495,2025-07,5217.182000110278,275.8179998897222,508.95938871444446,235.04061128555554,10.250684270287461,1.1734908209314747,8.73520617924462,True
7767,Zählfeld B_41.5_2_G (veraltet),10.018795,53.6495,2025-08,4409.770465094723,386.2295349052778,456.3271263661111,287.6728736338889,9.663616757152337,1.3425997732299864,7.19768984758868,True
7767,Zählfeld B_41.5_2_G (veraltet),10.018795,53.6495,2025-09,4522.884591898333,744.1154081016666,379.47910540944446,340.52089459055554,11.918665685211579,2.1852268683729252,5.454200594781251,True
7767,Zählfeld B_41.5_2_G (veraltet),10.018795,53.6495,2025-10,2897.5026779102777,925.4973220897222,326.24710055888886,417.7528994411111,8.881313191585797,2.2154180696959727,4.008865555928503,True
7767,Zählfeld B_41.5_2_G (veraltet),10.018795,53.6495,2025-11,2072.5862701358333,1128.4137298641667,257.97459228055556,462.0254077194445,8.034071308393928,2.442319645220405,3.289524908877724,True
7767,Zählfeld B_41.5_2_G (veraltet),10.018795,53.6495,2025-12,1913.8405576055557,1198.1594423944443,234.07368837805555,509.9263116219445,8.176231044449926,2.349671737046491,3.4797333242503696,True
7767,Zählfeld B_41.5_2_G (veraltet),10.018795,53.6495,2026-01,808.7368016472223,489.2631983527778,251.92644384916667,492.0735561508333,3.2102100489753624,0.9942887445120215,3.2286496922489794,True
7767,Zählfeld B_41.5_2_G (veraltet),10.018795,53.6495,2026-02,1273.393230473889,432.6067695261111,274.9950323086111,397.00496769138886,4.6306044868651774,1.0896759605849498,4.24952431214452,True
7768,Zählfeld B_41.1_1_I (veraltet),10.017052,53.64952,2025-01,2263.7466020175,933.2533979825,252.25277094527777,491.74722905472225,8.974119862130609,1.8978315338481477,4.728617741920532,True
7768,Zählfeld B_41.1_1_I (veraltet),10.017052,53.64952,2025-02,5342.315392333611,1270.684607666389,275.4455073022222,396.55449269777773,19.395180718892455,3.2043127264095923,6.052836403588049,True
7768,Zählfeld B_41.1_1_I (veraltet),10.017052,53.64952,2025-03,14796.981057265,2149.018942735,368.8174108408333,375.1825891591667,40.12007194435509,5.727928227030025,7.004290269390762,True
7768,Zählfeld B_41.1_1_I (veraltet),10.017052,53.64952,2025-04,20399.56316220278,2846.4368377972223,421.24926776527775,298.75073223472225,48.426346876333376,9.527798698618204,5.082637491423548,True
7768,Zählfeld B_41.1_1_I (veraltet),10.017052,53.64952,2025-05,24940.27798206139,1678.722017938611,493.9207367352778,250.07926326472221,50.49449461650849,6.712759770735547,7.522166194095098,True
7768,Zählfeld B_41.1_1_I (veraltet),10.017052,53.64952,2025-06,24906.11114708278,982.8888529172222,505.2723593,211.7276407,49.29244730819531,4.642232113235947,10.618264254312603,True
7768,Zählfeld B_41.1_1_I (veraltet),10.017052,53.64952,2025-07,24760.49062751778,1435.5093724822223,508.95938871444446,235.04061128555554,48.64924623958522,6.10749506066504,7.965499072264143,True
7768,Zählfeld B_41.1_1_I (veraltet),10.017052,53.64952,2025-08,21971.585959555556,2104.4140404444443,456.3271263661111,287.6728736338889,48.14876146970005,7.315302321909773,6.581923665067348,True
7768,Zählfeld B_41.1_1_I (veraltet),10.017052,53.64952,2025-09,21753.349067617222,4248.650932382778,379.47910540944446,340.52089459055554,57.32423408173194,12.476916981823926,4.5944229784682,True
7768,Zählfeld B_41.1_1_I (veraltet),10.017052,53.64952,2025-10,14112.187580044167,4309.812419955833,326.24710055888886,417.7528994411111,43.256131796631436,10.316654715554812,4.192844772774311,True
7768,Zählfeld B_41.1_1_I (veraltet),10.017052,53.64952,2025-11,11550.14219605861,4800.857803941389,257.97459228055556,462.0254077194445,44.77240217322435,10.390895660129175,4.308810677891819,True
7768,Zählfeld B_41.1_1_I (veraltet),10.017052,53.64952,2025-12,9901.893168187778,5061.1068318122225,234.07368837805555,509.9263116219445,42.30246140350084,9.925172944526324,4.2621384675045295,True
7768,Zählfeld B_41.1_1_I (veraltet),10.017052,53.64952,2026-01,3563.9625640994445,1843.0374359005555,251.92644384916667,492.0735561508333,14.146837900959929,3.7454510872671576,3.777071858995246,True
7768,Zählfeld B_41.1_1_I (veraltet),10.017052,53.64952,2026-02,6371.852787542222,2012.1472124577779,274.9950323086111,397.00496769138886,23.170792337773793,5.0683174675585345,4.571693167621448,True
7769,Zählfeld B_41.1_2_G (veraltet),10.017052,53.64952,2025-01,2262.4257089177777,928.5742910822222,252.25277094527777,491.74722905472225,8.968883475252587,1.88831626538538,4.74967230842666,True
7769,Zählfeld B_41.1_2_G (veraltet),10.017052,53.64952,2025-02,2605.193548988889,654.8064510111111,275.4455073022222,396.55449269777773,9.458108699992112,1.65123952210561,5.727884158157395,True
7769,Zählfeld B_41.1_2_G (veraltet),10.017052,53.64952,2025-03,4146.396490263333,494.6035097366667,368.8174108408333,375.1825891591667,11.242409843966804,1.3183008061358548,8.527954918665385,True
7769,Zählfeld B_41.1_2_G (veraltet),10.017052,53.64952,2025-04,5355.749649817222,381.25035018277777,421.24926776527775,298.75073223472225,12.713967856204022,1.2761486719411195,9.962763850128141,True
7769,Zählfeld B_41.1_2_G (veraltet),10.017052,53.64952,2025-05,6611.048073196112,264.9519268038889,493.9207367352778,250.07926326472221,13.384836030359613,1.0594717984410533,12.63349911725311,True
7769,Zählfeld B_41.1_2_G (veraltet),10.017052,53.64952,2025-06,6996.790423164167,160.20957683583333,505.2723593,211.7276407,13.847562199637164,0.75667766525976,18.300476986965688,True
7769,Zählfeld B_41.1_2_G (veraltet),10.017052,53.64952,2025-07,6305.912731389444,185.08726861055555,508.95938871444446,235.04061128555554,12.389815123201165,0.7874693126358888,15.733711681702047,True
7769,Zählfeld B_41.1_2_G (veraltet),10.017052,53.64952,2025-08,5522.178216809444,264.82178319055555,456.3271263661111,287.6728736338889,12.101358647653575,0.9205657100904997,13.145567464666813,True
7769,Zählfeld B_41.1_2_G (veraltet),10.017052,53.64952,2025-09,5843.048200178611,760.9517998213889,379.47910540944446,340.52089459055554,15.39754921123831,2.234669918673749,6.890301374073438,True
7769,Zählfeld B_41.1_2_G (veraltet),10.017052,53.64952,2025-10,3971.1673875525,893.8326124475,326.24710055888886,417.7528994411111,12.172268751966085,2.1396203680293064,5.688985267595546,True
7769,Zählfeld B_41.1_2_G (veraltet),10.017052,53.64952,2025-11,3185.525792775,1131.474207225,257.97459228055556,462.0254077194445,12.348215243269538,2.4489436908025297,5.0422618084873045,True
7769,Zählfeld B_41.1_2_G (veraltet),10.017052,53.64952,2025-12,2814.8910820925,1233.1089179075,234.07368837805555,509.9263116219445,12.02566209639988,2.4182100232978714,4.972960156702889,True
7769,Zählfeld B_41.1_2_G (veraltet),10.017052,53.64952,2026-01,939.7687453369444,464.23125466305555,251.92644384916667,492.0735561508333,3.730329897005979,0.9434184155198875,3.954056689629399,True
7769,Zählfeld B_41.1_2_G (veraltet),10.017052,53.64952,2026-02,1749.5554973286112,485.4445026713889,274.9950323086111,397.00496769138886,6.362134918005303,1.2227668220231147,5.203064724539145,True
7770,Zählfeld B_41.3_1_I (veraltet),10.017859,53.648624,2025-01,2471.599081286111,1980.4009187138888,252.25277094527777,491.74722905472225,9.798104782057221,4.027274180112375,2.432937104317993,True
7770,Zählfeld B_41.3_1_I (veraltet),10.017859,53.648624,2025-02,3173.6662732655554,1613.3337267344446,275.4455073022222,396.55449269777773,11.521938783279444,4.068378385424066,2.8320715753872676,True
7770,Zählfeld B_41.3_1_I (veraltet),10.017859,53.648624,2025-03,5978.987406355555,1348.0125936444445,368.8174108408333,375.1825891591667,16.211239574413273,3.592950826064496,4.511956984440586,True
7770,Zählfeld B_41.3_1_I (veraltet),10.017859,53.648624,2025-04,7712.111024553611,1784.888975446389,421.24926776527775,298.75073223472225,18.307713780646473,5.974509123693256,3.064304263599352,True
7770,Zählfeld B_41.3_1_I (veraltet),10.017859,53.648624,2025-05,10227.5766049625,1316.4233950375,493.9207367352778,250.07926326472221,20.70691883188553,5.264024605046904,3.933666801639318,True
7770,Zählfeld B_41.3_1_I (veraltet),10.017859,53.648624,2025-06,9297.769619127223,776.2303808727778,508.2723593,211.7276407,18.292888544897945,3.666174044666327,4.989639968541879,True
7770,Zählfeld B_41.3_1_I (veraltet),10.017859,53.648624,2025-07,9483.061829010278,996.9381709897222,508.95938871444446,235.04061128555554,18.632256402545355,4.241557088951415,4.39278689684018,True
7770,Zählfeld B_41.3_1_I (veraltet),10.017859,53.648624,2025-08,7735.545099254166,1512.4549007458334,456.3271263661111,287.6728736338889,16.95175380182843,5.257551334752129,3.2242678620707435,True
7770,Zählfeld B_41.3_1_I (veraltet),10.017859,53.648624,2025-09,7619.957737106111,2384.042262893889,379.47910540944446,340.52089459055554,20.08004559008446,7.001162926464399,2.8681014569996477,True
7770,Zählfeld B_41.3_1_I (veraltet),10.017859,53.648624,2025-10,4570.654674095833,2209.3453259041667,326.24710055888886,417.7528994411111,14.009794006646848,5.288641512386699,2.649034534451627,True
7770,Zählfeld B_41.3_1_I (veraltet),10.017859,53.648624,2025-11,3524.964263383611,2394.035736616389,257.97459228055556,462.0254077194445,13.663997807776747,5.181610570798129,2.6370175104981053,True
7770,Zählfeld B_41.3_1_I (veraltet),10.017859,53.648624,2025-12,2838.993807623889,2396.006192376111,234.07368837805555,509.9263116219445,12.128632770713606,4.698730263113961,2.5812575082093923,True
7770,Zählfeld B_41.3_1_I (veraltet),10.017859,53.648624,2026-01,905.8828061344444,790.1171938655556,251.92644384916667,492.0735561508333,3.595822623038391,1.6056891982697077,2.239426301748342,True
7770,Zählfeld B_41.3_1_I (veraltet),10.017859,53.648624,2026-02,1822.606246978889,950.3937530211111,274.9950323086111,397.00496769138886,6.627778806322156,2.393908969320248,2.7686010166895016,True
7771,Zählfeld B_41.3_2_I (veraltet),10.017859,53.648624,2025-01,2397.7614952636113,1688.238504736389,252.25277094527777,491.74722905472225,9.505392096500568,3.4331428933146455,2.7687143797627547,True
7771,Zählfeld B_41.3_2_I (veraltet),10.017859,53.648624,2025-02,3061.146482712778,1294.8535172872223,275.4455073022222,396.55449269777773,11.113437691158456,3.2652599860318734,3.4035383824563774,True
7771,Zählfeld B_41.3_2_I (veraltet),10.017859,53.648624,2025-03,5723.091394535556,1012.9086054644445,368.8174108408333,375.1825891591667,15.51741112624808,2.6997750821393534,5.7476681035043065,True
7771,Zählfeld B_41.3_2_I (veraltet),10.017859,53.648624,2025-04,7565.378679494167,1364.6213205058334,421.24926776527775,298.75073223472225,17.959387133486093,4.567758914926035,3.9317721158181804,True
7771,Zählfeld B_41.3_2_I (veraltet),10.017859,53.648624,2025-05,10446.448802070556,802.5511979294445,493.9207367352778,250.07926326472221,21.15005106106619,3.2091873090648915,6.590469494044271,True
7771,Zählfeld B_41.3_2_I (veraltet),10.017859,53.648624,2025-06,9448.94458173611,359.0554182638889,508.2723593,211.7276407,18.59031759025679,1.695836297409273,10.962330278374862,True
7771,Zählfeld B_41.3_2_I (veraltet),10.017859,53.648624,2025-07,9351.480807815833,597.5191921841666,508.95938871444446,235.04061128555554,18.373726892898624,2.542195533427322,7.227503412425418,True
7771,Zählfeld B_41.3_2_I (veraltet),10.017859,53.648624,2025-08,7996.819467796111,859.1805322038889,456.3271263661111,287.6728736338889,17.524313164280894,2.9866581487183863,5.867532302550529,True
7771,Zählfeld B_41.3_2_I (veraltet),10.017859,53.648624,2025-09,7609.9849190025,1832.0150809975,379.47910540944446,340.52089459055554,20.053765307556517,5.380037202123313,3.727439895702207,True
7771,Zählfeld B_41.3_2_I (veraltet),10.017859,53.648624,2025-10,4779.202192361667,1670.7978076383333,326.24710055888886,417.7528994411111,14.649025797239238,3.9994882378401275,3.662725060331783,True
7771,Zählfeld B_41.3_2_I (veraltet),10.017859,53.648624,2025-11,3428.419796829167,2151.580203170833,257.97459228055556,462.0254077194445,13.289757594037212,4.6568439034360125,2.8538121246090036,True
7771,Zählfeld B_41.3_2_I (veraltet),10.017859,53.648624,2025-12,2743.9386262983335,2121.0613737016665,234.07368837805555,509.9263116219445,11.722541928192124,4.159544870228633,2.818227064238349,True
7771,Zählfeld B_41.3_2_I (veraltet),10.017859,53.648624,2026-01,938.5940128125,591.4059871875,251.92644384916667,492.0735561508333,3.725666898924095,1.2018650053331026,3.0999046335420246,True
7771,Zählfeld B_41.3_2_I (veraltet),10.017859,53.648624,2026-02,1871.879392161389,793.1206078386111,274.9950323086111,397.00496769138886,6.806957116449603,1.9977599082718334,3.4072948847681985,True
8078,Zählfeld G_40.9_1_I (veraltet),10.041109,53.59975,2025-01,5991.343915062777,5521.656084937223,252.25277094527777,491.74722905472225,23.751350253204965,11.228647074537488,2.115245950428386,True
8078,Zählfeld G_40.9_1_I (veraltet),10.041109,53.59975,2025-02,7426.2027712525,4068.7972287475,275.4455073022222,396.55449269777773,26.960696669139637,10.260373551859903,2.6276525443123324,True
8078,Zählfeld G_40.9_1_I (veraltet),10.041109,53.59975,2025-03,13084.805028401388,3394.194971598611,368.8174108408333,375.1825891591667,35.47773137545359,9.046781672906109,3.9215858918873447,True
8078,Zählfeld G_40.9_1_I (veraltet),10.041109,53.59975,2025-04,14345.272279177223,3240.727720822778,421.24926776527775,298.75073223472225,34.05411801729346,10.847597582711883,3.1393235006769107,True
8078,Zählfeld G_40.9_1_I (veraltet),10.041109,53.59975,2025-05,5910.753635185278,880.2463648147223,493.9207367352778,250.07926326472221,11.967008460212131,3.5198694738753074,3.399844383160234,True
8078,Zählfeld G_40.9_1_I (veraltet),10.041109,53.59975,2025-06,7400.590409155,753.409590845,508.2723593,211.7276407,14.560285000245143,3.558390337483225,4.091817821915323,True
8078,Zählfeld G_40.9_1_I (veraltet),10.041109,53.59975,2025-07,12041.999160026111,1350.0008399738888,508.95938871444446,235.04061128555554,23.660039341139587,5.743691835168629,4.119308629385224,True
8078,Zählfeld G_40.9_1_I (veraltet),10.041109,53.59975,2025-08,10704.886694285278,2372.113305714722,456.3271263661111,287.6728736338889,23.458799785872802,8.245870650750431,2.8449148403434985,True
8078,Zählfeld G_40.9_1_I (veraltet),10.041109,53.59975,2025-09,11466.834691191667,4274.165308808333,379.47910540944446,340.52089459055554,30.217301895500572,12.551844473296173,2.407399323644214,True
8078,Zählfeld G_40.9_1_I (veraltet),10.041109,53.59975,2025-10,9885.7829335575,5125.2170664425,326.24710055888886,417.7528994411111,30.301519665990345,12.268537389684788,2.469855917093054,True
8078,Zählfeld G_40.9_1_I (veraltet),10.041109,53.59975,2025-11,7489.858269271389,6243.141730728611,257.97459228055556,462.0254077194445,29.033317595579067,13.512550665870807,2.1486185927065335,True
8078,Zählfeld G_40.9_1_I (veraltet),10.041109,53.59975,2025-12,6503.67776852,6225.32223148,234.07368837805555,509.9263116219445,27.784745109906687,12.208278117045678,2.2758938519849523,True
8078,Zählfeld G_40.9_1_I (veraltet),10.041109,53.59975,2026-01,3409.857493228611,2831.142506771389,251.92644384916667,492.0735561508333,13.535131291219908,5.753494515977547,2.352506160148868,True
8078,Zählfeld G_40.9_1_I (veraltet),10.041109,53.59975,2026-02,5152.1664878875,2910.8335121125,274.9950323086111,397.00496769138886,18.735489309150573,7.33198259215545,2.5553101188750547,True
8079,Zählfeld G_40.9_2_G (veraltet),10.041109,53.59975,2025-01,6.32591646,5.67408354,252.25277094527777,491.74722905472225,0.025077688686211925,0.011538618226496565,,False
8079,Zählfeld G_40.9_2_G (veraltet),10.041109,53.59975,2025-02,9.977261747777778,4.022738252222222,275.4455073022222,396.55449269777773,0.03622227076962487,0.010144225639344938,,False
8079,Zählfeld G_40.9_2_G (veraltet),10.041109,53.59975,2025-03,14.983976404166667,4.0160235958333335,368.8174108408333,375.1825891591667,0.0406270852832193,0.010704184340839931,,False
8079,Zählfeld G_40.9_2_G (veraltet),10.041109,53.59975,2025-04,113.0,0.0,421.24926776527775,298.75073223472225,0.26824972444335304,0.0,,False
8079,Zählfeld G_40.9_2_G (veraltet),10.041109,53.59975,2025-05,133.19654086666668,11.803459133333334,493.9207367352778,250.07926326472221,0.26967189461829544,0.04719887198659388,5.713524143011122,True
8079,Zählfeld G_40.9_2_G (veraltet),10.041109,53.59975,2025-06,141.0,1.0,508.2723593,211.7276407,0.2774103242485726,0.0047230488976019655,,False
8079,Zählfeld G_40.9_2_G (veraltet),10.041109,53.59975,2025-07,63.2110315375,1.7889684625,508.95938871444446,235.04061128555554,0.12419661163371333,0.0076113164134284286,,False
8079,Zählfeld G_40.9_2_G (veraltet),10.041109,53.59975,2025-08,43.0,2.0,456.3271263661111,287.6728736338889,0.09423064620861728,0.0069523412991150816,,False
8079,Zählfeld G_40.9_2_G (veraltet),10.041109,53.59975,2025-09,46.46741842777778,4.532581572222222,379.47910540944446,340.52089459055554,0.12245053223059828,0.013310729662190705,,False
8079,Zählfeld G_40.9_2_G (veraltet),10.041109,53.59975,2025-10,22.637379700277776,5.362620299722222,326.24710055888886,417.7528994411111,0.06938722110172943,0.012836823650767189,,False
8079,Zählfeld G_40.9_2_G (veraltet),10.041109,53.59975,2025-11,15.98104056138889,10.01895943861111,257.97459228055556,462.0254077194445,0.061948118301545764,0.021684866830299774,2.856744234877526,True
8079,Zählfeld G_40.9_2_G (veraltet),10.041109,53.59975,2025-12,8.0,3.0,234.07368837805555,509.9263116219445,0.03417727150554014,0.0058832029876194685,,False
8079,Zählfeld G_40.9_2_G (veraltet),10.041109,53.59975,2026-01,5.462024841388889,5.537975158611111,251.92644384916667,492.0735561508333,0.021681030216340096,0.011254364493656266,,False
8079,Zählfeld G_40.9_2_G (veraltet),10.041109,53.59975,2026-02,9.0,2.0,274.9950323086111,397.00496769138886,0.03272786393428307,0.005037720337934654,,False
8080,Zählfeld I_27.2_1_I (veraltet),9.9934,53.558292,2025-01,5353.259114170555,6583.740885829445,252.25277094527777,491.74722905472225,21.221804993895823,13.388465652333748,1.5850811844295722,True
8080,Zählfeld I_27.2_1_I (veraltet),9.9934,53.558292,2025-02,7979.595804358056,4264.404195641944,275.4455073022222,396.55449269777773,28.96978020266907,10.753639850682346,2.6939511277040644,True
8080,Zählfeld I_27.2_1_I (veraltet),9.9934,53.558292,2025-03,16469.27116944639,2558.7288305536113,368.8174108408333,375.1825891591667,44.654267085438285,6.81995621462088,6.547588529924398,True
8080,Zählfeld I_27.2_1_I (veraltet),9.9934,53.558292,2025-04,18161.646850014444,4568.353149985555,421.24926776527775,298.75073223472225,43.11377666330854,15.291521181599297,2.81945636090074,True
8080,Zählfeld I_27.2_1_I (veraltet),9.9934,53.558292,2025-05,22047.917781208613,1767.0822187913889,493.9207367352778,250.07926326472221,44.63857485907791,7.066088550176342,6.317296272484995,True
8080,Zählfeld I_27.2_1_I (veraltet),9.9934,53.558292,2025-06,25042.458737968333,1022.5412620316666,508.2723593,211.7276407,49.26976310979642,4.8295123803911855,10.201809050089985,True
8080,Zählfeld I_27.2_1_I (veraltet),9.9934,53.558292,2025-07,22259.572579184165,1866.4274208158333,508.95938871444446,235.04061128555554,43.73545919922713,7.940872050184865,5.507639327623842,True
8080,Zählfeld I_27.2_1_I (veraltet),9.9934,53.558292,2025-08,22266.541713405277,4125.458286594722,456.3271263661111,287.6728736338889,48.795130569425844,14.340797011834516,3.4025396586506615,True
8080,Zählfeld I_27.2_1_I (veraltet),9.9934,53.558292,2025-09,16647.79864341472,6614.201356585278,379.47910540944446,340.52089459055554,43.870132521400194,19.42377534435364,2.2585790735143023,True
8080,Zählfeld I_27.2_1_I (veraltet),9.9934,53.558292,2025-10,10075.458641784444,7532.541358215555,326.24710055888886,417.7528994411111,30.882906314031086,18.03109294583696,1.7127584227311838,True
8080,Zählfeld I_27.2_1_I (veraltet),9.9934,53.558292,2025-11,9971.695545997221,7002.304454002778,257.97459228055556,462.0254077194445,38.65378934353615,15.155669660173286,2.5504507692663836,True
8080,Zählfeld I_27.2_1_I (veraltet),9.9934,53.558292,2025-12,7412.155428439444,7682.844571560556,234.07368837805555,509.9263116219445,31.66590606487976,15.066578045607027,2.1017317913215607,True
8080,Zählfeld I_27.2_1_I (veraltet),9.9934,53.558292,2026-01,3641.419521257778,4523.580478742222,251.92644384916667,492.0735561508333,14.454296522511815,9.19289488776273,1.5723334922226604,True
8080,Zählfeld I_27.2_1_I (veraltet),9.9934,53.558292,2026-02,6684.989223667222,3746.010776332778,274.9950323086111,397.00496769138886,24.30949085714772,9.435677337027009,2.576337658532858,True
8081,Zählfeld I_27.2_2_G (veraltet),9.9934,53.558292,2025-01,10.608619042222223,12.391380957777777,252.25277094527777,491.74722905472225,0.04205551044084901,0.02519867978025525,1.6689568980436087,True
8081,Zählfeld I_27.2_2_G (veraltet),9.9934,53.558292,2025-02,17.392515986944446,11.607484013055556,275.4455073022222,396.55449269777773,0.06314321898836114,0.029270842284724426,2.1572053982646646,True
8081,Zählfeld I_27.2_2_G (veraltet),9.9934,53.558292,2025-03,41.37090598694444,9.629094013055555,368.8174108408333,375.1825891591667,0.11217178140431786,0.02566508759011343,,False
8081,Zählfeld I_27.2_2_G (veraltet),9.9934,53.558292,2025-04,87.00396416111111,8.996035838888888,421.24926776527775,298.75073223472225,0.2065379593955524,0.03011218004922207,,False
8081,Zählfeld I_27.2_2_G (veraltet),9.9934,53.558292,2025-05,52.300150826666666,1.6998491733333332,493.9207367352778,250.07926326472221,0.10588774055602672,0.0067972416070897984,,False
8081,Zählfeld I_27.2_2_G (veraltet),9.9934,53.558292,2025-06,66.0,5.0,508.2723593,211.7276407,0.12985164113762973,0.023615244488009828,,False
8081,Zählfeld I_27.2_2_G (veraltet),9.9934,53.558292,2025-07,49.98373123611111,7.016268763888888,508.95938871444446,235.04061128555554,0.09820770054436478,0.02985130410235652,,False
8081,Zählfeld I_27.2_2_G (veraltet),9.9934,53.558292,2025-08,38.78584216583333,70.21415783416667,456.3271263661111,287.6728736338889,0.0849956970007421,0.24407639464653086,0.34823399093481394,True
8081,Zählfeld I_27.2_2_G (veraltet),9.9934,53.558292,2025-09,39.89837149888889,12.101628501111112,379.47910540944446,340.52089459055554,0.1051398375566422,0.035538578376114585,2.9584705511829505,True
8081,Zählfeld I_27.2_2_G (veraltet),9.9934,53.558292,2025-10,35.70027261277778,13.299727387222223,326.24710055888886,417.7528994411111,0.10942709544887969,0.031836349681869845,3.4371746931525946,True
8081,Zählfeld I_27.2_2_G (veraltet),9.9934,53.558292,2025-11,31.093996038333334,26.906003961666666,257.97459228055556,462.0254077194445,0.12053123434930223,0.0582349011810294,2.069742231975599,True
8081,Zählfeld I_27.2_2_G (veraltet),9.9934,53.558292,2025-12,24.771062893333333,31.228937106666667,234.07368837805555,509.9263116219445,0.105825917748283,0.06124205869537394,1.7279941269557093,True
8081,Zählfeld I_27.2_2_G (veraltet),9.9934,53.558292,2026-01,7.9625169088888885,11.037483091111111,251.92644384916667,492.0735561508333,0.03160651493043026,0.02243055525570213,,False
8081,Zählfeld I_27.2_2_G (veraltet),9.9934,53.558292,2026-02,18.854470426944445,5.145529573055555,274.9950323086111,397.00496769138886,0.06856294918733354,0.012960869489813094,,False
8082,Zählfeld B_28.1_1_I (veraltet),9.970655,53.567066,2025-01,9822.590882725277,10360.409117274723,252.25277094527777,491.74722905472225,38.939476644465216,21.068566338828933,1.84822621616643,True
8082,Zählfeld B_28.1_1_I (veraltet),9.970655,53.567066,2025-02,12760.02691921889,6956.973080781111,275.4455073022222,396.55449269777773,46.32505007685034,17.543548765397954,2.6405746463463324,True
8082,Zählfeld B_28.1_1_I (veraltet),9.970655,53.567066,2025-03,23297.208622653612,4884.791377346389,368.8174108408333,375.1825891591667,63.16732328210976,13.01977095550688,4.851646276879573,True
8082,Zählfeld B_28.1_1_I (veraltet),9.970655,53.567066,2025-04,30354.798602433057,5904.201397566944,421.24926776527775,298.75073223472225,72.0589943419128,19.76296879141416,3.646162431487427,True
8082,Zählfeld B_28.1_1_I (veraltet),9.970655,53.567066,2025-05,35999.619567279165,2866.3804327208336,493.9207367352778,250.07926326472221,72.88541842812636,11.461887704326037,6.358936704694583,True
8082,Zählfeld B_28.1_1_I (veraltet),9.970655,53.567066,2025-06,38156.164647666665,1818.8353523333333,508.2723593,211.7276407,75.07031210632009,8.590448305757432,8.738811926265475,True
8082,Zählfeld B_28.1_1_I (veraltet),9.970655,53.567066,2025-07,38014.23203022222,2891.7679697777776,508.95938871444446,235.04061128555554,74.6901086278033,12.303269439103486,6.070752900071886,True
8082,Zählfeld B_28.1_1_I (veraltet),9.970655,53.567066,2025-08,32125.4476385475,4945.5523614525,456.3271263661111,287.6728736338889,70.40003931910299,17.191583964731166,4.095029257544267,True
8082,Zählfeld B_28.1_1_I (veraltet),9.970655,53.567066,2025-09,25399.26057563,9225.73942437,379.47910540944446,340.52089459055554,66.93190801170752,27.093020049366096,2.4704483992464157,True
8082,Zählfeld B_28.1_1_I (veraltet),9.970655,53.567066,2025-10,15718.134847989444,10172.865152010556,326.24710055888886,417.7528994411111,48.178619276808746,24.351393289239358,1.978474853761177,True
8082,Zählfeld B_28.1_1_I (veraltet),9.970655,53.567066,2025-11,13046.043889167222,10442.956110832778,257.97459228055556,462.0254077194445,50.57104179848547,22.60255807657671,2.237403466773649,True
8082,Zählfeld B_28.1_1_I (veraltet),9.970655,53.567066,2025-12,9146.700493048056,10570.299506951944,234.07368837805555,509.9263116219445,39.07615826634516,20.72907254644409,1.8850895609918819,True
8082,Zählfeld B_28.1_1_I (veraltet),9.970655,53.567066,2026-01,4992.709770880556,4653.290229119444,251.92644384916667,492.0735561508333,19.818125063003666,9.456493182684033,2.0957161053415674,True
8082,Zählfeld B_28.1_1_I (veraltet),9.970655,53.567066,2026-02,10001.216808145,5453.783191855,274.9950323086111,397.00496769138886,36.368718097137155,13.737317252147054,2.6474396295574345,True
8083,Zählfeld B_28.1_2_G (veraltet),9.970655,53.567066,2025-01,1720.7248987166668,1404.2751012833332,252.25277094527777,491.74722905472225,6.821431107648569,2.8556848281234823,2.3887198756912693,True
8083,Zählfeld B_28.1_2_G (veraltet),9.970655,53.567066,2025-02,1988.3057602627778,1026.6942397372222,275.4455073022222,396.55449269777773,7.218508589000815,2.589036963753899,2.7881056508882547,True
8083,Zählfeld B_28.1_2_G (veraltet),9.970655,53.567066,2025-03,3238.5697043269442,905.4302956730555,368.8174108408333,375.1825891591667,8.780956671605127,2.413305739219518,3.63855956122864,True
8083,Zählfeld B_28.1_2_G (veraltet),9.970655,53.567066,2025-04,5445.565862453055,556.4341375469445,421.24926776527775,298.75073223472225,12.927181787974886,1.8625364811148504,6.940632797826929,True
8083,Zählfeld B_28.1_2_G (veraltet),9.970655,53.567066,2025-05,5518.943281335555,434.0567186644444,493.9207367352778,250.07926326472221,11.173742811072728,1.7356765730910375,6.437687173004585,True
8083,Zählfeld B_28.1_2_G (veraltet),9.970655,53.567066,2025-06,6059.2930798463885,366.7069201536111,508.2723593,211.7276407,11.921350765938431,1.731974714974525,6.883097462605727,True
8083,Zählfeld B_28.1_2_G (veraltet),9.970655,53.567066,2025-07,5867.740800779166,418.25919922083335,508.95938871444446,235.04061128555554,11.528897847036882,1.7795188539255538,6.4786601286097945,True
8083,Zählfeld B_28.1_2_G (veraltet),9.970655,53.567066,2025-08,4925.975386804167,621.0246131958334,456.3271263661111,287.6728736338889,10.79483357921628,2.1587875330441806,5.000415007953151,True
8083,Zählfeld B_28.1_2_G (veraltet),9.970655,53.567066,2025-09,4629.716329150556,881.2836708494444,379.47910540944446,340.52089459055554,12.200187739336153,2.588045799389507,4.714054033438686,True
8083,Zählfeld B_28.1_2_G (veraltet),9.970655,53.567066,2025-10,3286.1203834380553,1080.8796165619444,326.24710055888886,417.7528994411111,10.072489158704103,2.587365923750606,3.892951154007307,True
8083,Zählfeld B_28.1_2_G (veraltet),9.970655,53.567066,2025-11,1921.591744861111,1941.408255138889,257.97459228055556,462.0254077194445,7.4487635695972685,4.201951283851838,1.7726915583774088,True
8083,Zählfeld B_28.1_2_G (veraltet),9.970655,53.567066,2025-12,1406.3804173713888,1789.6195826286112,234.07368837805555,509.9263116219445,6.008280670572102,3.509565091740984,1.7119729976546993,True
8083,Zählfeld B_28.1_2_G (veraltet),9.970655,53.567066,2026-01,1009.9646026083333,799.0353973916667,251.92644384916667,492.0735561508333,4.008966217190836,1.6238129186254049,2.468859664316822,True
8083,Zählfeld B_28.1_2_G (veraltet),9.970655,53.567066,2026-02,1887.5151076755556,951.4848923244444,274.9950323086111,397.00496769138886,6.863815290878804,2.3966573966502094,2.863911754960183,True
8089,Zählfeld B_50.1_1_G (veraltet),9.985025,53.45697,2025-01,649.4842154175,394.5157845825,252.25277094527777,491.74722905472225,2.5747357025401922,0.8022735284972958,3.2092990870119067,True
8089,Zählfeld B_50.1_1_G (veraltet),9.985025,53.45697,2025-02,726.3008559061111,322.6991440938889,275.4455073022222,396.55449269777773,2.636822299334891,0.8137573777025002,3.240305245255646,True
8089,Zählfeld B_50.1_1_G (veraltet),9.985025,53.45697,2025-03,1237.4025576594445,319.5974423405556,368.8174108408333,375.1825891591667,3.35505461859407,0.8518450791035247,3.9385736924428842,True
8089,Zählfeld B_50.1_1_G (veraltet),9.985025,53.45697,2025-04,1682.5821668488888,242.4178331511111,421.24926776527775,298.75073223472225,3.9942672797390646,0.8114384568625875,4.922452523611992,True
8089,Zählfeld B_50.1_1_G (veraltet),9.985025,53.45697,2025-05,2031.3552092047223,223.64479079527777,493.9207367352778,250.07926326472221,4.11271497251076,0.8942956240179653,4.598831596684791,True
8089,Zählfeld B_50.1_1_G (veraltet),9.985025,53.45697,2025-06,2241.9037949547223,192.09620504527777,508.2723593,211.7276407,4.410831621932588,0.9072797694726202,4.861600324777988,True
8089,Zählfeld B_50.1_1_G (veraltet),9.985025,53.45697,2025-07,2373.7717804719446,250.22821952805555,508.95938871444446,235.04061128555554,4.663970904373604,1.0646169534678767,4.380891069958274,True
8089,Zählfeld B_50.1_1_G (veraltet),9.985025,53.45697,2025-08,1029.4155171661112,98.58448283388888,141.74059023277778,99.25940976722222,7.262672714114724,0.9932003732954272,7.31239426543635,True
8089,Zählfeld B_50.1_1_G (veraltet),9.985025,53.45697,2025-09,2578.3643301905554,395.63566980944444,379.47910540944446,340.52089459055554,6.794482999027291,1.1618543123033882,5.8479646949514335,True
8089,Zählfeld B_50.1_1_G (veraltet),9.985025,53.45697,2025-10,1587.292103195,439.707896805,326.24710055888886,417.7528994411111,4.865306390388863,1.0525549850001312,4.622377414694641,True
8089,Zählfeld B_50.1_1_G (veraltet),9.985025,53.45697,2025-11,1071.9365377177778,605.0634622822222,257.97459228055556,462.0254077194445,4.155201984201657,1.30958915283212,3.1729050101061156,True
8089,Zählfeld B_50.1_1_G (veraltet),9.985025,53.45697,2025-12,844.0560616763889,518.9439383236111,234.07368837805555,509.9263116219445,3.6059416482263598,1.017684176117494,3.543281631815454,True
8089,Zählfeld B_50.1_1_G (veraltet),9.985025,53.45697,2026-01,486.9962875111111,312.0037124888889,251.92644384916667,492.0735561508333,1.9330891988563352,0.6340590925663391,3.048752429418215,True
8089,Zählfeld B_50.1_1_G (veraltet),9.985025,53.45697,2026-02,759.5870202625,337.4129797375,274.9950323086111,397.00496769138886,2.762184516155402,0.8498961151533686,3.250026052486368,True
8090,Zählfeld B_50.1_2_I (veraltet),9.985025,53.45697,2025-01,4187.533062265,2512.466937735,252.25277094527777,491.74722905472225,16.60054336201293,5.109265064014036,3.2491059191536453,True
8090,Zählfeld B_50.1_2_I (veraltet),9.985025,53.45697,2025-02,5123.503593562222,1893.4964064377778,275.4455073022222,396.55449269777773,18.600788387303954,4.774870645283169,3.8955585960592765,True
8090,Zählfeld B_50.1_2_I (veraltet),9.985025,53.45697,2025-03,8893.943600267778,1793.0563997322222,368.8174108408333,375.1825891591667,24.114760688741033,4.779156740057411,5.045819168603234,True
8090,Zählfeld B_50.1_2_I (veraltet),9.985025,53.45697,2025-04,11211.439042599723,1514.5609574002779,421.24926776527775,298.75073223472225,26.614738352131198,5.069647682772268,5.24982010930931,True
8090,Zählfeld B_50.1_2_I (veraltet),9.985025,53.45697,2025-05,12716.344507305555,860.6554926944444,493.9207367352778,250.07926326472221,25.74571902236415,3.441530822903116,7.480891599467429,True
8090,Zählfeld B_50.1_2_I (veraltet),9.985025,53.45697,2025-06,13466.184525641944,648.8154743580556,508.2723593,211.7276407,26.49403273510243,3.0643872109139108,8.64578491932844,True
8090,Zählfeld B_50.1_2_I (veraltet),9.985025,53.45697,2025-07,14533.409179420278,968.5908205797222,508.95938871444446,235.04061128555554,28.555145069883675,4.12095090836435,6.92926115958453,True
8090,Zählfeld B_50.1_2_I (veraltet),9.985025,53.45697,2025-08,38884.491219385556,3028.5087806144443,447.74970168416667,278.25029831583333,86.84425935545093,10.884116922587724,7.9789899330485605,True
8090,Zählfeld B_50.1_2_I (veraltet),9.985025,53.45697,2025-09,7369.217920203333,1177.7820797966667,379.47910540944446,340.52089459055554,19.419298230536853,3.4587659626961784,5.614516402664931,True
8090,Zählfeld B_50.1_2_I (veraltet),9.985025,53.45697,2025-10,2700.7660351244444,874.2339648755556,326.24710055888886,417.7528994411111,8.278283639909148,2.092705917888651,3.955779724779094,True
8090,Zählfeld B_50.1_2_I (veraltet),9.985025,53.45697,2025-11,1702.9932002838889,813.0067997161111,257.97459228055556,462.0254077194445,6.6013989409927225,1.7596582052253562,3.7515234045962313,True
8090,Zählfeld B_50.1_2_I (veraltet),9.985025,53.45697,2025-12,1584.81618295,893.18381705,234.07368837805555,509.9263116219445,6.77058662138199,1.7515939003206404,3.8653860464703556,True
8090,Zählfeld B_50.1_2_I (veraltet),9.985025,53.45697,2026-01,1101.2621404358333,683.7378595641667,251.92644384916667,492.0735561508333,4.371363814015414,1.389503359848468,3.14599010001108,True
8090,Zählfeld B_50.1_2_I (veraltet),9.985025,53.45697,2026-02,2388.8532845552777,1081.1467154447223,274.9950323086111,397.00496769138886,8.68689613954337,2.723257398343564,3.1898916881038204,True
8091,Zählfeld B_31.1_1_G (veraltet),9.971326,53.58265,2025-01,2909.273934955,2033.726065045,252.25277094527777,491.74722905472225,11.533169384236897,4.135714336315425,2.788676500928733,True
8091,Zählfeld B_31.1_1_G (veraltet),9.971326,53.58265,2025-02,3343.057729152778,1447.9422708472223,275.4455073022222,396.55449269777773,12.136911441742027,3.651307191091966,3.323990780987218,True
8091,Zählfeld B_31.1_1_G (veraltet),9.971326,53.58265,2025-03,4007.0003652827777,884.9996347172222,368.8174108408333,375.1825891591667,10.864455547658615,2.3588504911718378,4.605826265089541,True
8091,Zählfeld B_31.1_1_G (veraltet),9.971326,53.58265,2025-04,4657.178513707222,640.8214862927778,421.24926776527775,298.75073223472225,11.055635867128025,2.1450039017454112,5.154133220052394,True
8091,Zählfeld B_31.1_1_G (veraltet),9.971326,53.58265,2025-05,4949.536956654444,309.46304334555555,493.9207367352778,250.07926326472221,10.020913455405704,1.237459832956931,8.097970688438883,True
8091,Zählfeld B_31.1_1_G (veraltet),9.971326,53.58265,2025-06,5369.599018749722,233.40098125027777,508.2723593,211.7276407,10.564412800540268,1.1023642471933415,9.583413855663078,True
8091,Zählfeld B_31.1_1_G (veraltet),9.971326,53.58265,2025-07,5588.748809300556,292.25119069944446,508.95938871444446,235.04061128555554,10.980736249736747,1.2434072099326812,8.831166621859342,True
8091,Zählfeld B_31.1_1_G (veraltet),9.971326,53.58265,2025-08,4053.1151626680557,516.8848373319445,456.3271263661111,287.6728736338889,8.882038626422228,1.7967799007346292,4.9433092070936056,True
8091,Zählfeld B_31.1_1_G (veraltet),9.971326,53.58265,2025-09,4900.487150247222,1122.5128497527778,379.47910540944446,340.52089459055554,12.913720624907057,3.2964580664058643,3.9174533286227775,True
8091,Zählfeld B_31.1_1_G (veraltet),9.971326,53.58265,2025-10,3994.7176074322224,1423.2823925677778,326.24710055888886,417.7528994411111,12.24445397549567,3.406995844844907,3.5939151478633695,True
8091,Zählfeld B_31.1_1_G (veraltet),9.971326,53.58265,2025-11,3377.863999369167,2321.136000630833,257.97459228055556,462.0254077194445,13.093785591472638,5.023827611749645,2.6063365631513924,True
8091,Zählfeld B_31.1_1_G (veraltet),9.971326,53.58265,2025-12,3032.173783921111,2562.826216078889,234.07368837805555,509.9263116219445,12.953928333131602,5.025875617061606,2.577447060002085,True
8091,Zählfeld B_31.1_1_G (veraltet),9.971326,53.58265,2026-01,1853.7726104038888,1258.2273895961112,251.92644384916667,492.0735561508333,7.3583883536806445,2.556990461829312,2.877753540158431,True
8091,Zählfeld B_31.1_1_G (veraltet),9.971326,53.58265,2026-02,2903.060921973889,1162.939078026111,274.9950323086111,397.00496769138886,10.556775871921754,2.9292809225755576,3.603879638365225,True
8092,Zählfeld B_31.1_2_I (veraltet),9.971326,53.58265,2025-01,16496.167598023054,13325.832401976944,252.25277094527777,491.74722905472225,65.39538708021422,27.098947619070426,2.4132076270811833,True
8092,Zählfeld B_31.1_2_I (veraltet),9.971326,53.58265,2025-02,20470.578306336945,9834.421693663056,275.4455073022222,396.55449269777773,74.3180693227876,24.79967286906536,2.996735872894942,True
8092,Zählfeld B_31.1_2_I (veraltet),9.971326,53.58265,2025-03,29702.804578450556,7502.195421549444,368.8174108408333,375.1825891591667,80.53525594340525,19.996118259013155,4.027544491396692,True
8092,Zählfeld B_31.1_2_I (veraltet),9.971326,53.58265,2025-04,40439.136716396664,5340.863283603333,421.24926776527775,298.75073223472225,95.9981175300928,17.87732282244961,5.3698262588592005,True
8092,Zählfeld B_31.1_2_I (veraltet),9.971326,53.58265,2025-05,42659.577424911666,2851.4225750883334,493.9207367352778,250.07926326472221,86.36927800781025,11.402075237521597,7.574873539124606,True
8092,Zählfeld B_31.1_2_I (veraltet),9.971326,53.58265,2025-06,45173.80272428555,1936.1972757144445,508.2723593,211.7276407,88.87715788145466,9.144754408603035,9.718922336267712,True
8092,Zählfeld B_31.1_2_I (veraltet),9.971326,53.58265,2025-07,45036.194390085555,2611.805609914444,508.95938871444446,235.04061128555554,88.48681326783316,11.112146090963444,7.96307144843892,True
8092,Zählfeld B_31.1_2_I (veraltet),9.971326,53.58265,2025-08,36399.45288141805,4405.547118581944,456.3271263661111,287.6728736338889,79.7661387594451,15.31443358885735,5.208559513260893,True
8092,Zählfeld B_31.1_2_I (veraltet),9.971326,53.58265,2025-09,38638.178357816665,8065.821642183333,379.47910540944446,340.52089459055554,101.81898767819494,23.686715764921644,4.29856923554517,True
8092,Zählfeld B_31.1_2_I (veraltet),9.971326,53.58265,2025-10,27687.85138410083,10308.148615899167,326.24710055888886,417.7528994411111,84.86773165698393,24.67522937528352,3.43938977693936,True
8092,Zählfeld B_31.1_2_I (veraltet),9.971326,53.58265,2025-11,20271.366123203334,16009.633876796666,257.97459228055556,462.0254077194445,78.57892493985446,34.65098154627503,2.267725802656279,True
8092,Zählfeld B_31.1_2_I (veraltet),9.971326,53.58265,2025-12,16052.051022919166,16279.948977080834,234.07368837805555,509.9263116219445,68.57691325388646,31.926081486751492,2.1479902969722144,True
8092,Zählfeld B_31.1_2_I (veraltet),9.971326,53.58265,2026-01,9170.741134169166,7343.258865830833,251.92644384916667,492.0735561508333,36.40245539154226,14.923091830563505,2.4393373574896566,True
8092,Zählfeld B_31.1_2_I (veraltet),9.971326,53.58265,2026-02,15534.517976013056,7952.482023986944,274.9950323086111,397.00496769138886,56.49017673373663,20.031190214649385,2.8201108435595477,True
8093,Zählfeld B_39.1_1_G (veraltet),10.034798,53.57565,2025-01,364.3002771927778,362.6997228072222,252.25277094527777,491.74722905472225,1.4441874149791083,0.7375734958475191,1.9580250959528374,True
8093,Zählfeld B_39.1_1_G (veraltet),10.034798,53.57565,2025-02,469.02352103,277.97647897,275.4455073022222,396.55449269777773,1.7027815251870548,0.7009792704122799,2.42914676233659,True
8093,Zählfeld B_39.1_1_G (veraltet),10.034798,53.57565,2025-03,657.6674617586111,264.3325382413889,368.8174108408333,375.1825891591667,1.7831789997637444,0.704543723187669,2.5309699612337044,True
8093,Zählfeld B_39.1_1_G (veraltet),10.034798,53.57565,2025-04,606.4864523352778,138.5135476647222,421.24926776527775,298.75073223472225,1.439732953252788,0.4636425378060496,3.105265017454148,True
8093,Zählfeld B_39.1_1_G (veraltet),10.034798,53.57565,2025-05,782.0588139147222,90.94118608527778,493.9207367352778,250.07926326472221,1.5833690625827586,0.3636494481712052,4.354108250529539,True
8093,Zählfeld B_39.1_1_G (veraltet),10.034798,53.57565,2025-06,658.2734540622222,83.72654593777777,508.2723593,211.7276407,1.2951195201108434,0.3954445704914416,3.275097489646461,True
8093,Zählfeld B_39.1_1_G (veraltet),10.034798,53.57565,2025-07,830.4023912091667,88.59760879083333,508.95938871444446,235.04061128555554,1.6315690595798602,0.3769459597056371,4.3283898329988135,True
8093,Zählfeld B_39.1_1_G (veraltet),10.034798,53.57565,2025-08,615.0678879919444,118.93211200805555,456.3271263661111,287.6728736338889,1.3478661522709383,0.41342831705229266,3.260217301710499,True
8093,Zählfeld B_39.1_1_G (veraltet),10.034798,53.57565,2025-09,701.3788689216667,201.62113107833332,379.47910540944446,340.52089459055554,1.8482674248030175,0.592096209898555,3.121566046031074,True
8093,Zählfeld B_39.1_1_G (veraltet),10.034798,53.57565,2025-10,530.9651068886111,250.0348931113889,326.24710055888886,417.7528994411111,1.6274937186538148,0.5985234176612466,2.719181356367491,True
8093,Zählfeld B_39.1_1_G (veraltet),10.034798,53.57565,2025-11,352.9920398711111,329.0079601288889,257.97459228055556,462.0254077194445,1.3683209526588613,0.7120992798921402,1.9215311562541073,True
8093,Zählfeld B_39.1_1_G (veraltet),10.034798,53.57565,2025-12,294.767207035,382.232792965,234.07368837805555,509.9263116219445,1.2592923582206197,0.7495843698459406,1.6799874822355723,True
8093,Zählfeld B_39.1_1_G (veraltet),10.034798,53.57565,2026-01,217.65724670305556,235.34275329694444,251.92644384916667,492.0735561508333,0.8639714171227346,0.47826742639428843,1.8064609242496643,True
8093,Zählfeld B_39.1_1_G (veraltet),10.034798,53.57565,2026-02,352.58297227472224,183.4170277252778,274.9950323086111,397.00496769138886,1.2821430602391344,0.46200184544757816,2.7751903436598178,True
8094,Zählfeld B_39.1_2_I (veraltet),10.034798,53.57565,2025-01,6091.477040313889,7254.522959686111,252.25277094527777,491.74722905472225,24.14830575492603,14.752544663304688,1.636890875849524,True
8094,Zählfeld B_39.1_2_I (veraltet),10.034798,53.57565,2025-02,7985.297471933056,5244.702528066944,275.4455073022222,396.55449269777773,28.99048000507588,13.225679256303469,2.1919842030993437,True
8094,Zählfeld B_39.1_2_I (veraltet),10.034798,53.57565,2025-03,16564.87356527111,4837.126434728889,368.8174108408333,375.1825891591667,44.91348043332977,12.892726300464854,3.483629403635939,True
8094,Zählfeld B_39.1_2_I (veraltet),10.034798,53.57565,2025-04,23735.44711256278,4869.552887437222,421.24926776527775,298.75073223472225,56.34537298659067,16.299718668509623,3.4568310123933355,True
8094,Zählfeld B_39.1_2_I (veraltet),10.034798,53.57565,2025-05,27173.28916769389,2700.710832306111,493.9207367352778,250.07926326472221,55.01548557629746,10.799419340288383,5.094300336227924,True
8094,Zählfeld B_39.1_2_I (veraltet),10.034798,53.57565,2025-06,28209.52849288333,1874.4715071166665,508.2723593,211.7276407,55.500811674539804,8.853220585273666,6.26899681759417,True
8094,Zählfeld B_39.1_2_I (veraltet),10.034798,53.57565,2025-07,29826.997575316665,2865.002424683333,508.95938871444446,235.04061128555554,58.60388517570177,12.189393181940735,4.807777081350259,True
8094,Zählfeld B_39.1_2_I (veraltet),10.034798,53.57565,2025-08,25667.666474392223,4349.333525607778,456.3271263661111,287.6728736338889,56.248390663935815,15.11902554685438,3.7203714280143334,True
8094,Zählfeld B_39.1_2_I (veraltet),10.034798,53.57565,2025-09,22586.347832229167,6959.652167770833,379.47910540944446,340.52089459055554,59.51934509769465,20.438252918779515,2.9121542498872692,True
8094,Zählfeld B_39.1_2_I (veraltet),10.034798,53.57565,2025-10,13438.341900341667,7528.658099658333,326.24710055888886,417.7528994411111,41.19068606991649,18.021797358511495,2.285603663746812,True
8094,Zählfeld B_39.1_2_I (veraltet),10.034798,53.57565,2025-11,9870.0911062275,10003.9088937725,257.97459228055556,462.0254077194445,38.259934898912306,21.65229168489186,1.767015494512695,True
8094,Zählfeld B_39.1_2_I (veraltet),10.034798,53.57565,2025-12,6888.364393213334,9088.635606786667,234.07368837805555,509.9263116219445,29.42818751199342,17.823429385077336,1.6510956941110428,True
8094,Zählfeld B_39.1_2_I (veraltet),10.034798,53.57565,2026-01,3748.6920697275,4235.3079302725,251.92644384916667,492.0735561508333,14.880105527833814,8.607062658279219,1.7288250496841095,True
8094,Zählfeld B_39.1_2_I (veraltet),10.034798,53.57565,2026-02,6601.056923808889,4262.943076191111,274.9950323086111,397.00496769138886,24.004276980541608,10.737757517192838,2.2355018673225753,True
8095,Zählfeld B_39.7_1_G (veraltet),10.03613,53.574802,2025-01,1286.4024286972221,942.5975713027777,252.25277094527777,491.74722905472225,5.099656284752117,1.9168335185430894,2.6604586342105327,True
8095,Zählfeld B_39.7_1_G (veraltet),10.03613,53.574802,2025-02,1489.7635517088888,648.2364482911111,275.4455073022222,396.55449269777773,5.408559995405196,1.634671804828461,3.30865191375388,True
8095,Zählfeld B_39.7_1_G (veraltet),10.03613,53.574802,2025-03,2236.707617990278,527.2923820097222,368.8174108408333,375.1825891591667,6.064539124904682,1.4054287092358244,4.315081288044957,True
8095,Zählfeld B_39.7_1_G (veraltet),10.03613,53.574802,2025-04,2760.3486746444446,337.65132535555557,421.24926776527775,298.75073223472225,6.5527678879729825,1.1302108712164425,5.7978276929156225,True
8095,Zählfeld B_39.7_1_G (veraltet),10.03613,53.574802,2025-05,3117.873267322778,191.1267326772222,493.9207367352778,250.07926326472221,6.312497199310415,0.7642646182738646,8.259570112728168,True
8095,Zählfeld B_39.7_1_G (veraltet),10.03613,53.574802,2025-06,3132.186997015833,147.81300298416667,508.2723593,211.7276407,6.162418513825002,0.6981280407956044,8.827060587341762,True
8095,Zählfeld B_39.7_1_G (veraltet),10.03613,53.574802,2025-07,3224.7035165255556,200.29648347444444,508.95938871444446,235.04061128555554,6.335875883281525,0.8521781932872028,7.434919050018681,True
8095,Zählfeld B_39.7_1_G (veraltet),10.03613,53.574802,2025-08,2471.2773428194446,274.72265718055553,456.3271263661111,287.6728736338889,5.415582813362578,0.9549828376595053,5.670869255237316,True
8095,Zählfeld B_39.7_1_G (veraltet),10.03613,53.574802,2025-09,2755.28647106,615.71352894,379.47910540944446,340.52089459055554,7.26070666812378,1.8081519775176726,4.015540042210205,True
8095,Zählfeld B_39.7_1_G (veraltet),10.03613,53.574802,2025-10,2803.3209716669444,1083.6790283330556,326.24710055888886,417.7528994411111,8.592631066650458,2.594067042461826,3.3124167286346866,True
8095,Zählfeld B_39.7_1_G (veraltet),10.03613,53.574802,2025-11,2141.906865361389,1636.093134638611,257.97459228055556,462.0254077194445,8.302782248540186,3.541132386451126,2.344668694202964,True
8095,Zählfeld B_39.7_1_G (veraltet),10.03613,53.574802,2025-12,1604.33182611,1485.66817389,234.07368837805555,509.9263116219445,6.853960550742561,2.9134958130802695,2.3524868372802867,True
8095,Zählfeld B_39.7_1_G (veraltet),10.03613,53.574802,2026-01,1090.0403444130557,812.9596555869445,251.92644384916667,492.0735561508333,4.326819875509711,1.6521100258794463,2.6189659330990813,True
8095,Zählfeld B_39.7_1_G (veraltet),10.03613,53.574802,2026-02,1539.4443063905555,735.5556936094445,274.9950323086111,397.00496769138886,5.5980804215507645,1.8527619386899647,3.0214785314021553,True
8096,Zählfeld B_39.7_2_I (veraltet),10.03613,53.574802,2025-01,7626.6036998888885,7747.3963001111115,252.25277094527777,491.74722905472225,30.23397392745929,15.754834684079066,1.9190283194791,True
8096,Zählfeld B_39.7_2_I (veraltet),10.03613,53.574802,2025-02,9731.275492080556,5535.7245079194445,275.4455073022222,396.55449269777773,35.32922205699032,13.959555647093206,2.53082712302142,True
8096,Zählfeld B_39.7_2_I (veraltet),10.03613,53.574802,2025-03,16557.28088529361,4350.719114706389,368.8174108408333,375.1825891591667,44.89289387815551,11.596271363383146,3.87132143353519,True
8096,Zählfeld B_39.7_2_I (veraltet),10.03613,53.574802,2025-04,22585.067121242224,5109.932878757778,421.24926776527775,298.75073223472225,53.61449585670672,17.10433591420626,3.1345558299154077,True
8096,Zählfeld B_39.7_2_I (veraltet),10.03613,53.574802,2025-05,26133.093076568333,2564.9069234316667,493.9207367352778,250.07926326472221,52.909487561310165,10.256375878381311,5.158692328430974,True
8096,Zählfeld B_39.7_2_I (veraltet),10.03613,53.574802,2025-06,27965.1742194375,1788.8257805624999,508.2723593,211.7276407,55.020057077177164,8.44871163088769,6.5122422779857985,True
8096,Zählfeld B_39.7_2_I (veraltet),10.03613,53.574802,2025-07,28852.899795199446,2766.1002048005557,508.95938871444446,235.04061128555554,56.68998437788439,11.768605389814807,4.817052021044652,True
8096,Zählfeld B_39.7_2_I (veraltet),10.03613,53.574802,2025-08,23361.87495782,4035.12504218,456.3271263661111,287.6728736338889,51.19545520744865,14.02678323892075,3.6498357702851147,True
8096,Zählfeld B_39.7_2_I (veraltet),10.03613,53.574802,2025-09,21617.1280685,6951.8719315,379.47910540944446,340.52089459055554,56.96526570330107,20.415404875107516,2.7903079097274612,True
8096,Zählfeld B_39.7_2_I (veraltet),10.03613,53.574802,2025-10,14928.629865137778,8428.370134862222,326.24710055888886,417.7528994411111,45.75865912544134,20.17549165101686,2.268031922936315,True
8096,Zählfeld B_39.7_2_I (veraltet),10.03613,53.574802,2025-11,11672.319508152777,10614.680491847223,257.97459228055556,462.0254077194445,45.24600428657237,22.9742354305605,1.9694237235153338,True
8096,Zählfeld B_39.7_2_I (veraltet),10.03613,53.574802,2025-12,8269.778056485,9615.221943515,234.07368837805555,509.9263116219445,35.329806240880735,18.856100821570575,1.8736538680608317,True
8096,Zählfeld B_39.7_2_I (veraltet),10.03613,53.574802,2026-01,4389.8888576036115,4466.1111423963885,251.92644384916667,492.0735561508333,17.425280135466544,9.07610475419941,1.9199073399195912,True
8096,Zählfeld B_39.7_2_I (veraltet),10.03613,53.574802,2026-02,7491.516813807778,4647.483186192222,274.9950323086111,397.00496769138886,27.242371438188307,11.706360283644953,2.3271427478828612,True
8097,Zählfeld B_11.2_1_I (veraltet),10.027118,53.533474,2025-01,2940.5031624555554,4331.496837544444,252.25277094527777,491.74722905472225,11.656970710119378,8.808380772924355,1.3233954129175662,True
8097,Zählfeld B_11.2_1_I (veraltet),10.027118,53.533474,2025-02,3701.152290448611,3433.847709551389,275.4455073022222,396.55449269777773,13.436967357712831,8.65920768212906,1.5517548315008254,True
8097,Zählfeld B_11.2_1_I (veraltet),10.027118,53.533474,2025-03,6698.634144568889,2549.365855431111,368.8174108408333,375.1825891591667,18.162467247132614,6.7950004320418325,2.672916275543925,True
8097,Zählfeld B_11.2_1_I (veraltet),10.027118,53.533474,2025-04,9993.956926524723,3227.0430734752777,421.24926776527775,298.75073223472225,23.724568067601737,10.801791344028763,2.196354966689548,True
8097,Zählfeld B_11.2_1_I (veraltet),10.027118,53.533474,2025-05,12509.173691236667,2131.826308763333,493.9207367352778,250.07926326472221,25.326277600571963,8.524602483760045,2.970962886400893,True
8097,Zählfeld B_11.2_1_I (veraltet),10.027118,53.533474,2025-06,13887.461962419444,1819.5380375805555,508.2723593,211.7276407,27.322874652372313,8.593767122539687,3.17938271572545,True
8097,Zählfeld B_11.2_1_I (veraltet),10.027118,53.533474,2025-07,12586.34698860389,2876.653011396111,508.95938871444446,235.04061128555554,24.729570310894797,12.238961580563657,2.0205611520316493,True
8097,Zählfeld B_11.2_1_I (veraltet),10.027118,53.533474,2025-08,7061.065826684722,2592.934173315278,456.3271263661111,287.6728736338889,15.473692924885714,9.013481669513315,1.716727618942528,True
8097,Zählfeld B_11.2_1_I (veraltet),10.027118,53.533474,2025-09,3802.4525712180557,2547.5474287819443,379.47910540944446,340.52089459055554,10.020189562519771,7.481324844530117,1.3393603099384084,True
8097,Zählfeld B_11.2_1_I (veraltet),10.027118,53.533474,2025-10,3506.0689122016665,3797.9310877983335,326.24710055888886,417.7528994411111,10.746666885914003,9.091333879140945,1.1820781228342119,True
8097,Zählfeld B_11.2_1_I (veraltet),10.027118,53.533474,2025-11,2906.45598832,4341.54401168,257.97459228055556,462.0254077194445,11.266442802084699,9.396764634892794,1.1989704158651875,True
8097,Zählfeld B_11.2_1_I (veraltet),10.027118,53.533474,2025-12,2682.266781877222,4571.7332181227775,234.07368837805555,509.9263116219445,11.459070006813654,8.965478175819698,1.27813260844461,True
8097,Zählfeld B_11.2_1_I (veraltet),10.027118,53.533474,2026-01,1591.7220234080555,2423.2779765919445,251.92644384916667,492.0735561508333,6.318201452329676,4.924625488001527,1.282981105410653,True
8097,Zählfeld B_11.2_1_I (veraltet),10.027118,53.533474,2026-02,2541.737551216111,2575.262448783889,274.9950323086111,397.00496769138886,9.242848970317636,6.486726006878999,1.4248866008084577,True
8098,Zählfeld B_11.2_2_G (veraltet),10.027118,53.533474,2025-01,274.3748454125,263.6251545875,252.25277094527777,491.74722905472225,1.0876980434519044,0.5360989122282649,2.0289129834846125,True
8098,Zählfeld B_11.2_2_G (veraltet),10.027118,53.533474,2025-02,370.5492980511111,231.45070194888888,275.4455073022222,396.55449269777773,1.3452726155541896,0.5836542170391754,2.304913725079611,True
8098,Zählfeld B_11.2_2_G (veraltet),10.027118,53.533474,2025-03,768.6528467613889,180.3471532386111,368.8174108408333,375.1825891591667,2.084101303702033,0.4806916910584595,4.335629973368053,True
8098,Zählfeld B_11.2_2_G (veraltet),10.027118,53.533474,2025-04,1338.1783388480555,244.82166115194445,421.24926776527775,298.75073223472225,3.176690005770397,0.8194847233364876,3.8764481085586024,True
8098,Zählfeld B_11.2_2_G (veraltet),10.027118,53.533474,2025-05,4357.0085235852775,559.9914764147222,493.9207367352778,250.07926326472221,8.821270701012223,2.239255942712617,3.9393758135241144,True
8098,Zählfeld B_11.2_2_G (veraltet),10.027118,53.533474,2025-06,2455.754284866111,269.2457151338889,508.2723593,211.7276407,4.831571577585315,1.2716606780471666,3.7994188709247085,True
8098,Zählfeld B_11.2_2_G (veraltet),10.027118,53.533474,2025-07,2347.3118878113887,340.6881121886111,508.95938871444446,235.04061128555554,4.61198268439521,1.4494861561379377,3.1818052658630007,True
8098,Zählfeld B_11.2_2_G (veraltet),10.027118,53.533474,2025-08,2149.651698041667,476.3483019583333,456.3271263661111,287.6728736338889,4.710769037905062,1.6558679862341312,2.844894083989485,True
8098,Zählfeld B_11.2_2_G (veraltet),10.027118,53.533474,2025-09,1235.6476523797223,421.3523476202778,379.47910540944446,340.52089459055554,3.25616782259066,1.2373758976726361,2.6315106256030547,True
8098,Zählfeld B_11.2_2_G (veraltet),10.027118,53.533474,2025-10,969.8930274605556,503.1069725394444,326.24710055888886,417.7528994411111,2.9728786119448936,1.2043171291271082,2.46851808385358,True
8098,Zählfeld B_11.2_2_G (veraltet),10.027118,53.533474,2025-11,1232.9844860419444,753.0155139580555,257.97459228055556,462.0254077194445,4.779480316809783,1.6298140781368216,2.932531005176745,True
8098,Zählfeld B_11.2_2_G (veraltet),10.027118,53.533474,2025-12,694.9875136905556,680.0124863094444,234.07368837805555,509.9263116219445,2.9690971185453017,1.3335504970247554,2.2264602091706056,True
8098,Zählfeld B_11.2_2_G (veraltet),10.027118,53.533474,2026-01,518.0390403338889,363.96095966611114,251.92644384916667,492.0735561508333,2.0563106929896136,0.7396474675719978,2.7801226707903934,True
8098,Zählfeld B_11.2_2_G (veraltet),10.027118,53.533474,2026-02,678.5117658216667,316.48823417833336,274.9950323086111,397.00496769138886,2.467360083291294,0.7971896070186077,3.095073068650407,True
8099,Zählfeld G_40.7_1_I (veraltet),10.040752,53.598457,2025-01,5981.506672935833,6618.493327064167,252.25277094527777,491.74722905472225,23.712352694961776,13.45913700375453,1.7618033524992749,True
8099,Zählfeld G_40.7_1_I (veraltet),10.040752,53.598457,2025-02,7865.059143283889,5046.940856716111,275.4455073022222,396.55449269777773,28.55395689810344,12.726979392873725,2.243576894144402,True
8099,Zählfeld G_40.7_1_I (veraltet),10.040752,53.598457,2025-03,14449.72647787861,3814.273522121389,368.8174108408333,375.1825891591667,39.17853673159299,10.166445971465988,3.8537102190435877,True
8099,Zählfeld G_40.7_1_I (veraltet),10.040752,53.598457,2025-04,18953.104878124443,4820.895121875556,421.24926776527775,298.75073223472225,44.99261204338807,16.136847885908704,2.788190876030832,True
8099,Zählfeld G_40.7_1_I (veraltet),10.040752,53.598457,2025-05,22558.016916973887,2563.983083026111,493.9207367352778,250.07926326472221,45.67132991029713,10.252681688013446,4.454574061700572,True
8099,Zählfeld G_40.7_1_I (veraltet),10.040752,53.598457,2025-06,25067.214684273335,1902.7853157266666,508.2723593,211.7276407,49.318469174275506,8.98694808781604,5.487788367347809,True
8099,Zählfeld G_40.7_1_I (veraltet),10.040752,53.598457,2025-07,24709.386978319722,2650.6130216802776,508.95938871444446,235.04061128555554,48.548838131725894,11.277255480160383,4.305022460219678,True
8099,Zählfeld G_40.7_1_I (veraltet),10.040752,53.598457,2025-08,21087.89136186,4088.10863814,456.3271263661111,287.6728736338889,46.21222395826014,14.210963260104919,3.2518713272585686,True
8099,Zählfeld G_40.7_1_I (veraltet),10.040752,53.598457,2025-09,18384.760112956945,6889.239887043055,379.47910540944446,340.52089459055554,48.447358104527105,20.23147476846236,2.394652819874941,True
8099,Zählfeld G_40.7_1_I (veraltet),10.040752,53.598457,2025-10,11072.253768788889,7059.746231211111,326.24710055888886,417.7528994411111,33.938244201469324,16.899335086975967,2.0082591431437415,True
8099,Zählfeld G_40.7_1_I (veraltet),10.040752,53.598457,2025-11,8858.404124162222,7890.595875837777,257.97459228055556,462.0254077194445,34.33828132395467,17.078272631770893,2.010641360770573,True
8099,Zählfeld G_40.7_1_I (veraltet),10.040752,53.598457,2025-12,6159.667689537778,7647.332310462222,234.07368837805555,509.9263116219445,26.31507937615447,14.996936098743413,1.7546970396412769,True
8099,Zählfeld G_40.7_1_I (veraltet),10.040752,53.598457,2026-01,3181.5442882269444,3237.4557117730556,251.92644384916667,492.0735561508333,12.628861978982236,6.579210915330495,1.9195101268991386,True
8099,Zählfeld G_40.7_1_I (veraltet),10.040752,53.598457,2026-02,5478.8773262908335,3546.1226737091665,274.9950323086111,397.00496769138886,19.92355018305278,8.93218715707794,2.230534339763043,True
8100,Zählfeld G_40.7_2_G (veraltet),10.040752,53.598457,2025-01,78.30427215305555,64.69572784694445,252.25277094527777,491.74722905472225,0.31041986916386505,0.13156297387035207,2.3594774428690433,True
8100,Zählfeld G_40.7_2_G (veraltet),10.040752,53.598457,2025-02,75.32846182,49.67153818,275.4455073022222,396.55449269777773,0.2734786366921886,0.12525778699941673,2.18332642818815,True
8100,Zählfeld G_40.7_2_G (veraltet),10.040752,53.598457,2025-03,132.078671155,66.921328845,368.8174108408333,375.1825891591667,0.35811398071985223,0.17837002776429328,2.007702668483526,True
8100,Zählfeld G_40.7_2_G (veraltet),10.040752,53.598457,2025-04,690.0482435383333,46.95175646166667,421.24926776527775,298.75073223472225,1.6380995679803334,0.15716030588597069,10.423112622145657,True
8100,Zählfeld G_40.7_2_G (veraltet),10.040752,53.598457,2025-05,257.7352237830556,32.26477621694444,493.9207367352778,250.07926326472221,0.521814948460428,0.12901819925305225,4.044506522967016,True
8100,Zählfeld G_40.7_2_G (veraltet),10.040752,53.598457,2025-06,273.7987148119444,33.20128518805556,508.2723593,211.7276407,0.538685037268255,0.15681129340641425,3.4352438881562115,True
8100,Zählfeld G_40.7_2_G (veraltet),10.040752,53.598457,2025-07,256.59266968944445,46.40733031055556,508.95938871444446,235.04061128555554,0.5041515597886096,0.1974438802585242,2.55339167326177,True
8100,Zählfeld G_40.7_2_G (veraltet),10.040752,53.598457,2025-08,269.3074528202778,68.69254717972223,456.3271263661111,287.6728736338889,0.5901631466988717,0.23878701634949703,2.471504337719469,True
8100,Zählfeld G_40.7_2_G (veraltet),10.040752,53.598457,2025-09,188.86262899694444,51.137371003055556,379.47910540944446,340.52089459055554,0.4976891383602488,0.1501739594116345,3.314084148211458,True
8100,Zählfeld G_40.7_2_G (veraltet),10.040752,53.598457,2025-10,123.73418174722222,91.26581825277778,326.24710055888886,417.7528994411111,0.3792652303583851,0.21846842565276592,1.7360185080529207,True
8100,Zählfeld G_40.7_2_G (veraltet),10.040752,53.598457,2025-11,54.90792070444444,95.09207929555555,257.97459228055556,462.0254077194445,0.21284235869527157,0.2058156926151089,1.0341405749526742,True
8100,Zählfeld G_40.7_2_G (veraltet),10.040752,53.598457,2025-12,68.00341173444444,78.99658826555556,234.07368837805555,509.9263116219445,0.29052138326889276,0.15491765469855384,1.8753277916206719,True
8100,Zählfeld G_40.7_2_G (veraltet),10.040752,53.598457,2026-01,25.127785996944443,16.872214003055557,251.92644384916667,492.0735561508333,0.09974255029769302,0.03428799168773822,2.908964491302129,True
8100,Zählfeld G_40.7_2_G (veraltet),10.040752,53.598457,2026-02,55.91315145222222,39.08684854777778,274.9950323086111,397.00496769138886,0.20332422365169897,0.09845430593745585,2.0651633437024364,True
8101,Zählfeld B_34.2_1_G (veraltet),9.932345,53.628548,2025-01,131.68073435972224,122.31926564027778,252.25277094527777,491.74722905472225,0.5220189806687526,0.24874418891065259,2.098617792660309,True
8101,Zählfeld B_34.2_1_G (veraltet),9.932345,53.628548,2025-02,204.6203269625,99.3796730375,275.4455073022222,396.55449269777773,0.7428704463783032,0.2506078606282221,2.964274322904639,True
8101,Zählfeld B_34.2_1_G (veraltet),9.932345,53.628548,2025-03,436.9591226052778,98.04087739472222,368.8174108408333,375.1825891591667,1.1847573074413553,0.2613151042388312,4.53382635838201,True
8101,Zählfeld B_34.2_1_G (veraltet),9.932345,53.628548,2025-04,505.8644267713889,85.13557322861111,421.24926776527775,298.75073223472225,1.2008671954612373,0.2849719315891814,4.21398412385547,True
8101,Zählfeld B_34.2_1_G (veraltet),9.932345,53.628548,2025-05,982.3609001405556,93.63909985944444,493.9207367352778,250.07926326472221,1.9889039416198122,0.37443768282507484,5.3117088179101986,True
8101,Zählfeld B_34.2_1_G (veraltet),9.932345,53.628548,2025-06,844.4082803775,61.5917196225,508.2723593,211.7276407,1.6613303181397296,0.29090070346445795,5.710987626892108,True
8101,Zählfeld B_34.2_1_G (veraltet),9.932345,53.628548,2025-07,926.47687216,73.52312784,508.95938871444446,235.04061128555554,1.820335556634769,0.31281031579123697,5.819295159848957,True
8101,Zählfeld B_34.2_1_G (veraltet),9.932345,53.628548,2025-08,735.5969698141666,66.40303018583333,456.3271263661111,287.6728736338889,1.6119948328997593,0.23082826457367725,6.983524465155923,True
8101,Zählfeld B_34.2_1_G (veraltet),9.932345,53.628548,2025-09,830.5195759388889,137.4804240611111,379.47910540944446,340.52089459055554,2.188577879782835,0.40373564807651063,5.420819019102531,True
8101,Zählfeld B_34.2_1_G (veraltet),9.932345,53.628548,2025-10,624.4196435288889,182.58035647111112,326.24710055888886,417.7528994411111,1.913946951434067,0.43705347518922183,4.379205429279394,True
8101,Zählfeld B_34.2_1_G (veraltet),9.932345,53.628548,2025-11,257.6375734888889,164.36242651111112,257.97459228055556,462.0254077194445,0.9986935969597341,0.3557432638226616,2.8073436619100227,True
8101,Zählfeld B_34.2_1_G (veraltet),9.932345,53.628548,2025-12,158.52600614083332,171.47399385916665,234.07368837805555,509.9263116219445,0.677248294070523,0.3362721043237639,2.0139889255234387,True
8101,Zählfeld B_34.2_1_G (veraltet),9.932345,53.628548,2026-01,81.92794984472222,67.07205015527778,251.92644384916667,492.0735561508333,0.3252058362470837,0.13630492701119354,2.385870000285297,True
8101,Zählfeld B_34.2_1_G (veraltet),9.932345,53.628548,2026-02,139.94443137222223,65.05556862777777,274.9950323086111,397.00496769138886,0.5088980342567448,0.16386588058602988,3.1055765387937027,True
8102,Zählfeld B_34.2_2_I (veraltet),9.932345,53.628548,2025-01,4391.9749479327775,3093.025052067222,252.25277094527777,491.74722905472225,17.411007742252103,6.289867780267708,2.7681039332612265,True
8102,Zählfeld B_34.2_2_I (veraltet),9.932345,53.628548,2025-02,4959.405754573333,2164.5942454266665,275.4455073022222,396.55449269777773,18.005034110546635,5.458503901193595,3.2985291274793314,True
8102,Zählfeld B_34.2_2_I (veraltet),9.932345,53.628548,2025-03,7524.432071706111,1790.5679282938888,368.8174108408333,375.1825891591667,20.40150993563954,4.772524045710079,4.274784105902626,True
8102,Zählfeld B_34.2_2_I (veraltet),9.932345,53.628548,2025-04,10348.815423966944,1493.1845760330555,421.24926776527775,298.75073223472225,24.566963591099597,4.99809511716909,4.915265319123073,True
8102,Zählfeld B_34.2_2_I (veraltet),9.932345,53.628548,2025-05,10719.993121914722,865.0068780852778,493.9207367352778,250.07926326472221,21.703873363916323,3.4589308477353518,6.2747346851777595,True
8102,Zählfeld B_34.2_2_I (veraltet),9.932345,53.628548,2025-06,11562.979032445555,582.0209675544445,508.2723593,211.7276407,22.749572784894806,2.748913489189248,8.275841664120343,True
8102,Zählfeld B_34.2_2_I (veraltet),9.932345,53.628548,2025-07,13286.287089474723,780.7129105252777,508.95938871444446,235.04061128555554,26.10480793572529,3.321608577578,7.859086140354321,True
8102,Zählfeld B_34.2_2_I (veraltet),9.932345,53.628548,2025-08,10773.311229220555,1498.6887707794444,456.3271263661111,287.6728736338889,23.608746021767576,5.209697917804974,4.531691931902793,True
8102,Zählfeld B_34.2_2_I (veraltet),9.932345,53.628548,2025-09,10722.181156688612,2270.8188433113887,379.47910540944446,340.52089459055554,28.254997452678612,6.668662274136909,4.236981315167218,True
8102,Zählfeld B_34.2_2_I (veraltet),9.932345,53.628548,2025-10,6845.253836057777,2526.746163942222,326.24710055888886,417.7528994411111,20.981807422445375,6.04842280525789,3.468971680386811,True
8102,Zählfeld B_34.2_2_I (veraltet),9.932345,53.628548,2025-11,5495.602579233889,3697.3974207661113,257.97459228055556,462.0254077194445,21.302883088801423,8.002584617621896,2.6620003544719704,True
8102,Zählfeld B_34.2_2_I (veraltet),9.932345,53.628548,2025-12,3975.9044602966665,3867.0955397033335,234.07368837805555,509.9263116219445,16.985695777455902,7.583636010864192,2.239782573045763,True
8102,Zählfeld B_34.2_2_I (veraltet),9.932345,53.628548,2026-01,1943.4192631147223,1277.5807368852777,251.92644384916667,492.0735561508333,7.714232906325172,2.596320653519666,2.971217324742797,True
8102,Zählfeld B_34.2_2_I (veraltet),9.932345,53.628548,2026-02,3567.606949532222,1398.3930504677778,274.9950323086111,397.00496769138886,12.973350535032584,3.522356555384003,3.6831451702987077,True
8103,Zählfeld H_2.5_1_G (veraltet),9.968303,53.557278,2025-01,1068.046786236389,822.9532137636111,252.25277094527777,491.74722905472225,4.234033910644671,1.6735289293760958,2.530003417522726,True
8103,Zählfeld H_2.5_1_G (veraltet),9.968303,53.557278,2025-02,1416.3488590258332,491.65114097416665,275.4455073022222,396.55449269777773,5.142029263420869,1.239807264896792,4.147442436424922,True
8103,Zählfeld H_2.5_1_G (veraltet),9.968303,53.557278,2025-03,3077.1961660394445,316.80383396055555,363.87020788694446,374.12979211305554,8.45685109509031,0.8467752118089086,9.987126426415472,True
8103,Zählfeld H_2.5_1_G (veraltet),9.968303,53.557278,2025-04,3414.2001864169442,535.7998135830555,421.24926776527775,298.75073223472225,8.104940346909645,1.793467783577142,4.519144654354495,True
8103,Zählfeld H_2.5_1_G (veraltet),9.968303,53.557278,2025-05,3074.8653887877776,156.1346112122222,493.9207367352778,250.07926326472221,6.225422745179831,0.624340495784912,9.971198067735967,True
8103,Zählfeld H_2.5_1_G (veraltet),9.968303,53.557278,2025-06,2928.4708966052776,98.52910339472223,508.2723593,211.7276407,5.761617453757292,0.46535777317015287,12.381049132385764,True
8103,Zählfeld H_2.5_1_G (veraltet),9.968303,53.557278,2025-07,2943.527381872222,126.47261812777778,508.95938871444446,235.04061128555554,5.783422896092228,0.5380883645427711,10.748091349283433,True
8103,Zählfeld H_2.5_1_G (veraltet),9.968303,53.557278,2025-08,2802.9737288069446,364.02627119305555,456.3271263661111,287.6728736338889,6.142465715610603,1.2654174395891735,4.854102309199087,True
8103,Zählfeld H_2.5_1_G (veraltet),9.968303,53.557278,2025-09,3656.723716301389,990.2762836986111,379.47910540944446,340.52089459055554,9.63616616613427,2.908121937390437,3.3135358054418966,True
8103,Zählfeld H_2.5_1_G (veraltet),9.968303,53.557278,2025-10,2478.3548132269443,1177.6451867730555,326.24710055888886,417.7528994411111,7.596557360912366,2.818999433273983,2.6947708010319578,True
8103,Zählfeld H_2.5_1_G (veraltet),9.968303,53.557278,2025-11,1668.1483081786112,1144.8516918213888,257.97459228055556,462.0254077194445,6.466327917923199,2.47789769283982,2.60960246123495,True
8103,Zählfeld H_2.5_1_G (veraltet),9.968303,53.557278,2025-12,1296.2788026166668,1116.7211973833334,234.07368837805555,509.9263116219445,5.537909072988287,2.189965828261206,2.5287650617750916,True
8103,Zählfeld H_2.5_1_G (veraltet),9.968303,53.557278,2026-01,654.5289588002778,462.4710411997222,251.92644384916667,492.0735561508333,2.5980954948586388,0.939841280676263,2.7643981470883876,True
8103,Zählfeld H_2.5_1_G (veraltet),9.968303,53.557278,2026-02,1230.6061637972223,478.3938362027778,274.9950323086111,397.00496769138886,4.475012342827283,1.2050071790906567,3.7136810638790503,True
8104,Zählfeld H_2.5_2_I (veraltet),9.968303,53.557278,2025-01,19971.925449543887,21018.074550456113,252.25277094527777,491.74722905472225,79.17425594455206,42.741622745610215,1.8523923720861455,True
8104,Zählfeld H_2.5_2_I (veraltet),9.968303,53.557278,2025-02,28199.707371754444,14963.292628245556,275.4455073022222,396.55449269777773,102.37853449834408,37.73325710282492,2.7132175263682567,True
8104,Zählfeld H_2.5_2_I (veraltet),9.968303,53.557278,2025-03,44922.72396329667,9368.276036703333,363.87020788694446,374.12979211305554,123.4580984911364,25.040176522142353,4.9304004858738,True
8104,Zählfeld H_2.5_2_I (veraltet),9.968303,53.557278,2025-04,55954.78214009833,12649.217859901666,421.24926776527775,298.75073223472225,132.83057425105514,42.34037441609829,3.137208304906993,True
8104,Zählfeld H_2.5_2_I (veraltet),9.968303,53.557278,2025-05,65240.82084145639,4852.179158543611,493.9207367352778,250.07926326472221,132.08763266892947,19.40256499159357,6.807740766551137,True
8104,Zählfeld H_2.5_2_I (veraltet),9.968303,53.557278,2025-06,68226.97075817306,2724.0292418269446,508.2723593,211.7276407,134.23309276966432,12.865723307646268,10.433388746195702,True
8104,Zählfeld H_2.5_2_I (veraltet),9.968303,53.557278,2025-07,71745.90343712833,4448.096562871667,508.95938871444446,235.04061128555554,140.96587081014025,18.924800010273906,7.4487376740368525,True
8104,Zählfeld H_2.5_2_I (veraltet),9.968303,53.557278,2025-08,58075.22350111528,8367.776498884721,456.3271263661111,287.6728736338889,127.26664742372022,29.087819067480428,4.375255742909982,True
8104,Zählfeld H_2.5_2_I (veraltet),9.968303,53.557278,2025-09,50325.480713032775,19131.51928696722,379.47910540944446,340.52089459055554,132.617264022306,56.18309945406163,2.3604476312443583,True
8104,Zählfeld H_2.5_2_I (veraltet),9.968303,53.557278,2025-10,33888.39002818694,21284.609971813057,326.24710055888886,417.7528994411111,103.87338299752938,50.95023876623856,2.0387222025416603,True
8104,Zählfeld H_2.5_2_I (veraltet),9.968303,53.557278,2025-11,29257.14704300389,23040.85295699611,257.97459228055556,462.0254077194445,113.41096339900719,49.86923353571758,2.2741669634400825,True
8104,Zählfeld H_2.5_2_I (veraltet),9.968303,53.557278,2025-12,21166.770746775,23590.229253225,234.07368837805555,509.9263116219445,90.42780883850672,46.2620357404005,1.954687194181046,True
8104,Zählfeld H_2.5_2_I (veraltet),9.968303,53.557278,2026-01,9854.259537736667,10252.740462263333,251.92644384916667,492.0735561508333,39.115621953670754,20.835788337141615,1.8773286290273805,True
8104,Zählfeld H_2.5_2_I (veraltet),9.968303,53.557278,2026-02,18612.254529666112,9828.745470333888,274.9950323086111,397.00496769138886,67.68214819523958,24.757235476142068,2.7338330348096895,True
8111,Zählfeld D_41.6_1_I (veraltet),10.017726,53.65035,2025-01,2227.892759765278,1768.1072402347222,252.25277094527777,491.74722905472225,8.831985279751729,3.595561165913484,2.4563579569944225,True
8111,Zählfeld D_41.6_1_I (veraltet),10.017726,53.65035,2025-02,2690.7813404858334,1246.2186595141666,275.4455073022222,396.55449269777773,9.768833650038355,3.142616418329007,3.10850334551254,True
8111,Zählfeld D_41.6_1_I (veraltet),10.017726,53.65035,2025-03,4264.6857538458335,939.3142461541667,368.8174108408333,375.1825891591667,11.563135655996184,2.5036189665924873,4.618568484378442,True
8111,Zählfeld D_41.6_1_I (veraltet),10.017726,53.65035,2025-04,5591.873785525833,1169.1262144741668,421.24926776527775,298.75073223472225,13.27450090344526,3.9133835948412288,3.392077618188059,True
8111,Zählfeld D_41.6_1_I (veraltet),10.017726,53.65035,2025-05,7435.4645672355555,847.5354327644444,493.9207367352778,250.07926326472221,15.053963144739708,3.38906721692987,4.441919319138491,True
8111,Zählfeld D_41.6_1_I (veraltet),10.017726,53.65035,2025-06,7180.222971043611,551.7770289563889,508.2723593,211.7276407,14.126723280668493,2.6060698883345603,5.420700090931307,True
8111,Zählfeld D_41.6_1_I (veraltet),10.017726,53.65035,2025-07,7340.4300623672225,777.5699376327777,508.95938871444446,235.04061128555554,14.422427850104219,3.3082365357197463,4.35955159021495,True
8111,Zählfeld D_41.6_1_I (veraltet),10.017726,53.65035,2025-08,6004.936222036945,973.0637779630556,456.3271263661111,287.6728736338889,13.15927954986219,3.3825357451027496,3.8903593462136365,True
8111,Zählfeld D_41.6_1_I (veraltet),10.017726,53.65035,2025-09,5129.138680423889,1636.861319576111,379.47910540944446,340.52089459055554,13.516261125601977,4.806933570241801,2.811826069175754,True
8111,Zählfeld D_41.6_1_I (veraltet),10.017726,53.65035,2025-10,3151.172847558611,1794.827152441389,326.24710055888886,417.7528994411111,9.658853188765159,4.296384668646443,2.248135102811485,True
8111,Zählfeld D_41.6_1_I (veraltet),10.017726,53.65035,2025-11,2864.795926055278,1891.2040739447223,257.97459228055556,462.0254077194445,11.10495378916898,4.093290200813192,2.712965180666354,True
8111,Zählfeld D_41.6_1_I (veraltet),10.017726,53.65035,2025-12,2352.934505932778,1992.0654940672223,234.07368837805555,509.9263116219445,10.052110180502313,3.906575222076645,2.5731259758410188,True
8111,Zählfeld D_41.6_1_I (veraltet),10.017726,53.65035,2026-01,892.6737159447222,667.3262840552778,251.92644384916667,492.0735561508333,3.543390294030362,1.3561514853090886,2.612827794250999,True
8111,Zählfeld D_41.6_1_I (veraltet),10.017726,53.65035,2026-02,1805.5671457708333,962.4328542291667,274.9950323086111,397.00496769138886,6.565817318999964,2.4242337818233857,2.708409299560824,True
8112,Zählfeld D_41.6_2_G (veraltet),10.017726,53.65035,2025-01,11.782773284444444,19.217226715555555,252.25277094527777,491.74722905472225,0.04671018375849885,0.0390794814492326,1.1952610942184365,True
8112,Zählfeld D_41.6_2_G (veraltet),10.017726,53.65035,2025-02,14.355160288055556,7.644839711944444,275.4455073022222,396.55449269777773,0.05211615331342071,0.019278156855407846,,False
8112,Zählfeld D_41.6_2_G (veraltet),10.017726,53.65035,2025-03,29.40184708611111,10.598152913888889,368.8174108408333,375.1825891591667,0.07971924920540088,0.028247987033835277,2.8221214173566995,True
8112,Zählfeld D_41.6_2_G (veraltet),10.017726,53.65035,2025-04,36.74969334638889,9.250306653611112,421.24926776527775,298.75073223472225,0.08723977976589863,0.030963293660961937,,False
8112,Zählfeld D_41.6_2_G (veraltet),10.017726,53.65035,2025-05,56.69278860916667,10.307211390833332,493.9207367352778,250.07926326472221,0.11478114683723391,0.041215777974851917,2.784883665359135,True
8112,Zählfeld D_41.6_2_G (veraltet),10.017726,53.65035,2025-06,64.12232618944445,6.877673810555555,508.2723593,211.7276407,0.1261574134736633,0.03248358970901032,,False
8112,Zählfeld D_41.6_2_G (veraltet),10.017726,53.65035,2025-07,67.78218052361112,7.217819476388889,508.95938871444446,235.04061128555554,0.1331779745626047,0.030708818518259448,,False
8112,Zählfeld D_41.6_2_G (veraltet),10.017726,53.65035,2025-08,57.211311029166666,19.788688970833334,456.3271263661111,287.6728736338889,0.12537346066792018,0.06878885979363386,1.8225837881895377,True
8112,Zählfeld D_41.6_2_G (veraltet),10.017726,53.65035,2025-09,41.470524766666664,16.529475233333333,379.47910540944446,340.52089459055554,0.10928276201642628,0.04854173560541263,2.2513155051720224,True
8112,Zählfeld D_41.6_2_G (veraltet),10.017726,53.65035,2025-10,28.269197755277776,11.730802244722222,326.24710055888886,417.7528994411111,0.086649652079207,0.02808072011089863,3.0857346868956084,True
8112,Zählfeld D_41.6_2_G (veraltet),10.017726,53.65035,2025-11,19.734974389722222,22.265025610277778,257.97459228055556,462.0254077194445,0.07649968245035468,0.04819004591149619,1.5874581773765224,True
8112,Zählfeld D_41.6_2_G (veraltet),10.017726,53.65035,2025-12,17.19635580111111,28.80364419888889,234.07368837805555,509.9263116219445,0.07346556514005557,0.05648589520174376,1.3006001742146,True
8112,Zählfeld D_41.6_2_G (veraltet),10.017726,53.65035,2026-01,6.644228538888889,9.355771461111111,251.92644384916667,492.0735561508333,0.02637368446667282,0.019012953133054206,,False
8112,Zählfeld D_41.6_2_G (veraltet),10.017726,53.65035,2026-02,18.464598751388888,22.535401248611112,274.9950323086111,397.00496769138886,0.06714520839295428,0.0567635245968231,1.1828935724106218,True
8113,Zählfeld B_16.5_1_G (veraltet),10.014733,53.492153,2025-01,746.5013655516667,609.4986344483333,242.4764125338889,468.52358746611105,3.0786556009745256,1.3008921018142319,2.366572597897254,True
8113,Zählfeld B_16.5_1_G (veraltet),10.014733,53.492153,2025-02,1098.327353001389,541.6726469986111,275.4455073022222,396.55449269777773,3.987457859664019,1.365947573342539,2.9191880695000023,True
8113,Zählfeld B_16.5_1_G (veraltet),10.014733,53.492153,2025-03,1767.2958599283334,560.7041400716666,368.8174108408333,375.1825891591667,4.791790756025417,1.4944833696261812,3.2063192226916515,True
8113,Zählfeld B_16.5_1_G (veraltet),10.014733,53.492153,2025-04,2742.7991897380557,398.20081026194447,421.24926776527775,298.75073223472225,6.511107317262703,1.3328864745646425,4.884967655920892,True
8113,Zählfeld B_16.5_1_G (veraltet),10.014733,53.492153,2025-05,3326.2191158205555,289.78088417944446,493.9207367352778,250.07926326472221,6.734317610971817,1.1587561495360612,5.811677990807712,True
8113,Zählfeld B_16.5_1_G (veraltet),10.014733,53.492153,2025-06,3478.7252154541666,245.27478454583334,508.2723593,211.7276407,6.844214822629971,1.1584448007587578,5.908106124821096,True
8113,Zählfeld B_16.5_1_G (veraltet),10.014733,53.492153,2025-07,3296.107756940278,286.8922430597222,508.95938871444446,235.04061128555554,6.476170456872315,1.2206071175979503,5.305696127363947,True
8113,Zählfeld B_16.5_1_G (veraltet),10.014733,53.492153,2025-08,2532.430033009722,362.56996699027775,456.3271263661111,287.6728736338889,5.54959345322363,1.26035507766265,4.403198393515774,True
8113,Zählfeld B_16.5_1_G (veraltet),10.014733,53.492153,2025-09,2536.1060864158335,526.8939135841666,379.47910540944446,340.52089459055554,6.683124446811018,1.5473174244350179,4.319168349862841,True
8113,Zählfeld B_16.5_1_G (veraltet),10.014733,53.492153,2025-10,1786.0015229991666,823.9984770008333,326.24710055888886,417.7528994411111,5.47438282191503,1.972454238147039,2.775416897406841,True
8113,Zählfeld B_16.5_1_G (veraltet),10.014733,53.492153,2025-11,1280.8325524897223,884.1674475102777,257.97459228055556,462.0254077194445,4.964956204279126,1.9136771111236601,2.594458686587852,True
8113,Zählfeld B_16.5_1_G (veraltet),10.014733,53.492153,2025-12,998.2372296386111,944.7627703613889,234.07368837805555,509.9263116219445,4.264628103037129,1.8527437177272565,2.3017906158486445,True
8113,Zählfeld B_16.5_1_G (veraltet),10.014733,53.492153,2026-01,329.9776548713889,276.0223451286111,251.92644384916667,492.0735561508333,1.3098174603256536,0.5609371641259322,2.335052023815622,True
8113,Zählfeld B_16.5_1_G (veraltet),10.014733,53.492153,2026-02,791.1118136919445,484.88818630805554,274.9950323086111,397.00496769138886,2.8768221994793173,1.2213655388941695,2.3554145813578518,True
8114,Zählfeld B_16.5_2_I (veraltet),10.014733,53.492153,2025-01,1703.3543953058333,1262.6456046941667,242.4764125338889,468.52358746611105,7.024825126311079,2.694945651558035,2.6066667141319906,True
8114,Zählfeld B_16.5_2_I (veraltet),10.014733,53.492153,2025-02,2327.6460494025,1036.3539505975,275.4455073022222,396.55449269777773,8.450477454506375,2.6133960645537977,3.2335234483293602,True
8114,Zählfeld B_16.5_2_I (veraltet),10.014733,53.492153,2025-03,3737.8330772158333,949.1669227841667,368.8174108408333,375.1825891591667,10.134643775884353,2.5298799843334256,4.005978085381246,True
8114,Zählfeld B_16.5_2_I (veraltet),10.014733,53.492153,2025-04,5213.434729993333,987.5652700066667,421.24926776527775,298.75073223472225,12.376127696673613,3.305649705423172,3.743931995083939,True
8114,Zählfeld B_16.5_2_I (veraltet),10.014733,53.492153,2025-05,5979.837561113611,576.1624388863889,493.9207367352778,250.07926326472221,12.106876906280956,2.303919290886947,5.2549049587670815,True
8114,Zählfeld B_16.5_2_I (veraltet),10.014733,53.492153,2025-06,6417.72575212,444.27424788,508.2723593,211.7276407,12.626548807333501,2.0983289966825764,6.017430454087927,True
8114,Zählfeld B_16.5_2_I (veraltet),10.014733,53.492153,2025-07,5857.030151837778,541.9698481622222,508.95938871444446,235.04061128555554,11.507853635693337,2.305856188842924,4.990707439334265,True
8114,Zählfeld B_16.5_2_I (veraltet),10.014733,53.492153,2025-08,4363.643395154722,752.3566048452777,456.3271263661111,287.6728736338889,9.56253341742777,2.6153199477639153,3.656353183710347,True
8114,Zählfeld B_16.5_2_I (veraltet),10.014733,53.492153,2025-09,4622.234715096389,1384.765284903611,379.47910540944446,340.52089459055554,12.180472255802231,4.066608853969626,2.9952406767403374,True
8114,Zählfeld B_16.5_2_I (veraltet),10.014733,53.492153,2025-10,3257.3837126619446,1615.6162873380556,326.24710055888886,417.7528994411111,9.984406626393831,3.8673969456573514,2.581686536626448,True
8114,Zählfeld B_16.5_2_I (veraltet),10.014733,53.492153,2025-11,2543.037085299167,1816.9629147008334,257.97459228055556,462.0254077194445,9.857703670807757,3.9326038878886656,2.5066607143340227,True
8114,Zählfeld B_16.5_2_I (veraltet),10.014733,53.492153,2025-12,1973.3050886761112,1873.6949113238888,234.07368837805555,509.9263116219445,8.430272972368426,3.6744425000626997,2.294299876028697,True
8114,Zählfeld B_16.5_2_I (veraltet),10.014733,53.492153,2026-01,622.9042149730556,566.0957850269444,251.92644384916667,492.0735561508333,2.4725638383003594,1.1504291948852894,2.149253382383869,True
8114,Zählfeld B_16.5_2_I (veraltet),10.014733,53.492153,2026-02,1562.1404603477777,921.8595396522222,274.9950323086111,397.00496769138886,5.680613381388931,2.322035275812539,2.446394092527789,True
8115,Zählfeld B_46.7_1_I (veraltet),10.093248,53.656044,2025-01,6056.5396929144445,2712.4603070855555,252.25277094527777,491.74722905472225,24.009804412528393,5.515964598925497,4.352784355651135,True
8115,Zählfeld B_46.7_1_I (veraltet),10.093248,53.656044,2025-02,7058.738907263889,1741.261092736111,275.4455073022222,396.55449269777773,25.626625666901706,4.3909755778839745,5.836203188187911,True
8115,Zählfeld B_46.7_1_I (veraltet),10.093248,53.656044,2025-03,12015.840068960279,1040.1599310397223,368.8174108408333,375.1825891591667,32.57937319598459,2.7724099174507457,11.751282878810935,True
8115,Zählfeld B_46.7_1_I (veraltet),10.093248,53.656044,2025-04,15137.953057888888,1805.046942111111,421.24926776527775,298.75073223472225,35.93585607446998,6.041983323719264,5.947692032415102,True
8115,Zählfeld B_46.7_1_I (veraltet),10.093248,53.656044,2025-05,15783.508999450556,746.4910005494445,493.9207367352778,250.07926326472221,31.955550406278853,2.9850175932390046,10.705313924667456,True
8115,Zählfeld B_46.7_1_I (veraltet),10.093248,53.656044,2025-06,15763.211292819167,409.78870718083334,508.2723593,211.7276407,31.01331599957253,1.9354521017001696,16.023809616538347,True
8115,Zählfeld B_46.7_1_I (veraltet),10.093248,53.656044,2025-07,16063.471995012222,590.5280049877778,508.95938871444446,235.04061128555554,31.561402247802437,2.5124509409581712,12.561997423824678,True
8115,Zählfeld B_46.7_1_I (veraltet),10.093248,53.656044,2025-08,14382.641544547778,1147.3584554522222,456.3271263661111,287.6728736338889,31.518269928596332,3.988413787364688,7.90245737000668,True
8115,Zählfeld B_46.7_1_I (veraltet),10.093248,53.656044,2025-09,15743.630661912777,3107.3693380872223,379.47910540944446,340.52089459055554,41.487477011220314,9.125341168340176,4.5464028408229415,True
8115,Zählfeld B_46.7_1_I (veraltet),10.093248,53.656044,2025-10,9914.579222508888,3201.420777491111,310.2828665552778,401.7171334447222,31.95335705312809,7.969340889294279,4.009535731625317,True
8115,Zählfeld B_46.7_1_I (veraltet),10.093248,53.656044,2025-11,8945.9532498875,3522.0467501125,257.97459228055556,462.0254077194445,34.677652441673374,7.623058583503682,4.549047086784286,True
8115,Zählfeld B_46.7_1_I (veraltet),10.093248,53.656044,2025-12,8232.241096105277,3736.758903894722,234.07368837805555,509.9263116219445,35.169442380081925,7.328037049135694,4.799299204447935,True
8115,Zählfeld B_46.7_1_I (veraltet),10.093248,53.656044,2026-01,2459.1389356969444,1138.8610643030556,251.92644384916667,492.0735561508333,9.76133707174178,2.3144122460300736,4.21763110201541,True
8115,Zählfeld B_46.7_1_I (veraltet),10.093248,53.656044,2026-02,4181.480888878611,1093.519111121389,274.9950323086111,397.00496769138886,15.205659730558244,2.7544217330082232,5.520454456315767,True
8116,Zählfeld B_46.7_2_G (veraltet),10.093248,53.656044,2025-01,1832.3762494966666,752.6237505033333,252.25277094527777,491.74722905472225,7.264048052396505,1.5305093878212386,4.746163669559233,True
8116,Zählfeld B_46.7_2_G (veraltet),10.093248,53.656044,2025-02,2123.297932352778,510.70206764722224,275.4455073022222,396.55449269777773,7.7085952613598785,1.2878483967560006,5.985638745039624,True
8116,Zählfeld B_46.7_2_G (veraltet),10.093248,53.656044,2025-03,3942.5249441844444,455.47505581555555,368.8174108408333,375.1825891591667,10.689638906135803,1.2140090424673884,8.80523829082019,True
8116,Zählfeld B_46.7_2_G (veraltet),10.093248,53.656044,2025-04,5629.990253290278,157.0097467097222,421.24926776527775,298.75073223472225,13.364985257202482,0.5255543493910599,25.430262869459625,True
8116,Zählfeld B_46.7_2_G (veraltet),10.093248,53.656044,2025-05,5076.473298515278,87.52670148472222,493.9207367352778,250.07926326472221,10.277910848752375,0.3499958386876346,29.36580871158653,True
8116,Zählfeld B_46.7_2_G (veraltet),10.093248,53.656044,2025-06,4902.8912555075,64.1087444925,508.2723593,211.7276407,9.646189027984589,0.3027887350019482,31.857820033900943,True
8116,Zählfeld B_46.7_2_G (veraltet),10.093248,53.656044,2025-07,5350.751092797223,68.24890720277777,508.95938871444446,235.04061128555554,10.513119929494614,0.29037070159701384,36.20585641620646,True
8116,Zählfeld B_46.7_2_G (veraltet),10.093248,53.656044,2025-08,4862.382385470278,132.61761452972223,456.3271263661111,287.6728736338889,10.655475216192144,0.4610014592425561,23.113755938429172,True
8116,Zählfeld B_46.7_2_G (veraltet),10.093248,53.656044,2025-09,6320.409734148611,322.5902658513889,379.47910540944446,340.52089459055554,16.655488125832683,0.947343528623327,17.581254975200306,True
8116,Zählfeld B_46.7_2_G (veraltet),10.093248,53.656044,2025-10,3903.152673008611,603.8473269913889,310.2828665552778,401.7171334447222,12.579336772091002,1.5031654781895942,8.368564176474768,True
8116,Zählfeld B_46.7_2_G (veraltet),10.093248,53.656044,2025-11,2871.5432285494444,1534.4567714505556,257.97459228055556,462.0254077194445,11.131108700141098,3.321152356154238,3.3515802668657084,True
8116,Zählfeld B_46.7_2_G (veraltet),10.093248,53.656044,2025-12,2840.0953364847223,1523.904663515278,234.07368837805555,509.9263116219445,12.133338677082092,2.9884801564134413,4.060036554381425,True
8116,Zählfeld B_46.7_2_G (veraltet),10.093248,53.656044,2026-01,748.9093402155555,369.0906597844444,251.92644384916667,492.0735561508333,2.9727301698583983,0.7500721287922827,3.9632590730239436,True
8116,Zählfeld B_46.7_2_G (veraltet),10.093248,53.656044,2026-02,1380.5456300772223,457.4543699227778,274.9950323086111,397.00496769138886,5.02025661513738,1.1522635915185302,4.3568647417917195,True
8117,Zählfeld B_46.2_1_G (veraltet),10.094338,53.656216,2025-01,749.3394163786111,434.66058362138887,252.25277094527777,491.74722905472225,2.970589435234265,0.8839105905221467,3.3607352000154993,True
8117,Zählfeld B_46.2_1_G (veraltet),10.094338,53.656216,2025-02,913.7416927936112,300.2583072063889,275.4455073022222,396.55449269777773,3.3173229134975233,0.7571678362883204,4.381225343325765,True
8117,Zählfeld B_46.2_1_G (veraltet),10.094338,53.656216,2025-03,1381.042416378889,236.9575836211111,368.8174108408333,375.1825891591667,3.7445152419197774,0.6315793708662336,5.928811824211486,True
8117,Zählfeld B_46.2_1_G (veraltet),10.094338,53.656216,2025-04,1755.1732618958333,232.82673810416665,421.24926776527775,298.75073223472225,4.166590653574322,0.7793344517101953,5.346344748947038,True
8117,Zählfeld B_46.2_1_G (veraltet),10.094338,53.656216,2025-05,1908.813102248889,133.1868977511111,493.9207367352778,250.07926326472221,3.864614219005626,0.5325787352873224,7.256418559259027,True
8117,Zählfeld B_46.2_1_G (veraltet),10.094338,53.656216,2025-06,2284.0927488711113,101.90725112888889,508.2723593,211.7276407,4.493836241688997,0.4813129301019453,9.336620648726749,True
8117,Zählfeld B_46.2_1_G (veraltet),10.094338,53.656216,2025-07,2605.6034156694445,139.39658433055556,508.95938871444446,235.04061128555554,5.119472149341444,0.5930744630390696,8.632090012960466,True
8117,Zählfeld B_46.2_1_G (veraltet),10.094338,53.656216,2025-08,1943.2323555702778,191.76764442972222,456.3271263661111,287.6728736338889,4.258419548811181,0.6666170571013871,6.388104689861708,True
8117,Zählfeld B_46.2_1_G (veraltet),10.094338,53.656216,2025-09,2321.716191426389,359.2838085736111,379.47910540944446,340.52089459055554,6.118166081690689,1.0551006246051837,5.7986564873659265,True
8117,Zählfeld B_46.2_1_G (veraltet),10.094338,53.656216,2025-10,1782.8729353088888,627.1270646911111,310.2828665552778,401.7171334447222,5.745959985164907,1.561116050275227,3.6806744662908857,True
8117,Zählfeld B_46.2_1_G (veraltet),10.094338,53.656216,2025-11,1478.6944582269443,1009.3055417730556,257.97459228055556,462.0254077194445,5.731938347706805,2.1845238917811547,2.623884485435067,True
8117,Zählfeld B_46.2_1_G (veraltet),10.094338,53.656216,2025-12,1221.6596075347222,920.3403924652778,234.07368837805555,509.9263116219445,5.219124011758226,1.8048497821928655,2.891722105214246,True
8117,Zählfeld B_46.2_1_G (veraltet),10.094338,53.656216,2026-01,398.3879691561111,237.61203084388887,251.92644384916667,492.0735561508333,1.581366223684854,0.4828790896681605,3.2748699571389293,True
8117,Zählfeld B_46.2_1_G (veraltet),10.094338,53.656216,2026-02,641.9544130705556,226.04558692944445,274.9950323086111,397.00496769138886,2.3344218536650767,0.5693772252874191,4.099956496304662,True
8118,Zählfeld B_46.2_2_I (veraltet),10.094338,53.656216,2025-01,4529.193056125556,2663.8069438744446,252.25277094527777,491.74722905472225,17.9549784097638,5.417024817801287,3.3145460863979457,True
8118,Zählfeld B_46.2_2_I (veraltet),10.094338,53.656216,2025-02,5327.399869228056,1957.6001307719444,275.4455073022222,396.55449269777773,19.34103017836761,4.936522386757755,3.9179464130963972,True
8118,Zählfeld B_46.2_2_I (veraltet),10.094338,53.656216,2025-03,8368.999687195834,1569.0003128041667,368.8174108408333,375.1825891591667,22.691444170480217,4.181964617069523,5.42602490653808,True
8118,Zählfeld B_46.2_2_I (veraltet),10.094338,53.656216,2025-04,11156.98983196,1662.01016804,421.24926776527775,298.75073223472225,26.485481841066917,5.563200316222801,4.760835550687045,True
8118,Zählfeld B_46.2_2_I (veraltet),10.094338,53.656216,2025-05,11669.66930927611,827.3306907238889,493.9207367352778,250.07926326472221,23.626603301595328,3.308273864547159,7.141670934437397,True
8118,Zählfeld B_46.2_2_I (veraltet),10.094338,53.656216,2025-06,12464.7186008225,512.2813991775,508.2723593,211.7276407,24.5236994944779,2.419530097647284,10.135728221907382,True
8118,Zählfeld B_46.2_2_I (veraltet),10.094338,53.656216,2025-07,12314.182847921944,779.8171520780555,508.95938871444446,235.04061128555554,24.19482402913469,3.3177974981125287,7.292435431306146,True
8118,Zählfeld B_46.2_2_I (veraltet),10.094338,53.656216,2025-08,10908.306993525555,1345.6930064744445,456.3271263661111,287.6728736338889,23.90457714050912,4.677858532421309,5.110153925098683,True
8118,Zählfeld B_46.2_2_I (veraltet),10.094338,53.656216,2025-09,12944.848253768056,2594.1517462319443,379.47910540944446,340.52089459055554,34.11215023235871,7.618186688224136,4.477725688330505,True
8118,Zählfeld B_46.2_2_I (veraltet),10.094338,53.656216,2025-10,8284.163834493056,2635.8361655069443,310.2828665552778,401.7171334447222,26.698747263949258,6.561423315218506,4.069048128936358,True
8118,Zählfeld B_46.2_2_I (veraltet),10.094338,53.656216,2025-11,6693.694649824723,3705.305350175278,257.97459228055556,462.0254077194445,25.947108165385206,8.019700406660858,3.235421131671518,True
8118,Zählfeld B_46.2_2_I (veraltet),10.094338,53.656216,2025-12,5473.173829691945,3644.8261703080557,234.07368837805555,509.9263116219445,23.382268496799814,7.147750738169993,3.271276427133254,True
8118,Zählfeld B_46.2_2_I (veraltet),10.094338,53.656216,2026-01,1697.6934732697223,1073.3065267302777,251.92644384916667,492.0735561508333,6.738845860445538,2.1811912331279215,3.0895254657620024,True
8118,Zählfeld B_46.2_2_I (veraltet),10.094338,53.656216,2026-02,3119.435866562778,1114.5641334372222,274.9950323086111,397.00496769138886,11.34360806584322,2.807431201474604,4.040564933482604,True
8381,Zählfeld J_2.3_1_I (veraltet),9.967125,53.55829,2025-01,4375.01947665,2973.98052335,252.25277094527777,491.74722905472225,17.343791547879928,6.047782982055303,2.867793305305698,True
8381,Zählfeld J_2.3_1_I (veraltet),9.967125,53.55829,2025-02,5683.611595617778,2084.3884043822222,275.4455073022222,396.55449269777773,20.63425049580369,5.25624710541554,3.9256621848208217,True
8381,Zählfeld J_2.3_1_I (veraltet),9.967125,53.55829,2025-03,9104.042698422223,1497.9573015777778,368.8174108408333,375.1825891591667,24.684416816621383,3.992608785324757,6.182528302635482,True
8381,Zählfeld J_2.3_1_I (veraltet),9.967125,53.55829,2025-04,11655.832741210555,1293.1672587894445,421.24926776527775,298.75073223472225,27.66968071670393,4.328582725525941,6.392318796065506,True
8381,Zählfeld J_2.3_1_I (veraltet),9.967125,53.55829,2025-05,13225.233193257778,653.7668067422222,493.9207367352778,250.07926326472221,26.77602337709904,2.614238374695527,10.24238020383951,True
8381,Zählfeld J_2.3_1_I (veraltet),9.967125,53.55829,2025-06,12049.400469854167,400.59953014583334,508.2723593,211.7276407,23.706582208107427,1.8920511692351434,12.529567166880984,True
8381,Zählfeld J_2.3_1_I (veraltet),9.967125,53.55829,2025-07,12669.822792813333,549.1772071866667,508.95938871444446,235.04061128555554,24.893583012223072,2.3365205024907816,10.65412564781091,True
8381,Zählfeld J_2.3_1_I (veraltet),9.967125,53.55829,2025-08,11635.897743522222,1048.1022564777777,456.3271263661111,287.6728736338889,25.499027060220712,3.6433823017030806,6.998723973682729,True
8381,Zählfeld J_2.3_1_I (veraltet),9.967125,53.55829,2025-09,12101.992248495279,2385.0077515047224,379.47910540944446,340.52089459055554,31.891063502528443,7.003998255004206,4.553265483717527,True
8381,Zählfeld J_2.3_1_I (veraltet),9.967125,53.55829,2025-10,7634.058080928611,2788.941919071389,326.24710055888886,417.7528994411111,23.399619698844294,6.676056402726498,3.5050062922308296,True
8381,Zählfeld J_2.3_1_I (veraltet),9.967125,53.55829,2025-11,6032.537661318889,3768.4623386811113,257.97459228055556,462.0254077194445,23.384231788060404,8.1563963273843,2.8669808147441462,True
8381,Zählfeld J_2.3_1_I (veraltet),9.967125,53.55829,2025-12,5052.774800353333,4045.2251996466666,234.07368837805555,509.9263116219445,21.586257026003405,7.932960326718277,2.72108470696629,True
8381,Zählfeld J_2.3_1_I (veraltet),9.967125,53.55829,2026-01,2035.3553725022223,1582.6446274977777,251.92644384916667,492.0735561508333,8.079165257144778,3.2162765255620767,2.5119622622413855,True
8381,Zählfeld J_2.3_1_I (veraltet),9.967125,53.55829,2026-02,4101.516679473333,1590.4833205266666,274.9950323086111,397.00496769138886,14.914875534443972,4.006205085481515,3.722943587809689,True
8382,Zählfeld J_2.3_2_G (veraltet),9.967125,53.55829,2025-01,3443.7269658275,2378.2730341725,252.25277094527777,491.74722905472225,13.651889542868735,4.83637302592272,2.8227536357711207,True
8382,Zählfeld J_2.3_2_G (veraltet),9.967125,53.55829,2025-02,4788.395680278056,1744.6043197219444,275.4455073022222,396.55449269777773,17.3841850868316,4.399406265336509,3.951484368198464,True
8382,Zählfeld J_2.3_2_G (veraltet),9.967125,53.55829,2025-03,7082.753891647222,1497.2461083527778,368.8174108408333,375.1825891591667,19.203957523317282,3.9907131930303654,4.812161785230844,True
8382,Zählfeld J_2.3_2_G (veraltet),9.967125,53.55829,2025-04,8504.764754652777,771.2352453472222,421.24926776527775,298.75073223472225,20.189387627355295,2.5815342428726793,7.820693327270744,True
8382,Zählfeld J_2.3_2_G (veraltet),9.967125,53.55829,2025-05,8856.648680346667,460.35131965333335,493.9207367352778,250.07926326472221,17.931315738811517,1.84082164048135,9.740930541278686,True
8382,Zählfeld J_2.3_2_G (veraltet),9.967125,53.55829,2025-06,7448.341442728056,275.65855727194446,508.2723593,211.7276407,14.654232728661498,1.3019488450378056,11.255613294265777,True
8382,Zählfeld J_2.3_2_G (veraltet),9.967125,53.55829,2025-07,8250.523881035555,449.4761189644444,508.95938871444446,235.04061128555554,16.21057409290582,1.9123338579917446,8.476853570918577,True
8382,Zählfeld J_2.3_2_G (veraltet),9.967125,53.55829,2025-08,7731.603349086667,637.3966509133334,456.3271263661111,287.6728736338889,16.94311580960805,2.2156995300312032,7.646847228139026,True
8382,Zählfeld J_2.3_2_G (veraltet),9.967125,53.55829,2025-09,9031.425764762778,1407.5742352372222,379.47910540944446,340.52089459055554,23.79953371877535,4.133591381902418,5.757592253306374,True
8382,Zählfeld J_2.3_2_G (veraltet),9.967125,53.55829,2025-10,5491.514001021111,1629.4859989788888,326.24710055888886,417.7528994411111,16.832376415341876,3.9005977005997794,4.315332599604832,True
8382,Zählfeld J_2.3_2_G (veraltet),9.967125,53.55829,2025-11,3745.9960274680557,2680.0039725319443,257.97459228055556,462.0254077194445,14.520794448602777,5.800555397506022,2.5033455339200907,True
8382,Zählfeld J_2.3_2_G (veraltet),9.967125,53.55829,2025-12,3469.3534866194445,2851.6465133805555,234.07368837805555,509.9263116219445,14.821629507610634,5.5922717623850415,2.650377187908582,True
8382,Zählfeld J_2.3_2_G (veraltet),9.967125,53.55829,2026-01,1400.9959593577778,1015.0040406422222,251.92644384916667,492.0735561508333,5.5611310109096035,2.062707958911527,2.696034107438148,True
8382,Zählfeld J_2.3_2_G (veraltet),9.967125,53.55829,2026-02,2657.4427433397223,1000.5572566602777,274.9950323086111,397.00496769138886,9.663602724130039,2.5202638205727927,3.834361563756347,True
8383,Zählfeld B_39.4_1_G (veraltet),10.035141,53.574554,2025-01,792.8575686144444,769.1424313855556,252.25277094527777,491.74722905472225,3.1431074697151384,1.5641012006596675,2.0095294782649082,True
8383,Zählfeld B_39.4_1_G (veraltet),10.035141,53.574554,2025-02,947.0493685469445,558.9506314530555,275.4455073022222,396.55449269777773,3.4382458360732318,1.4095178386468141,2.4393063654831546,True
8383,Zählfeld B_39.4_1_G (veraltet),10.035141,53.574554,2025-03,1175.7370353619444,346.26296463805556,368.8174108408333,375.1825891591667,3.1878566488536655,0.9229185325845642,3.4541040582707896,True
8383,Zählfeld B_39.4_1_G (veraltet),10.035141,53.574554,2025-04,1580.421712295,296.578287705,421.24926776527775,298.75073223472225,3.751749458649787,0.9927282369704271,3.7792311318747647,True
8383,Zählfeld B_39.4_1_G (veraltet),10.035141,53.574554,2025-05,1677.1197536469444,158.88024635305555,493.9207367352778,250.07926326472221,3.3955240768638046,0.6353195554038096,5.344592414923553,True
8383,Zählfeld B_39.4_1_G (veraltet),10.035141,53.574554,2025-06,2162.4663657619444,150.53363423805555,508.2723593,211.7276407,4.254542522713854,0.7109777152400658,5.98407296250809,True
8383,Zählfeld B_39.4_1_G (veraltet),10.035141,53.574554,2025-07,2130.3908512519442,198.60914874805556,508.95938871444446,235.04061128555554,4.185777683820695,0.8449992861308607,4.953587242643499,True
8383,Zählfeld B_39.4_1_G (veraltet),10.035141,53.574554,2025-08,1651.9584939797223,301.0415060202778,456.3271263661111,287.6728736338889,3.620118985988917,1.0464716475262894,3.45935696829089,True
8383,Zählfeld B_39.4_1_G (veraltet),10.035141,53.574554,2025-09,1490.7558292241667,579.2441707758334,379.47910540944446,340.52089459055554,3.928426645824661,1.7010532392507667,2.3094084036752114,True
8383,Zählfeld B_39.4_1_G (veraltet),10.035141,53.574554,2025-10,868.1815560363889,520.8184439636111,326.24710055888886,417.7528994411111,2.6611165418761438,1.2467141333079574,2.134504190479733,True
8383,Zählfeld B_39.4_1_G (veraltet),10.035141,53.574554,2025-11,686.9522307905555,537.0477692094445,257.97459228055556,462.0254077194445,2.6628677836748866,1.1623771338903417,2.2908810798458985,True
8383,Zählfeld B_39.4_1_G (veraltet),10.035141,53.574554,2025-12,528.9059074991667,575.0940925008333,234.07368837805555,509.9263116219445,2.25957010018539,1.12779842772107,2.003523009649232,True
8383,Zählfeld B_39.4_1_G (veraltet),10.035141,53.574554,2026-01,318.75766428555556,326.24233571444444,251.92644384916667,492.0735561508333,1.2652806883441028,0.6629950576219192,1.9084315543505062,True
8383,Zählfeld B_39.4_1_G (veraltet),10.035141,53.574554,2026-02,596.610046465,372.389953535,274.9950323086111,397.00496769138886,2.169530269170313,0.9379982212829052,2.312936442675803,True
8384,Zählfeld B_39.4_2_I (veraltet),10.035141,53.574554,2025-01,12497.958345735278,11591.041654264722,252.25277094527777,491.74722905472225,49.54537585018843,23.5711377094,2.101950973305378,True
8384,Zählfeld B_39.4_2_I (veraltet),10.035141,53.574554,2025-02,15720.199360927223,8626.800639072777,275.4455073022222,396.55449269777773,57.07190331363374,21.754388861879413,2.6234661739287843,True
8384,Zählfeld B_39.4_2_I (veraltet),10.035141,53.574554,2025-03,26865.077506764723,7205.922493235278,368.8174108408333,375.1825891591667,72.84113145720934,19.206441613894434,3.7925365313121926,True
8384,Zählfeld B_39.4_2_I (veraltet),10.035141,53.574554,2025-04,37087.61679820278,5355.383201797222,421.24926776527775,298.75073223472225,88.04197333078378,17.925924939958335,4.9114326666922,True
8384,Zählfeld B_39.4_2_I (veraltet),10.035141,53.574554,2025-05,39803.36949926111,3190.6305007388887,493.9207367352778,250.07926326472221,80.58655273790248,12.758476888831188,6.316314513094287,True
8384,Zählfeld B_39.4_2_I (veraltet),10.035141,53.574554,2025-06,42859.668298230834,2304.3317017691666,508.2723593,211.7276407,84.32421616878358,10.883471303750124,7.747915514761171,True
8384,Zählfeld B_39.4_2_I (veraltet),10.035141,53.574554,2025-07,43336.68151636,2967.31848364,508.95938871444446,235.04061128555554,85.14762174998283,12.624705438818594,6.744523439586156,True
8384,Zählfeld B_39.4_2_I (veraltet),10.035141,53.574554,2025-08,38151.88729083056,4746.112709169444,456.3271263661111,287.6728736338889,83.60644170914641,16.498297699106846,5.067579894237969,True
8384,Zählfeld B_39.4_2_I (veraltet),10.035141,53.574554,2025-09,33370.39804364611,7883.601956353888,379.47910540944446,340.52089459055554,87.93737933908282,23.151595339937014,3.798329145265808,True
8384,Zählfeld B_39.4_2_I (veraltet),10.035141,53.574554,2025-10,22135.218533571944,9102.781466428056,326.24710055888886,417.7528994411111,67.84801610697059,21.789870228563757,3.1137411740080236,True
8384,Zählfeld B_39.4_2_I (veraltet),10.035141,53.574554,2025-11,14631.362713721666,12789.637286278334,257.97459228055556,462.0254077194445,56.716293586810266,27.68167523385333,2.0488750448689976,True
8384,Zählfeld B_39.4_2_I (veraltet),10.035141,53.574554,2025-12,10643.774674425278,12029.225325574722,234.07368837805555,509.9263116219445,45.4718971114531,23.59012479138966,1.9275818807050245,True
8384,Zählfeld B_39.4_2_I (veraltet),10.035141,53.574554,2026-01,5564.3589379625,4926.6410620375,251.92644384916667,492.0735561508333,22.087236468490744,10.01200125561585,2.2060760785563978,True
8384,Zählfeld B_39.4_2_I (veraltet),10.035141,53.574554,2026-02,9356.043048538611,5286.956951461389,274.9950323086111,397.00496769138886,34.02258931731851,13.317105280081018,2.5548036605378197,True
8385,Zählfeld B_9.5_1_G (veraltet),10.108677,53.53713,2025-01,260.5673659261111,191.4326340738889,252.25277094527777,491.74722905472225,1.0329613623258753,0.38929072247519675,2.653444592149738,True
8385,Zählfeld B_9.5_1_G (veraltet),10.108677,53.53713,2025-02,406.24261450666665,177.75738549333335,275.4455073022222,396.55449269777773,1.474856564136776,0.4482546251942375,3.2902205158456352,True
8385,Zählfeld B_9.5_1_G (veraltet),10.108677,53.53713,2025-03,914.8618841227777,279.1381158772222,368.8174108408333,375.1825891591667,2.4805279176952824,0.7440060491687721,3.3340157925686347,True
8385,Zählfeld B_9.5_1_G (veraltet),10.108677,53.53713,2025-04,1077.7753155780556,116.22468442194445,405.1827676636111,277.8172323363889,2.659973230828121,0.41834944306556315,6.358256894849633,True
8385,Zählfeld B_9.5_1_G (veraltet),10.108677,53.53713,2025-05,920.2590870691666,58.74091293083333,493.9207367352778,250.07926326472221,1.8631715954100334,0.23488917939050769,7.932130378438913,True
8385,Zählfeld B_9.5_1_G (veraltet),10.108677,53.53713,2025-06,954.3713018891667,40.628698110833334,508.2723593,211.7276407,1.8776769667418873,0.19189132782337442,9.78510591406292,True
8385,Zählfeld B_9.5_1_G (veraltet),10.108677,53.53713,2025-07,655.0887342555556,38.91126574444444,508.95938871444446,235.04061128555554,1.2871139599373773,0.16555124466201446,7.7747162974529065,True
8385,Zählfeld B_9.5_1_G (veraltet),10.108677,53.53713,2025-08,613.4153356855555,67.58466431444444,456.3271263661111,287.6728736338889,1.344244731998274,0.2349358264500707,5.721752839105436,True
8385,Zählfeld B_9.5_1_G (veraltet),10.108677,53.53713,2025-09,715.7997806275,85.2002193725,379.47910540944446,340.52089459055554,1.8862692844581719,0.2502055548601365,7.53887852534923,True
8385,Zählfeld B_9.5_1_G (veraltet),10.108677,53.53713,2025-10,637.3367479266667,232.66325207333333,326.24710055888886,417.7528994411111,1.9535399604620394,0.5569398857185691,3.5076316323467545,True
8385,Zählfeld B_9.5_1_G (veraltet),10.108677,53.53713,2025-11,355.64800149666667,274.35199850333333,257.97459228055556,462.0254077194445,1.3786163914541172,0.5938028383710188,2.321673630318238,True
8385,Zählfeld B_9.5_1_G (veraltet),10.108677,53.53713,2025-12,255.70717930722222,213.29282069277778,234.07368837805555,509.9263116219445,1.092421711637346,0.41828165331251127,2.6116892839695356,True
8385,Zählfeld B_9.5_1_G (veraltet),10.108677,53.53713,2026-01,130.12127647916665,128.87872352083335,251.92644384916667,492.0735561508333,0.5165050341323947,0.2619094684318469,1.9720746913997027,True
8385,Zählfeld B_9.5_1_G (veraltet),10.108677,53.53713,2026-02,258.12375309861113,102.87624690138888,274.9950323086111,397.00496769138886,0.9386487855130914,0.25913088065275686,3.6222961275345216,True
8386,Zählfeld B_9.5_2_I (veraltet),10.108677,53.53713,2025-01,843.9905107297222,581.0094892702778,252.25277094527777,491.74722905472225,3.3458126448601533,1.1815206165719385,2.8317852417740177,True
8386,Zählfeld B_9.5_2_I (veraltet),10.108677,53.53713,2025-02,1008.4306792163889,408.5693207836111,275.4455073022222,396.55449269777773,3.661089589346347,1.030298050601056,3.5534276583465707,True
8386,Zählfeld B_9.5_2_I (veraltet),10.108677,53.53713,2025-03,2226.825571121111,490.1744288788889,368.8174108408333,375.1825891591667,6.037745251896795,1.3064956718205767,4.621328169792796,True
8386,Zählfeld B_9.5_2_I (veraltet),10.108677,53.53713,2025-04,2292.4400148225,533.5599851775,405.1827676636111,277.8172323363889,5.657792477309199,1.9205431595814426,2.9459335235883173,True
8386,Zählfeld B_9.5_2_I (veraltet),10.108677,53.53713,2025-05,2171.3623517708334,239.63764822916667,493.9207367352778,250.07926326472221,4.396175722694143,0.9582467778445807,4.5877281555619955,True
8386,Zählfeld B_9.5_2_I (veraltet),10.108677,53.53713,2025-06,2390.7440617583334,144.25593824166666,508.2723593,211.7276407,4.703667272111551,0.6813278500848409,6.903676800421174,True
8386,Zählfeld B_9.5_2_I (veraltet),10.108677,53.53713,2025-07,2229.215607726111,200.7843922738889,508.95938871444446,235.04061128555554,4.379947903813656,0.8542540422086969,5.1272194071089,True
8386,Zählfeld B_9.5_2_I (veraltet),10.108677,53.53713,2025-08,2043.0962644152778,311.9037355847222,456.3271263661111,287.6728736338889,4.477262354936363,1.0842306111269673,4.129437325406836,True
8386,Zählfeld B_9.5_2_I (veraltet),10.108677,53.53713,2025-09,1727.3124503336112,439.68754966638886,379.47910540944446,340.52089459055554,4.551798572598358,1.2912204703181926,3.525190838615398,True
8386,Zählfeld B_9.5_2_I (veraltet),10.108677,53.53713,2025-10,1554.8317563105556,663.1682436894445,326.24710055888886,417.7528994411111,4.765810190027735,1.5874653283715354,3.002150727232973,True
8386,Zählfeld B_9.5_2_I (veraltet),10.108677,53.53713,2025-11,977.1980215516667,662.8019784483333,257.97459228055556,462.0254077194445,3.7879622675745246,1.4345574234108058,2.640509334626884,True
8386,Zählfeld B_9.5_2_I (veraltet),10.108677,53.53713,2025-12,932.6591400911111,725.3408599088889,234.07368837805555,509.9263116219445,3.984468081627188,1.42244250468615,2.8011452614081773,True
8386,Zählfeld B_9.5_2_I (veraltet),10.108677,53.53713,2026-01,397.4816109463889,241.51838905361112,251.92644384916667,492.0735561508333,1.5777685139888251,0.49081765527668275,3.21457163780999,True
8386,Zählfeld B_9.5_2_I (veraltet),10.108677,53.53713,2026-02,653.4174495416667,345.58255045833334,274.9950323086111,397.00496769138886,2.3761063756539933,0.8704741214396374,2.7296691735352905,True
8387,Zählfeld B_10.1_1_I (veraltet),10.068029,53.528885,2025-01,1410.7558027466666,1593.2441972533334,252.25277094527777,491.74722905472225,5.592627575348648,3.2399657855032573,1.726137850088425,True
8387,Zählfeld B_10.1_1_I (veraltet),10.068029,53.528885,2025-02,1878.9588930633333,1256.0411069366667,275.4455073022222,396.55449269777773,6.821526738505546,3.1673858954207366,2.1536771848254426,True
8387,Zählfeld B_10.1_1_I (veraltet),10.068029,53.528885,2025-03,3545.4142306266667,1197.5857693733333,368.8174108408333,375.1825891591667,9.612925329484307,3.1920078489177226,3.0115606804487185,True
8387,Zählfeld B_10.1_1_I (veraltet),10.068029,53.528885,2025-04,3589.6970263416665,1373.3029736583333,421.24926776527775,298.75073223472225,8.521550780099787,4.59681877057077,1.8537930698193912,True
8387,Zählfeld B_10.1_1_I (veraltet),10.068029,53.528885,2025-05,5370.5254925144445,963.4745074855556,493.9207367352778,250.07926326472221,10.873253728953754,3.8526765270644074,2.82225970765284,True
8387,Zählfeld B_10.1_1_I (veraltet),10.068029,53.528885,2025-06,6271.0658097744445,948.9341902255555,508.2723593,211.7276407,12.338002834565009,4.481862581041624,2.752873969575736,True
8387,Zählfeld B_10.1_1_I (veraltet),10.068029,53.528885,2025-07,6060.3452105783335,975.6547894216667,508.95938871444446,235.04061128555554,11.907325702126965,4.1510051564507044,2.868540330195172,True
8387,Zählfeld B_10.1_1_I (veraltet),10.068029,53.528885,2025-08,5152.933044173334,1655.0669558266666,456.3271263661111,287.6728736338889,11.292190944702106,5.753295174897206,1.9627345028240906,True
8387,Zählfeld B_10.1_1_I (veraltet),10.068029,53.528885,2025-09,3367.941536028611,2135.058463971389,379.47910540944446,340.52089459055554,8.875169905322513,6.269977842442228,1.415502594801122,True
8387,Zählfeld B_10.1_1_I (veraltet),10.068029,53.528885,2025-10,2437.1778433827776,1752.8221566172222,326.24710055888886,417.7528994411111,7.470343304837609,4.1958348079982875,1.7804188312174034,True
8387,Zählfeld B_10.1_1_I (veraltet),10.068029,53.528885,2025-11,2164.8290662719446,1893.1709337280556,257.97459228055556,462.0254077194445,8.391636738852268,4.097547238955406,2.0479658316255462,True
8387,Zählfeld B_10.1_1_I (veraltet),10.068029,53.528885,2025-12,1572.285630901389,1686.714369098611,234.07368837805555,509.9263116219445,6.71705411144703,3.3077610051805455,2.0306951139840277,True
8387,Zählfeld B_10.1_1_I (veraltet),10.068029,53.528885,2026-01,467.24409566055556,388.75590433944444,251.92644384916667,492.0735561508333,1.85468459968539,0.7900361632525538,2.347594560797967,True
8387,Zählfeld B_10.1_1_I (veraltet),10.068029,53.528885,2026-02,764.228979595,447.771020405,274.9950323086111,397.00496769138886,2.7790646732023503,1.1278725881160108,2.4639881334863163,True
8388,Zählfeld B_10.1_2_G (veraltet),10.068029,53.528885,2025-01,621.2706803819444,347.72931961805557,252.25277094527777,491.74722905472225,2.462889418632865,0.7071302064812648,3.4829362344572936,True
8388,Zählfeld B_10.1_2_G (veraltet),10.068029,53.528885,2025-02,771.6367475691667,255.36325243083334,275.4455073022222,396.55449269777773,2.8014134451738117,0.643955010302836,4.350324790324058,True
8388,Zählfeld B_10.1_2_G (veraltet),10.068029,53.528885,2025-03,1004.212348218611,182.7876517813889,368.8174108408333,375.1825891591667,2.722789973307384,0.4871965199425697,5.588689290367559,True
8388,Zählfeld B_10.1_2_G (veraltet),10.068029,53.528885,2025-04,875.3555215466666,238.64447845333333,421.24926776527775,298.75073223472225,2.0779989154412473,0.7988080118439185,2.6013746540229667,True
8388,Zählfeld B_10.1_2_G (veraltet),10.068029,53.528885,2025-05,1485.5989473008333,140.40105269916666,493.9207367352778,250.07926326472221,3.007767920659416,0.5614262088997946,5.357369985547386,True
8388,Zählfeld B_10.1_2_G (veraltet),10.068029,53.528885,2025-06,1830.5727833719445,112.42721662805556,508.2723593,211.7276407,3.6015587900412993,0.5309992415555952,6.782606279229909,True
8388,Zählfeld B_10.1_2_G (veraltet),10.068029,53.528885,2025-07,1761.745926473611,150.25407352638888,508.95938871444446,235.04061128555554,3.4614666033050665,0.639268561737368,5.4147299124137875,True
8388,Zählfeld B_10.1_2_G (veraltet),10.068029,53.528885,2025-08,1418.9527482655556,283.04725173444444,456.3271263661111,287.6728736338889,3.10950777694318,0.9839205489172005,3.1603240529585213,True
8388,Zählfeld B_10.1_2_G (veraltet),10.068029,53.528885,2025-09,995.5528126763888,351.4471873236111,379.47910540944446,340.52089459055554,2.6234720133068268,1.0320869964417114,2.541909763761849,True
8388,Zählfeld B_10.1_2_G (veraltet),10.068029,53.528885,2025-10,810.4106556238889,347.5893443761111,326.24710055888886,417.7528994411111,2.484039411340628,0.8320453187545366,2.985461675403584,True
8388,Zählfeld B_10.1_2_G (veraltet),10.068029,53.528885,2025-11,823.3749710402777,384.6250289597222,257.97459228055556,462.0254077194445,3.1916901729021103,0.83247592563844,3.8339729409644474,True
8388,Zählfeld B_10.1_2_G (veraltet),10.068029,53.528885,2025-12,681.8184917527777,341.1815082472222,234.07368837805555,509.9263116219445,2.9128369637665705,0.6690800228801914,4.35349564201255,True
8388,Zählfeld B_10.1_2_G (veraltet),10.068029,53.528885,2026-01,125.52245776916666,86.47754223083334,251.92644384916667,492.0735561508333,0.4982504252087146,0.17574108819683398,2.8351390691894593,True
8388,Zählfeld B_10.1_2_G (veraltet),10.068029,53.528885,2026-02,97.83174675833334,23.168253241666665,274.9950323086111,397.00496769138886,0.3557582329288858,0.05835759027498232,6.0961775709474075,True
8389,Zählfeld B_10.2_1_G (veraltet),10.068147,53.528934,2025-01,208.30626098166667,210.69373901833333,252.25277094527777,491.74722905472225,0.8257838365900663,0.4284594331590775,1.9273326076671327,True
8389,Zählfeld B_10.2_1_G (veraltet),10.068147,53.528934,2025-02,319.6171179138889,224.38288208611112,275.4455073022222,396.55449269777773,1.1603642442539497,0.5658311435576595,2.0507253046521394,True
8389,Zählfeld B_10.2_1_G (veraltet),10.068147,53.528934,2025-03,613.6038575166667,324.39614248333334,368.8174108408333,375.1825891591667,1.6637063204737732,0.8646353851609894,1.9241709847024155,True
8389,Zählfeld B_10.2_1_G (veraltet),10.068147,53.528934,2025-04,600.8334554111111,266.1665445888889,421.24926776527775,298.75073223472225,1.4263133526582141,0.890931856795475,1.6009230580085125,True
8389,Zählfeld B_10.2_1_G (veraltet),10.068147,53.528934,2025-05,731.9599945736111,220.0400054263889,493.9207367352778,250.07926326472221,1.4819381737477304,0.8798810527263303,1.6842483073773586,True
8389,Zählfeld B_10.2_1_G (veraltet),10.068147,53.528934,2025-06,813.8068671827778,208.19313281722222,508.2723593,211.7276407,1.601123595041769,0.9833063464406809,1.6283059708069916,True
8389,Zählfeld B_10.2_1_G (veraltet),10.068147,53.528934,2025-07,976.2239728261111,387.7760271738889,508.95938871444446,235.04061128555554,1.9180783270191897,1.649825640994322,1.162594567182988,True
8389,Zählfeld B_10.2_1_G (veraltet),10.068147,53.528934,2025-08,684.5480455602777,468.4519544397222,456.3271263661111,287.6728736338889,1.500125690557929,1.6284189347512288,0.9212160694920322,True
8389,Zählfeld B_10.2_1_G (veraltet),10.068147,53.528934,2025-09,693.3566896466666,664.6433103533334,379.47910540944446,340.52089459055554,1.8271274485549327,1.9518429585723505,0.9361037170179719,True
8389,Zählfeld B_10.2_1_G (veraltet),10.068147,53.528934,2025-10,435.7024096661111,508.2975903338889,326.24710055888886,417.7528994411111,1.335498181959981,1.2167422201351867,1.0976015789208002,True
8389,Zählfeld B_10.2_1_G (veraltet),10.068147,53.528934,2025-11,319.1125797816667,461.8874202183333,257.97459228055556,462.0254077194445,1.2369922826920166,0.9997013421798765,1.2373618304790115,True
8389,Zählfeld B_10.2_1_G (veraltet),10.068147,53.528934,2025-12,241.46847309833333,452.53152690166667,234.07368837805555,509.9263116219445,1.031591695638744,0.8874449436866284,1.1624289517649404,True
8389,Zählfeld B_10.2_1_G (veraltet),10.068147,53.528934,2026-01,111.75972789833334,237.24027210166668,251.92644384916667,492.0735561508333,0.4436204718756959,0.48212359541821503,0.9201384792023717,True
8389,Zählfeld B_10.2_1_G (veraltet),10.068147,53.528934,2026-02,220.3464422975,338.6535577025,274.9950323086111,397.00496769138886,0.8012742646573262,0.8530209575759056,0.939337137664669,True
8390,Zählfeld B_10.2_2_I (veraltet),10.068147,53.528934,2025-01,965.6389013511111,873.3610986488889,252.25277094527777,491.74722905472225,3.828060630345231,1.7760366445332834,2.155395071452025,True
8390,Zählfeld B_10.2_2_I (veraltet),10.068147,53.528934,2025-02,1400.5261256722222,666.4738743277778,275.4455073022222,396.55449269777773,5.08458511227612,1.6806615146224333,3.0253475003968244,True
8390,Zählfeld B_10.2_2_I (veraltet),10.068147,53.528934,2025-03,3423.5156636255556,613.4843363744444,368.8174108408333,375.1825891591667,9.282413364978062,1.6351620626888448,5.676754357738798,True
8390,Zählfeld B_10.2_2_I (veraltet),10.068147,53.528934,2025-04,4403.825759782778,746.1742402172222,421.24926776527775,298.75073223472225,10.454203951843098,2.4976482388366787,4.185619011231268,True
8390,Zählfeld B_10.2_2_I (veraltet),10.068147,53.528934,2025-05,5261.622348919167,443.37765108083335,493.9207367352778,250.07926326472221,10.65276664368759,1.772948485582727,6.008503196970369,True
8390,Zählfeld B_10.2_2_I (veraltet),10.068147,53.528934,2025-06,5530.747455976944,362.2525440230556,508.2723593,211.7276407,10.881464149642072,1.7109364787016001,6.3599463130857,True
8390,Zählfeld B_10.2_2_I (veraltet),10.068147,53.528934,2025-07,5605.266040216667,457.7339597833333,508.95938871444446,235.04061128555554,11.013189194475286,1.94746753456671,5.65513365383295,True
8390,Zählfeld B_10.2_2_I (veraltet),10.068147,53.528934,2025-08,5684.375022600833,683.6249773991667,456.3271263661111,287.6728736338889,12.456798410972091,2.3763970817394204,5.241884240092674,True
8390,Zählfeld B_10.2_2_I (veraltet),10.068147,53.528934,2025-09,5102.974049035834,969.0259509641667,379.47910540944446,340.52089459055554,13.447312319158932,2.8457165664660007,4.725457369023471,True
8390,Zählfeld B_10.2_2_I (veraltet),10.068147,53.528934,2025-10,2835.839449928333,1123.1605500716666,326.24710055888886,417.7528994411111,8.692305449060852,2.688576312873668,3.233051413656968,True
8390,Zählfeld B_10.2_2_I (veraltet),10.068147,53.528934,2025-11,1803.5330655880555,1140.4669344119445,257.97459228055556,462.0254077194445,6.9911267216061965,2.4684073978556387,2.8322418445510844,True
8390,Zählfeld B_10.2_2_I (veraltet),10.068147,53.528934,2025-12,1394.3111633488888,1061.6888366511112,234.07368837805555,509.9263116219445,5.956718899122563,2.0820436452360185,2.8609961720794352,True
8390,Zählfeld B_10.2_2_I (veraltet),10.068147,53.528934,2026-01,427.5487535102778,251.45124648972222,251.92644384916667,492.0735561508333,1.6971174084696707,0.5110033720500231,3.3211471808126083,True
8390,Zählfeld B_10.2_2_I (veraltet),10.068147,53.528934,2026-02,1038.2817084383332,416.71829156166666,274.9950323086111,397.00496769138886,3.7756380532471927,1.0496551062947956,3.5970272812513757,True
8392,Zählfeld J_53.2_1_I (veraltet),9.949541,53.555794,2025-01,20854.38768146889,22015.61231853111,252.25277094527777,491.74722905472225,82.67258117054705,44.770180730558195,1.8465992279123928,True
8392,Zählfeld J_53.2_1_I (veraltet),9.949541,53.555794,2025-02,27069.941916119722,16516.058083880278,275.4455073022222,396.55449269777773,98.27694116796121,41.648899175295696,2.359652790685397,True
8392,Zählfeld J_53.2_1_I (veraltet),9.949541,53.555794,2025-03,39746.6519496125,12071.3480503875,368.8174108408333,375.1825891591667,107.76782977516629,32.17459551478913,3.3494696064051697,True
8392,Zählfeld J_53.2_1_I (veraltet),9.949541,53.555794,2025-04,54667.91442553417,9406.085574465833,421.24926776527775,298.75073223472225,129.77569009329508,31.48472810127095,4.121861547473754,True
8392,Zählfeld J_53.2_1_I (veraltet),9.949541,53.555794,2025-05,58451.41042178,4789.5895782200005,493.9207367352778,250.07926326472221,118.341681315372,19.15228602201201,6.178984648587647,True
8392,Zählfeld J_53.2_1_I (veraltet),9.949541,53.555794,2025-06,62926.90186778722,2722.0981322127777,508.2723593,211.7276407,123.80547695816286,12.856602582511929,9.629719528436546,True
8392,Zählfeld J_53.2_1_I (veraltet),9.949541,53.555794,2025-07,64594.169561769166,4170.830438230833,508.95938871444446,235.04061128555554,126.91419196514757,17.74514802109499,7.152050341551117,True
8392,Zählfeld J_53.2_1_I (veraltet),9.949541,53.555794,2025-08,48399.05683717278,6243.943162827222,456.3271263661111,287.6728736338889,106.06219538731132,21.70501196012547,4.886530151752941,True
8392,Zählfeld J_53.2_1_I (veraltet),9.949541,53.555794,2025-09,54133.361183718334,13835.638816281667,379.47910540944446,340.52089459055554,142.65175713774903,40.63080720176577,3.5109259934060466,True
8392,Zählfeld J_53.2_1_I (veraltet),9.949541,53.555794,2025-10,35996.58036744416,16515.419632555833,326.24710055888886,417.7528994411111,110.33532652329777,39.53394376113467,2.79090108464633,True
8392,Zählfeld J_53.2_1_I (veraltet),9.949541,53.555794,2025-11,25066.019262503887,26238.980737496113,257.97459228055556,462.0254077194445,97.16468215305403,56.791207364572465,1.7109106613864205,True
8392,Zählfeld J_53.2_1_I (veraltet),9.949541,53.555794,2025-12,19486.54837463111,24811.45162536889,234.07368837805555,509.9263116219445,83.24963181320118,48.65693544318206,1.7109509888968222,True
8392,Zählfeld J_53.2_1_I (veraltet),9.949541,53.555794,2026-01,11111.941322779445,11717.058677220555,251.92644384916667,492.0735561508333,44.10787987557345,23.811599974758597,1.8523694301235472,True
8392,Zählfeld J_53.2_1_I (veraltet),9.949541,53.555794,2026-02,19079.68564215111,12088.314357848889,274.9950323086111,397.00496769138886,69.38192840057954,30.44877354594142,2.27864443524779,True
8393,Zählfeld J_53.2_2_I (veraltet),9.949541,53.555794,2025-01,19028.814980251387,18891.185019748613,252.25277094527777,491.74722905472225,75.43550427194073,38.41645443750203,1.963624841919321,True
8393,Zählfeld J_53.2_2_I (veraltet),9.949541,53.555794,2025-02,24532.180039911113,13256.81996008889,275.4455073022222,396.55449269777773,89.06364195294027,33.43000824401751,2.664182470516702,True
8393,Zählfeld J_53.2_2_I (veraltet),9.949541,53.555794,2025-03,35829.3340623875,8071.6659376125,368.8174108408333,375.1825891591667,97.14653649539878,21.51396725445645,4.515510103106419,True
8393,Zählfeld J_53.2_2_I (veraltet),9.949541,53.555794,2025-04,44338.543118026944,9461.456881973056,421.24926776527775,298.75073223472225,105.25488472239341,31.670070935723718,3.323481179944763,True
8393,Zählfeld J_53.2_2_I (veraltet),9.949541,53.555794,2025-05,51131.53172991972,3478.4682700802778,493.9207367352778,250.07926326472221,103.52173522393376,13.90946304251598,7.442540010890922,True
8393,Zählfeld J_53.2_2_I (veraltet),9.949541,53.555794,2025-06,56421.34529648028,1886.6547035197223,508.2723593,211.7276407,111.00612548395227,8.910762417614388,12.457533966400051,True
8393,Zählfeld J_53.2_2_I (veraltet),9.949541,53.555794,2025-07,58712.59327734667,2997.4067226533334,508.95938871444446,235.04061128555554,115.35811025246224,12.752718376024491,9.045766310447119,True
8393,Zählfeld J_53.2_2_I (veraltet),9.949541,53.555794,2025-08,42457.447597675,5610.552402325,456.3271263661111,287.6728736338889,93.04169124412606,19.503237588766716,4.770576721975397,True
8393,Zählfeld J_53.2_2_I (veraltet),9.949541,53.555794,2025-09,42613.52388100972,14437.476118990278,379.47910540944446,340.52089459055554,112.2947832266845,42.39820917993884,2.648573734567496,True
8393,Zählfeld J_53.2_2_I (veraltet),9.949541,53.555794,2025-10,29286.1076389825,16760.8923610175,326.24710055888886,417.7528994411111,89.76664494125134,40.12154645351591,2.2373675213455027,True
8393,Zählfeld J_53.2_2_I (veraltet),9.949541,53.555794,2025-11,24895.0929120075,20127.9070879925,257.97459228055556,462.0254077194445,96.50211166894024,43.56450262625981,2.2151546752830527,True
8393,Zählfeld J_53.2_2_I (veraltet),9.949541,53.555794,2025-12,18317.650474023612,20636.349525976388,234.07368837805555,509.9263116219445,78.25591419928638,40.4692777282613,1.9337116596137613,True
8393,Zählfeld J_53.2_2_I (veraltet),9.949541,53.555794,2026-01,10020.937411086945,9898.062588913055,251.92644384916667,492.0735561508333,39.77723520396564,20.115006110751136,1.9774905851361073,True
8393,Zählfeld J_53.2_2_I (veraltet),9.949541,53.555794,2026-02,17469.465488855556,9316.534511144444,274.9950323086111,397.00496769138886,63.52647661376872,23.467047692931228,2.707050219738729,True
8398,Zählfeld D_57.1_1_I (veraltet),9.966551,53.549988,2025-01,7655.467809114444,6851.532190885556,252.25277094527777,491.74722905472225,30.34839926803094,13.93303670273068,2.1781611514798547,True
8398,Zählfeld D_57.1_1_I (veraltet),9.966551,53.549988,2025-02,10834.165199250278,5145.8348007497225,275.4455073022222,396.55449269777773,39.333243462064885,12.976362380217612,3.031145579136121,True
8398,Zählfeld D_57.1_1_I (veraltet),9.966551,53.549988,2025-03,19110.9509443125,4286.0490556875,368.8174108408333,375.1825891591667,51.816835058689826,11.423901800169078,4.53582637220524,True
8398,Zählfeld D_57.1_1_I (veraltet),9.966551,53.549988,2025-04,27693.742989763334,3002.2570102366667,421.24926776527775,298.75073223472225,65.74193739654031,10.049371219207107,6.541895603467153,True
8398,Zählfeld D_57.1_1_I (veraltet),9.966551,53.549988,2025-05,19546.113810309445,1035.8861896905555,493.9207367352778,250.07926326472221,39.573381631039716,4.142231451609863,9.553638441825761,True
8398,Zählfeld D_57.1_1_I (veraltet),9.966551,53.549988,2025-06,25967.84595802611,901.1540419738889,472.23280776194446,196.76719223805554,54.98949994833198,4.579798246466019,12.00696995566658,True
8398,Zählfeld D_57.1_1_I (veraltet),9.966551,53.549988,2025-07,30204.13947678389,1571.860523216111,457.66051536055556,204.33948463944444,65.99682179920714,7.692397413988039,8.579486764320958,True
8398,Zählfeld D_57.1_1_I (veraltet),9.966551,53.549988,2025-08,21538.464372756946,2315.5356272430554,409.51482159777777,250.48517840222223,52.59507894908833,9.244202160036917,5.689520635589204,True
8398,Zählfeld D_57.1_1_I (veraltet),9.966551,53.549988,2025-09,30854.859579718333,5543.140420281667,379.47910540944446,340.52089459055554,81.30845451010283,16.278414947038048,4.994863122401077,True
8398,Zählfeld D_57.1_1_I (veraltet),9.966551,53.549988,2025-10,18865.082084733054,6101.917915266944,326.24710055888886,417.7528994411111,57.82452028666484,14.606524391405467,3.958814481608575,True
8398,Zählfeld D_57.1_1_I (veraltet),9.966551,53.549988,2025-11,9452.3293665225,8733.6706334775,210.82737408083332,376.17262591916665,44.83445002212275,23.217188151681786,1.9310887144994375,True
8398,Zählfeld D_57.1_1_I (veraltet),9.966551,53.549988,2025-12,8674.056112005,10111.943887995,234.07368837805555,509.9263116219445,37.056946349285596,19.830206164164203,1.8687121073028672,True
8398,Zählfeld D_57.1_1_I (veraltet),9.966551,53.549988,2026-01,4510.044741102778,3728.9552588972224,251.92644384916667,492.0735561508333,17.90222841315948,7.578044404715381,2.3623810388363458,True
8398,Zählfeld D_57.1_1_I (veraltet),9.966551,53.549988,2026-02,7945.468143908889,3757.531856091111,274.9950323086111,397.00496769138886,28.893133367558974,9.46469732593377,3.0527266084241558,True
8402,Zählfeld B_39.3_1_I (veraltet),10.034502,53.574757,2025-01,18457.0862336475,19933.9137663525,252.25277094527777,491.74722905472225,73.16901282979948,40.53691121894299,1.804997239049813,True
8402,Zählfeld B_39.3_1_I (veraltet),10.034502,53.574757,2025-02,24627.96063785472,14861.039362145279,275.4455073022222,396.55449269777773,89.41137170493988,37.475402840716725,2.38586819426515,True
8402,Zählfeld B_39.3_1_I (veraltet),10.034502,53.574757,2025-03,45606.421203125,11581.578796875001,368.8174108408333,375.1825891591667,123.65582497624249,30.869179784783817,4.005802092519332,True
8402,Zählfeld B_39.3_1_I (veraltet),10.034502,53.574757,2025-04,55645.21486008556,15975.785139914444,421.24926776527775,298.75073223472225,132.09569515760288,53.475300362988236,2.4702188535817937,True
8402,Zählfeld B_39.3_1_I (veraltet),10.034502,53.574757,2025-05,66634.31508536333,7486.684914636667,493.9207367352778,250.07926326472221,134.9089239010362,29.93724796250544,4.506390302475408,True
8402,Zählfeld B_39.3_1_I (veraltet),10.034502,53.574757,2025-06,72145.75127178222,4702.248728217778,508.2723593,211.7276407,141.94309399618422,22.20895067205922,6.391256214313668,True
8402,Zählfeld B_39.3_1_I (veraltet),10.034502,53.574757,2025-07,71647.68870956916,7113.311290430834,508.95938871444446,235.04061128555554,140.77289917087597,30.264179673140525,4.651469185395168,True
8402,Zählfeld B_39.3_1_I (veraltet),10.034502,53.574757,2025-08,58303.729314171665,12057.270685828333,456.3271263661111,287.6728736338889,127.76739743364413,41.91313047184697,3.0483859352730867,True
8402,Zählfeld B_39.3_1_I (veraltet),10.034502,53.574757,2025-09,51849.13719467361,20976.86280532639,379.47910540944446,340.52089459055554,136.63239017792623,61.602277976360604,2.217976261046026,True
8402,Zählfeld B_39.3_1_I (veraltet),10.034502,53.574757,2025-10,33390.3425212875,20390.6574787125,326.24710055888886,417.7528994411111,102.346787033776,48.81033143274901,2.0968263076596734,True
8402,Zählfeld B_39.3_1_I (veraltet),10.034502,53.574757,2025-11,25955.74452800361,21927.25547199639,257.97459228055556,462.0254077194445,100.61356933854911,47.45898192099268,2.1200111183599666,True
8402,Zählfeld B_39.3_1_I (veraltet),10.034502,53.574757,2025-12,19463.96407274861,20651.03592725139,234.07368837805555,509.9263116219445,83.15314808605102,40.49807875488079,2.0532615532046563,True
8402,Zählfeld B_39.3_1_I (veraltet),10.034502,53.574757,2026-01,10094.372971515,9495.627028485,251.92644384916667,492.0735561508333,40.06873124267455,19.297169924681633,2.0764045400991935,True
8402,Zählfeld B_39.3_1_I (veraltet),10.034502,53.574757,2026-02,16463.77548916389,9695.224510836111,274.9950323086111,397.00496769138886,59.86935600599339,24.420914849540818,2.4515607369688324,True
8403,Zählfeld B_39.3_2_G (veraltet),10.034502,53.574757,2025-01,7039.991529850556,4623.008470149444,252.25277094527777,491.74722905472225,27.90848046373996,9.401188653439245,2.9686118950001257,True
8403,Zählfeld B_39.3_2_G (veraltet),10.034502,53.574757,2025-02,8609.589316639722,3330.4106833602777,275.4455073022222,396.55449269777773,31.256960409207814,8.398368306719581,3.7217896700480435,True
8403,Zählfeld B_39.3_2_G (veraltet),10.034502,53.574757,2025-03,13311.205699863056,2949.7943001369445,368.8174108408333,375.1825891591667,36.0915870796773,7.862289949935629,4.590467574904535,True
8403,Zählfeld B_39.3_2_G (veraltet),10.034502,53.574757,2025-04,17979.253622831387,1596.7463771686112,421.24926776527775,298.75073223472225,42.680794955944044,5.344744647902924,7.9855629721600225,True
8403,Zählfeld B_39.3_2_G (veraltet),10.034502,53.574757,2025-05,19946.045030161946,922.9549698380556,493.9207367352778,250.07926326472221,40.383088918277686,3.690649747560471,10.941999832135524,True
8403,Zählfeld B_39.3_2_G (veraltet),10.034502,53.574757,2025-06,21083.91937010722,651.0806298927778,508.2723593,211.7276407,41.48153836093763,3.0750856512650775,13.489555435268054,True
8403,Zählfeld B_39.3_2_G (veraltet),10.034502,53.574757,2025-07,22184.54889836889,1004.4511016311111,508.95938871444446,235.04061128555554,43.588053173365665,4.273521482680214,10.19956336946472,True
8403,Zählfeld B_39.3_2_G (veraltet),10.034502,53.574757,2025-08,18966.05626423611,1432.943735763889,456.3271263661111,287.6728736338889,41.562412507161916,4.981156956729767,8.343927498813148,True
8403,Zählfeld B_39.3_2_G (veraltet),10.034502,53.574757,2025-09,19203.800904651387,2610.199095348611,379.47910540944446,340.52089459055554,50.60568719305683,7.665312574980548,6.6019078410752545,True
8403,Zählfeld B_39.3_2_G (veraltet),10.034502,53.574757,2025-10,13160.168110898334,3491.8318891016665,326.24710055888886,417.7528994411111,40.33803852464544,8.358605993574667,4.825928935477236,True
8403,Zählfeld B_39.3_2_G (veraltet),10.034502,53.574757,2025-11,9356.985807278334,5854.014192721666,257.97459228055556,462.0254077194445,36.27095879699003,12.670329585589364,2.8626689268006817,True
8403,Zählfeld B_39.3_2_G (veraltet),10.034502,53.574757,2025-12,8037.522673815278,5990.477326184722,234.07368837805555,509.9263116219445,34.337574331864964,11.747731367558881,2.9229110930036644,True
8403,Zählfeld B_39.3_2_G (veraltet),10.034502,53.574757,2026-01,4632.756665576944,2989.2433344230553,251.92644384916667,492.0735561508333,18.389322672099745,6.0747896265874015,3.027153827947488,True
8403,Zählfeld B_39.3_2_G (veraltet),10.034502,53.574757,2026-02,6718.8941874425,2818.1058125575,274.9950323086111,397.00496769138886,24.43278386171817,7.098414483186391,3.4420058056049996,True
8407,Zählfeld D_57.2_2_I (veraltet),9.966789,53.549885,2025-01,8399.474070065278,10186.525929934722,252.25277094527777,491.74722905472225,33.297846594864204,20.71496355864804,1.6074296486494704,True
8407,Zählfeld D_57.2_2_I (veraltet),9.966789,53.549885,2025-02,12301.206582840277,7265.793417159723,275.4455073022222,396.55449269777773,44.65931103150374,18.322307654946005,2.43742829083258,True
8407,Zählfeld D_57.2_2_I (veraltet),9.966789,53.549885,2025-03,23550.756271257498,5345.2437287425,368.8174108408333,375.1825891591667,63.854784451651206,14.247046326754903,4.481966506400462,True
8407,Zählfeld D_57.2_2_I (veraltet),9.966789,53.549885,2025-04,32752.35372206,7722.64627794,421.24926776527775,298.75073223472225,77.75052974171525,25.84979866048488,3.0077808637081604,True
8407,Zählfeld D_57.2_2_I (veraltet),9.966789,53.549885,2025-05,40168.08550759111,3270.9144924088887,493.9207367352778,250.07926326472221,81.32496273206613,13.079511070641837,6.2177372145513505,True
8407,Zählfeld D_57.2_2_I (veraltet),9.966789,53.549885,2025-06,37575.080529697225,1978.9194703027777,508.2723593,211.7276407,73.92705867666336,9.346533422656599,7.909569819486165,True
8407,Zählfeld D_57.2_2_I (veraltet),9.966789,53.549885,2025-07,38677.27157248861,2809.728427511389,508.95938871444446,235.04061128555554,75.99284428209809,11.954225323630535,6.356986105312831,True
8407,Zählfeld D_57.2_2_I (veraltet),9.966789,53.549885,2025-08,34084.25034976583,5504.749650234166,456.3271263661111,287.6728736338889,74.69257990685404,19.13544916730615,3.9033617269078773,True
8407,Zählfeld D_57.2_2_I (veraltet),9.966789,53.549885,2025-09,30128.889672926667,12007.110327073333,379.47910540944446,340.52089459055554,79.39538499865142,35.26100899479533,2.251648130953102,True
8407,Zählfeld D_57.2_2_I (veraltet),9.966789,53.549885,2025-10,18449.414685354444,12517.585314645556,326.24710055888886,417.7528994411111,56.55043264368952,29.964089612285523,1.8872735122412454,True
8407,Zählfeld D_57.2_2_I (veraltet),9.966789,53.549885,2025-11,15372.177161935278,12966.822838064722,257.97459228055556,462.0254077194445,59.58795021649864,28.065172653748427,2.1231991319511794,True
8407,Zählfeld D_57.2_2_I (veraltet),9.966789,53.549885,2025-12,10762.822192286667,13423.177807713333,234.07368837805555,509.9263116219445,45.98048702895427,26.32375992722881,1.7467294625108971,True
8407,Zählfeld D_57.2_2_I (veraltet),9.966789,53.549885,2026-01,4944.5781035725,5767.4218964275,251.92644384916667,492.0735561508333,19.62707061642531,11.720649940106993,1.6745718639086105,True
8407,Zählfeld D_57.2_2_I (veraltet),9.966789,53.549885,2026-02,9027.372046980277,5676.627953019723,274.9950323086111,397.00496769138886,32.82740044863566,14.298632044907912,2.295842031988388,True
8408,Zählfeld B_49.1_1_I (veraltet),9.993821,53.471233,2025-01,1548.3083556502777,1367.6916443497223,252.25277094527777,491.74722905472225,6.137924074523481,2.7812899870911605,2.206862320366273,True
8408,Zählfeld B_49.1_1_I (veraltet),9.993821,53.471233,2025-02,18.160180297222222,6.839819702777778,191.88986552055556,296.11013447944447,0.09463855867508998,0.023098904449190976,,False
8408,Zählfeld B_49.1_1_I (veraltet),9.993821,53.471233,2025-04,9833.83405092389,1030.165949076111,243.67185127722223,155.32814872277777,40.356873390911566,6.6321909940142385,6.084998671982595,True
8408,Zählfeld B_49.1_1_I (veraltet),9.993821,53.471233,2025-05,28688.606766630277,2032.3932333697223,493.9207367352778,250.07926326472221,58.08342236500641,8.126996244460004,7.146972955057118,True
8408,Zählfeld B_49.1_1_I (veraltet),9.993821,53.471233,2025-06,29849.67718338361,1532.3228166163888,508.2723593,211.7276407,58.72772075289125,7.237235589790374,8.114662017599498,True
8408,Zählfeld B_49.1_1_I (veraltet),9.993821,53.471233,2025-07,27513.291287651944,2049.7087123480555,508.95938871444446,235.04061128555554,54.05793054952069,8.720657681824285,6.198836432049038,True
8408,Zählfeld B_49.1_1_I (veraltet),9.993821,53.471233,2025-08,28479.81377011361,3320.186229886389,456.3271263661111,287.6728736338889,62.410959429276325,11.541533923396171,5.407509941357214,True
8408,Zählfeld B_49.1_1_I (veraltet),9.993821,53.471233,2025-09,23251.3862864075,4873.6137135925,379.47910540944446,340.52089459055554,61.27184858128113,14.31223102903146,4.281082974205422,True
8408,Zählfeld B_49.1_1_I (veraltet),9.993821,53.471233,2025-10,12592.341033529445,4519.658966470555,326.24710055888886,417.7528994411111,38.59755691915024,10.818976894037508,3.5675791987708103,True
8408,Zählfeld B_49.1_1_I (veraltet),9.993821,53.471233,2025-11,5683.633809270278,3986.3661907297223,257.97459228055556,462.0254077194445,22.0317580852658,8.628023749616736,2.553511525306646,True
8408,Zählfeld B_49.1_1_I (veraltet),9.993821,53.471233,2025-12,5583.820630104166,5008.179369895834,234.07368837805555,509.9263116219445,23.85496921416329,9.821378610501785,2.4288819482690234,True
8408,Zählfeld B_49.1_1_I (veraltet),9.993821,53.471233,2026-01,2242.6424188211113,1876.357581178889,251.92644384916667,492.0735561508333,8.901973070218169,3.8131648362825996,2.3345366519472512,True
8408,Zählfeld B_49.1_1_I (veraltet),9.993821,53.471233,2026-02,4397.886192250556,1957.1138077494445,274.9950323086111,397.00496769138886,15.992602322048718,4.929696016476055,3.244135595500851,True
8409,Zählfeld B_49.1_2_I (veraltet),9.993821,53.471233,2025-01,1281.9859861402779,1639.0140138597221,252.25277094527777,491.74722905472225,5.082148280616447,3.333041686905633,1.5247778929925924,True
8409,Zählfeld B_49.1_2_I (veraltet),9.993821,53.471233,2025-02,28.596210277222223,13.403789722777777,191.88986552055556,296.11013447944447,0.14902407795037487,0.04526623091216166,3.292168907094419,True
8409,Zählfeld B_49.1_2_I (veraltet),9.993821,53.471233,2025-04,8077.0976378333335,2238.9023621666665,243.67185127722223,155.32814872277777,33.147438226847655,14.414015621615063,2.2996671501548955,True
8409,Zählfeld B_49.1_2_I (veraltet),9.993821,53.471233,2025-05,24297.611746423056,4545.388253576944,493.9207367352778,250.07926326472221,49.19334204719902,18.17579032438771,2.706531114698926,True
8409,Zählfeld B_49.1_2_I (veraltet),9.993821,53.471233,2025-06,26137.23920399,3508.76079601,508.2723593,211.7276407,51.42368796128631,16.572048809544025,3.1030374428821887,True
8409,Zählfeld B_49.1_2_I (veraltet),9.993821,53.471233,2025-07,23601.42434376361,4460.575656236389,508.95938871444446,235.04061128555554,46.37192056399095,18.97789335995704,2.443470393918154,True
8409,Zählfeld B_49.1_2_I (veraltet),9.993821,53.471233,2025-08,22556.611023657224,6744.388976342778,456.3271263661111,287.6728736338889,49.43079146594512,23.444647008762193,2.108404167803033,True
8409,Zählfeld B_49.1_2_I (veraltet),9.993821,53.471233,2025-09,17742.285563634166,8743.714436365834,379.47910540944446,340.52089459055554,46.75431482450364,25.677468182618664,1.8208304063307963,True
8409,Zählfeld B_49.1_2_I (veraltet),9.993821,53.471233,2025-10,9455.319277166667,6590.680722833334,326.24710055888886,417.7528994411111,28.982079108040825,15.77650503838668,1.8370405256121642,True
8409,Zählfeld B_49.1_2_I (veraltet),9.993821,53.471233,2025-11,5218.704797559444,4940.295202440556,257.97459228055556,462.0254077194445,20.229530169715076,10.692691613705472,1.891902516274355,True
8409,Zählfeld B_49.1_2_I (veraltet),9.993821,53.471233,2025-12,4340.913840606944,5638.086159393056,234.07368837805555,509.9263116219445,18.545073864072567,11.056668445799067,1.6772750268295045,True
8409,Zählfeld B_49.1_2_I (veraltet),9.993821,53.471233,2026-01,1935.1714601094445,2034.8285398905555,251.92644384916667,492.0735561508333,7.681493973169684,4.135212133339731,1.8575816005274342,True
8409,Zählfeld B_49.1_2_I (veraltet),9.993821,53.471233,2026-02,3617.2464260172223,2426.7535739827777,274.9950323086111,397.00496769138886,13.153860983051487,6.112652917404325,2.1519070624145855,True
8410,Zählfeld J_79.1_1_I (veraltet),9.986991,53.56458,2025-01,4424.609289354166,4545.390710645834,252.25277094527777,491.74722905472225,17.540379329724054,9.243347887050355,1.897621894584059,True
8410,Zählfeld J_79.1_1_I (veraltet),9.986991,53.56458,2025-02,6085.770954830556,3144.2290451694444,275.4455073022222,396.55449269777773,22.094282874445916,7.928870062167535,2.786561351265977,True
8410,Zählfeld J_79.1_1_I (veraltet),9.986991,53.56458,2025-03,11939.192762054723,1814.8072379452778,368.8174108408333,375.1825891591667,32.37155408372843,4.837130747491504,6.6923049579579885,True
8410,Zählfeld J_79.1_1_I (veraltet),9.986991,53.56458,2025-04,18289.39119814611,3245.608801853889,421.24926776527775,298.75073223472225,43.417027868490095,10.863935889214428,3.99643631104211,True
8410,Zählfeld J_79.1_1_I (veraltet),9.986991,53.56458,2025-05,22281.13826994611,1258.861730053889,493.9207367352778,250.07926326472221,45.1107568741094,5.033850922382624,8.961480498663152,True
8410,Zählfeld J_79.1_1_I (veraltet),9.986991,53.56458,2025-06,24313.77673818778,725.2232618122222,508.2723593,211.7276407,47.836118359206196,3.4252649272175173,13.965669627214918,True
8410,Zählfeld J_79.1_1_I (veraltet),9.986991,53.56458,2025-07,24743.496309766666,1286.5036902333334,508.95938871444446,235.04061128555554,48.61585591782686,5.473537884354522,8.881980347078567,True
8410,Zählfeld J_79.1_1_I (veraltet),9.986991,53.56458,2025-08,18166.241585464446,2392.7584145355554,456.3271263661111,287.6728736338889,39.80969032046909,8.317636572090333,4.786178137915971,True
8410,Zählfeld J_79.1_1_I (veraltet),9.986991,53.56458,2025-09,16278.010753235278,6265.989246764722,379.47910540944446,340.52089459055554,42.89567072651308,18.401188726756363,2.331135850160613,True
8410,Zählfeld J_79.1_1_I (veraltet),9.986991,53.56458,2025-10,10405.087749126667,6137.9122508733335,326.24710055888886,417.7528994411111,31.89327271047581,14.692686176648715,2.1706903916020623,True
8410,Zählfeld J_79.1_1_I (veraltet),9.986991,53.56458,2025-11,8091.632233805555,5797.367766194445,257.97459228055556,462.0254077194445,31.366004544376402,12.547725015406032,2.4997363670199486,True
8410,Zählfeld J_79.1_1_I (veraltet),9.986991,53.56458,2025-12,4345.363084274444,4582.636915725556,234.07368837805555,509.9263116219445,18.56408174017487,8.986861064590618,2.0656914140266087,True
8410,Zählfeld J_79.1_1_I (veraltet),9.986991,53.56458,2026-01,1903.981664903889,2093.018335096111,251.92644384916667,492.0735561508333,7.557688807149758,4.253466395285315,1.7768304965397057,True
8410,Zählfeld J_79.1_1_I (veraltet),9.986991,53.56458,2026-02,4437.189825358056,2091.8101746419443,274.9950323086111,397.00496769138886,16.13552720610041,5.268977329946182,3.0623641355210043,True
8411,Zählfeld J_79.1_2_I (veraltet),9.986991,53.56458,2025-01,6225.338197830833,4795.661802169167,252.25277094527777,491.74722905472225,24.678968538194262,9.752290442770343,2.5305817831224973,True
8411,Zählfeld J_79.1_2_I (veraltet),9.986991,53.56458,2025-02,7583.979391771389,3384.0206082286113,275.4455073022222,396.55449269777773,27.53350187501934,8.533557608204031,3.2264974514906952,True
8411,Zählfeld J_79.1_2_I (veraltet),9.986991,53.56458,2025-03,11773.567938360278,2488.432061639722,368.8174108408333,375.1825891591667,31.922484113531382,6.632589393917836,4.812974574124049,True
8411,Zählfeld J_79.1_2_I (veraltet),9.986991,53.56458,2025-04,17418.70342874028,1449.2965712597222,421.24926776527775,298.75073223472225,41.35010968955813,4.8511900219244986,8.523704390609353,True
8411,Zählfeld J_79.1_2_I (veraltet),9.986991,53.56458,2025-05,19154.722566360557,765.2774336394444,493.9207367352778,250.07926326472221,38.78096451865867,3.0601395079661504,12.672940046590726,True
8411,Zählfeld J_79.1_2_I (veraltet),9.986991,53.56458,2025-06,19971.277719275276,488.7222807247222,508.2723593,211.7276407,39.292472537322325,2.3082592292104174,17.022556236356106,True
8411,Zählfeld J_79.1_2_I (veraltet),9.986991,53.56458,2025-07,20362.331479828612,637.6685201713889,508.95938871444446,235.04061128555554,40.00777258724085,2.7130142177713816,14.746613683471745,True
8411,Zählfeld J_79.1_2_I (veraltet),9.986991,53.56458,2025-08,16216.235318692223,1051.7646813077777,456.3271263661111,287.6728736338889,35.53642635235746,3.6561135154033373,9.719727301310865,True
8411,Zählfeld J_79.1_2_I (veraltet),9.986991,53.56458,2025-09,16673.84776891667,2535.1522310833334,379.47910540944446,340.52089459055554,43.93877694774836,7.444924148139621,5.901843467233716,True
8411,Zählfeld J_79.1_2_I (veraltet),9.986991,53.56458,2025-10,11539.798485651667,3478.201514348333,326.24710055888886,417.7528994411111,35.37134419243272,8.325978153596612,4.248310953969198,True
8411,Zählfeld J_79.1_2_I (veraltet),9.986991,53.56458,2025-11,8339.7078054225,5769.2921945775,257.97459228055556,462.0254077194445,32.32763246836651,12.486958721717713,2.5889116148146845,True
8411,Zählfeld J_79.1_2_I (veraltet),9.986991,53.56458,2025-12,6166.33403971,5467.66596029,234.07368837805555,509.9263116219445,26.34355908362785,10.722462904294467,2.456857096989998,True
8411,Zählfeld J_79.1_2_I (veraltet),9.986991,53.56458,2026-01,3095.5120122325,2263.4879877675,251.92644384916667,492.0735561508333,12.287364378809889,4.599897636185274,2.671225612098595,True
8411,Zählfeld J_79.1_2_I (veraltet),9.986991,53.56458,2026-02,4792.592985578889,2023.4070144211112,274.9950323086111,397.00496769138886,17.427925680491704,5.096679334234435,3.4194667817196565,True
8412,Zählfeld J_63.1_1_I (veraltet),9.958068,53.570705,2025-01,7996.325759751944,7947.674240248056,252.25277094527777,491.74722905472225,31.69965479382829,16.162112912208457,1.961355855265877,True
8412,Zählfeld J_63.1_1_I (veraltet),9.958068,53.570705,2025-02,10084.910640570555,5661.089359429445,275.4455073022222,396.55449269777773,36.613088154330526,14.275690891601817,2.5647156717206223,True
8412,Zählfeld J_63.1_1_I (veraltet),9.958068,53.570705,2025-03,16580.64161073417,3919.3583892658335,368.8174108408333,375.1825891591667,44.9562334189524,10.446535906822405,4.303458468906661,True
8412,Zählfeld J_63.1_1_I (veraltet),9.958068,53.570705,2025-04,21940.795784090278,3079.2042159097223,418.778768755,293.221231245,52.39233079871439,10.501300341846337,4.989127926370952,True
8412,Zählfeld J_63.1_1_I (veraltet),9.958068,53.570705,2025-05,25438.259964580557,1394.7400354194444,493.9207367352778,250.07926326472221,51.50271708113051,5.577191875933503,9.234524869652267,True
8412,Zählfeld J_63.1_1_I (veraltet),9.958068,53.570705,2025-06,25006.569885903056,816.4301140969444,508.2723593,211.7276407,49.199153619808214,3.85603935035462,12.758986397606037,True
8412,Zählfeld J_63.1_1_I (veraltet),9.958068,53.570705,2025-07,25499.479522874444,1220.5204771255555,508.95938871444446,235.04061128555554,50.101206674431,5.192806768370428,9.648193916938956,True
8412,Zählfeld J_63.1_1_I (veraltet),9.958068,53.570705,2025-08,21163.163421595,2140.836578405,456.3271263661111,287.6728736338889,46.37717593105741,7.441913279350652,6.231888788564877,True
8412,Zählfeld J_63.1_1_I (veraltet),9.958068,53.570705,2025-09,17783.56637603778,4339.433623962223,379.47910540944446,340.52089459055554,46.86309765816999,12.743516456398321,3.6774070813586746,True
8412,Zählfeld J_63.1_1_I (veraltet),9.958068,53.570705,2025-10,11969.083723776945,5752.916276223055,326.24710055888886,417.7528994411111,36.68717270827202,13.77109837877743,2.664070192455414,True
8412,Zählfeld J_63.1_1_I (veraltet),9.958068,53.570705,2025-11,9142.205524488056,7670.794475511944,257.97459228055556,462.0254077194445,35.43839509026384,16.602538188051074,2.1345167039440405,True
8412,Zählfeld J_63.1_1_I (veraltet),9.958068,53.570705,2025-12,7161.273041958056,7624.726958041944,234.07368837805555,509.9263116219445,30.594096635038227,14.95260547311169,2.0460712810254793,True
8412,Zählfeld J_63.1_1_I (veraltet),9.958068,53.570705,2026-01,4336.769222301945,4199.230777698055,251.92644384916667,492.0735561508333,17.214426385895614,8.53374607354613,2.0172180233085255,True
8412,Zählfeld J_63.1_1_I (veraltet),9.958068,53.570705,2026-02,7310.374674159722,4227.625325840278,274.9950323086111,397.00496769138886,26.583660849392036,10.648797042576593,2.4964003673939708,True
8413,Zählfeld J_63.1_2_I (veraltet),9.958068,53.570705,2025-01,6270.364650964167,6730.635349035833,252.25277094527777,491.74722905472225,24.85746589608097,13.687185105189153,1.8161123492555737,True
8413,Zählfeld J_63.1_2_I (veraltet),9.958068,53.570705,2025-02,6907.019707017223,4601.980292982777,275.4455073022222,396.55449269777773,25.075811817249047,11.604912761611406,2.1607927894295633,True
8413,Zählfeld J_63.1_2_I (veraltet),9.958068,53.570705,2025-03,10981.678274253889,2398.321725746111,368.8174108408333,375.1825891591667,29.77537922956988,6.392412108251249,4.657925478730662,True
8413,Zählfeld J_63.1_2_I (veraltet),9.958068,53.570705,2025-04,14400.94281127611,1970.0571887238889,418.778768755,293.221231245,34.387948687296415,6.718671701769829,5.118265962934006,True
8413,Zählfeld J_63.1_2_I (veraltet),9.958068,53.570705,2025-05,17142.6093934125,1293.3906065875,493.9207367352778,250.07926326472221,34.707207287391675,5.171922652452704,6.710697282166879,True
8413,Zählfeld J_63.1_2_I (veraltet),9.958068,53.570705,2025-06,20176.313444351945,1014.6865556480556,508.2723593,211.7276407,39.69586989176247,4.792414218065084,8.283063208962247,True
8413,Zählfeld J_63.1_2_I (veraltet),9.958068,53.570705,2025-07,19686.817240471388,1309.182759528611,508.95938871444446,235.04061128555554,38.680526731606925,5.570027887385209,6.944404500955756,True
8413,Zählfeld J_63.1_2_I (veraltet),9.958068,53.570705,2025-08,9017.305838971944,1298.6941610280555,456.3271263661111,287.6728736338889,19.76061758760614,4.514482525317481,4.377161164493925,True
8413,Zählfeld J_63.1_2_I (veraltet),9.958068,53.570705,2025-09,5455.303725555,1815.696274445,379.47910540944446,340.52089459055554,14.375768383002066,5.332114132462281,2.696072894516903,True
8413,Zählfeld J_63.1_2_I (veraltet),9.958068,53.570705,2025-10,4474.162845694722,2531.8371543052776,326.24710055888886,417.7528994411111,13.714030984582246,6.060609412148868,2.2628138611096795,True
8413,Zählfeld J_63.1_2_I (veraltet),9.958068,53.570705,2025-11,6123.019709591945,5764.980290408055,257.97459228055556,462.0254077194445,23.734971942248354,12.477626109057452,1.9022025291348685,True
8413,Zählfeld J_63.1_2_I (veraltet),9.958068,53.570705,2025-12,5161.241507735,5878.758492265,234.07368837805555,509.9263116219445,22.049644039440302,11.528643175062259,1.9125966260397531,True
8413,Zählfeld J_63.1_2_I (veraltet),9.958068,53.570705,2026-01,2964.9990141869444,3110.0009858130556,251.92644384916667,492.0735561508333,11.769304440156937,6.320195318237666,1.8621741651235408,True
8413,Zählfeld J_63.1_2_I (veraltet),9.958068,53.570705,2026-02,5391.398007346666,3444.601992653333,274.9950323086111,397.00496769138886,19.605437822222953,8.676470757239967,2.2596097388864536,True
8415,Zählfeld D_72.1_2_I (veraltet),9.973623,53.56959,2025-01,716.7693272441667,909.2306727558333,252.25277094527777,491.74722905472225,2.8414725616618037,1.8489797583682022,1.536778620102102,True
8415,Zählfeld D_72.1_2_I (veraltet),9.973623,53.56959,2025-02,476.47296803694445,433.52703196305555,275.4455073022222,396.55449269777773,1.7298266096391706,1.093234448092498,1.582301593823186,True
8415,Zählfeld D_72.1_2_I (veraltet),9.973623,53.56959,2025-03,364.7478321563889,215.25216784361112,340.58775793638887,352.4122420636111,1.0709364140578193,0.6107965108793175,1.7533440269920224,True
8415,Zählfeld D_72.1_2_I (veraltet),9.973623,53.56959,2025-04,10795.750054046945,1222.2499459530557,421.24926776527775,298.75073223472225,25.627937850950502,4.0912031806929905,6.264156708689668,True
8415,Zählfeld D_72.1_2_I (veraltet),9.973623,53.56959,2025-05,16263.834537247223,1039.1654627527778,493.9207367352778,250.07926326472221,32.92802534420417,4.155344386362678,7.924259046318722,True
8415,Zählfeld D_72.1_2_I (veraltet),9.973623,53.56959,2025-06,18678.871639023055,652.1283609769445,508.2723593,211.7276407,36.74972934736775,3.080034136407134,11.93159806671376,True
8415,Zählfeld D_72.1_2_I (veraltet),9.973623,53.56959,2025-07,15133.353280000832,719.6467199991666,446.26195369777776,207.73804630222222,33.91136787396759,3.464202791972962,9.789082773255922,True
8415,Zählfeld D_72.1_2_I (veraltet),9.973623,53.56959,2025-08,7299.408454837222,742.5915451627777,270.2915162336111,177.7084837663889,27.00568836399731,4.178706212692523,6.462691318659697,True
8415,Zählfeld D_72.1_2_I (veraltet),9.973623,53.56959,2025-09,12057.536037901944,2763.4639620980556,379.47910540944446,340.52089459055554,31.773912887489,8.115402038458939,3.9152604808624685,True
8415,Zählfeld D_72.1_2_I (veraltet),9.973623,53.56959,2025-10,9211.72669316611,3457.273306833889,326.24710055888886,417.7528994411111,28.235428536792032,8.275881056622676,3.4117731204216573,True
8415,Zählfeld D_72.1_2_I (veraltet),9.973623,53.56959,2025-11,7150.1692781530555,6647.8307218469445,257.97459228055556,462.0254077194445,27.716563925710247,14.388452692808842,1.9263060815123378,True
8415,Zählfeld D_72.1_2_I (veraltet),9.973623,53.56959,2025-12,5631.574786181389,6555.425213818611,234.07368837805555,509.9263116219445,24.058982558884434,12.855632401017882,1.8714740596487105,True
8415,Zählfeld D_72.1_2_I (veraltet),9.973623,53.56959,2026-01,3008.1960440808334,2670.8039559191666,251.92644384916667,492.0735561508333,11.940771274816628,5.427651867357196,2.1999884234710074,True
8415,Zählfeld D_72.1_2_I (veraltet),9.973623,53.56959,2026-02,5276.567793701666,2841.4322062983333,274.9950323086111,397.00496769138886,19.187865865809815,7.157170407265825,2.6809290227784226,True
8417,Zählfeld D_73.1_2_I (veraltet),9.950951,53.631294,2025-01,5645.716428977222,4221.283571022777,252.25277094527777,491.74722905472225,22.381186965046144,8.58425492124741,2.6072369903238903,True
8417,Zählfeld D_73.1_2_I (veraltet),9.950951,53.631294,2025-02,6804.132499223611,2880.867500776389,275.4455073022222,396.55449269777773,24.702281644978996,7.264745586861771,3.4002954886201184,True
8417,Zählfeld D_73.1_2_I (veraltet),9.950951,53.631294,2025-03,10930.532366987778,1800.4676330122222,368.8174108408333,375.1825891591667,29.636703815224585,4.798910410654465,6.175715168473586,True
8417,Zählfeld D_73.1_2_I (veraltet),9.950951,53.631294,2025-04,14759.623325183056,2363.3766748169446,421.24926776527775,298.75073223472225,35.037742388212756,7.9108648776803285,4.429065965602327,True
8417,Zählfeld D_73.1_2_I (veraltet),9.950951,53.631294,2025-05,16092.896014310278,900.1039856897222,493.9207367352778,250.07926326472221,32.58194041554372,3.5992747816795756,9.052362598539807,True
8417,Zählfeld D_73.1_2_I (veraltet),9.950951,53.631294,2025-06,17655.256028951666,468.7439710483333,508.2723593,211.7276407,34.73581772824857,2.213900695717398,15.6898716349121,True
8417,Zählfeld D_73.1_2_I (veraltet),9.950951,53.631294,2025-07,17531.918781596112,642.0812184038889,508.95938871444446,235.04061128555554,34.446596664380486,2.731788412615263,12.609540513938713,True
8417,Zählfeld D_73.1_2_I (veraltet),9.950951,53.631294,2025-08,14122.963415493055,842.0365845069445,456.3271263661111,287.6728736338889,30.94920858192026,2.927062860916718,10.573469054992337,True
8417,Zählfeld D_73.1_2_I (veraltet),9.950951,53.631294,2025-09,14447.995887644445,3090.0041123555557,379.47910540944446,340.52089459055554,38.073231652782496,9.074345103171998,4.1957002097565965,True
8417,Zählfeld D_73.1_2_I (veraltet),9.950951,53.631294,2025-10,9013.354215487223,2784.645784512778,326.24710055888886,417.7528994411111,27.627384887242172,6.665772489522405,4.144663642611307,True
8417,Zählfeld D_73.1_2_I (veraltet),9.950951,53.631294,2025-11,7131.288930025833,4622.711069974167,257.97459228055556,462.0254077194445,27.643377074399364,10.00531787373307,2.7628684488847113,True
8417,Zählfeld D_73.1_2_I (veraltet),9.950951,53.631294,2025-12,5976.35651811,5022.64348189,234.07368837805555,509.9263116219445,25.53194491666875,9.8497437128009,2.5921430710412277,True
8417,Zählfeld D_73.1_2_I (veraltet),9.950951,53.631294,2026-01,2308.6128111541666,1595.3871888458334,251.92644384916667,492.0735561508333,9.163836776644132,3.242172168985252,2.8264497685550936,True
8417,Zählfeld D_73.1_2_I (veraltet),9.950951,53.631294,2026-02,4305.394044192222,1742.6059558077777,274.9950323086111,397.00496769138886,15.656261162421751,4.38938073228945,3.5668496576863653,True
8418,Zählfeld D_73.2_1_I (veraltet),9.950859,53.631317,2025-01,5422.67672711,4262.32327289,252.25277094527777,491.74722905472225,21.49699567933136,8.667711826426343,2.480123487007351,True
8418,Zählfeld D_73.2_1_I (veraltet),9.950859,53.631317,2025-02,6647.252273875833,2899.7477261241665,275.4455073022222,396.55449269777773,24.1327307857753,7.31235625751471,3.3002673742782633,True
8418,Zählfeld D_73.2_1_I (veraltet),9.950859,53.631317,2025-03,10971.186039681388,1866.8139603186112,368.8174108408333,375.1825891591667,29.746930912695195,4.975747847207904,5.978383918587719,True
8418,Zählfeld D_73.2_1_I (veraltet),9.950859,53.631317,2025-04,14189.995453699723,2816.004546300278,421.24926776527775,298.75073223472225,33.68550770183525,9.425933537420761,3.573705200456218,True
8418,Zählfeld D_73.2_1_I (veraltet),9.950859,53.631317,2025-05,15792.258461286667,1326.7415387133333,493.9207367352778,250.07926326472221,31.973264709780146,5.3052840983016925,6.026682853801422,True
8418,Zählfeld D_73.2_1_I (veraltet),9.950859,53.631317,2025-06,17530.520101336668,801.4798986633333,508.2723593,211.7276407,34.490406138708686,3.7854287518319913,9.111360535320273,True
8418,Zählfeld D_73.2_1_I (veraltet),9.950859,53.631317,2025-07,16880.497837526666,1204.5021624733333,508.95938871444446,235.04061128555554,33.16668915404879,5.1246555047883176,6.471984140799099,True
8418,Zählfeld D_73.2_1_I (veraltet),9.950859,53.631317,2025-08,13026.117845198056,2076.8821548019446,456.3271263661111,287.6728736338889,28.545569817270092,7.219596789112341,3.9539008411548435,True
8418,Zählfeld D_73.2_1_I (veraltet),9.950859,53.631317,2025-09,13896.541778544444,3760.4582214555558,379.47910540944446,340.52089459055554,36.62004463605597,11.043252502837321,3.316056082811405,True
8418,Zählfeld D_73.2_1_I (veraltet),9.950859,53.631317,2025-10,8136.959185250278,3679.0408147497224,326.24710055888886,417.7528994411111,24.941092721777387,8.806739150516277,2.8320462654233682,True
8418,Zählfeld D_73.2_1_I (veraltet),9.950859,53.631317,2025-11,7161.485434568611,4214.514565431389,257.97459228055556,462.0254077194445,27.7604293169316,9.121824243896489,3.0432979823642627,True
8418,Zählfeld D_73.2_1_I (veraltet),9.950859,53.631317,2025-12,5782.943790330278,5056.056209669722,234.07368837805555,509.9263116219445,24.705655002924413,9.915268332766958,2.4916779025817894,True
8418,Zählfeld D_73.2_1_I (veraltet),9.950859,53.631317,2026-01,1717.8323005788889,1207.1676994211111,251.92644384916667,492.0735561508333,6.818785175276752,2.4532261169732172,2.7795176025965955,True
8418,Zählfeld D_73.2_1_I (veraltet),9.950859,53.631317,2026-02,4211.886129504167,1777.1138704958332,274.9950323086111,397.00496769138886,15.316226239234059,4.476301344111315,3.421625369208651,True
8420,Zählfeld J_77.1_1_I (veraltet),9.941992,53.598267,2025-01,3464.9327053302777,2735.0672946697223,252.25277094527777,491.74722905472225,13.735954980181129,5.561937379753615,2.469634956729702,True
8420,Zählfeld J_77.1_1_I (veraltet),9.941992,53.598267,2025-02,4855.935538825,2035.0644611750001,275.4455073022222,396.55449269777773,17.629387338298486,5.131865856140897,3.4352782852269597,True
8420,Zählfeld J_77.1_1_I (veraltet),9.941992,53.598267,2025-03,9516.297862486945,1366.7021375130555,368.8174108408333,375.1825891591667,25.802192583022592,3.6427653547996828,7.083133298450256,True
8420,Zählfeld J_77.1_1_I (veraltet),9.941992,53.598267,2025-04,12158.446870192221,2062.5531298077776,421.24926776527775,298.75073223472225,28.862832058302757,6.903926609248517,4.180640046149685,True
8420,Zählfeld J_77.1_1_I (veraltet),9.941992,53.598267,2025-05,13601.092964554722,866.9070354452778,493.9207367352778,250.07926326472221,27.536995215984174,3.466529068136331,7.943679304206314,True
8420,Zählfeld J_77.1_1_I (veraltet),9.941992,53.598267,2025-06,14378.975341398056,457.02465860194445,508.2723593,211.7276407,28.289902211485565,2.1585498099868285,13.105976095894766,True
8420,Zählfeld J_77.1_1_I (veraltet),9.941992,53.598267,2025-07,13298.006916974167,774.9930830258334,508.95938871444446,235.04061128555554,26.12783497434432,3.2972730916032154,7.924073696194914,True
8420,Zählfeld J_77.1_1_I (veraltet),9.941992,53.598267,2025-08,10122.505781540278,1226.494218459722,456.3271263661111,287.6728736338889,22.18256421034895,4.263503204061701,5.202896104127785,True
8420,Zählfeld J_77.1_1_I (veraltet),9.941992,53.598267,2025-09,10552.5832661825,2895.4167338175,379.47910540944446,340.52089459055554,27.80807458370241,8.502904755078148,3.2704205662299968,True
8420,Zählfeld J_77.1_1_I (veraltet),9.941992,53.598267,2025-10,6460.247543835833,2681.7524561641667,326.24710055888886,417.7528994411111,19.801701019775756,6.4194706003284185,3.084631467704316,True
8420,Zählfeld J_77.1_1_I (veraltet),9.941992,53.598267,2025-11,4964.784544908333,2991.2154550916666,257.97459228055556,462.0254077194445,19.245246212111358,6.474136281500824,2.972635325441428,True
8420,Zählfeld J_77.1_1_I (veraltet),9.941992,53.598267,2025-12,3638.3830753702778,2852.6169246297222,234.07368837805555,509.9263116219445,15.543750776011512,5.594174804505148,2.7785600770811967,True
8420,Zählfeld J_77.1_1_I (veraltet),9.941992,53.598267,2026-01,1429.0901286797223,1141.9098713202777,251.92644384916667,492.0735561508333,5.6726483605482345,2.320608081955643,2.4444663468411827,True
8420,Zählfeld J_77.1_1_I (veraltet),9.941992,53.598267,2026-02,2724.808452773611,1168.1915472263888,274.9950323086111,397.00496769138886,9.908573365484346,2.942511158032865,3.3673868452238764,True
8421,Zählfeld J_77.1_2_I (veraltet),9.941992,53.598267,2025-01,3441.9158098455555,2408.0841901544445,252.25277094527777,491.74722905472225,13.644709617846871,4.89699595213473,2.7863428418597698,True
8421,Zählfeld J_77.1_2_I (veraltet),9.941992,53.598267,2025-02,4502.713917273889,1730.286082726111,275.4455073022222,396.55449269777773,16.34702254313212,4.363299658906644,3.7464817502881194,True
8421,Zählfeld J_77.1_2_I (veraltet),9.941992,53.598267,2025-03,8379.269768850278,1148.7302311497222,368.8174108408333,375.1825891591667,22.719290148876492,3.0617898173904523,7.4202644544164125,True
8421,Zählfeld J_77.1_2_I (veraltet),9.941992,53.598267,2025-04,10985.545727498056,1530.4542725019444,421.24926776527775,298.75073223472225,26.07849216160361,5.12284693347462,5.0906249006186135,True
8421,Zählfeld J_77.1_2_I (veraltet),9.941992,53.598267,2025-05,11593.571845553612,608.4281544463889,493.9207367352778,250.07926326472221,23.472535132225705,2.4329412463213127,9.647801880837424,True
8421,Zählfeld J_77.1_2_I (veraltet),9.941992,53.598267,2025-06,12832.070621946112,348.92937805388885,508.2723593,211.7276407,25.246445900813146,1.6480105143583592,15.319347589625462,True
8421,Zählfeld J_77.1_2_I (veraltet),9.941992,53.598267,2025-07,11892.323946749166,506.6760532508333,508.95938871444446,235.04061128555554,23.365958484010687,2.155695777336379,10.839172544505391,True
8421,Zählfeld J_77.1_2_I (veraltet),9.941992,53.598267,2025-08,8973.418234919167,708.5817650808333,456.3271263661111,287.6728736338889,19.66444183666565,2.463151134585669,7.983449152003999,True
8421,Zählfeld J_77.1_2_I (veraltet),9.941992,53.598267,2025-09,10070.297010031389,2312.7029899686113,379.47910540944446,340.52089459055554,26.537158084543012,6.791662499152717,3.9073140174226286,True
8421,Zählfeld J_77.1_2_I (veraltet),9.941992,53.598267,2025-10,6439.469924903889,2285.530075096111,326.24710055888886,417.7528994411111,19.738014265483226,5.471009484682925,3.607746307284487,True
8421,Zählfeld J_77.1_2_I (veraltet),9.941992,53.598267,2025-11,4829.294461221389,2996.7055387786113,257.97459228055556,462.0254077194445,18.72003912683532,6.486018926037721,2.8862140768175815,True
8421,Zählfeld J_77.1_2_I (veraltet),9.941992,53.598267,2025-12,3723.083555181389,2798.916444818611,234.07368837805555,509.9263116219445,15.905604687905745,5.488864530084705,2.8977950905376573,True
8421,Zählfeld J_77.1_2_I (veraltet),9.941992,53.598267,2026-01,1473.7046344141668,1049.2953655858332,251.92644384916667,492.0735561508333,5.849741741666876,2.1323953552671644,2.7432725958709336,True
8421,Zählfeld J_77.1_2_I (veraltet),9.941992,53.598267,2026-02,2666.1623414566666,1061.8376585433334,274.9950323086111,397.00496769138886,9.695310926433704,2.674620584014332,3.624929451444673,True
8423,Zählfeld B_46.6_1_G (veraltet),10.093074,53.656124,2025-01,475.0958387388889,346.9041612611111,252.25277094527777,491.74722905472225,1.883411773668696,0.7054521932496891,2.6697936326382328,True
8423,Zählfeld B_46.6_1_G (veraltet),10.093074,53.656124,2025-02,539.6234131441666,287.37658685583335,275.4455073022222,396.55449269777773,1.95909317392527,0.7246837248036146,2.7033768068355246,True
8423,Zählfeld B_46.6_1_G (veraltet),10.093074,53.656124,2025-03,892.2291896261111,225.77081037388888,368.8174108408333,375.1825891591667,2.419162337244326,0.6017624935098157,4.020128145797883,True
8423,Zählfeld B_46.6_1_G (veraltet),10.093074,53.656124,2025-04,1125.7378144172221,231.2621855827778,421.24926776527775,298.75073223472225,2.672379278875065,0.7740974686585199,3.4522516699430525,True
8423,Zählfeld B_46.6_1_G (veraltet),10.093074,53.656124,2025-05,1346.8228539222223,135.1771460777778,493.9207367352778,250.07926326472221,2.726799572790698,0.5405372053367159,5.044610335549609,True
8423,Zählfeld B_46.6_1_G (veraltet),10.093074,53.656124,2025-06,1512.7412933244445,98.25870667555556,508.2723593,211.7276407,2.976241508406661,0.4640806762437776,6.413198525084176,True
8423,Zählfeld B_46.6_1_G (veraltet),10.093074,53.656124,2025-07,1401.527247121111,90.47275287888888,508.95938871444446,235.04061128555554,2.7537113533972915,0.3849239175478987,7.153910754466508,True
8423,Zählfeld B_46.6_1_G (veraltet),10.093074,53.656124,2025-08,1172.228189238611,129.77181076138888,456.3271263661111,287.6728736338889,2.5688330180444563,0.4511089597086754,5.694484586835516,True
8423,Zählfeld B_46.6_1_G (veraltet),10.093074,53.656124,2025-09,1512.4310200469445,291.56897995305553,379.47910540944446,340.52089459055554,3.985544917987211,0.8562440208071223,4.65468350275931,True
8423,Zählfeld B_46.6_1_G (veraltet),10.093074,53.656124,2025-10,7066.772263346389,3208.227736653611,310.2828665552778,401.7171334447222,22.775257756900423,7.98628554660608,2.851796072653474,True
8423,Zählfeld B_46.6_1_G (veraltet),10.093074,53.656124,2025-11,6678.247753718333,5366.752246281667,257.97459228055556,462.0254077194445,25.88723057833357,11.615708046819186,2.2286399136402584,True
8423,Zählfeld B_46.6_1_G (veraltet),10.093074,53.656124,2025-12,3844.3389961369444,3691.6610038630556,234.07368837805555,509.9263116219445,16.423627203788495,7.239597015735138,2.2685830672746046,True
8423,Zählfeld B_46.6_1_G (veraltet),10.093074,53.656124,2026-01,254.54202325861112,222.4579767413889,251.92644384916667,492.0735561508333,1.010382313859082,0.452082770879888,2.2349498342805156,True
8423,Zählfeld B_46.6_1_G (veraltet),10.093074,53.656124,2026-02,466.53405315472224,289.46594684527776,274.9950323086111,397.00496769138886,1.6965181124841482,0.7291242437809837,2.326788783879408,True
8424,Zählfeld B_46.6_2_I (veraltet),10.093074,53.656124,2025-01,4897.095411372778,3063.9045886272224,252.25277094527777,491.74722905472225,19.413445461953415,6.230649422299576,3.115798072745425,True
8424,Zählfeld B_46.6_2_I (veraltet),10.093074,53.656124,2025-02,5593.467785262777,2250.532214737222,275.4455073022222,396.55449269777773,20.30698500057783,5.67521552820333,3.578187453791143,True
8424,Zählfeld B_46.6_2_I (veraltet),10.093074,53.656124,2025-03,9694.262994354722,1576.7370056452778,368.8174108408333,375.1825891591667,26.284721679092243,4.202585757454662,6.2544164940519495,True
8424,Zählfeld B_46.6_2_I (veraltet),10.093074,53.656124,2025-04,13412.964222521945,2290.0357774780555,421.24926776527775,298.75073223472225,31.840919970443053,7.665372935986051,4.153864428560531,True
8424,Zählfeld B_46.6_2_I (veraltet),10.093074,53.656124,2025-05,14341.860796404444,1147.1392035955555,493.9207367352778,250.07926326472221,29.036765881103552,4.587102459515996,6.330088795131762,True
8424,Zählfeld B_46.6_2_I (veraltet),10.093074,53.656124,2025-06,14556.770263315278,640.2297366847222,508.2723593,211.7276407,28.639704672044477,3.0238363520607736,9.4713143628048,True
8424,Zählfeld B_46.6_2_I (veraltet),10.093074,53.656124,2025-07,13342.866581699167,864.1334183008333,508.95938871444446,235.04061128555554,26.21597494330787,3.6765281266690564,7.130633586926916,True
8424,Zählfeld B_46.6_2_I (veraltet),10.093074,53.656124,2025-08,11731.624132814166,1414.3758671858334,456.3271263661111,287.6728736338889,25.708802863062513,4.916611876953889,5.228967326782469,True
8424,Zählfeld B_46.6_2_I (veraltet),10.093074,53.656124,2025-09,15416.463634211945,4090.5363657880557,379.47910540944446,340.52089459055554,40.62532933816772,12.012585514632052,3.3818972017875435,True
8424,Zählfeld B_46.6_2_I (veraltet),10.093074,53.656124,2025-10,10567.791402096389,4363.208597903611,310.2828665552778,401.7171334447222,34.05857216487236,10.861395331807536,3.135745557951658,True
8424,Zählfeld B_46.6_2_I (veraltet),10.093074,53.656124,2025-11,9927.381308246111,5879.618691753889,257.97459228055556,462.0254077194445,38.482011815527045,12.72574753145214,3.0239490230666117,True
8424,Zählfeld B_46.6_2_I (veraltet),10.093074,53.656124,2025-12,6665.1324107361115,4959.8675892638885,234.07368837805555,509.9263116219445,28.47450500276292,9.72663593978476,2.927477205792595,True
8424,Zählfeld B_46.6_2_I (veraltet),10.093074,53.656124,2026-01,2245.0798386891665,1585.9201613108332,251.92644384916667,492.0735561508333,8.911648195349196,3.2229331194231206,2.7650738830547965,True
8424,Zählfeld B_46.6_2_I (veraltet),10.093074,53.656124,2026-02,4326.041387406389,1584.9586125936112,274.9950323086111,397.00496769138886,15.731343766790383,3.9922891187237637,3.940431992515438,True
8433,Zählfeld B_66.1_1_G (veraltet),9.962568,53.5589,2025-01,1243.0907874625,1058.9092125375,252.25277094527777,491.74722905472225,4.92795691719941,2.153360812165681,2.2884956805001284,True
8433,Zählfeld B_66.1_1_G (veraltet),9.962568,53.5589,2025-02,1650.6746039783334,871.3253960216666,275.4455073022222,396.55449269777773,5.9927446998334695,2.197240006270012,2.7273964986677197,True
8433,Zählfeld B_66.1_1_G (veraltet),9.962568,53.5589,2025-03,3363.087416473889,992.9125835261111,368.8174108408333,375.1825891591667,9.118570104395808,2.6464783074058906,3.4455487803842755,True
8433,Zählfeld B_66.1_1_G (veraltet),9.962568,53.5589,2025-04,3695.382634473889,751.6173655261111,421.24926776527775,298.75073223472225,8.772436932835157,2.5158678604863836,3.486843276076993,True
8433,Zählfeld B_66.1_1_G (veraltet),9.962568,53.5589,2025-05,3453.967236367778,472.0327636322222,493.9207367352778,250.07926326472221,6.9929585447208495,1.8875326065422322,3.7048146985557184,True
8433,Zählfeld B_66.1_1_G (veraltet),9.962568,53.5589,2025-06,3696.625470923611,393.3745290763889,508.2723593,211.7276407,7.2729224859180945,1.8579271358989309,3.9145359069203742,True
8433,Zählfeld B_66.1_1_G (veraltet),9.962568,53.5589,2025-07,4783.2305593608335,566.7694406391666,508.95938871444446,235.04061128555554,9.398059384350018,2.4113681356562977,3.897397185184321,True
8433,Zählfeld B_66.1_1_G (veraltet),9.962568,53.5589,2025-08,3518.436722639167,740.5632773608334,456.3271263661111,287.6728736338889,7.7103387446143765,2.5743243289018696,2.9950922104299806,True
8433,Zählfeld B_66.1_1_G (veraltet),9.962568,53.5589,2025-09,3839.8902135372223,1202.1097864627777,379.47910540944446,340.52089459055554,10.118844908190972,3.5302085879581693,2.8663589292449125,True
8433,Zählfeld B_66.1_1_G (veraltet),9.962568,53.5589,2025-10,2300.6141078075,1141.3858921925,326.24710055888886,417.7528994411111,7.051753422072882,2.732203399951259,2.5809767392130034,True
8433,Zählfeld B_66.1_1_G (veraltet),9.962568,53.5589,2025-11,1568.3746417558334,1246.6253582441666,257.97459228055556,462.0254077194445,6.079570192905572,2.6981748999422006,2.2532157544849323,True
8433,Zählfeld B_66.1_1_G (veraltet),9.962568,53.5589,2025-12,1118.7478019408334,1246.2521980591666,234.07368837805555,509.9263116219445,4.779468421644763,2.4439848849830064,1.955604738397552,True
8433,Zählfeld B_66.1_1_G (veraltet),9.962568,53.5589,2026-01,641.6027258008334,545.3972741991666,251.92644384916667,492.0735561508333,2.546785942745151,1.108365339656635,2.29778562322612,True
8433,Zählfeld B_66.1_1_G (veraltet),9.962568,53.5589,2026-02,1060.700373126389,544.2996268736111,274.9950323086111,397.00496769138886,3.8571619429693045,1.3710146501157172,2.8133630392962976,True
8434,Zählfeld B_66.1_2_I (veraltet),9.962568,53.5589,2025-01,12358.763749645555,12001.236250354445,252.25277094527777,491.74722905472225,48.99356983605382,24.405295121691335,2.00749753656978,True
8434,Zählfeld B_66.1_2_I (veraltet),9.962568,53.5589,2025-02,16354.525689484999,8865.474310515,275.4455073022222,396.55449269777773,59.37481373236054,22.356257396563045,2.655847652813685,True
8434,Zählfeld B_66.1_2_I (veraltet),9.962568,53.5589,2025-03,27388.5415882125,8105.4584117875,368.8174108408333,375.1825891591667,74.260435606258,21.604036663729236,3.4373407508113045,True
8434,Zählfeld B_66.1_2_I (veraltet),9.962568,53.5589,2025-04,38061.389072765836,5599.610927234166,421.24926776527775,298.75073223472225,90.35360292655473,18.743421598828647,4.820550103413418,True
8434,Zählfeld B_66.1_2_I (veraltet),9.962568,53.5589,2025-05,39521.06228781667,3537.937712183333,493.9207367352778,250.07926326472221,80.01498894143093,14.147265414958607,5.655862570926753,True
8434,Zählfeld B_66.1_2_I (veraltet),9.962568,53.5589,2025-06,41215.45882277611,2509.541177223889,508.2723593,211.7276407,81.08931770269514,11.852685690574027,6.8414298513949685,True
8434,Zählfeld B_66.1_2_I (veraltet),9.962568,53.5589,2025-07,44363.953128065,3656.046871935,508.95938871444446,235.04061128555554,87.16599813616118,15.554958149309762,5.603743661633001,True
8434,Zählfeld B_66.1_2_I (veraltet),9.962568,53.5589,2025-08,36976.38283128028,5550.617168719722,456.3271263661111,287.6728736338889,81.0304290383433,19.294892488833675,4.19957919357349,True
8434,Zählfeld B_66.1_2_I (veraltet),9.962568,53.5589,2025-09,37603.415502206386,8924.58449779361,379.47910540944446,340.52089459055554,99.0921897047102,26.208625196185352,3.780899950415293,True
8434,Zählfeld B_66.1_2_I (veraltet),9.962568,53.5589,2025-10,25568.89859135278,10157.101408647222,326.24710055888886,417.7528994411111,78.37279947484926,24.313658677739536,3.223406255456065,True
8434,Zählfeld B_66.1_2_I (veraltet),9.962568,53.5589,2025-11,16384.80547873278,15871.194521267222,257.97459228055556,462.0254077194445,63.51325273503595,34.35134574006952,1.8489305547337027,True
8434,Zählfeld B_66.1_2_I (veraltet),9.962568,53.5589,2025-12,11970.331498889445,14968.668501110556,234.07368837805555,509.9263116219445,51.13915870610798,29.354571748806354,1.7421190519731378,True
8434,Zählfeld B_66.1_2_I (veraltet),9.962568,53.5589,2026-01,6108.8902446630555,5770.1097553369445,251.92644384916667,492.0735561508333,24.248705897347435,11.72611225133231,2.0679237395661394,True
8434,Zählfeld B_66.1_2_I (veraltet),9.962568,53.5589,2026-02,11372.724299608888,6215.275700391111,274.9950323086111,397.00496769138886,41.356108159968265,15.655410400865676,2.641649570405478,True
8439,Zählfeld J_76.1_1_I (veraltet),9.958361,53.59833,2025-01,8035.155732967222,6353.844267032778,252.25277094527777,491.74722905472225,31.85358758540782,12.920955913156176,2.465265557711125,True
8439,Zählfeld J_76.1_1_I (veraltet),9.958361,53.59833,2025-02,10395.528545422223,4964.471454577778,275.4455073022222,396.55449269777773,37.74078091611827,12.519014526362467,3.0146766613812894,True
8439,Zählfeld J_76.1_1_I (veraltet),9.958361,53.59833,2025-03,16268.254328175555,2959.7456718244443,368.8174108408333,375.1825891591667,44.10923630499721,7.8888140264121045,5.59136470416434,True
8439,Zählfeld J_76.1_1_I (veraltet),9.958361,53.59833,2025-04,22127.714405558054,3667.2855944419443,421.24926776527775,298.75073223472225,52.52879019338196,12.275402865157279,4.279190733729856,True
8439,Zählfeld J_76.1_1_I (veraltet),9.958361,53.59833,2025-05,24091.435889933335,1487.5641100666667,493.9207367352778,250.07926326472221,48.77591503684002,5.948370491207025,8.199878455610884,True
8439,Zählfeld J_76.1_1_I (veraltet),9.958361,53.59833,2025-06,25978.146479655556,926.8535203444444,508.2723593,211.7276407,51.110681122682,4.377574497501329,11.675570833084716,True
8439,Zählfeld J_76.1_1_I (veraltet),9.958361,53.59833,2025-07,26199.641529764445,1466.3584702355556,508.95938871444446,235.04061128555554,51.47688029872253,6.238745135214303,8.251159357057833,True
8439,Zählfeld J_76.1_1_I (veraltet),9.958361,53.59833,2025-08,20388.31423210778,2210.685767892222,456.3271263661111,287.6728736338889,44.67916337664801,7.684720981741516,5.814025451646625,True
8439,Zählfeld J_76.1_1_I (veraltet),9.958361,53.59833,2025-09,20776.485289495,5130.514710505,379.47910540944446,340.52089459055554,54.75001124786018,15.066666369104789,3.633850375828906,True
8439,Zählfeld J_76.1_1_I (veraltet),9.958361,53.59833,2025-10,14419.177450816389,5679.822549183611,326.24710055888886,417.7528994411111,44.19710528036914,13.596129570332934,3.2507122745290866,True
8439,Zählfeld J_76.1_1_I (veraltet),9.958361,53.59833,2025-11,11499.402968022223,7731.597031977778,257.97459228055556,462.0254077194445,44.57571912941045,16.734138215776724,2.663759469094444,True
8439,Zählfeld J_76.1_1_I (veraltet),9.958361,53.59833,2025-12,8733.750356494444,7563.2496435055555,234.07368837805555,509.9263116219445,37.311969649439824,14.832044299594589,2.515632295573692,True
8439,Zählfeld J_76.1_1_I (veraltet),9.958361,53.59833,2026-01,4198.179587313056,3013.8204126869446,251.92644384916667,492.0735561508333,16.66430694280982,6.1247355705559,2.720820638024266,True
8439,Zählfeld J_76.1_1_I (veraltet),9.958361,53.59833,2026-02,7066.397014846944,2957.6029851530557,274.9950323086111,397.00496769138886,25.69645333417054,7.449788354920897,3.4492863568663608,True
8440,Zählfeld J_76.1_2_I (veraltet),9.958361,53.59833,2025-01,7607.188270756389,6085.811729243611,252.25277094527777,491.74722905472225,30.15700577737815,12.375894300293808,2.436753663665519,True
8440,Zählfeld J_76.1_2_I (veraltet),9.958361,53.59833,2025-02,9450.772876946945,4432.227123053056,275.4455073022222,396.55449269777773,34.31086231723301,11.176842539093226,3.069817097022165,True
8440,Zählfeld J_76.1_2_I (veraltet),9.958361,53.59833,2025-03,14325.88126518,2993.11873482,368.8174108408333,375.1825891591667,38.84274669278689,7.977765550176438,4.86887543241075,True
8440,Zählfeld J_76.1_2_I (veraltet),9.958361,53.59833,2025-04,20402.356633524723,3355.6433664752776,421.24926776527775,298.75073223472225,48.43297827378782,11.232251520772234,4.3119563503558345,True
8440,Zählfeld J_76.1_2_I (veraltet),9.958361,53.59833,2025-05,22721.415935293055,1528.5840647069444,493.9207367352778,250.07926326472221,46.00215023462529,6.112398304248269,7.5260393621031945,True
8440,Zählfeld J_76.1_2_I (veraltet),9.958361,53.59833,2025-06,24959.851364606944,861.1486353930555,508.2723593,211.7276407,49.107237306750285,4.0672471130646075,12.073826827244028,True
8440,Zählfeld J_76.1_2_I (veraltet),9.958361,53.59833,2025-07,25046.326122866667,1571.6738771333332,508.95938871444446,235.04061128555554,49.21085390747964,6.686818369544977,7.359382472778055,True
8440,Zählfeld J_76.1_2_I (veraltet),9.958361,53.59833,2025-08,19877.71873267639,2484.2812673236112,456.3271263661111,287.6728736338889,43.560239100772854,8.635785626715949,5.0441547513654665,True
8440,Zählfeld J_76.1_2_I (veraltet),9.958361,53.59833,2025-09,21801.441608810834,5556.558391189166,379.47910540944446,340.52089459055554,57.450967123177584,16.317819198350243,3.5207503174802897,True
8440,Zählfeld J_76.1_2_I (veraltet),9.958361,53.59833,2025-10,14481.075138063055,6085.924861936945,326.24710055888886,417.7528994411111,44.386831678368175,14.568240866978956,3.0468216501676197,True
8440,Zählfeld J_76.1_2_I (veraltet),9.958361,53.59833,2025-11,10935.750123604445,7854.2498763955555,257.97459228055556,462.0254077194445,42.39080301253648,16.99960596358564,2.493634446783095,True
8440,Zählfeld J_76.1_2_I (veraltet),9.958361,53.59833,2025-12,8127.304587731945,7448.695412268055,234.07368837805555,509.9263116219445,34.721136937892076,14.607395701107619,2.376956005597857,True
8440,Zählfeld J_76.1_2_I (veraltet),9.958361,53.59833,2026-01,3713.3963119961113,3007.6036880038887,251.92644384916667,492.0735561508333,14.740002102436673,6.112101840079331,2.4116093756457038,True
8440,Zählfeld J_76.1_2_I (veraltet),9.958361,53.59833,2026-02,6530.574468172777,3108.425531827222,274.9950323086111,397.00496769138886,23.747972511895743,7.829689260320671,3.0330670505975004,True
8441,Zählfeld D_59.1_2_I (veraltet),9.939543,53.579906,2025-01,8473.983785340555,8360.016214659445,252.25277094527777,491.74722905472225,33.59322378733691,17.000637158098012,1.9759979273091688,True
8441,Zählfeld D_59.1_2_I (veraltet),9.939543,53.579906,2025-02,10698.653179342778,6424.346820657222,275.4455073022222,396.55449269777773,38.84126949147907,16.200413660559253,2.3975480074339184,True
8441,Zählfeld D_59.1_2_I (veraltet),9.939543,53.579906,2025-03,17577.467892070556,5008.5321079294445,368.8174108408333,375.1825891591667,47.65899704137417,13.34958564882827,3.5700731314875926,True
8441,Zählfeld D_59.1_2_I (veraltet),9.939543,53.579906,2025-04,24577.46304342917,4457.536956570833,421.24926776527775,298.75073223472225,58.34422733554484,14.920589225765108,3.910316573476543,True
8441,Zählfeld D_59.1_2_I (veraltet),9.939543,53.579906,2025-05,26863.358403769165,2294.6415962308333,493.9207367352778,250.07926326472221,54.387994683784406,9.175657214736086,5.927422244636319,True
8441,Zählfeld D_59.1_2_I (veraltet),9.939543,53.579906,2025-06,28860.034939778612,1441.965060221389,508.2723593,211.7276407,56.78065000332709,6.810471488059183,8.337256840863477,True
8441,Zählfeld D_59.1_2_I (veraltet),9.939543,53.579906,2025-07,28828.565290470557,2018.4347095294445,508.95938871444446,235.04061128555554,56.64217210588691,8.587599813026387,6.595809462379388,True
8441,Zählfeld D_59.1_2_I (veraltet),9.939543,53.579906,2025-08,24441.069448143888,3155.930551856111,456.3271263661111,287.6728736338889,53.560413212285845,10.970553156404145,4.882198048602457,True
8441,Zählfeld D_59.1_2_I (veraltet),9.939543,53.579906,2025-09,24134.375294121943,6254.6247058780555,379.47910540944446,340.52089459055554,63.5986934460642,18.36781473688613,3.4625073454353665,True
8441,Zählfeld D_59.1_2_I (veraltet),9.939543,53.579906,2025-10,14968.739845410555,6594.260154589444,326.24710055888886,417.7528994411111,45.881602686331426,15.785073337400043,2.9066448856859464,True
8441,Zählfeld D_59.1_2_I (veraltet),9.939543,53.579906,2025-11,10489.498796088055,9271.501203911945,257.97459228055556,462.0254077194445,40.66097635181217,20.06708083366245,2.026252681635863,True
8441,Zählfeld D_59.1_2_I (veraltet),9.939543,53.579906,2025-12,8273.482164502777,9308.517835497221,234.07368837805555,509.9263116219445,35.34563077905691,18.25463331336879,1.9362553151462936,True
8441,Zählfeld D_59.1_2_I (veraltet),9.939543,53.579906,2026-01,3187.319633246389,2996.680366753611,251.92644384916667,492.0735561508333,12.651786706260578,6.0899032864002365,2.0775020737216163,True
8441,Zählfeld D_59.1_2_I (veraltet),9.939543,53.579906,2026-02,6274.138243636944,3403.8617563630555,274.9950323086111,397.00496769138886,22.815460304736852,8.573851798774069,2.6610513967595195,True
8442,Zählfeld I_72.2_1_I (veraltet),9.973194,53.569805,2025-01,551.9515064705555,252.04849352944444,39.5975930325,53.4024069675,13.93901659672944,4.7197965006116265,2.953308812132709,True
8442,Zählfeld I_72.2_1_I (veraltet),9.973194,53.569805,2025-02,5710.7652654466665,3048.2347345533335,275.4455073022222,396.55449269777773,20.73283140966516,7.686799142826646,2.6971995787106167,True
8442,Zählfeld I_72.2_1_I (veraltet),9.973194,53.569805,2025-03,10944.161586685,2526.838413315,368.8174108408333,375.1825891591667,29.673657655516863,6.734956488727197,4.405916757618835,True
8442,Zählfeld I_72.2_1_I (veraltet),9.973194,53.569805,2025-04,20299.68490491,4190.31509509,421.24926776527775,298.75073223472225,48.18924674361947,14.026124936148294,3.4356778485143518,True
8442,Zählfeld I_72.2_1_I (veraltet),9.973194,53.569805,2025-05,8234.697358375277,670.3026416247222,137.97598224222222,77.02401775777777,59.68210716499155,8.702514632937802,6.858030084672666,True
8444,Zählfeld J_81.1_1_I (veraltet),9.931996,53.583733,2025-01,6428.822410996944,6039.177589003056,252.25277094527777,491.74722905472225,25.48563643882261,12.281060740519209,2.0751983055288714,True
8444,Zählfeld J_81.1_1_I (veraltet),9.931996,53.583733,2025-02,7862.716777187778,4822.283222812222,275.4455073022222,396.55449269777773,28.545452979781977,12.160455401743192,2.347399997510785,True
8444,Zählfeld J_81.1_1_I (veraltet),9.931996,53.583733,2025-03,12811.563037280555,3400.4369627194446,368.8174108408333,375.1825891591667,34.736871581177894,9.063418881831028,3.8326454987988168,True
8444,Zählfeld J_81.1_1_I (veraltet),9.931996,53.583733,2025-04,15752.833256352778,4064.166743647222,421.24926776527775,298.75073223472225,37.39551486919222,13.603872075045127,2.748887571340101,True
8444,Zählfeld J_81.1_1_I (veraltet),9.931996,53.583733,2025-05,17804.245969106665,2067.7540308933335,493.9207367352778,250.07926326472221,36.046767517374036,8.268394603772109,4.359584809961683,True
8444,Zählfeld J_81.1_1_I (veraltet),9.931996,53.583733,2025-06,19117.66156815361,1238.3384318463889,502.4026070227778,209.59739297722223,38.0524728592558,5.90817669178244,6.440645709222304,True
8444,Zählfeld J_81.1_1_I (veraltet),9.931996,53.583733,2025-07,19217.86058985,1872.13941015,490.96431618416665,223.03568381583332,39.14309035575846,8.393900823941145,4.663277679444848,True
8444,Zählfeld J_81.1_1_I (veraltet),9.931996,53.583733,2025-08,15509.312775085555,2995.6872249144444,456.3271263661111,287.6728736338889,33.987268954601745,10.413520006502072,3.2637637353537055,True
8444,Zählfeld J_81.1_1_I (veraltet),9.931996,53.583733,2025-09,15470.957659685555,5928.042340314444,379.47910540944446,340.52089459055554,40.76893151466915,17.408747699439587,2.3418646888645274,True
8444,Zählfeld J_81.1_1_I (veraltet),9.931996,53.583733,2025-10,10665.537954186666,5977.462045813333,326.24710055888886,417.7528994411111,32.6915946100845,14.308606963135995,2.2847503390308748,True
8444,Zählfeld J_81.1_1_I (veraltet),9.931996,53.583733,2025-11,7846.7525203025,7198.2474796975,233.44022185361112,414.5597781463889,33.61354122265677,17.363593525360443,1.9358631710401666,True
8444,Zählfeld J_81.1_1_I (veraltet),9.931996,53.583733,2025-12,5750.753813534445,7153.246186465555,234.07368837805555,509.9263116219445,24.568134305835883,14.027999778463908,1.7513640357731841,True
8444,Zählfeld J_81.1_1_I (veraltet),9.931996,53.583733,2026-01,2944.2014396155555,3030.7985603844445,251.92644384916667,492.0735561508333,11.686750285644118,6.159238842445388,1.8974341772731376,True
8444,Zählfeld J_81.1_1_I (veraltet),9.931996,53.583733,2026-02,5223.309845735555,2907.6901542644446,274.9950323086111,397.00496769138886,18.994197101981594,7.324064913275173,2.593395515590505,True
8445,Zählfeld J_81.1_2_I (veraltet),9.931996,53.583733,2025-01,6257.711696247778,6980.288303752222,252.25277094527777,491.74722905472225,24.80730607159629,14.19487063947532,1.7476246668009954,True
8445,Zählfeld J_81.1_2_I (veraltet),9.931996,53.583733,2025-02,8113.374202891667,4860.625797108333,275.4455073022222,396.55449269777773,29.45546029178676,12.2571446966627,2.403125770376743,True
8445,Zählfeld J_81.1_2_I (veraltet),9.931996,53.583733,2025-03,13007.716187920278,3636.2838120797223,368.8174108408333,375.1825891591667,35.26871510286124,9.692037736156975,3.6389370391417577,True
8445,Zählfeld J_81.1_2_I (veraltet),9.931996,53.583733,2025-04,17054.737269956666,3758.2627300433332,421.24926776527775,298.75073223472225,40.48609356743061,12.57992809567591,3.2183088217608224,True
8445,Zählfeld J_81.1_2_I (veraltet),9.931996,53.583733,2025-05,19041.43083980278,1994.5691601972223,493.9207367352778,250.07926326472221,38.55159223656617,7.975747905518518,4.83360215157902,True
8445,Zählfeld J_81.1_2_I (veraltet),9.931996,53.583733,2025-06,19611.93121360972,1412.0687863902776,502.4026070227778,209.59739297722223,39.03628472357939,6.737053196762484,5.7942669567071885,True
8445,Zählfeld J_81.1_2_I (veraltet),9.931996,53.583733,2025-07,19930.02600418333,1846.9739958166667,490.96431618416665,223.03568381583332,40.593634500938634,8.281069487256415,4.901979697599136,True
8445,Zählfeld J_81.1_2_I (veraltet),9.931996,53.583733,2025-08,16598.170350449444,2942.8296495505556,456.3271263661111,287.6728736338889,36.373402744268894,10.229778054415345,3.555639482185004,True
8445,Zählfeld J_81.1_2_I (veraltet),9.931996,53.583733,2025-09,16822.854096028612,5296.145903971389,379.47910540944446,340.52089459055554,44.33143711002837,15.553071744215602,2.8503332228577825,True
8445,Zählfeld J_81.1_2_I (veraltet),9.931996,53.583733,2025-10,11258.936474585,5810.063525415,326.24710055888886,417.7528994411111,34.51045681416782,13.907895153302272,2.4813572746824812,True
8445,Zählfeld J_81.1_2_I (veraltet),9.931996,53.583733,2025-11,8011.698318902222,7127.301681097778,233.44022185361112,414.5597781463889,34.320128105114236,17.192458257687008,1.996231579609576,True
8445,Zählfeld J_81.1_2_I (veraltet),9.931996,53.583733,2025-12,6208.4433272375,7531.5566727625,234.07368837805555,509.9263116219445,26.52345665271938,14.769892239540562,1.7957786165638556,True
8445,Zählfeld J_81.1_2_I (veraltet),9.931996,53.583733,2026-01,3353.405476533611,3355.594523466389,251.92644384916667,492.0735561508333,13.311049944964733,6.819294557738462,1.9519687604430427,True
8445,Zählfeld J_81.1_2_I (veraltet),9.931996,53.583733,2026-02,5508.4572439955555,3282.5427560044445,274.9950323086111,397.00496769138886,20.031115463255826,8.268266201031832,2.4226500424908983,True
8446,Zählfeld J_60.1_2_I (veraltet),10.02577,53.633053,2025-01,973.7434982919444,617.2565017080556,252.25277094527777,491.74722905472225,3.8601895021529122,1.2552312758215187,3.0752814851801005,True
8446,Zählfeld J_60.1_2_I (veraltet),10.02577,53.633053,2025-02,3754.7314747144446,1665.2685252855556,275.4455073022222,396.55449269777773,13.631485630276433,4.199343484817585,3.2460992246907305,True
8446,Zählfeld J_60.1_2_I (veraltet),10.02577,53.633053,2025-03,6427.743039178611,1441.256960821389,368.8174108408333,375.1825891591667,17.427981570947487,3.841481461203822,4.536786587923817,True
8446,Zählfeld J_60.1_2_I (veraltet),10.02577,53.633053,2025-04,8910.230293226945,1311.7697067730555,421.24926776527775,298.75073223472225,21.151918768893317,4.390850181222067,4.817271802930495,True
8446,Zählfeld J_60.1_2_I (veraltet),10.02577,53.633053,2025-05,9050.454347283334,740.5456527166666,493.9207367352778,250.07926326472221,18.323697861128725,2.9612437394809485,6.18783844667259,True
8446,Zählfeld J_60.1_2_I (veraltet),10.02577,53.633053,2025-06,9494.030711776666,510.9692882233333,508.2723593,211.7276407,18.679022256594834,2.413332933451675,7.739927631899143,True
8446,Zählfeld J_60.1_2_I (veraltet),10.02577,53.633053,2025-07,9787.533201942222,711.4667980577777,508.95938871444446,235.04061128555554,19.230479717967423,3.0269951825193413,6.352993169272924,True
8446,Zählfeld J_60.1_2_I (veraltet),10.02577,53.633053,2025-08,8341.174302510834,1037.8256974891667,456.3271263661111,287.6728736338889,18.278935922425774,3.6076592289684246,5.066702468917071,True
8446,Zählfeld J_60.1_2_I (veraltet),10.02577,53.633053,2025-09,8378.550963376667,1811.4490366233333,379.47910540944446,340.52089459055554,22.079083786013747,5.319641365330697,4.150483513777473,True
8446,Zählfeld J_60.1_2_I (veraltet),10.02577,53.633053,2025-10,5578.772605245278,1933.2273947547221,326.24710055888886,417.7528994411111,17.0998381156135,4.6276815728653995,3.69511986647463,True
8446,Zählfeld J_60.1_2_I (veraltet),10.02577,53.633053,2025-11,3923.6979794169442,2705.3020205830558,257.97459228055556,462.0254077194445,15.20962954037659,5.855310066033847,2.597578841914171,True
8446,Zählfeld J_60.1_2_I (veraltet),10.02577,53.633053,2025-12,3251.5820804033333,2569.4179195966667,234.07368837805555,509.9263116219445,13.891275448061721,5.03880239367137,2.75686053207978,True
8446,Zählfeld J_60.1_2_I (veraltet),10.02577,53.633053,2026-01,1334.0743385997223,1014.9256614002778,251.92644384916667,492.0735561508333,5.295491486389809,2.062548675322794,2.5674504314721447,True
8446,Zählfeld J_60.1_2_I (veraltet),10.02577,53.633053,2026-02,2299.7740126377776,1146.2259873622222,274.9950323086111,397.00496769138886,8.362965662801042,2.8871829842019485,2.896583177637653,True
8451,Zählfeld D_80.2_2_I (veraltet),9.995727,53.58369,2025-01,11232.744078383055,11034.255921616945,246.5301800211111,477.4698199788889,45.563362982257026,23.10985000498004,1.9715992519396874,True
8451,Zählfeld D_80.2_2_I (veraltet),9.995727,53.58369,2025-02,15767.962714973055,8982.037285026945,275.4455073022222,396.55449269777773,57.24530731834464,22.650196758386844,2.527364681595891,True
8451,Zählfeld D_80.2_2_I (veraltet),9.995727,53.58369,2025-03,28334.84719355222,7069.152806447778,368.8174108408333,375.1825891591667,76.82621904685621,18.841899946078723,4.077413597711248,True
8451,Zählfeld D_80.2_2_I (veraltet),9.995727,53.58369,2025-04,39685.166432265556,7180.833567734445,421.24926776527775,298.75073223472225,94.20827398180388,24.036204075619178,3.9194322733081997,True
8451,Zählfeld D_80.2_2_I (veraltet),9.995727,53.58369,2025-05,45740.58050477444,3412.4194952255557,493.9207367352778,250.07926326472221,92.60712722270173,13.645351680412334,6.786716047460884,True
8451,Zählfeld D_80.2_2_I (veraltet),9.995727,53.58369,2025-06,49738.34970499667,1693.6502950033332,508.2723593,211.7276407,97.85767176774483,7.999193158738737,12.233442776768054,True
8451,Zählfeld D_80.2_2_I (veraltet),9.995727,53.58369,2025-07,48259.796559102775,2567.203440897222,508.95938871444446,235.04061128555554,94.82052523090266,10.922382420875664,8.681304277505856,True
8451,Zählfeld D_80.2_2_I (veraltet),9.995727,53.58369,2025-08,41916.69800484556,4457.301995154445,456.3271263661111,287.6728736338889,91.85668697507106,15.494342371770149,5.928401785056006,True
8451,Zählfeld D_80.2_2_I (veraltet),9.995727,53.58369,2025-09,36855.67074769611,10351.329252303889,379.47910540944446,340.52089459055554,97.12173930612109,30.39851420791782,3.1949502084817043,True
8451,Zählfeld D_80.2_2_I (veraltet),9.995727,53.58369,2025-10,22266.799859726667,10472.200140273333,326.24710055888886,417.7528994411111,68.25133410099816,25.067929281361113,2.7226554429346277,True
8451,Zählfeld D_80.2_2_I (veraltet),9.995727,53.58369,2025-11,16317.944237724721,13807.055762275279,257.97459228055556,462.0254077194445,63.25407511441452,29.883758623636844,2.1166706608446204,True
8451,Zählfeld D_80.2_2_I (veraltet),9.995727,53.58369,2025-12,11973.625415405,13141.374584595,234.07368837805555,509.9263116219445,51.15323084099157,25.771124739171952,1.984904863823773,True
8451,Zählfeld D_80.2_2_I (veraltet),9.995727,53.58369,2026-01,5473.9177118952775,5067.0822881047225,251.92644384916667,492.0735561508333,21.72823792635528,10.297408232503212,2.1100686149133403,True
8451,Zählfeld D_80.2_2_I (veraltet),9.995727,53.58369,2026-02,10865.43126499611,5828.568735003889,274.9950323086111,397.00496769138886,39.511372892010876,14.681349628689576,2.691262989527862,True
8452,Zählfeld D_42.1_2_I (veraltet),10.0457,53.5645,2025-01,2933.4291818744446,3276.5708181255554,252.25277094527777,491.74722905472225,11.628927487622347,6.663120043246719,1.7452675941818923,True
8452,Zählfeld D_42.1_2_I (veraltet),10.0457,53.5645,2025-02,4192.003223481666,2594.9967765183333,275.4455073022222,396.55449269777773,15.218992912751155,6.543859228184393,2.3256907555717232,True
8452,Zählfeld D_42.1_2_I (veraltet),10.0457,53.5645,2025-03,7886.913859272778,2238.0861407272223,368.8174108408333,375.1825891591667,21.384331724720152,5.965325165389648,3.584772184555903,True
8452,Zählfeld D_42.1_2_I (veraltet),10.0457,53.5645,2025-04,9907.23738958639,2363.762610413611,421.24926776527775,298.75073223472225,23.51870530753481,7.91215670914725,2.9724771856888044,True
8452,Zählfeld D_42.1_2_I (veraltet),10.0457,53.5645,2025-05,5.0,0.0,493.9207367352778,250.07926326472221,0.010123081758115786,0.0,,False
8452,Zählfeld D_42.1_2_I (veraltet),10.0457,53.5645,2025-06,9900.693217178889,677.3067828211111,508.2723593,211.7276407,19.479110040164816,3.1989530539415827,6.089214099645406,True
8452,Zählfeld D_42.1_2_I (veraltet),10.0457,53.5645,2025-07,12849.09041512111,1352.9095848788888,508.95938871444446,235.04061128555554,25.245806836525794,5.756067334402955,4.385947100659552,True
8452,Zählfeld D_42.1_2_I (veraltet),10.0457,53.5645,2025-08,11327.707495965,2091.292504035,456.3271263661111,287.6728736338889,24.82365575365069,7.269689622166163,3.4146788988020016,True
8452,Zählfeld D_42.1_2_I (veraltet),10.0457,53.5645,2025-09,9625.120071541667,3396.8799284583333,379.47910540944446,340.52089459055554,25.36403173280517,9.975540363074527,2.542622335196267,True
8452,Zählfeld D_42.1_2_I (veraltet),10.0457,53.5645,2025-10,6153.294932673611,3486.705067326389,326.24710055888886,417.7528994411111,18.86084174275418,8.346333614897855,2.2597756827127506,True
8452,Zählfeld D_42.1_2_I (veraltet),10.0457,53.5645,2025-11,4806.473137716945,4719.526862283055,257.97459228055556,462.0254077194445,18.63157567273041,10.214864341722288,1.8239670199662203,True
8452,Zählfeld D_42.1_2_I (veraltet),10.0457,53.5645,2025-12,3427.4985017769445,4428.501498223056,234.07368837805555,509.9263116219445,14.642818360007835,8.684591081674393,1.686068834133834,True
8452,Zählfeld D_42.1_2_I (veraltet),10.0457,53.5645,2026-01,1616.4061782122221,1729.5938217877779,251.92644384916667,492.0735561508333,6.416183047381863,3.514909102852933,1.8254193379208765,True
8452,Zählfeld D_42.1_2_I (veraltet),10.0457,53.5645,2026-02,2839.9778452108335,1898.0221547891667,274.9950323086111,397.00496769138886,10.327378721604287,4.780852405515971,2.160154266567388,True
8453,Zählfeld D_42.2_1_I (veraltet),10.0457,53.5645,2025-01,3057.0841756113887,3558.9158243886113,252.25277094527777,491.74722905472225,12.119130204815766,7.237286992404324,1.6745405035802827,True
8453,Zählfeld D_42.2_1_I (veraltet),10.0457,53.5645,2025-02,4120.797059113611,2888.202940886389,275.4455073022222,396.55449269777773,14.960480203411782,7.283243524081184,2.0540958371015225,True
8453,Zählfeld D_42.2_1_I (veraltet),10.0457,53.5645,2025-03,7692.388110196945,2506.6118898030554,368.8174108408333,375.1825891591667,20.856900688771084,6.681045342271082,3.1218019965841477,True
8453,Zählfeld D_42.2_1_I (veraltet),10.0457,53.5645,2025-04,11527.918578111112,2477.081421888889,421.24926776527775,298.75073223472225,27.366026389236424,8.291465608669029,3.300505324489828,True
8453,Zählfeld D_42.2_1_I (veraltet),10.0457,53.5645,2025-05,13167.991226628612,1238.008773371389,493.9207367352778,250.07926326472221,26.660130355462563,4.950465533245317,5.385378440961552,True
8453,Zählfeld D_42.2_1_I (veraltet),10.0457,53.5645,2025-06,14021.001644411945,831.9983555880556,508.2723593,211.7276407,27.58560718061055,3.9295689161668137,7.020008496891193,True
8453,Zählfeld D_42.2_1_I (veraltet),10.0457,53.5645,2025-07,13931.846045241111,1204.1539547588889,508.95938871444446,235.04061128555554,27.373197850678967,5.1231740258535075,5.343015426090013,True
8453,Zählfeld D_42.2_1_I (veraltet),10.0457,53.5645,2025-08,12380.076625609445,1952.9233743905556,456.3271263661111,287.6728736338889,27.129828384729674,6.788694914891322,3.9963245844527666,True
8453,Zählfeld D_42.2_1_I (veraltet),10.0457,53.5645,2025-09,10710.468026462222,3227.531973537778,379.47910540944446,340.52089459055554,28.22413111495561,9.478220058767855,2.9777881226598866,True
8453,Zählfeld D_42.2_1_I (veraltet),10.0457,53.5645,2025-10,6920.350497315556,3620.6495026844445,326.24710055888886,417.7528994411111,21.211990805314162,8.66696438858549,2.4474533244016374,True
8453,Zählfeld D_42.2_1_I (veraltet),10.0457,53.5645,2025-11,4745.261511035,4961.738488965,257.97459228055556,462.0254077194445,18.394297938745755,10.739103101398948,1.7128337222453511,True
8453,Zählfeld D_42.2_1_I (veraltet),10.0457,53.5645,2025-12,3439.643914103889,4420.356085896111,234.07368837805555,509.9263116219445,14.694705491838425,8.668617376961967,1.695161391122373,True
8453,Zählfeld D_42.2_1_I (veraltet),10.0457,53.5645,2026-01,1705.3165174194444,1666.6834825805556,251.92644384916667,492.0735561508333,6.769104867929033,3.3870616734984105,1.998518338444483,True
8453,Zählfeld D_42.2_1_I (veraltet),10.0457,53.5645,2026-02,2939.9228582027777,2008.077141797222,274.9950323086111,397.00496769138886,10.690821697838787,5.058065528686778,2.1136186625511035,True
8455,Zählfeld J_60.1_1_I (veraltet),10.02577,53.633053,2025-01,596.9442065741666,477.0557934258333,252.25277094527777,491.74722905472225,2.366452524335854,0.9701240093266411,2.439329922345081,True
8455,Zählfeld J_60.1_1_I (veraltet),10.02577,53.633053,2025-02,2432.9164380744446,1302.0835619255556,275.4455073022222,396.55449269777773,8.832659722436563,3.2834921452217665,2.6900200554126825,True
8455,Zählfeld J_60.1_1_I (veraltet),10.02577,53.633053,2025-03,4597.484570754166,945.5154292458333,368.8174108408333,375.1825891591667,12.465475966204467,2.520147407066136,4.946328112098935,True
8455,Zählfeld J_60.1_1_I (veraltet),10.02577,53.633053,2025-04,5610.135162319167,1548.8648376808333,421.24926776527775,298.75073223472225,13.317851428160019,5.184472105206163,2.568796042857757,True
8455,Zählfeld J_60.1_1_I (veraltet),10.02577,53.633053,2025-05,6322.309168641111,573.6908313588889,493.9207367352778,250.07926326472221,12.8002505228478,2.2940359943063595,5.579794979074935,True
8455,Zählfeld J_60.1_1_I (veraltet),10.02577,53.633053,2025-06,6534.637828532777,422.3621714672222,508.2723593,211.7276407,12.856567367803306,1.9948371883370362,6.444920639624217,True
8455,Zählfeld J_60.1_1_I (veraltet),10.02577,53.633053,2025-07,6038.064834123055,739.9351658769444,508.95938871444446,235.04061128555554,11.863549367611249,3.148116241826747,3.76845975697747,True
8455,Zählfeld J_60.1_1_I (veraltet),10.02577,53.633053,2025-08,5196.173766038333,1046.8262339616667,456.3271263661111,287.6728736338889,11.386949111303641,3.6389466296844013,3.1291882706977785,True
8455,Zählfeld J_60.1_1_I (veraltet),10.02577,53.633053,2025-09,4728.557101868333,1803.4428981316667,379.47910540944446,340.52089459055554,12.460652074022331,5.296129919722365,2.3527844412615067,True
8455,Zählfeld J_60.1_1_I (veraltet),10.02577,53.633053,2025-10,3429.0056681755555,1755.9943318244445,326.24710055888886,417.7528994411111,10.51045560957133,4.203428232751213,2.500448450071923,True
8455,Zählfeld J_60.1_1_I (veraltet),10.02577,53.633053,2025-11,2553.9536850638888,1787.046314936111,257.97459228055556,462.0254077194445,9.900020240312593,3.8678529039278686,2.5595648247788736,True
8455,Zählfeld J_60.1_1_I (veraltet),10.02577,53.633053,2025-12,2127.3430822683335,1766.6569177316667,234.07368837805555,509.9263116219445,9.088347763514681,3.4645337521658477,2.6232527704003794,True
8455,Zählfeld J_60.1_1_I (veraltet),10.02577,53.633053,2026-01,812.9718715069445,623.0281284930555,251.92644384916667,492.0735561508333,3.2270207886302194,1.2661280426580803,2.5487317869174477,True
8455,Zählfeld J_60.1_1_I (veraltet),10.02577,53.633053,2026-02,1502.5458304044444,722.4541695955555,274.9950323086111,397.00496769138886,5.463901721389002,1.819761031698611,3.00253804000235,True
8457,Zählfeld B_85.1_1_I (veraltet),9.965094,53.598476,2025-01,7220.178555963334,8238.821444036666,252.25277094527777,491.74722905472225,28.62279184845758,16.754179703003146,1.7083970899110634,True
8457,Zählfeld B_85.1_1_I (veraltet),9.965094,53.598476,2025-02,9331.154072748888,5881.845927251111,275.4455073022222,396.55449269777773,33.8765883827273,14.832377480423064,2.2839621245778217,True
8457,Zählfeld B_85.1_1_I (veraltet),9.965094,53.598476,2025-03,15246.149621483333,3731.8503785166668,368.8174108408333,375.1825891591667,41.337933550167875,9.946757888952769,4.155920352306884,True
8457,Zählfeld B_85.1_1_I (veraltet),9.965094,53.598476,2025-04,19476.296557066387,5187.703442933611,421.24926776527775,298.75073223472225,46.23461225318658,17.3646551562516,2.6625701367033057,True
8457,Zählfeld B_85.1_1_I (veraltet),9.965094,53.598476,2025-05,22912.41385324861,2481.5861467513887,493.9207367352778,250.07926326472221,46.388847742444085,9.923198406596782,4.674787890122758,True
8457,Zählfeld B_85.1_1_I (veraltet),9.965094,53.598476,2025-06,24137.535036774167,1413.4649632258333,508.2723593,211.7276407,47.489371780941866,6.675864136362775,7.11359171051309,True
8457,Zählfeld B_85.1_1_I (veraltet),9.965094,53.598476,2025-07,24029.48028595,2517.51971405,508.95938871444446,235.04061128555554,47.21296201381585,10.710998836670889,4.4078953544625925,True
8457,Zählfeld B_85.1_1_I (veraltet),9.965094,53.598476,2025-08,18331.893883239165,3636.106116760833,456.3271263661111,287.6728736338889,40.17270248477732,12.639725361760654,3.1782891902313812,True
8457,Zählfeld B_85.1_1_I (veraltet),9.965094,53.598476,2025-09,17317.22127831972,6413.778721680278,379.47910540944446,340.52089459055554,45.634189159466516,18.835198731027198,2.422814317551817,True
8457,Zählfeld B_85.1_1_I (veraltet),9.965094,53.598476,2025-10,11774.583643219166,7416.416356780834,326.24710055888886,417.7528994411111,36.09099858067186,17.753117612595517,2.0329386290476634,True
8457,Zählfeld B_85.1_1_I (veraltet),9.965094,53.598476,2025-11,9512.068873522223,7961.931126477778,257.97459228055556,462.0254077194445,36.87211515457129,17.23266944512389,2.1396635774850616,True
8457,Zählfeld B_85.1_1_I (veraltet),9.965094,53.598476,2025-12,7186.252198908611,7840.747801091389,234.07368837805555,509.9263116219445,30.700811563673053,15.376236962850546,1.99664011668441,True
8457,Zählfeld B_85.1_1_I (veraltet),9.965094,53.598476,2026-01,2880.3151212722223,2756.6848787277777,251.92644384916667,492.0735561508333,11.433159128768251,5.602180495719998,2.0408409078399123,True
8457,Zählfeld B_85.1_1_I (veraltet),9.965094,53.598476,2026-02,6311.743016683611,3943.256983316389,274.9950323086111,397.00496769138886,22.952207404242507,9.932512951277912,2.3108157539617893,True
8458,Zählfeld B_85.1_2_G (veraltet),9.965094,53.598476,2025-01,1193.9244343675,698.0755656325,252.25277094527777,491.74722905472225,4.733047846782634,1.419582103135384,3.334113494618528,True
8458,Zählfeld B_85.1_2_G (veraltet),9.965094,53.598476,2025-02,1344.069508118889,456.9304918811111,275.4455073022222,396.55449269777773,4.879620369498927,1.152251456723117,4.234857192870086,True
8458,Zählfeld B_85.1_2_G (veraltet),9.965094,53.598476,2025-03,1750.66390012,262.33609988,368.8174108408333,375.1825891591667,4.746695380049496,0.6992224784948832,6.78853373001828,True
8458,Zählfeld B_85.1_2_G (veraltet),9.965094,53.598476,2025-04,2430.9604764005558,265.03952359944446,421.24926776527775,298.75073223472225,5.77083608785072,0.8871594108469277,6.504846837324968,True
8458,Zählfeld B_85.1_2_G (veraltet),9.965094,53.598476,2025-05,2497.453124682222,128.5468753177778,493.9207367352778,250.07926326472221,5.0563844336439745,0.5140245282220944,9.836854383453204,True
8458,Zählfeld B_85.1_2_G (veraltet),9.965094,53.598476,2025-06,2631.4252149069443,88.57478509305555,508.2723593,211.7276407,5.177195192221314,0.41834304108908704,12.375478216975573,True
8458,Zählfeld B_85.1_2_G (veraltet),9.965094,53.598476,2025-07,2734.8050532797224,159.19494672027778,508.95938871444446,235.04061128555554,5.3733266620494655,0.6773082568563807,7.93335472830187,True
8458,Zählfeld B_85.1_2_G (veraltet),9.965094,53.598476,2025-08,1983.0059830438888,202.9940169561111,456.3271263661111,287.6728736338889,4.345579888785581,0.7056418437786192,6.158336452265321,True
8458,Zählfeld B_85.1_2_G (veraltet),9.965094,53.598476,2025-09,2251.7088010630555,381.29119893694445,379.47910540944446,340.52089459055554,5.933683222515089,1.1197292295247003,5.299212582879348,True
8458,Zählfeld B_85.1_2_G (veraltet),9.965094,53.598476,2025-10,1604.5835756908334,539.4164243091667,326.24710055888886,417.7528994411111,4.918307543398995,1.2912332267012931,3.8090001416427066,True
8458,Zählfeld B_85.1_2_G (veraltet),9.965094,53.598476,2025-11,1420.9005641958333,674.0994358041667,257.97459228055556,462.0254077194445,5.507908944189972,1.459009449570141,3.775101625155844,True
8458,Zählfeld B_85.1_2_G (veraltet),9.965094,53.598476,2025-12,1149.3082170894445,754.6917829105555,234.07368837805555,509.9263116219445,4.910027372376777,1.4800016506504146,3.3175823623027534,True
8458,Zählfeld B_85.1_2_G (veraltet),9.965094,53.598476,2026-01,475.50709577416666,294.49290422583334,251.92644384916667,492.0735561508333,1.8874838564341507,0.598473339086654,3.1538311452849173,True
8458,Zählfeld B_85.1_2_G (veraltet),9.965094,53.598476,2026-02,873.7171659130555,396.28283408694443,274.9950323086111,397.00496769138886,3.177210724783323,0.9981810464270922,3.183000454833209,True
8459,Zählfeld D_58.2_1_I (veraltet),10.075018,53.588627,2025-01,1800.4756285505555,2300.5243714494445,252.25277094527777,491.74722905472225,7.137585136542029,4.678266059316095,1.5256902976538824,True
8459,Zählfeld D_58.2_1_I (veraltet),10.075018,53.588627,2025-02,2076.948538678611,1542.0514613213888,275.4455073022222,396.55449269777773,7.540324614551644,3.8886243623940424,1.939072513013168,True
8459,Zählfeld D_58.2_1_I (veraltet),10.075018,53.588627,2025-03,3186.228367632222,1101.7716323677778,368.8174108408333,375.1825891591667,8.63904000727143,2.9366278292310746,2.9418232440892833,True
8459,Zählfeld D_58.2_1_I (veraltet),10.075018,53.588627,2025-04,3640.0473104544444,1460.9526895455556,421.24926776527775,298.75073223472225,8.641076884868788,4.890206221813426,1.7670168685983212,True
8459,Zählfeld D_58.2_1_I (veraltet),10.075018,53.588627,2025-05,4583.819986328055,512.1800136719445,493.9207367352778,250.07926326472221,9.280476897216817,2.048070707605111,4.531326415028337,True
8459,Zählfeld D_58.2_1_I (veraltet),10.075018,53.588627,2025-06,5233.950780163611,557.0492198363888,508.2723593,211.7276407,10.29753179451246,2.630970703658291,3.91396672725927,True
8459,Zählfeld D_58.2_1_I (veraltet),10.075018,53.588627,2025-07,5391.923875168056,1015.0761248319444,508.95938871444446,235.04061128555554,10.59401593668849,4.318726535299502,2.453041620046405,True
8459,Zählfeld D_58.2_1_I (veraltet),10.075018,53.588627,2025-08,4296.865897426666,1459.1341025733334,456.3271263661111,287.6728736338889,9.416196515960115,5.072199141133904,1.856432733407052,True
8459,Zählfeld D_58.2_1_I (veraltet),10.075018,53.588627,2025-09,3988.4871385680553,2594.5128614319447,379.47910540944446,340.52089459055554,10.510426217708666,7.619247167054471,1.3794573121548828,True
8459,Zählfeld D_58.2_1_I (veraltet),10.075018,53.588627,2025-10,3319.510457460278,2894.489542539722,326.24710055888886,417.7528994411111,10.174835122744925,6.928712036259,1.4685031026687891,True
8459,Zählfeld D_58.2_1_I (veraltet),10.075018,53.588627,2025-11,2800.2909140269444,2798.7090859730556,257.97459228055556,462.0254077194445,10.854909738481297,6.057478742971024,1.7919847842763155,True
8459,Zählfeld D_58.2_1_I (veraltet),10.075018,53.588627,2025-12,1990.9981911163889,2588.001808883611,234.07368837805555,509.9263116219445,8.505860718103015,5.0752466579962165,1.6759502131195445,True
8459,Zählfeld D_58.2_1_I (veraltet),10.075018,53.588627,2026-01,668.1920991191666,722.8079008808334,251.92644384916667,492.0735561508333,2.652330136169534,1.4689021424660218,1.8056547536357663,True
8459,Zählfeld D_58.2_1_I (veraltet),10.075018,53.588627,2026-02,1321.40044324,1221.59955676,274.9950323086111,397.00496769138886,4.805179323228895,3.077038465950906,1.5616247168830686,True
8460,Zählfeld B_85.2_1_G (veraltet),9.965578,53.598167,2025-01,168.3007805113889,107.6992194886111,252.25277094527777,491.74722905472225,0.6671910079746917,0.2190133733862407,3.0463482556294315,True
8460,Zählfeld B_85.2_1_G (veraltet),9.965578,53.598167,2025-02,689.9808190513888,341.0191809486111,275.4455073022222,396.55449269777773,2.5049630535245337,0.8599554089745461,2.912898770543902,True
8460,Zählfeld B_85.2_1_G (veraltet),9.965578,53.598167,2025-03,1065.7338321611112,316.2661678388889,368.8174108408333,375.1825891591667,2.8895974019541035,0.8429660036935157,3.4278931644848383,True
8460,Zählfeld B_85.2_1_G (veraltet),9.965578,53.598167,2025-04,1625.8358935019444,324.16410649805556,421.24926776527775,298.75073223472225,3.859557791345215,1.085065479415684,3.556981458320484,True
8460,Zählfeld B_85.2_1_G (veraltet),9.965578,53.598167,2025-05,1553.0462968330555,155.95370316694445,493.9207367352778,250.07926326472221,3.144322927395996,0.6236170929608792,5.0420730330963615,True
8460,Zählfeld B_85.2_1_G (veraltet),9.965578,53.598167,2025-06,1612.0214032566666,131.97859674333333,508.2723593,211.7276407,3.1715700721494393,0.6233413658556548,5.088014763460877,True
8460,Zählfeld B_85.2_1_G (veraltet),9.965578,53.598167,2025-07,1644.1621884422223,162.83781155777777,508.95938871444446,235.04061128555554,3.2304388619200655,0.6928071309342488,4.6628256518720095,True
8460,Zählfeld B_85.2_1_G (veraltet),9.965578,53.598167,2025-08,1381.9552962316666,222.04470376833333,456.3271263661111,287.6728736338889,3.028431176635606,0.771865282129179,3.923522986137844,True
8460,Zählfeld B_85.2_1_G (veraltet),9.965578,53.598167,2025-09,1469.0622955344445,353.93770446555556,379.47910540944446,340.52089459055554,3.871260036700515,1.0394008417343448,3.724511161873728,True
8460,Zählfeld B_85.2_1_G (veraltet),9.965578,53.598167,2025-10,1001.0597124119445,416.9402875880555,326.24710055888886,417.7528994411111,3.0684095297614737,0.9980548026018665,3.0743898248496193,True
8460,Zählfeld B_85.2_1_G (veraltet),9.965578,53.598167,2025-11,759.4528955341667,599.5471044658333,257.97459228055556,462.0254077194445,2.9439057886299036,1.2976496410125913,2.2686445521093765,True
8460,Zählfeld B_85.2_1_G (veraltet),9.965578,53.598167,2025-12,625.4874212733333,608.5125787266667,234.07368837805555,509.9263116219445,2.6721816775198595,1.1933343403895842,2.239256499270339,True
8460,Zählfeld B_85.2_1_G (veraltet),9.965578,53.598167,2026-01,385.0636790675,290.9363209325,251.92644384916667,492.0735561508333,1.52847661874688,0.5912455918344868,2.585180574462129,True
8460,Zählfeld B_85.2_1_G (veraltet),9.965578,53.598167,2026-02,657.8828706302778,326.11712936972225,274.9950323086111,397.00496769138886,2.392344563853698,0.8214434475873583,2.9123667257681527,True
8461,Zählfeld B_85.2_2_I (veraltet),9.965578,53.598167,2025-01,2880.6145027344446,1749.3854972655556,252.25277094527777,491.74722905472225,11.41955544012378,3.557489282915475,3.2100041720336803,True
8461,Zählfeld B_85.2_2_I (veraltet),9.965578,53.598167,2025-02,11164.190947275833,4821.809052724167,275.4455073022222,396.55449269777773,40.531396052237454,12.159259676825716,3.3333769595764187,True
8461,Zählfeld B_85.2_2_I (veraltet),9.965578,53.598167,2025-03,17028.071436769722,3846.9285632302776,368.8174108408333,375.1825891591667,46.16938066440239,10.253483702033584,4.502799439301353,True
8461,Zählfeld B_85.2_2_I (veraltet),9.965578,53.598167,2025-04,24202.704444479445,3182.2955555205554,421.24926776527775,298.75073223472225,57.45459113288077,10.65200922426624,5.3937797013913595,True
8461,Zählfeld B_85.2_2_I (veraltet),9.965578,53.598167,2025-05,24868.245083078335,1531.7549169216668,493.9207367352778,250.07926326472221,50.34865563137257,6.125077693068148,8.220084406170551,True
8461,Zählfeld B_85.2_2_I (veraltet),9.965578,53.598167,2025-06,26870.213299198887,1046.786700801111,508.2723593,211.7276407,52.865777191199086,4.944024773243086,10.692862519076986,True
8461,Zählfeld B_85.2_2_I (veraltet),9.965578,53.598167,2025-07,26481.104617634166,1447.8953823658333,508.95938871444446,235.04061128555554,52.029897089670534,6.160192378868332,8.446148089165483,True
8461,Zählfeld B_85.2_2_I (veraltet),9.965578,53.598167,2025-08,21679.331383238612,2411.668616761389,456.3271263661111,287.6728736338889,47.50831175844956,8.383371662044974,5.6669695289234925,True
8461,Zählfeld B_85.2_2_I (veraltet),9.965578,53.598167,2025-09,22450.949928859165,4596.050071140833,379.47910540944446,340.52089459055554,59.16254573393544,13.497116165711805,4.383347154130043,True
8461,Zählfeld B_85.2_2_I (veraltet),9.965578,53.598167,2025-10,15003.683915901389,5232.316084098611,326.24710055888886,417.7528994411111,45.988711900270715,12.52490668789766,3.671780800148224,True
8461,Zählfeld B_85.2_2_I (veraltet),9.965578,53.598167,2025-11,11413.823721807777,8151.1762781922225,257.97459228055556,462.0254077194445,44.24398395557839,17.64226845970743,2.507839853850184,True
8461,Zählfeld B_85.2_2_I (veraltet),9.965578,53.598167,2025-12,8864.757928086945,8100.242071913056,234.07368837805555,509.9263116219445,37.871654817389626,15.88512278597327,2.3840958189401404,True
8461,Zählfeld B_85.2_2_I (veraltet),9.965578,53.598167,2026-01,3991.3750770991664,2730.6249229008336,251.92644384916667,492.0735561508333,15.843414514630632,5.54922102350045,2.855070008481407,True
8461,Zählfeld B_85.2_2_I (veraltet),9.965578,53.598167,2026-02,7467.2803227272225,3204.719677272778,274.9950323086111,397.00496769138886,27.154237151262876,8.072240747788229,3.363903282828013,True
8483,Zählfeld A_64.1_1_I (veraltet),9.98614,53.466305,2025-01,2704.7886024405557,2547.2113975594443,252.25277094527777,491.74722905472225,10.722532768638313,5.179920184717477,2.0700189165604184,True
8483,Zählfeld A_64.1_1_I (veraltet),9.98614,53.466305,2025-02,3625.2989894797224,1876.7010105202778,275.4455073022222,396.55449269777773,13.161583301854328,4.732517333880138,2.7810956354307304,True
8483,Zählfeld A_64.1_1_I (veraltet),9.98614,53.466305,2025-03,7833.866229095834,1635.1337709041666,368.8174108408333,375.1825891591667,21.24050003831466,4.358234678663302,4.873647612943426,True
8483,Zählfeld A_64.1_1_I (veraltet),9.98614,53.466305,2025-04,11238.804840049444,1817.1951599505555,421.24926776527775,298.75073223472225,26.67970178244147,6.082646714729465,4.386199467714457,True
8483,Zählfeld A_64.1_1_I (veraltet),9.98614,53.466305,2025-05,13472.253685935833,1101.7463140641667,493.9207367352778,250.07926326472221,27.27614510576104,4.4055884509620835,6.191260352474487,True
8483,Zählfeld A_64.1_1_I (veraltet),9.98614,53.466305,2025-06,15089.739555999167,875.2604440008333,508.2723593,211.7276407,29.688294631604546,4.133897875152742,7.181671034993238,True
8483,Zählfeld A_64.1_1_I (veraltet),9.98614,53.466305,2025-07,11209.293249803055,872.7067501969444,508.95938871444446,235.04061128555554,22.023944342820865,3.7130040865009306,5.931570186763743,True
8483,Zählfeld A_64.1_1_I (veraltet),9.98614,53.466305,2025-08,10225.411300955278,1259.5886990447223,456.3271263661111,287.6728736338889,22.408072433439852,4.37854526613363,5.11769801873643,True
8483,Zählfeld A_64.1_1_I (veraltet),9.98614,53.466305,2025-09,9143.9240949,2030.0759051,379.47910540944446,340.52089459055554,24.095988328617015,5.961677939149596,4.041813156390361,True
8483,Zählfeld A_64.1_1_I (veraltet),9.98614,53.466305,2025-10,5834.383456066945,2334.6165439330557,326.24710055888886,417.7528994411111,17.883326613699104,5.5885106891093095,3.2000165354518324,True
8483,Zählfeld A_64.1_1_I (veraltet),9.98614,53.466305,2025-11,3988.472960233333,3007.527039766667,257.97459228055556,462.0254077194445,15.460720084773861,6.509440800262063,2.3751226194654738,True
8483,Zählfeld A_64.1_1_I (veraltet),9.98614,53.466305,2025-12,2938.098196053333,2676.901803946667,234.07368837805555,509.9263116219445,12.552022469556558,5.249585563514326,2.391050172949963,True
8483,Zählfeld A_64.1_1_I (veraltet),9.98614,53.466305,2026-01,1159.6427198136112,1105.3572801863888,251.92644384916667,492.0735561508333,4.603100421279761,2.2463253031373385,2.0491691095901485,True
8483,Zählfeld A_64.1_1_I (veraltet),9.98614,53.466305,2026-02,2242.3757248044444,1084.6242751955556,274.9950323086111,397.00496769138886,8.154240845659915,2.732016885085142,2.984696357543117,True
8484,Zählfeld A_64.1_2_I (veraltet),9.98614,53.466305,2025-01,1867.8564158441666,1523.1435841558334,252.25277094527777,491.74722905472225,7.404701279770554,3.0974116256511453,2.390609377987958,True
8484,Zählfeld A_64.1_2_I (veraltet),9.98614,53.466305,2025-02,2567.0475078833333,1161.9524921166667,275.4455073022222,396.55449269777773,9.319620178327096,2.930120610188659,3.1806268130809268,True
8484,Zählfeld A_64.1_2_I (veraltet),9.98614,53.466305,2025-03,5571.857499838334,1031.1425001616667,368.8174108408333,375.1825891591667,15.10736027113135,2.7483751377498407,5.496833406628799,True
8484,Zählfeld A_64.1_2_I (veraltet),9.98614,53.466305,2025-04,7737.912628666944,1587.0873713330554,421.24926776527775,298.75073223472225,18.36896398589955,5.312413326860447,3.457743751417648,True
8484,Zählfeld A_64.1_2_I (veraltet),9.98614,53.466305,2025-05,8850.548763114723,915.4512368852778,493.9207367352778,250.07926326472221,17.918965746640175,3.660644329059079,4.895030529023291,True
8484,Zählfeld A_64.1_2_I (veraltet),9.98614,53.466305,2025-06,10139.906064925555,804.0939350744444,508.2723593,211.7276407,19.949749144121036,3.797774973621781,5.253009797232874,True
8484,Zählfeld A_64.1_2_I (veraltet),9.98614,53.466305,2025-07,8722.664947514722,792.3350524852777,508.95938871444446,235.04061128555554,17.13823369983777,3.3710559556137896,5.083936287470287,True
8484,Zählfeld A_64.1_2_I (veraltet),9.98614,53.466305,2025-08,6873.8524992816665,941.1475007183334,456.3271263661111,287.6728736338889,15.063431696512334,3.2715893189015053,4.604316198700071,True
8484,Zählfeld A_64.1_2_I (veraltet),9.98614,53.466305,2025-09,5583.116698237778,1547.8833017622221,379.47910540944446,340.52089459055554,14.712580004144876,4.54563384024762,3.2366399321207573,True
8484,Zählfeld A_64.1_2_I (veraltet),9.98614,53.466305,2025-10,3608.7930851691667,1680.2069148308333,326.24710055888886,417.7528994411111,11.061533049602584,4.022011378206329,2.750249069294186,True
8484,Zählfeld A_64.1_2_I (veraltet),9.98614,53.466305,2025-11,2733.6834002130554,1819.3165997869444,257.97459228055556,462.0254077194445,10.596715653455082,3.9376981641920596,2.6910939365077833,True
8484,Zählfeld A_64.1_2_I (veraltet),9.98614,53.466305,2025-12,1947.7445302847223,1777.2554697152777,234.07368837805555,509.9263116219445,8.321074204371463,3.485318229730655,2.3874646892758813,True
8484,Zählfeld A_64.1_2_I (veraltet),9.98614,53.466305,2026-01,864.3011147397223,628.6988852602777,251.92644384916667,492.0735561508333,3.4307677333674285,1.2776522481276462,2.6852124577678285,True
8484,Zählfeld A_64.1_2_I (veraltet),9.98614,53.466305,2026-02,1554.5269309377777,604.4730690622222,274.9950323086111,397.00496769138886,5.652927319767804,1.5225831368742677,3.7127216129378513,True
8485,Zählfeld D_19.2_2_I (veraltet),9.935977,53.555794,2025-01,25548.049585046945,23735.950414953055,252.25277094527777,491.74722905472225,101.27955974203823,48.26860023305121,2.098249364038706,True
8485,Zählfeld D_19.2_2_I (veraltet),9.935977,53.555794,2025-02,32750.79031541889,17128.20968458111,275.4455073022222,396.55449269777773,118.90115992882875,43.192575043235905,2.7528148023082277,True
8485,Zählfeld D_19.2_2_I (veraltet),9.935977,53.555794,2025-03,50280.381310801946,10865.618689198056,368.8174108408333,375.1825891591667,136.32865432294065,28.960881989618255,4.7073377935040455,True
8485,Zählfeld D_19.2_2_I (veraltet),9.935977,53.555794,2025-04,65840.3232454425,11107.6767545575,421.24926776527775,298.75073223472225,156.29777493673666,37.180416836034496,4.20376607465186,True
8485,Zählfeld D_19.2_2_I (veraltet),9.935977,53.555794,2025-05,71534.79546362834,4033.2045363716666,493.9207367352778,250.07926326472221,144.83051660567997,16.127704807344642,8.980231120036583,True
8485,Zählfeld D_19.2_2_I (veraltet),9.935977,53.555794,2025-06,76435.45271760611,2113.547282393889,508.2723593,211.7276407,150.38286327998264,9.982387162140087,15.064819750764167,True
8485,Zählfeld D_19.2_2_I (veraltet),9.935977,53.555794,2025-07,79740.33254628528,3208.6674537147223,508.95938871444446,235.04061128555554,156.6732716095433,13.65154488054172,11.47659645706898,True
8485,Zählfeld D_19.2_2_I (veraltet),9.935977,53.555794,2025-08,59106.84860916695,6183.151390833055,456.3271263661111,287.6728736338889,129.52736139062122,21.493689386584755,6.026297256880686,True
8485,Zählfeld D_19.2_2_I (veraltet),9.935977,53.555794,2025-09,32122.526777480278,9004.473222519722,379.47910540944446,340.52089459055554,84.6489999569837,26.443232604996993,3.2011592992979057,True
8485,Zählfeld D_19.2_2_I (veraltet),9.935977,53.555794,2025-10,24053.12592747222,10923.874072527778,326.24710055888886,417.7528994411111,73.72671170492299,26.149128078206605,2.8194711305257187,True
8485,Zählfeld D_19.2_2_I (veraltet),9.935977,53.555794,2025-11,0.0,0.0,257.97459228055556,462.0254077194445,0.0,0.0,,False
8485,Zählfeld D_19.2_2_I (veraltet),9.935977,53.555794,2025-12,5459.4133614972225,3854.586638502778,234.07368837805555,509.9263116219445,23.323481589608015,7.559105209225876,3.08548180559013,True
8485,Zählfeld D_19.2_2_I (veraltet),9.935977,53.555794,2026-01,4396.983439105556,3542.0165608944444,251.92644384916667,492.0735561508333,17.453441456658343,7.198144498154508,2.424713960817699,True
8485,Zählfeld D_19.2_2_I (veraltet),9.935977,53.555794,2026-02,23218.528909830835,11461.471090169167,274.9950323086111,397.00496769138886,84.43253943501793,28.869843006797645,2.9245929538008775,True
8486,Zählfeld B_17.2_1_I (veraltet),9.999823,53.49937,2025-01,5823.427131143889,4454.572868856111,252.25277094527777,491.74722905472225,23.085681514306096,9.058663894088564,2.548464297187489,True
8486,Zählfeld B_17.2_1_I (veraltet),9.999823,53.49937,2025-02,7204.143512088611,3457.8564879113887,275.4455073022222,396.55449269777773,26.15451449053455,8.719751135304099,2.999456530891282,True
8486,Zählfeld B_17.2_1_I (veraltet),9.999823,53.49937,2025-03,12831.674708256667,2668.3252917433333,368.8174108408333,375.1825891591667,34.79140173725231,7.112071212375286,4.891880395785955,True
8486,Zählfeld B_17.2_1_I (veraltet),9.999823,53.49937,2025-04,18562.244208799166,3769.7557912008333,421.24926776527775,298.75073223472225,44.064751274872584,12.618398498983476,3.492103318691543,True
8486,Zählfeld B_17.2_1_I (veraltet),9.999823,53.49937,2025-05,22697.94841212389,1669.0515878761112,493.9207367352778,250.07926326472221,45.9546375034849,6.674090310756119,6.885528268837379,True
8486,Zählfeld B_17.2_1_I (veraltet),9.999823,53.49937,2025-06,25987.8953973,1192.1046027,508.2723593,211.7276407,51.129861622006956,5.630368329608464,9.08108646340772,True
8486,Zählfeld B_17.2_1_I (veraltet),9.999823,53.49937,2025-07,23229.772310436943,1548.2276895630555,508.95938871444446,235.04061128555554,45.641701136728976,6.587064597454108,6.9289894552376845,True
8486,Zählfeld B_17.2_1_I (veraltet),9.999823,53.49937,2025-08,19707.217859111668,2374.7821408883333,456.3271263661111,287.6728736338889,43.18660171716501,8.255147977249445,5.231475175997327,True
8486,Zählfeld B_17.2_1_I (veraltet),9.999823,53.49937,2025-09,19720.42649021639,5686.573509783611,379.47910540944446,340.52089459055554,51.967094390977735,16.6996316529157,3.111870696974592,True
8486,Zählfeld B_17.2_1_I (veraltet),9.999823,53.49937,2025-10,12114.71773153639,5458.282268463611,326.24710055888886,417.7528994411111,37.133564438681155,13.065815403713417,2.842039573598099,True
8486,Zählfeld B_17.2_1_I (veraltet),9.999823,53.49937,2025-11,9015.828903531112,6444.171096468889,257.97459228055556,462.0254077194445,34.94851498292557,13.947655234540653,2.5056910566858126,True
8486,Zählfeld B_17.2_1_I (veraltet),9.999823,53.49937,2025-12,6597.242716369166,6240.757283630834,234.07368837805555,509.9263116219445,28.18446943816202,12.238547298688294,2.3029260540736547,True
8486,Zählfeld B_17.2_1_I (veraltet),9.999823,53.49937,2026-01,3182.489504116111,2642.510495883889,251.92644384916667,492.0735561508333,12.632613930840584,5.370153431032759,2.3523748609937107,True
8486,Zählfeld B_17.2_1_I (veraltet),9.999823,53.49937,2026-02,6268.115851636944,3195.8841483630554,274.9950323086111,397.00496769138886,22.793560301855194,8.049985285945768,2.831503349658266,True
8487,Zählfeld B_17.2_2_I (veraltet),9.999823,53.49937,2025-01,5248.959470002777,4414.040529997223,252.25277094527777,491.74722905472225,20.808332254718643,8.976238744613287,2.318157175487995,True
8487,Zählfeld B_17.2_2_I (veraltet),9.999823,53.49937,2025-02,6801.583791746389,3263.4162082536113,275.4455073022222,396.55449269777773,24.693028607954773,8.229426896799092,3.000576943888929,True
8487,Zählfeld B_17.2_2_I (veraltet),9.999823,53.49937,2025-03,12029.342486245556,2657.6575137544446,368.8174108408333,375.1825891591667,32.61598322818045,7.083637648832807,4.604411581322865,True
8487,Zählfeld B_17.2_2_I (veraltet),9.999823,53.49937,2025-04,17863.943696683335,2613.056303316667,421.24926776527775,298.75073223472225,42.40706171775998,8.746610539731305,4.848399448578022,True
8487,Zählfeld B_17.2_2_I (veraltet),9.999823,53.49937,2025-05,20674.582885924723,1712.4171140752778,493.9207367352778,250.07926326472221,41.85809857383148,6.847497436293201,6.112904599565763,True
8487,Zählfeld B_17.2_2_I (veraltet),9.999823,53.49937,2025-06,23165.4695391275,1388.5304608725,508.2723593,211.7276407,45.576882384537534,6.558097262510611,6.949711259251668,True
8487,Zählfeld B_17.2_2_I (veraltet),9.999823,53.49937,2025-07,19803.724366336388,1630.2756336636112,508.95938871444446,235.04061128555554,38.91022506993661,6.936144459235416,5.609777203836633,True
8487,Zählfeld B_17.2_2_I (veraltet),9.999823,53.49937,2025-08,17610.245361414167,2325.754638585833,456.3271263661111,287.6728736338889,38.5912744255433,8.084720012724379,4.773359419349744,True
8487,Zählfeld B_17.2_2_I (veraltet),9.999823,53.49937,2025-09,19202.527051582223,3963.472948417778,379.47910540944446,340.52089459055554,50.60233034665605,11.639441254209915,4.347487928456489,True
8487,Zählfeld B_17.2_2_I (veraltet),9.999823,53.49937,2025-10,11415.006025393888,4037.993974606111,326.24710055888886,417.7528994411111,34.988835167696564,9.665986711303079,3.6197892892591916,True
8487,Zählfeld B_17.2_2_I (veraltet),9.999823,53.49937,2025-11,8310.047107444445,6234.952892555556,257.97459228055556,462.0254077194445,32.21265720000443,13.49482688264106,2.3870374536957466,True
8487,Zählfeld B_17.2_2_I (veraltet),9.999823,53.49937,2025-12,5960.623652268056,5635.376347731944,234.07368837805555,509.9263116219445,25.4647316132387,11.051354321778888,2.3042181864584137,True
8487,Zählfeld B_17.2_2_I (veraltet),9.999823,53.49937,2026-01,2945.122969362778,2401.877030637222,251.92644384916667,492.0735561508333,11.690408217432232,4.88113413251775,2.3950188419432297,True
8487,Zählfeld B_17.2_2_I (veraltet),9.999823,53.49937,2026-02,5602.912001510834,2806.0879984891667,274.9950323086111,397.00496769138886,20.374593513467577,7.068143290011611,2.882594859425113,True
9305,Zählfeld B_78.1_1_I (veraltet),9.976401,53.56332,2025-01,13555.525384152223,12469.474615847777,252.25277094527777,491.74722905472225,53.73786513168919,25.35748831735696,2.1192108800028957,True
9305,Zählfeld B_78.1_1_I (veraltet),9.976401,53.56332,2025-02,18393.55289939861,8843.447100601388,275.4455073022222,396.55449269777773,66.77746563939044,22.300710907192165,2.994409726097752,True
9305,Zählfeld B_78.1_1_I (veraltet),9.976401,53.56332,2025-03,31203.89846189889,6137.101538101111,368.8174108408333,375.1825891591667,84.6052749808095,16.357639494559592,5.172217850194612,True
9305,Zählfeld B_78.1_1_I (veraltet),9.976401,53.56332,2025-04,43758.506645997775,6744.493354002222,421.24926776527775,298.75073223472225,103.87794114904014,22.575654638741483,4.601325756054841,True
9305,Zählfeld B_78.1_1_I (veraltet),9.976401,53.56332,2025-05,48960.47881165139,2545.5211883486113,493.9207367352778,250.07926326472221,99.12618598536852,10.178857515483168,9.738439292876103,True
9305,Zählfeld B_78.1_1_I (veraltet),9.976401,53.56332,2025-06,50700.58371659472,1754.4162834052777,508.2723593,211.7276407,99.75081821569108,8.286193893272234,12.038195038699401,True
9305,Zählfeld B_78.1_1_I (veraltet),9.976401,53.56332,2025-07,48738.19614834972,2547.803851650278,508.95938871444446,235.04061128555554,95.76048154147453,10.839845240850314,8.834118883966903,True
9305,Zählfeld B_78.1_1_I (veraltet),9.976401,53.56332,2025-08,40977.98401152834,4472.015988471667,456.3271263661111,287.6728736338889,89.7995793891326,15.545490723477263,5.7765676868286056,True
9305,Zählfeld B_78.1_1_I (veraltet),9.976401,53.56332,2025-09,35348.22433482055,9809.775665179444,379.47910540944446,340.52089459055554,93.14932978109842,28.80814605216746,3.2334371539361895,True
9305,Zählfeld B_78.1_1_I (veraltet),9.976401,53.56332,2025-10,22669.29617388778,11169.703826112222,326.24710055888886,417.7528994411111,69.48505024275575,26.737585402891426,2.5987780570208696,True
9305,Zählfeld B_78.1_1_I (veraltet),9.976401,53.56332,2025-11,17444.58901546889,13273.41098453111,257.97459228055556,462.0254077194445,67.62134542496861,28.72874686707948,2.353786809352847,True
9305,Zählfeld B_78.1_1_I (veraltet),9.976401,53.56332,2025-12,12050.558990249723,12755.441009750279,234.07368837805555,509.9263116219445,51.48190330041155,25.01428288565558,2.058100307562037,True
9305,Zählfeld B_78.1_1_I (veraltet),9.976401,53.56332,2026-01,6371.687625141111,6006.312374858889,251.92644384916667,492.0735561508333,25.291857130154888,12.206127112056796,2.0720624075078207,True
9305,Zählfeld B_78.1_1_I (veraltet),9.976401,53.56332,2026-02,13693.860137654723,6647.139862345278,274.9950323086111,397.00496769138886,49.79675459114073,16.743215836816482,2.974145174766437,True
9306,Zählfeld B_78.1_2_G (veraltet),9.976401,53.56332,2025-01,2121.7571070277777,1809.2428929722223,252.25277094527777,491.74722905472225,8.411234092996581,3.679213193432936,2.2861502312532136,True
9306,Zählfeld B_78.1_2_G (veraltet),9.976401,53.56332,2025-02,2452.5557690994447,1435.4442309005556,275.4455073022222,396.55449269777773,8.903959963334854,3.619790614740398,2.459799726281522,True
9306,Zählfeld B_78.1_2_G (veraltet),9.976401,53.56332,2025-03,4060.048112632222,1267.9518873677778,368.8174108408333,375.1825891591667,11.00828755176196,3.3795595105024034,3.257314309025283,True
9306,Zählfeld B_78.1_2_G (veraltet),9.976401,53.56332,2025-04,7851.106279583889,1272.8937204161111,421.24926776527775,298.75073223472225,18.637673416582803,4.260721675540614,4.3742996693671605,True
9306,Zählfeld B_78.1_2_G (veraltet),9.976401,53.56332,2025-05,5427.084740918889,616.9152590811111,493.9207367352778,250.07926326472221,10.987764508108908,2.4668789048217623,4.454115881664163,True
9306,Zählfeld B_78.1_2_G (veraltet),9.976401,53.56332,2025-06,5415.971265987222,391.02873401277776,508.2723593,211.7276407,10.655647837010408,1.8468478311097423,5.769640388080914,True
9306,Zählfeld B_78.1_2_G (veraltet),9.976401,53.56332,2025-07,6073.063736689723,601.9362633102778,508.95938871444446,235.04061128555554,11.932314977093508,2.560988333113946,4.659261747820936,True
9306,Zählfeld B_78.1_2_G (veraltet),9.976401,53.56332,2025-08,4672.139448915,792.860551085,456.3271263661111,287.6728736338889,10.238574870884499,2.7561185768736944,3.714852821208536,True
9306,Zählfeld B_78.1_2_G (veraltet),9.976401,53.56332,2025-09,4287.969577544723,1181.0304224552779,379.47910540944446,340.52089459055554,11.299619706118353,3.4683052970225403,3.2579657032553664,True
9306,Zählfeld B_78.1_2_G (veraltet),9.976401,53.56332,2025-10,3179.1749912641667,1515.8250087358333,326.24710055888886,417.7528994411111,9.744684277095402,3.6285206177234754,2.685580517166578,True
9306,Zählfeld B_78.1_2_G (veraltet),9.976401,53.56332,2025-11,975.3183879569444,1060.6816120430556,257.97459228055556,462.0254077194445,3.7806761485109925,2.295721391770586,1.6468357885514706,True
9306,Zählfeld B_78.1_2_G (veraltet),9.976401,53.56332,2025-12,1231.4117040627777,1494.5882959372223,234.07368837805555,509.9263116219445,5.260786518106675,2.9309887759729856,1.794884566338975,True
9306,Zählfeld B_78.1_2_G (veraltet),9.976401,53.56332,2026-01,798.8848937166666,868.1151062833334,251.92644384916667,492.0735561508333,3.171103761520862,1.7641978428469616,1.7974762719375714,True
9306,Zählfeld B_78.1_2_G (veraltet),9.976401,53.56332,2026-02,1647.8953363197222,991.1046636802778,274.9950323086111,397.00496769138886,5.9924549272235,2.4964540606220105,2.400386621066215,True
9307,Zählfeld D_56.2_2_I (veraltet),9.998946,53.55431,2025-01,13495.010369288055,11842.989630711945,252.25277094527777,491.74722905472225,53.49796681605366,24.083490319767602,2.2213543845072494,True
9307,Zählfeld D_56.2_2_I (veraltet),9.998946,53.55431,2025-02,18596.635949416945,7969.364050583055,275.4455073022222,396.55449269777773,67.51475502924971,20.096516865480755,3.3595252093270944,True
9307,Zählfeld D_56.2_2_I (veraltet),9.998946,53.55431,2025-03,32694.22276192222,6095.777238077778,368.8174108408333,375.1825891591667,88.6460937063292,16.247494991010143,5.455985292217521,True
9307,Zählfeld D_56.2_2_I (veraltet),9.998946,53.55431,2025-04,48697.30409509583,3238.6959049041666,421.24926776527775,298.75073223472225,115.6021097756073,10.840796541913043,10.663617689776082,True
9307,Zählfeld D_56.2_2_I (veraltet),9.998946,53.55431,2025-05,50853.33436989778,1756.6656301022222,493.9207367352778,250.07926326472221,102.95849229985494,7.024435401677819,14.657191135285096,True
9307,Zählfeld D_56.2_2_I (veraltet),9.998946,53.55431,2025-06,55860.60329140833,1200.3967085916668,508.2723593,211.7276407,109.90289412617354,5.6695323511988995,19.38482529391213,True
9307,Zählfeld D_56.2_2_I (veraltet),9.998946,53.55431,2025-07,49805.665230781386,1484.3347692186112,508.95938871444446,235.04061128555554,97.85783764905698,6.31522680740165,15.49553810709766,True
9307,Zählfeld D_56.2_2_I (veraltet),9.998946,53.55431,2025-08,44046.224547423335,2439.775452576667,456.3271263661111,287.6728736338889,96.52335353845493,8.481075819757976,11.381027076021283,True
9307,Zählfeld D_56.2_2_I (veraltet),9.998946,53.55431,2025-09,40593.38029674305,4488.619703256944,379.47910540944446,340.52089459055554,106.97131862621063,13.181627837123148,8.115182733725003,True
9307,Zählfeld D_56.2_2_I (veraltet),9.998946,53.55431,2025-10,23453.366774958056,5932.633225041945,326.24710055888886,417.7528994411111,71.88835313717871,14.201297544502724,5.062097523969312,True
9307,Zählfeld D_56.2_2_I (veraltet),9.998946,53.55431,2025-11,15844.264863835555,13204.735136164445,257.97459228055556,462.0254077194445,61.417927726015805,28.580106019153714,2.1489748038322514,True
9307,Zählfeld D_56.2_2_I (veraltet),9.998946,53.55431,2025-12,12388.701909960833,14278.298090039167,234.07368837805555,509.9263116219445,52.92650359724188,28.000708660479926,1.890184432079825,True
9307,Zählfeld D_56.2_2_I (veraltet),9.998946,53.55431,2026-01,6367.245342018889,4676.754657981111,251.92644384916667,492.0735561508333,25.274223875565376,9.504177982178675,2.6592751022715677,True
9307,Zählfeld D_56.2_2_I (veraltet),9.998946,53.55431,2026-02,11951.214516250833,4882.785483749167,274.9950323086111,397.00496769138886,43.45974694858732,12.299053868627638,3.533584567788927,True
9310,Zählfeld D_61.1_1_I (veraltet),10.013833,53.55439,2025-01,2756.9258054841666,3944.0741945158334,252.25277094527777,491.74722905472225,10.929219112848667,8.02053160949674,1.3626552010477566,True
9310,Zählfeld D_61.1_1_I (veraltet),10.013833,53.55439,2025-02,4128.059328188333,2885.9406718116666,275.4455073022222,396.55449269777773,14.986845741720431,7.277538711460522,2.059328893451222,True
9310,Zählfeld D_61.1_1_I (veraltet),10.013833,53.55439,2025-03,8339.106282041945,2146.8937179580557,368.8174108408333,375.1825891591667,22.610392126093977,5.72226371903218,3.9513020084852233,True
9310,Zählfeld D_61.1_1_I (veraltet),10.013833,53.55439,2025-04,14144.201922334722,3013.798077665278,421.24926776527775,298.75073223472225,33.57679883307463,10.088002312568056,3.3283892878616066,True
9310,Zählfeld D_61.1_1_I (veraltet),10.013833,53.55439,2025-05,17986.829084415276,1538.1709155847223,493.9207367352778,250.07926326472221,36.41642827815815,6.1507335534513565,5.920664252757922,True
9310,Zählfeld D_61.1_1_I (veraltet),10.013833,53.55439,2025-06,19154.532803327776,1077.4671966722221,508.2723593,211.7276407,37.68556848085871,5.088930255445018,7.405400858173713,True
9310,Zählfeld D_61.1_1_I (veraltet),10.013833,53.55439,2025-07,19281.793781610835,1738.2062183891667,508.95938871444446,235.04061128555554,37.88473935084245,7.395344187040873,5.122782441583888,True
9310,Zählfeld D_61.1_1_I (veraltet),10.013833,53.55439,2025-08,16661.231757094723,3043.768242905278,456.3271263661111,287.6728736338889,36.51159616517608,10.580657830042655,3.4507869691717348,True
9310,Zählfeld D_61.1_1_I (veraltet),10.013833,53.55439,2025-09,13790.053436164444,4780.946563835556,379.47910540944446,340.52089459055554,36.339427493077565,14.040097508801027,2.5882603358201903,True
9310,Zählfeld D_61.1_1_I (veraltet),10.013833,53.55439,2025-10,7109.6612806,4897.3387194,326.24710055888886,417.7528994411111,21.792258899529067,11.723051416164635,1.8589237670219754,True
9310,Zählfeld D_61.1_1_I (veraltet),10.013833,53.55439,2025-11,5763.563241044167,5023.436758955833,257.97459228055556,462.0254077194445,22.341592596747315,10.872641796371106,2.0548449047778004,True
9310,Zählfeld D_61.1_1_I (veraltet),10.013833,53.55439,2025-12,3956.8960930444446,4926.103906955555,234.07368837805555,509.9263116219445,16.904489011398876,9.66042307424162,1.7498704644181375,True
9310,Zählfeld D_61.1_1_I (veraltet),10.013833,53.55439,2026-01,1598.7172015047222,2169.282798495278,251.92644384916667,492.0735561508333,6.345968200392277,4.408452296165121,1.4395002540716129,True
9310,Zählfeld D_61.1_1_I (veraltet),10.013833,53.55439,2026-02,2717.398519595278,2211.601480404722,274.9950323086111,397.00496769138886,9.881627667170722,5.570714878620629,1.7738527069648775,True
9311,Zählfeld D_61.2_2_I (veraltet),10.014211,53.554237,2025-01,3460.172179233611,3194.827820766389,252.25277094527777,491.74722905472225,13.717082933389225,6.496890337150968,2.1113305322318974,True
9311,Zählfeld D_61.2_2_I (veraltet),10.014211,53.554237,2025-02,4436.7091193725,2553.2908806275,275.4455073022222,396.55449269777773,16.107393301951692,6.438688572804583,2.5016574601830115,True
9311,Zählfeld D_61.2_2_I (veraltet),10.014211,53.554237,2025-03,8361.630247463889,2284.3697525361113,368.8174108408333,375.1825891591667,22.671462901930166,6.088688064272073,3.72353825037687,True
9311,Zählfeld D_61.2_2_I (veraltet),10.014211,53.554237,2025-04,13495.915049160832,1890.0849508391666,421.24926776527775,298.75073223472225,32.037836221666325,6.326628680374802,5.063966583189507,True
9311,Zählfeld D_61.2_2_I (veraltet),10.014211,53.554237,2025-05,16096.925962518333,1068.0740374816667,493.9207367352778,250.07926326472221,32.590099514581944,4.270942034690231,7.63065835356056,True
9311,Zählfeld D_61.2_2_I (veraltet),10.014211,53.554237,2025-06,16130.473426814722,763.5265731852778,508.2723593,211.7276407,31.735885557557847,3.606173339772533,8.800432637982858,True
9311,Zählfeld D_61.2_2_I (veraltet),10.014211,53.554237,2025-07,17429.2529250075,1070.7470749925,508.95938871444446,235.04061128555554,34.24487947659477,4.555583263403055,7.517122944870419,True
9311,Zählfeld D_61.2_2_I (veraltet),10.014211,53.554237,2025-08,15371.734927863889,1606.265072136111,456.3271263661111,287.6728736338889,33.68577943256249,5.583651499168975,6.032930142143722,True
9311,Zählfeld D_61.2_2_I (veraltet),10.014211,53.554237,2025-09,13685.850201028888,2760.149798971111,379.47910540944446,340.52089459055554,36.064832044605836,8.105669410653736,4.449334190363575,True
9311,Zählfeld D_61.2_2_I (veraltet),10.014211,53.554237,2025-10,8392.734831396667,3234.265168603333,326.24710055888886,417.7528994411111,25.72508634412138,7.742053192043145,3.3227731334318658,True
9311,Zählfeld D_61.2_2_I (veraltet),10.014211,53.554237,2025-11,4935.962191782778,4557.037808217222,257.97459228055556,462.0254077194445,19.133520662433153,9.8631757736241,1.9398945229790607,True
9311,Zählfeld D_61.2_2_I (veraltet),10.014211,53.554237,2025-12,4064.7599862291668,4693.240013770834,234.07368837805555,509.9263116219445,17.365300706776228,9.203761223543935,1.8867613234418166,True
9311,Zählfeld D_61.2_2_I (veraltet),10.014211,53.554237,2026-01,1804.1886757877778,1718.8113242122222,251.92644384916667,492.0735561508333,7.161569258953939,3.4929967333691914,2.050265089153463,True
9311,Zählfeld D_61.2_2_I (veraltet),10.014211,53.554237,2026-02,3240.217289386389,1708.782710613611,274.9950323086111,397.00496769138886,11.782821173838805,4.304184707184648,2.73752684316048,True
9312,Zählfeld D_74.1_2_I (veraltet),9.93233,53.59752,2025-01,8083.384985506111,8685.61501449389,252.25277094527777,491.74722905472225,32.04478172911596,17.66276351203871,1.8142563991911378,True
9312,Zählfeld D_74.1_2_I (veraltet),9.93233,53.59752,2025-02,9984.715646570556,6701.284353429444,275.4455073022222,396.55449269777773,36.24933201620603,16.898772997981464,2.1450866296941187,True
9312,Zählfeld D_74.1_2_I (veraltet),9.93233,53.59752,2025-03,15654.672407941389,3978.327592058611,368.8174108408333,375.1825891591667,42.44558946458554,10.603710585223489,4.002899657006334,True
9312,Zählfeld D_74.1_2_I (veraltet),9.93233,53.59752,2025-04,20410.41802678972,6146.581973210278,421.24926776527775,298.75073223472225,48.45211514566361,20.57428253725931,2.354984435443545,True
9312,Zählfeld D_74.1_2_I (veraltet),9.93233,53.59752,2025-05,21871.22246390222,2112.777536097778,493.9207367352778,250.07926326472221,44.28083463040415,8.448431543327487,5.24130833081992,True
9312,Zählfeld D_74.1_2_I (veraltet),9.93233,53.59752,2025-06,26311.32197805639,858.678021943611,508.2723593,211.7276407,51.76618695986679,4.055578284935808,12.76419374079131,True
9312,Zählfeld D_74.1_2_I (veraltet),9.93233,53.59752,2025-07,25482.42601796222,1389.5739820377778,508.95938871444446,235.04061128555554,50.06770006213468,5.912059088161392,8.46874148507629,True
9312,Zählfeld D_74.1_2_I (veraltet),9.93233,53.59752,2025-08,17663.383365901667,1961.6166340983334,456.3271263661111,287.6728736338889,38.70772159998733,6.81891416913648,5.6765227776564195,True
9312,Zählfeld D_74.1_2_I (veraltet),9.93233,53.59752,2025-09,18558.88423885778,7639.115761142222,379.47910540944446,340.52089459055554,48.906208469194645,22.433618266883574,2.180041038738268,True
9312,Zählfeld D_74.1_2_I (veraltet),9.93233,53.59752,2025-10,12242.309287414444,7121.690712585555,326.24710055888886,417.7528994411111,37.524653143100224,17.04761528193647,2.2011672907037663,True
9312,Zählfeld D_74.1_2_I (veraltet),9.93233,53.59752,2025-11,9907.602303628611,10010.397696371389,257.97459228055556,462.0254077194445,38.40534145647095,21.666335939797488,1.7725812783104995,True
9312,Zählfeld D_74.1_2_I (veraltet),9.93233,53.59752,2025-12,6920.800147618611,8099.199852381389,234.07368837805555,509.9263116219445,29.566758210092942,15.88307892295245,1.8615256118488694,True
9312,Zählfeld D_74.1_2_I (veraltet),9.93233,53.59752,2026-01,3351.810826567778,3181.189173432222,251.92644384916667,492.0735561508333,13.304720121300855,6.464865127719046,2.058004282913025,True
9312,Zählfeld D_74.1_2_I (veraltet),9.93233,53.59752,2026-02,6034.357290535556,4061.6427094644446,274.9950323086111,397.00496769138886,21.94351381505519,10.230710041446523,2.144867142765058,True
9313,Zählfeld B_78.2_1_G (veraltet),9.976616,53.563168,2025-01,3585.563559799722,5030.4364402002775,252.25277094527777,491.74722905472225,14.214169169929765,10.229719951590178,1.3894973896836946,True
9313,Zählfeld B_78.2_1_G (veraltet),9.976616,53.563168,2025-02,5021.645857433334,2489.3541425666667,275.4455073022222,396.55449269777773,18.230995693545736,6.277457924209812,2.9042003807362198,True
9313,Zählfeld B_78.2_1_G (veraltet),9.976616,53.563168,2025-03,8380.913104374167,1001.0868956258333,368.8174108408333,375.1825891591667,22.723745837451883,2.66826586454718,8.516297472219183,True
9313,Zählfeld B_78.2_1_G (veraltet),9.976616,53.563168,2025-04,8586.214491522222,1955.7855084777777,421.24926776527775,298.75073223472225,20.382740454534165,6.546546325922166,3.113510458762849,True
9313,Zählfeld B_78.2_1_G (veraltet),9.976616,53.563168,2025-05,8508.11376250111,272.88623749888893,493.9207367352778,250.07926326472221,17.22566624502977,1.0911989820204497,15.785999188832593,True
9313,Zählfeld B_78.2_1_G (veraltet),9.976616,53.563168,2025-06,8500.057190835278,142.9428091647222,508.2723593,211.7276407,16.723429939298054,0.6751258772455694,24.770832377996815,True
9313,Zählfeld B_78.2_1_G (veraltet),9.976616,53.563168,2025-07,8647.910758748889,366.0892412511111,508.95938871444446,235.04061128555554,16.991357170151083,1.5575573908218863,10.908976626013855,True
9313,Zählfeld B_78.2_1_G (veraltet),9.976616,53.563168,2025-08,8490.092705238334,1066.9072947616667,456.3271263661111,287.6728736338889,18.605277255480832,3.7087518238493415,5.016587288434488,True
9313,Zählfeld B_78.2_1_G (veraltet),9.976616,53.563168,2025-09,6146.250894919444,1909.7491050805556,379.47910540944446,340.52089459055554,16.196546284907726,5.608316950349992,2.8879513102227516,True
9313,Zählfeld B_78.2_1_G (veraltet),9.976616,53.563168,2025-10,5646.175822412778,5000.824177587222,326.24710055888886,417.7528994411111,17.306439851083432,11.970770721825158,1.4457247785667018,True
9313,Zählfeld B_78.2_1_G (veraltet),9.976616,53.563168,2025-11,5895.2951651675,4242.7048348325,257.97459228055556,462.0254077194445,22.852231737442498,9.182838787534376,2.488580303561923,True
9313,Zählfeld B_78.2_1_G (veraltet),9.976616,53.563168,2025-12,3843.867882958611,4934.1321170413885,234.07368837805555,509.9263116219445,16.42161453341278,9.676166937429024,1.697119803699463,True
9313,Zählfeld B_78.2_1_G (veraltet),9.976616,53.563168,2026-01,1616.8739112872222,1703.1260887127778,251.92644384916667,492.0735561508333,6.4180396729422995,3.4611209389815807,1.854324014124389,True
9313,Zählfeld B_78.2_1_G (veraltet),9.976616,53.563168,2026-02,3592.9920145888887,1981.0079854111111,274.9950323086111,397.00496769138886,13.065661530047862,4.9898821088582554,2.618430905782951,True
9314,Zählfeld B_78.2_2_I (veraltet),9.976616,53.563168,2025-01,18691.32521864639,16957.67478135361,252.25277094527777,491.74722905472225,74.09760118235204,34.48453550811272,2.148719711330317,True
9314,Zählfeld B_78.2_2_I (veraltet),9.976616,53.563168,2025-02,23993.280833113335,12232.719166886667,275.4455073022222,396.55449269777773,87.1071779972349,30.847511230214387,2.823799215021131,True
9314,Zählfeld B_78.2_2_I (veraltet),9.976616,53.563168,2025-03,39189.87483416194,9512.125165838055,368.8174108408333,375.1825891591667,106.25820170695442,25.35332246401938,4.191095737363521,True
9314,Zählfeld B_78.2_2_I (veraltet),9.976616,53.563168,2025-04,54125.68616454389,5565.3138354561115,421.24926776527775,298.75073223472225,128.4884991057195,18.62861989935998,6.89737080899557,True
9314,Zählfeld B_78.2_2_I (veraltet),9.976616,53.563168,2025-05,58076.50258858361,3012.497411416389,493.9207367352778,250.07926326472221,117.58263678593099,12.046170370501692,9.760997326906807,True
9314,Zählfeld B_78.2_2_I (veraltet),9.976616,53.563168,2025-06,60447.97700397917,1932.0229960208333,508.2723593,211.7276407,118.928318445703,9.125039081497842,13.033184557734666,True
9314,Zählfeld B_78.2_2_I (veraltet),9.976616,53.563168,2025-07,58041.04094806333,2138.9590519366666,508.95938871444446,235.04061128555554,114.03864873122068,9.100380739471454,12.531195341816433,True
9314,Zählfeld B_78.2_2_I (veraltet),9.976616,53.563168,2025-08,52778.38094293722,4114.619057062778,456.3271263661111,287.6728736338889,115.6590916766871,14.303118000271752,8.086285219382908,True
9314,Zählfeld B_78.2_2_I (veraltet),9.976616,53.563168,2025-09,49144.909064611114,6925.090935388889,379.47910540944446,340.52089459055554,129.50623200079886,20.33675773028748,6.368086482533328,True
9314,Zählfeld B_78.2_2_I (veraltet),9.976616,53.563168,2025-10,35088.816651203335,11711.183348796667,326.24710055888886,417.7528994411111,107.5528842741996,28.03375719106779,3.836549041256178,True
9314,Zählfeld B_78.2_2_I (veraltet),9.976616,53.563168,2025-11,23845.03597531639,22055.96402468361,257.97459228055556,462.0254077194445,92.43172269222605,47.73755654164509,1.9362474619242576,True
9314,Zählfeld B_78.2_2_I (veraltet),9.976616,53.563168,2025-12,16574.904556951387,20348.095443048613,234.07368837805555,509.9263116219445,70.81062665266775,39.903991967636564,1.7745248823751136,True
9314,Zählfeld B_78.2_2_I (veraltet),9.976616,53.563168,2026-01,8535.999325489445,7599.000674510556,251.92644384916667,492.0735561508333,33.88290325965192,15.44281455389012,2.1940885932037983,True
9314,Zählfeld B_78.2_2_I (veraltet),9.976616,53.563168,2026-02,17508.989550845832,8852.010449154166,274.9950323086111,397.00496769138886,63.67020307187405,22.29697653565701,2.85555321682532,True
9315,Zählfeld B_9.2_1_I (veraltet),10.1073885,53.53753,2025-01,1137.311461178889,629.6885388211111,252.25277094527777,491.74722905472225,4.508618307410429,1.2805126325399967,3.5209479335375495,True
9315,Zählfeld B_9.2_1_I (veraltet),10.1073885,53.53753,2025-02,1074.1385330758333,478.8614669241667,275.4455073022222,396.55449269777773,3.8996407804803117,1.2075552685494773,3.229368362712362,True
9315,Zählfeld B_9.2_1_I (veraltet),10.1073885,53.53753,2025-03,963.6314482186111,242.36855178138887,368.8174108408333,375.1825891591667,2.612760189443647,0.6460015970479028,4.0445104182148075,True
9315,Zählfeld B_9.2_1_I (veraltet),10.1073885,53.53753,2025-04,1702.1086460772221,232.89135392277777,421.24926776527775,298.75073223472225,4.040621020202333,0.779550738439027,5.183268799530965,True
9315,Zählfeld B_9.2_1_I (veraltet),10.1073885,53.53753,2025-05,2269.0931210875,156.9068789125,493.9207367352778,250.07926326472221,4.594043036309377,0.6274285874970997,7.322017402228445,True
9315,Zählfeld B_9.2_1_I (veraltet),10.1073885,53.53753,2025-06,2643.645926463889,139.35407353611112,508.2723593,211.7276407,5.2012388202749325,0.6581761033910728,7.902503286699363,True
9315,Zählfeld B_9.2_1_I (veraltet),10.1073885,53.53753,2025-07,2891.9196718108333,242.08032818916666,508.95938871444446,235.04061128555554,5.6820244128227815,1.0299510661800417,5.516790650935186,True
9315,Zählfeld B_9.2_1_I (veraltet),10.1073885,53.53753,2025-08,2835.699900789722,335.3000992102778,456.3271263661111,287.6728736338889,6.214182188491335,1.1655603636684992,5.331497520156519,True
9315,Zählfeld B_9.2_1_I (veraltet),10.1073885,53.53753,2025-09,2417.591331958889,516.4086680411111,379.47910540944446,340.52089459055554,6.370815408533216,1.5165256412886032,4.200928250128291,True
9315,Zählfeld B_9.2_1_I (veraltet),10.1073885,53.53753,2025-10,1734.525746138611,722.4742538613889,326.24710055888886,417.7528994411111,5.316601260722997,1.7294296576467763,3.0741934123861747,True
9315,Zählfeld B_9.2_1_I (veraltet),10.1073885,53.53753,2025-11,1480.237228435,1062.762771565,257.97459228055556,462.0254077194445,5.737918666134357,2.3002258183392827,2.494502331200256,True
9315,Zählfeld B_9.2_1_I (veraltet),10.1073885,53.53753,2025-12,1557.6292212891667,1293.3707787108333,234.07368837805555,509.9263116219445,6.654439600120364,2.5363876098037643,2.6235893813703046,True
9315,Zählfeld B_9.2_1_I (veraltet),10.1073885,53.53753,2026-01,889.0133505225,615.9866494775,251.92644384916667,492.0735561508333,3.5288607934098803,1.2518182328185994,2.8189881732783855,True
9315,Zählfeld B_9.2_1_I (veraltet),10.1073885,53.53753,2026-02,1691.2560642983333,822.7439357016667,274.9950323086111,397.00496769138886,6.150133150042994,2.072376928898344,2.9676711144011567,True
9316,Zählfeld B_9.2_2_G (veraltet),10.1073885,53.53753,2025-01,123.61010416527778,158.3898958347222,252.25277094527777,491.74722905472225,0.49002476247165994,0.322096163387016,1.5213616868912176,True
9316,Zählfeld B_9.2_2_G (veraltet),10.1073885,53.53753,2025-02,158.74938162472222,115.25061837527778,275.4455073022222,396.55449269777773,0.5763367977192688,0.29062996510573547,1.983060478672903,True
9316,Zählfeld B_9.2_2_G (veraltet),10.1073885,53.53753,2025-03,185.61891829527778,52.38108170472222,368.8174108408333,375.1825891591667,0.5032813333624953,0.13961490543075328,3.6047822530819578,True
9316,Zählfeld B_9.2_2_G (veraltet),10.1073885,53.53753,2025-04,233.373169885,34.626830115,421.24926776527775,298.75073223472225,0.554002553222328,0.11590542341430787,4.779781108620147,True
9316,Zählfeld B_9.2_2_G (veraltet),10.1073885,53.53753,2025-05,336.72432722916665,19.27567277083333,493.9207367352778,250.07926326472221,0.6817375788974774,0.07707825318738645,8.844746095115724,True
9316,Zählfeld B_9.2_2_G (veraltet),10.1073885,53.53753,2025-06,385.73311661916665,36.266883380833335,508.2723593,211.7276407,0.7589102762747199,0.17129026357130392,4.430551161822483,True
9316,Zählfeld B_9.2_2_G (veraltet),10.1073885,53.53753,2025-07,673.4026318697222,104.59736813027777,508.95938871444446,235.04061128555554,1.3230969833774693,0.44501827815279266,2.9731295282284944,True
9316,Zählfeld B_9.2_2_G (veraltet),10.1073885,53.53753,2025-08,648.2141932127778,169.7858067872222,456.3271263661111,287.6728736338889,1.4205033094892452,0.5902044382651894,2.4067987588581765,True
9316,Zählfeld B_9.2_2_G (veraltet),10.1073885,53.53753,2025-09,541.7670296102777,213.23297038972223,379.47910540944446,340.52089459055554,1.427659710080033,0.6261964354525583,2.2798911479722004,True
9316,Zählfeld B_9.2_2_G (veraltet),10.1073885,53.53753,2025-10,285.23849305722223,193.76150694277777,326.24710055888886,417.7528994411111,0.8743020016686266,0.46381846110942804,1.8850090606082057,True
9316,Zählfeld B_9.2_2_G (veraltet),10.1073885,53.53753,2025-11,186.05569397916668,146.94430602083332,257.97459228055556,462.0254077194445,0.7212171258199924,0.318043777605543,2.267666203847224,True
9316,Zählfeld B_9.2_2_G (veraltet),10.1073885,53.53753,2025-12,171.19538458222223,102.80461541777778,234.07368837805555,509.9263116219445,0.7313738924202462,0.20160680685564691,3.627724201514284,True
9316,Zählfeld B_9.2_2_G (veraltet),10.1073885,53.53753,2026-01,108.5778514688889,49.42214853111111,251.92644384916667,492.0735561508333,0.4309902914911806,0.10043650570802455,4.291171705476268,True
9316,Zählfeld B_9.2_2_G (veraltet),10.1073885,53.53753,2026-02,149.192145495,74.807854505,274.9950323086111,397.00496769138886,0.5425266930915692,0.18843052503854751,2.8791868673113536,True
9317,Zählfeld B_69.1_1_G (veraltet),10.015099,53.522278,2025-01,1286.7178297833334,966.2821702166667,252.25277094527777,491.74722905472225,5.100906622201055,1.9649976921560601,2.5958842814742304,True
9317,Zählfeld B_69.1_1_G (veraltet),10.015099,53.522278,2025-02,1611.531268761389,690.4687312386111,275.4455073022222,396.55449269777773,5.850635519689914,1.7411698617794538,3.360175045592989,True
9317,Zählfeld B_69.1_1_G (veraltet),10.015099,53.522278,2025-03,2710.099788585,594.9002114150001,368.8174108408333,375.1825891591667,7.3480798599135815,1.5856285142342275,4.63417489906979,True
9317,Zählfeld B_69.1_1_G (veraltet),10.015099,53.522278,2025-04,3975.967906781389,745.0320932186111,421.24926776527775,298.75073223472225,9.438515888404627,2.493825162019201,3.784754453581039,True
9317,Zählfeld B_69.1_1_G (veraltet),10.015099,53.522278,2025-05,4650.933072446389,570.0669275536111,493.9207367352778,250.07926326472221,9.416355148779889,2.279544973507719,4.130804725598455,True
9317,Zählfeld B_69.1_1_G (veraltet),10.015099,53.522278,2025-06,5315.924296803889,414.0757031961111,508.2723593,211.7276407,10.458810516717959,1.9556997935041511,5.347860930116603,True
9317,Zählfeld B_69.1_1_G (veraltet),10.015099,53.522278,2025-07,4922.219616305556,475.7803836944444,508.95938871444446,235.04061128555554,9.67114415304991,2.024247559143766,4.777648914217141,True
9317,Zählfeld B_69.1_1_G (veraltet),10.015099,53.522278,2025-08,4441.642683810834,704.3573161891667,456.3271263661111,287.6728736338889,9.733461867983069,2.448466229337902,3.975330250160374,True
9317,Zählfeld B_69.1_1_G (veraltet),10.015099,53.522278,2025-09,4295.229266590555,992.7707334094445,379.47910540944446,340.52089459055554,11.318750374822761,2.9154473313690725,3.8823374557439045,True
9317,Zählfeld B_69.1_1_G (veraltet),10.015099,53.522278,2025-10,2648.3371315458335,961.6628684541666,326.24710055888886,417.7528994411111,8.117580591548577,2.3019896923294203,3.526332293579589,True
9317,Zählfeld B_69.1_1_G (veraltet),10.015099,53.522278,2025-11,1933.4940624422222,1351.5059375577778,257.97459228055556,462.0254077194445,7.494901127082647,2.9251766569046613,2.5622046139987793,True
9317,Zählfeld B_69.1_1_G (veraltet),10.015099,53.522278,2025-12,1321.7005100569445,1265.2994899430555,234.07368837805555,509.9263116219445,5.646514647653385,2.4813379131554583,2.2755927831178973,True
9317,Zählfeld B_69.1_1_G (veraltet),10.015099,53.522278,2026-01,482.238020715,357.761979285,251.92644384916667,492.0735561508333,1.9142016746909087,0.7270497973586223,2.6328343418087985,True
9317,Zählfeld B_69.1_1_G (veraltet),10.015099,53.522278,2026-02,851.5309931780555,392.46900682194445,274.9950323086111,397.00496769138886,3.096532275617369,0.988574548837962,3.1323204499420347,True
9318,Zählfeld B_69.1_2_I (veraltet),10.015099,53.522278,2025-01,1624.1985596813888,2231.801440318611,252.25277094527777,491.74722905472225,6.438773907596571,4.538513505421814,1.4186966503249714,True
9318,Zählfeld B_69.1_2_I (veraltet),10.015099,53.522278,2025-02,2161.544980390833,1670.4550196091666,275.4455073022222,396.55449269777773,7.847450486891257,4.212422379191791,1.8629305849421716,True
9318,Zählfeld B_69.1_2_I (veraltet),10.015099,53.522278,2025-03,4897.754840878333,1391.2451591216666,368.8174108408333,375.1825891591667,13.27961939137414,3.708181560982425,3.5811675272598875,True
9318,Zählfeld B_69.1_2_I (veraltet),10.015099,53.522278,2025-04,6942.6183762925,2099.3816237075002,421.24926776527775,298.75073223472225,16.48102182615772,7.027201600490336,2.345317917876118,True
9318,Zählfeld B_69.1_2_I (veraltet),10.015099,53.522278,2025-05,8830.701683194722,1383.2983168052779,493.9207367352778,250.07926326472221,17.87878302410217,5.53143950740523,3.232211615107948,True
9318,Zählfeld B_69.1_2_I (veraltet),10.015099,53.522278,2025-06,9693.771414964722,1240.2285850352778,508.2723593,211.7276407,19.072001924942608,5.857660251325314,3.2559078380531727,True
9318,Zählfeld B_69.1_2_I (veraltet),10.015099,53.522278,2025-07,8991.30176037,1548.69823963,508.95938871444446,235.04061128555554,17.666049511495775,6.58906659219183,2.68111564275741,True
9318,Zählfeld B_69.1_2_I (veraltet),10.015099,53.522278,2025-08,8452.978508445,2272.021491555,456.3271263661111,287.6728736338889,18.523944819495956,7.897934424107437,2.3454163867142244,True
9318,Zählfeld B_69.1_2_I (veraltet),10.015099,53.522278,2025-09,6710.1051747325,2931.8948252675,379.47910540944446,340.52089459055554,17.682410122403276,8.610029140187796,2.0536992191895878,True
9318,Zählfeld B_69.1_2_I (veraltet),10.015099,53.522278,2025-10,3908.7545835205556,2625.2454164794444,326.24710055888886,417.7528994411111,11.980963437911107,6.284206333436866,1.906519742065607,True
9318,Zählfeld B_69.1_2_I (veraltet),10.015099,53.522278,2025-11,2711.1554072080557,2757.8445927919443,257.97459228055556,462.0254077194445,10.509389251246837,5.96903232314572,1.7606520927178224,True
9318,Zählfeld B_69.1_2_I (veraltet),10.015099,53.522278,2025-12,1879.1744644116666,2404.8255355883334,234.07368837805555,509.9263116219445,8.028131984559439,4.716025591892291,1.7023088251177567,True
9318,Zählfeld B_69.1_2_I (veraltet),10.015099,53.522278,2026-01,623.2262005436111,706.7737994563889,251.92644384916667,492.0735561508333,2.473841931880517,1.436317376989355,1.7223504857024727,True
9318,Zählfeld B_69.1_2_I (veraltet),10.015099,53.522278,2026-02,1332.8593504886112,988.1406495113889,274.9950323086111,397.00496769138886,4.84684882959202,2.4889881233917417,1.9473169775463708,True
9319,Zählfeld D_68.2_2_I (veraltet),10.206972,53.49475,2025-01,2509.039227723611,1634.960772276389,252.25277094527777,491.74722905472225,9.946527914525495,3.3247991563048513,2.991617672804022,True
9319,Zählfeld D_68.2_2_I (veraltet),10.206972,53.49475,2025-02,2851.8250491236113,1234.174950876389,275.4455073022222,396.55449269777773,10.353499961045122,3.1122455390184642,3.326697662906891,True
9319,Zählfeld D_68.2_2_I (veraltet),10.206972,53.49475,2025-03,5456.260548573889,958.7394514261111,368.8174108408333,375.1825891591667,14.793934310570252,2.555394304343311,5.789296111925091,True
9319,Zählfeld D_68.2_2_I (veraltet),10.206972,53.49475,2025-04,7540.8210796125,1342.1789203875,421.24926776527775,298.75073223472225,17.901090059138774,4.492638094466587,3.9845386347025977,True
9319,Zählfeld D_68.2_2_I (veraltet),10.206972,53.49475,2025-05,8036.274749759166,741.7252502408334,493.9207367352778,250.07926326472221,16.270373264498705,2.9659606340717573,5.485701016254644,True
9319,Zählfeld D_68.2_2_I (veraltet),10.206972,53.49475,2025-06,8272.330058924445,460.6699410755555,508.2723593,211.7276407,16.27538839671946,2.1757666573552648,7.480300491645035,True
9319,Zählfeld D_68.2_2_I (veraltet),10.206972,53.49475,2025-07,8893.219752951945,658.7802470480556,508.95938871444446,235.04061128555554,17.473338639876342,2.8028358309862047,6.2341641442938815,True
9319,Zählfeld D_68.2_2_I (veraltet),10.206972,53.49475,2025-08,7216.703123429722,952.2968765702777,456.3271263661111,287.6728736338889,15.81475811201231,3.3103464519989196,4.7773725020421125,True
9319,Zählfeld D_68.2_2_I (veraltet),10.206972,53.49475,2025-09,7244.332709873055,1589.6672901269444,379.47910540944446,340.52089459055554,19.090201822987535,4.668339932673941,4.089291289474074,True
9319,Zählfeld D_68.2_2_I (veraltet),10.206972,53.49475,2025-10,4306.020320631111,1471.9796793688888,326.24710055888886,417.7528994411111,13.198647017106156,3.523565441049411,3.745821452141173,True
9319,Zählfeld D_68.2_2_I (veraltet),10.206972,53.49475,2025-11,3013.623169586111,1906.376830413889,257.97459228055556,462.0254077194445,11.681860383788107,4.126129859013073,2.8311906757540313,True
9319,Zählfeld D_68.2_2_I (veraltet),10.206972,53.49475,2025-12,2635.5936086355555,1768.4063913644445,234.07368837805555,509.9263116219445,11.25967479257546,3.4679645883335546,3.2467675219215604,True
9319,Zählfeld D_68.2_2_I (veraltet),10.206972,53.49475,2026-01,836.1924795102777,601.8075204897223,251.92644384916667,492.0735561508333,3.3191929625733243,1.2230031729346835,2.71396921612941,True
9319,Zählfeld D_68.2_2_I (veraltet),10.206972,53.49475,2026-02,1582.6854404238888,742.3145595761112,274.9950323086111,397.00496769138886,5.755323749440434,1.8697865769607904,3.078064534400133,True
9320,Zählfeld D_68.1_1_I (veraltet),10.2065,53.494804,2025-01,2894.4087705275,1991.5912294725001,252.25277094527777,491.74722905472225,11.474239746430362,4.050030405460349,2.833124346661821,True
9320,Zählfeld D_68.1_1_I (veraltet),10.2065,53.494804,2025-02,3384.5949834275,1382.4050165725,275.4455073022222,396.55449269777773,12.28771170231461,3.486040486309807,3.5248333318474807,True
9320,Zählfeld D_68.1_1_I (veraltet),10.2065,53.494804,2025-03,6173.0404691172225,1169.9595308827777,368.8174108408333,375.1825891591667,16.73738898346439,3.1183737323867033,5.367345424197801,True
9320,Zählfeld D_68.1_1_I (veraltet),10.2065,53.494804,2025-04,8206.404350535278,1495.5956494647223,421.24926776527775,298.75073223472225,19.481112439839134,5.006165636071693,3.891423867294539,True
9320,Zählfeld D_68.1_1_I (veraltet),10.2065,53.494804,2025-05,3866.376056258889,333.62394374111113,493.9207367352778,250.07926326472221,7.8279281850260025,1.3340728031014408,5.867691903191267,True
9320,Zählfeld D_68.1_1_I (veraltet),10.2065,53.494804,2025-06,7931.338013287777,593.6619867122222,459.1869559055556,190.81304409444445,17.27256820186999,3.111223289422417,5.55169674275502,True
9320,Zählfeld D_68.1_1_I (veraltet),10.2065,53.494804,2025-07,9155.700009388056,887.2999906119444,508.95938871444446,235.04061128555554,17.98905809069362,3.7750922521808192,4.765196951227241,True
9320,Zählfeld D_68.1_1_I (veraltet),10.2065,53.494804,2025-08,6255.627603914722,1163.3723960852778,456.3271263661111,287.6728736338889,13.70864724551973,4.044080977777073,3.3898053280463785,True
9320,Zählfeld D_68.1_1_I (veraltet),10.2065,53.494804,2025-09,7439.926773084445,2023.0732269155556,379.47910540944446,340.52089459055554,19.60562957756799,5.941113332701981,3.299992523228213,True
9320,Zählfeld D_68.1_1_I (veraltet),10.2065,53.494804,2025-10,4953.148627305555,1892.8513726944445,326.24710055888886,417.7528994411111,15.182199684902619,4.531031083750197,3.350716294874052,True
9320,Zählfeld D_68.1_1_I (veraltet),10.2065,53.494804,2025-11,4056.6607642636113,2285.3392357363887,257.97459228055556,462.0254077194445,15.725039928939452,4.946349697556275,3.1791201371606115,True
9320,Zählfeld D_68.1_1_I (veraltet),10.2065,53.494804,2025-12,3225.973099998611,2336.026900001389,234.07368837805555,509.9263116219445,13.78186981352769,4.5811068124158725,3.0084148608313597,True
9320,Zählfeld D_68.1_1_I (veraltet),10.2065,53.494804,2026-01,1180.8968204825,765.1031795175,251.92644384916667,492.0735561508333,4.68746671623534,1.5548553055815422,3.01472857275433,True
9320,Zählfeld D_68.1_1_I (veraltet),10.2065,53.494804,2026-02,2166.5556906227775,846.4443093772222,274.9950323086111,397.00496769138886,7.878526649860994,2.1320748561393423,3.6952392300742423,True
9334,Zählfeld B_69.2_1_I (veraltet),10.01488,53.52147,2025-01,4910.954066658055,5547.045933341945,252.25277094527777,491.74722905472225,19.468385018150737,11.28027898399131,1.7258779721476554,True
9334,Zählfeld B_69.2_1_I (veraltet),10.01488,53.52147,2025-02,6235.437589201111,3774.562410798889,275.4455073022222,396.55449269777773,22.637644920305462,9.518395278087443,2.3783047729085385,True
9334,Zählfeld B_69.2_1_I (veraltet),10.01488,53.52147,2025-03,13262.63898429389,3502.361015706111,368.8174108408333,375.1825891591667,35.959904805083916,9.335084081474465,3.852124361305602,True
9334,Zählfeld B_69.2_1_I (veraltet),10.01488,53.52147,2025-04,20847.85528041861,3938.144719581389,421.24926776527775,298.75073223472225,49.4905436655504,13.182042066050135,3.754391270910254,True
9334,Zählfeld B_69.2_1_I (veraltet),10.01488,53.52147,2025-05,24493.362829822778,2579.6371701772223,493.9207367352778,250.07926326472221,49.58966289149804,10.315278190205396,4.807399468739933,True
9334,Zählfeld B_69.2_1_I (veraltet),10.01488,53.52147,2025-06,27559.683759804444,2022.3162401955556,508.2723593,211.7276407,54.22227523401043,9.55149848885817,5.676834404283344,True
9334,Zählfeld B_69.2_1_I (veraltet),10.01488,53.52147,2025-07,26707.502047279446,2906.4979527205555,508.95938871444446,235.04061128555554,52.47472124394564,12.365939387340143,4.243488472672573,True
9334,Zählfeld B_69.2_1_I (veraltet),10.01488,53.52147,2025-08,25126.857257809443,4109.1427421905555,456.3271263661111,287.6728736338889,55.06325573476904,14.284081395245199,3.854868521898662,True
9334,Zählfeld B_69.2_1_I (veraltet),10.01488,53.52147,2025-09,20411.943031886112,4942.056968113889,378.0887021486111,339.9112978513889,53.98718056341979,14.539254797804878,3.713201351390494,True
9334,Zählfeld B_69.2_1_I (veraltet),10.01488,53.52147,2025-10,11973.183660798888,5411.816339201111,326.24710055888886,417.7528994411111,36.699739676729116,12.954587140966074,2.8329532448528707,True
9334,Zählfeld B_69.2_1_I (veraltet),10.01488,53.52147,2025-11,6998.440591188333,6638.559408811667,257.97459228055556,462.0254077194445,27.12841031870808,14.368386019244198,1.888062464522726,True
9334,Zählfeld B_69.2_1_I (veraltet),10.01488,53.52147,2025-12,4766.760634732223,5888.239365267777,234.07368837805555,509.9263116219445,20.3643590518955,11.54723580852065,1.7635700343859557,True
9334,Zählfeld B_69.2_1_I (veraltet),10.01488,53.52147,2026-01,2339.2264548722223,2238.7735451277777,251.92644384916667,492.0735561508333,9.285354959691183,4.549672538065702,2.0408842355144223,True
9334,Zählfeld B_69.2_1_I (veraltet),10.01488,53.52147,2026-02,4386.309095308889,2502.690904691111,274.9950323086111,397.00496769138886,15.95050302721973,6.303928435063245,2.5302481129863437,True
9335,Zählfeld B_69.2_2_G (veraltet),10.01488,53.52147,2025-01,4152.848631336111,4887.151368663889,252.25277094527777,491.74722905472225,16.46304465070477,9.938340431644894,1.6565184865558054,True
9335,Zählfeld B_69.2_2_G (veraltet),10.01488,53.52147,2025-02,5252.046903771111,3406.953096228889,275.4455073022222,396.55449269777773,19.067462581658667,8.591386956812006,2.219369547374456,True
9335,Zählfeld B_69.2_2_G (veraltet),10.01488,53.52147,2025-03,10931.420980455,2888.579019545,368.8174108408333,375.1825891591667,29.639113174005114,7.699128645651398,3.849671117100479,True
9335,Zählfeld B_69.2_2_G (veraltet),10.01488,53.52147,2025-04,15349.640751062778,4525.359248937222,421.24926776527775,298.75073223472225,36.43837966174383,15.147608894835248,2.4055532404304363,True
9335,Zählfeld B_69.2_2_G (veraltet),10.01488,53.52147,2025-05,19145.45892456,2547.54107544,493.9207367352778,250.07926326472221,38.762209197993684,10.186934503015118,3.805090646898818,True
9335,Zählfeld B_69.2_2_G (veraltet),10.01488,53.52147,2025-06,21520.618491061112,2256.381508938889,508.2723593,211.7276407,42.34072165698646,10.65700019836328,3.973043151813887,True
9335,Zählfeld B_69.2_2_G (veraltet),10.01488,53.52147,2025-07,21371.294617051946,2803.7053829480556,508.95938871444446,235.04061128555554,41.99017660531354,11.928599775218325,3.5201262006080687,True
9335,Zählfeld B_69.2_2_G (veraltet),10.01488,53.52147,2025-08,18453.33018626639,4903.669813733611,456.3271263661111,287.6728736338889,40.43881925936897,17.045993081622072,2.3723357780173915,True
9335,Zählfeld B_69.2_2_G (veraltet),10.01488,53.52147,2025-09,13976.620491648333,6486.379508351667,378.0887021486111,339.9112978513889,36.96651185878254,19.0825652143741,1.937187765035762,True
9335,Zählfeld B_69.2_2_G (veraltet),10.01488,53.52147,2025-10,8258.903735030555,5745.096264969445,326.24710055888886,417.7528994411111,25.314872441417425,13.752379152019046,1.8407631262624722,True
9335,Zählfeld B_69.2_2_G (veraltet),10.01488,53.52147,2025-11,6171.2662133241665,5349.7337866758335,257.97459228055556,462.0254077194445,23.921992312377487,11.578873579879724,2.0660034110697993,True
9335,Zählfeld B_69.2_2_G (veraltet),10.01488,53.52147,2025-12,3901.8564236005554,4849.143576399444,234.07368837805555,509.9263116219445,16.669350795629,9.509498658689655,1.7529158364617643,True
9335,Zählfeld B_69.2_2_G (veraltet),10.01488,53.52147,2026-01,1953.5981868719446,2098.4018131280554,251.92644384916667,492.0735561508333,7.754637254521809,4.264406788168964,1.8184562682988008,True
9335,Zählfeld B_69.2_2_G (veraltet),10.01488,53.52147,2026-02,3565.9880350866665,2297.0119649133335,274.9950323086111,397.00496769138886,12.967463467066429,5.785851946061571,2.2412366558901287,True
9348,Zählfeld A_70.1_1_I (veraltet),10.029905,53.602894,2025-01,6452.148732094444,5848.851267905556,252.25277094527777,491.74722905472225,25.57810845017094,11.89401977749566,2.1505015906032505,True
9348,Zählfeld A_70.1_1_I (veraltet),10.029905,53.602894,2025-02,8268.699421690833,4140.300578309167,275.4455073022222,396.55449269777773,30.019365727458805,10.440685087546276,2.875229496507477,True
9348,Zählfeld A_70.1_1_I (veraltet),10.029905,53.602894,2025-03,15355.6187600975,2960.3812399025,368.8174108408333,375.1825891591667,41.634744751039875,7.890508049792774,5.2765607091844124,True
9348,Zählfeld A_70.1_1_I (veraltet),10.029905,53.602894,2025-04,19440.8860259325,4104.1139740675,421.24926776527775,298.75073223472225,46.15055149903563,13.737586326124827,3.3594366873073565,True
9348,Zählfeld A_70.1_1_I (veraltet),10.029905,53.602894,2025-05,22049.354041884446,1765.6459581155557,493.9207367352778,250.07926326472221,44.6414827359274,7.060345328379048,6.32284692315134,True
9348,Zählfeld A_70.1_1_I (veraltet),10.029905,53.602894,2025-06,24308.569534416667,1099.4304655833332,508.2723593,211.7276407,47.82587345079079,5.192663848463377,9.210277200004677,True
9348,Zählfeld A_70.1_1_I (veraltet),10.029905,53.602894,2025-07,24268.30051944389,1775.699480556111,508.95938871444446,235.04061128555554,47.682194409935136,7.554862416515664,6.31145767865967,True
9348,Zählfeld A_70.1_1_I (veraltet),10.029905,53.602894,2025-08,19514.274541764724,2932.725458235278,456.3271263661111,287.6728736338889,42.763783729368804,10.194654161127662,4.194726280409553,True
9348,Zählfeld A_70.1_1_I (veraltet),10.029905,53.602894,2025-09,17971.42381698,5390.57618302,379.47910540944446,340.52089459055554,47.35813793381186,15.83038300631056,2.99159773423885,True
9348,Zählfeld A_70.1_1_I (veraltet),10.029905,53.602894,2025-10,10901.944768419444,4915.055231580555,326.24710055888886,417.7528994411111,33.4162196376412,11.765460486704319,2.840196495105614,True
9348,Zählfeld A_70.1_1_I (veraltet),10.029905,53.602894,2025-11,8103.216343185,6285.783656815,257.97459228055556,462.0254077194445,31.41090861526586,13.604844131498313,2.3088032697517242,True
9348,Zählfeld A_70.1_1_I (veraltet),10.029905,53.602894,2025-12,5841.729744922778,6056.270255077222,234.07368837805555,509.9263116219445,24.956797944276943,11.876755752833745,2.1013144046784284,True
9348,Zählfeld A_70.1_1_I (veraltet),10.029905,53.602894,2026-01,3012.85460032,2429.14539968,251.92644384916667,492.0735561508333,11.959263006641159,4.936549362013276,2.422595649233781,True
9348,Zählfeld A_70.1_1_I (veraltet),10.029905,53.602894,2026-02,5424.0869248438885,2415.913075156111,274.9950323086111,397.00496769138886,19.72430876044607,6.085347216698097,3.241279101761503,True
9349,Zählfeld A_70.1_2_I (veraltet),10.029905,53.602894,2025-01,6347.475159098611,7512.524840901389,252.25277094527777,491.74722905472225,25.163153353330635,15.277208283090063,1.6471041624262637,True
9349,Zählfeld A_70.1_2_I (veraltet),10.029905,53.602894,2025-02,8199.361937459444,5718.638062540555,275.4455073022222,396.55449269777773,29.76763722801622,14.42081269496257,2.064213568103173,True
9349,Zählfeld A_70.1_2_I (veraltet),10.029905,53.602894,2025-03,16269.585118867222,4242.414881132778,368.8174108408333,375.1825891591667,44.11284456928341,11.307600628911338,3.901167543580858,True
9349,Zählfeld A_70.1_2_I (veraltet),10.029905,53.602894,2025-04,21351.211665720555,5730.788334279445,421.24926776527775,298.75073223472225,50.68545704301986,19.18250807759321,2.6422747660523473,True
9349,Zählfeld A_70.1_2_I (veraltet),10.029905,53.602894,2025-05,24624.87927327139,3043.1207267286113,493.9207367352778,250.07926326472221,49.85593323341142,12.168624807196853,4.097088539037318,True
9349,Zählfeld A_70.1_2_I (veraltet),10.029905,53.602894,2025-06,26976.5054652775,1986.4945347225,508.2723593,211.7276407,53.07490161855335,9.382310822313434,5.656911460695613,True
9349,Zählfeld A_70.1_2_I (veraltet),10.029905,53.602894,2025-07,26959.727501871388,2845.272498128611,508.95938871444446,235.04061128555554,52.970292128744575,12.105450554125017,4.375739002188116,True
9349,Zählfeld A_70.1_2_I (veraltet),10.029905,53.602894,2025-08,20665.33967823361,4600.660321766389,456.3271263661111,287.6728736338889,45.28623981396586,15.992680379108272,2.831685417356596,True
9349,Zählfeld A_70.1_2_I (veraltet),10.029905,53.602894,2025-09,18020.208058038057,7631.791941961945,379.47910540944446,340.52089459055554,47.486693736654864,22.412110572945778,2.1187961563056557,True
9349,Zählfeld A_70.1_2_I (veraltet),10.029905,53.602894,2025-10,10349.437911466945,7004.562088533055,326.24710055888886,417.7528994411111,31.72269697949034,16.767237517451292,1.8919453455867998,True
9349,Zählfeld A_70.1_2_I (veraltet),10.029905,53.602894,2025-11,7958.386364505278,7183.613635494722,257.97459228055556,462.0254077194445,30.849496821184157,15.548092194654423,1.9841339011219974,True
9349,Zählfeld A_70.1_2_I (veraltet),10.029905,53.602894,2025-12,5832.4530574988885,7457.5469425011115,234.07368837805555,509.9263116219445,24.917166461182152,14.624754150811658,1.7037665183451496,True
9349,Zählfeld A_70.1_2_I (veraltet),10.029905,53.602894,2026-01,2617.4048204719443,3237.5951795280557,251.92644384916667,492.0735561508333,10.389559668611192,6.579494344003417,1.5790817843137575,True
9349,Zählfeld A_70.1_2_I (veraltet),10.029905,53.602894,2026-02,4983.026265220556,3395.9737347794444,274.9950323086111,397.00496769138886,18.12042284323301,8.553982975395156,2.1183608729822057,True
9362,Zählfeld D_9.6_1_I (veraltet),10.109475,53.536545,2025-01,1014.6933950308334,632.3066049691666,252.25277094527777,491.74722905472225,4.022526258991839,1.285836640472056,3.1283338274721193,True
9362,Zählfeld D_9.6_1_I (veraltet),10.109475,53.536545,2025-02,1123.113669175,515.886330825,275.4455073022222,396.55449269777773,4.07744413831628,1.3009216648017337,3.134273376051202,True
9362,Zählfeld D_9.6_1_I (veraltet),10.109475,53.536545,2025-03,2139.9037939425,517.0962060575,368.8174108408333,375.1825891591667,5.8020682620810335,1.378252139088811,4.2097291907102665,True
9362,Zählfeld D_9.6_1_I (veraltet),10.109475,53.536545,2025-04,2683.197751415,426.80224858500003,421.24926776527775,298.75073223472225,6.3696199773814,1.4286232719579424,4.458572180930367,True
9362,Zählfeld D_9.6_1_I (veraltet),10.109475,53.536545,2025-05,3333.4537666983333,283.5462333016667,493.9207367352778,250.07926326472221,6.748965003437251,1.1338254503793779,5.952384470801081,True
9362,Zählfeld D_9.6_1_I (veraltet),10.109475,53.536545,2025-06,3920.1858260541667,248.81417394583332,508.2723593,211.7276407,7.712766107236488,1.1751615099626118,6.563154121242341,True
9362,Zählfeld D_9.6_1_I (veraltet),10.109475,53.536545,2025-07,3971.8309688872223,349.16903111277776,508.95938871444446,235.04061128555554,7.803826900451675,1.4855689372274705,5.253089711889117,True
9362,Zählfeld D_9.6_1_I (veraltet),10.109475,53.536545,2025-08,4060.053349535278,454.9466504647222,456.3271263661111,287.6728736338889,8.89724304112024,1.581472193459981,5.62592442530061,True
9362,Zählfeld D_9.6_1_I (veraltet),10.109475,53.536545,2025-09,3440.0465575825,678.9534424175,379.47910540944446,340.52089459055554,9.06518042375696,1.9938671993502128,4.546531698154841,True
9362,Zählfeld D_9.6_1_I (veraltet),10.109475,53.536545,2025-10,2187.6302773808334,899.3697226191666,326.24710055888886,417.7528994411111,6.705439752976311,2.152874878480519,3.1146444319648308,True
9362,Zählfeld D_9.6_1_I (veraltet),10.109475,53.536545,2025-11,1415.0900244894444,1039.9099755105556,257.97459228055556,462.0254077194445,5.485385254337331,2.250763611991702,2.437121883929566,True
9362,Zählfeld D_9.6_1_I (veraltet),10.109475,53.536545,2025-12,1091.2506501716666,1010.7493498283334,234.07368837805555,509.9263116219445,4.661996218939281,1.9821478648814954,2.3519921503020678,True
9362,Zählfeld D_9.6_1_I (veraltet),10.109475,53.536545,2026-01,654.8316740311111,451.1683259688889,251.92644384916667,492.0735561508333,2.599297096509534,0.9168717162898997,2.83496267834232,True
9362,Zählfeld D_9.6_1_I (veraltet),10.109475,53.536545,2026-02,1173.7903606436112,553.209639356389,274.9950323086111,397.00496769138886,4.268405690057462,1.393457725663588,3.0631755893597528,True
9363,Zählfeld B_13.1_1_I (veraltet),10.029028,53.536667,2025-01,5737.058650114167,4891.941349885833,252.25277094527777,491.74722905472225,22.743292882831128,9.948081170258005,2.2861989657691217,True
9363,Zählfeld B_13.1_1_I (veraltet),10.029028,53.536667,2025-02,8721.887971484444,3553.1120285155557,275.4455073022222,396.55449269777773,31.664658672086023,8.959959082403978,3.5340182227249994,True
9363,Zählfeld B_13.1_1_I (veraltet),10.029028,53.536667,2025-03,24867.117480841112,3122.882519158889,368.8174108408333,375.1825891591667,67.42392509114153,8.323633903581927,8.10029920490939,True
9363,Zählfeld B_13.1_1_I (veraltet),10.029028,53.536667,2025-04,35210.48860831778,4122.511391682222,421.24926776527775,298.75073223472225,83.5858749265227,13.799167489381249,6.05731287708797,True
9363,Zählfeld B_13.1_1_I (veraltet),10.029028,53.536667,2025-05,41661.94516594333,2465.0548340566666,493.9207367352778,250.07926326472221,84.34945542339622,9.857094114385944,8.557233444722044,True
9363,Zählfeld B_13.1_1_I (veraltet),10.029028,53.536667,2025-06,44846.83480724472,2036.1651927552778,508.2723593,211.7276407,88.23386514468035,9.616907768978308,9.174868602702034,True
9363,Zählfeld B_13.1_1_I (veraltet),10.029028,53.536667,2025-07,42829.03300886917,2951.9669911308333,508.95938871444446,235.04061128555554,84.15019736063603,12.559391225988728,6.700181230640132,True
9363,Zählfeld B_13.1_1_I (veraltet),10.029028,53.536667,2025-08,46307.63914320528,4507.360856794722,456.3271263661111,287.6728736338889,101.47904095022542,15.668355517354344,6.476687412270341,True
9363,Zählfeld B_13.1_1_I (veraltet),10.029028,53.536667,2025-09,32120.005036316667,5993.9949636833335,379.47910540944446,340.52089459055554,84.64235468685509,17.60242927498047,4.808560986929402,True
9363,Zählfeld B_13.1_1_I (veraltet),10.029028,53.536667,2025-10,15509.622922185556,5811.377077814444,326.24710055888886,417.7528994411111,47.53949658285472,13.911039481926206,3.4173935488156713,True
9363,Zählfeld B_13.1_1_I (veraltet),10.029028,53.536667,2025-11,9443.970945399722,6700.029054600278,257.97459228055556,462.0254077194445,36.608143700946734,14.501429883849015,2.5244506227430095,True
9363,Zählfeld B_13.1_1_I (veraltet),10.029028,53.536667,2025-12,6232.474439020555,6042.525560979445,234.07368837805555,509.9263116219445,26.62612138171806,11.849801477707093,2.246967717713204,True
9363,Zählfeld B_13.1_1_I (veraltet),10.029028,53.536667,2026-01,2343.977680205,2033.022319795,251.92644384916667,492.0735561508333,9.304214533383346,4.1315415030589975,2.25199590189146,True
9363,Zählfeld B_13.1_1_I (veraltet),10.029028,53.536667,2026-02,5671.4681207886115,2404.531879211389,274.9950323086111,397.00496769138886,20.623892996088195,6.056679575557724,3.405148437985356,True
9364,Zählfeld B_13.1_2_I (veraltet),10.029028,53.536667,2025-01,6103.426711591111,4098.573288408889,252.25277094527777,491.74722905472225,24.195677568652563,8.334715573868124,2.902999790960281,True
9364,Zählfeld B_13.1_2_I (veraltet),10.029028,53.536667,2025-02,9075.759210898334,2964.2407891016665,275.4455073022222,396.55449269777773,32.94938189331329,7.4749898026266335,4.40795007930783,True
9364,Zählfeld B_13.1_2_I (veraltet),10.029028,53.536667,2025-03,25863.050622731113,2469.949377268889,368.8174108408333,375.1825891591667,70.12426708318432,6.583326222051958,10.651798911056739,True
9364,Zählfeld B_13.1_2_I (veraltet),10.029028,53.536667,2025-04,35987.89901368972,3826.1009863102777,421.24926776527775,298.75073223472225,85.43136277626093,12.807001200265477,6.6706765651345465,True
9364,Zählfeld B_13.1_2_I (veraltet),10.029028,53.536667,2025-05,40462.397854182775,1957.6021458172222,493.9207367352778,250.07926326472221,81.9208323214602,7.82792671515909,10.465201745286816,True
9364,Zählfeld B_13.1_2_I (veraltet),10.029028,53.536667,2025-06,43780.104011181385,1395.8959888186112,508.2723593,211.7276407,86.13512659133377,6.5928850111567465,13.06486105029474,True
9364,Zählfeld B_13.1_2_I (veraltet),10.029028,53.536667,2025-07,42076.25385124666,2171.7461487533333,508.95938871444446,235.04061128555554,82.67114191080158,9.239876193628664,8.947213163722614,True
9364,Zählfeld B_13.1_2_I (veraltet),10.029028,53.536667,2025-08,45265.80604519389,4431.193954806111,456.3271263661111,287.6728736338889,99.19595708819894,15.403586368193807,6.439796208305381,True
9364,Zählfeld B_13.1_2_I (veraltet),10.029028,53.536667,2025-09,32187.63458564111,6033.365414358889,379.47910540944446,340.52089459055554,84.82057148024474,17.71804758592992,4.787241431025482,True
9364,Zählfeld B_13.1_2_I (veraltet),10.029028,53.536667,2025-10,15700.857569690555,5276.1424303094445,326.24710055888886,417.7528994411111,48.12566163130234,12.629816423460158,3.810479900713987,True
9364,Zählfeld B_13.1_2_I (veraltet),10.029028,53.536667,2025-11,10440.44852648389,5925.551473516111,257.97459228055556,462.0254077194445,40.4708403032558,12.825163669601222,3.155580805505165,True
9364,Zählfeld B_13.1_2_I (veraltet),10.029028,53.536667,2025-12,7100.3650970575,5328.6349029425,234.07368837805555,509.9263116219445,30.33388821382438,10.449813593641565,2.902816202604968,True
9364,Zählfeld B_13.1_2_I (veraltet),10.029028,53.536667,2026-01,2660.770652981389,1695.2293470186112,251.92644384916667,492.0735561508333,10.561696550499656,3.445073050214833,3.0657395058258734,True
9364,Zählfeld B_13.1_2_I (veraltet),10.029028,53.536667,2026-02,6185.272894451389,1994.7271055486112,274.9950323086111,397.00496769138886,22.492307742890475,5.024438654125882,4.4765812245355265,True
9365,Zählfeld B_3.1_1_I (veraltet),9.974444,53.54972,2025-01,14233.5319364675,12679.4680635325,252.25277094527777,491.74722905472225,56.42567129443045,25.784523662504487,2.188354224921514,True
9365,Zählfeld B_3.1_1_I (veraltet),9.974444,53.54972,2025-02,18537.085681977776,8258.914318022222,275.4455073022222,396.55449269777773,67.29855884575622,20.826682007399445,3.2313624811597896,True
9365,Zählfeld B_3.1_1_I (veraltet),9.974444,53.54972,2025-03,32169.225672018332,6094.774327981667,368.8174108408333,375.1825891591667,87.22263300606834,16.24482186564375,5.369257584198931,True
9365,Zählfeld B_3.1_1_I (veraltet),9.974444,53.54972,2025-04,49939.84036533361,4779.159634666389,421.24926776527775,298.75073223472225,118.55175590040514,15.997147852717237,7.410805788124802,True
9365,Zählfeld B_3.1_1_I (veraltet),9.974444,53.54972,2025-05,55705.353909483885,2807.646090516111,493.9207367352778,250.07926326472221,112.78197039809604,11.22702479950954,10.045579520143484,True
9365,Zählfeld B_3.1_1_I (veraltet),9.974444,53.54972,2025-06,56919.238828195,1879.761171805,508.2723593,211.7276407,111.98570566887601,8.878203930248583,12.613554109444802,True
9365,Zählfeld B_3.1_1_I (veraltet),9.974444,53.54972,2025-07,60055.24310011278,2727.756899887222,508.95938871444446,235.04061128555554,117.99613963660906,11.605470582159164,10.167286091612858,True
9365,Zählfeld B_3.1_1_I (veraltet),9.974444,53.54972,2025-08,51779.32814060861,4154.671859391389,456.3271263661111,287.6728736338889,113.4697569985486,14.442348376159002,7.856738671798078,True
9365,Zählfeld B_3.1_1_I (veraltet),9.974444,53.54972,2025-09,49699.69508544417,7723.304914555833,379.47910540944446,340.52089459055554,130.96819924201088,22.68085464723797,5.7743943638367226,True
9365,Zählfeld B_3.1_1_I (veraltet),9.974444,53.54972,2025-10,32305.561580843056,9634.438419156944,326.24710055888886,417.7528994411111,99.0217584324915,23.062529145928934,4.293620955703859,True
9365,Zählfeld B_3.1_1_I (veraltet),9.974444,53.54972,2025-11,20480.57603393722,17873.42396606278,257.97459228055556,462.0254077194445,79.38989593077424,38.68493738101098,2.052217253161274,True
9365,Zählfeld B_3.1_1_I (veraltet),9.974444,53.54972,2025-12,14737.302346622777,17713.69765337722,234.07368837805555,509.9263116219445,62.96009794497006,34.73775965204561,1.812439793919252,True
9365,Zählfeld B_3.1_1_I (veraltet),9.974444,53.54972,2026-01,7590.096204159445,6432.903795840555,251.92644384916667,492.0735561508333,30.12822349329785,13.073053236513898,2.3046049723983177,True
9365,Zählfeld B_3.1_1_I (veraltet),9.974444,53.54972,2026-02,13483.940379487221,5827.059620512778,274.9950323086111,397.00496769138886,49.033396226427,14.677548380307504,3.3407075184445563,True
9366,Zählfeld B_3.1_2_G (veraltet),9.974444,53.54972,2025-01,1620.1833133744444,1575.8166866255556,252.25277094527777,491.74722905472225,6.422856356753034,3.20452580821802,2.004307888637249,True
9366,Zählfeld B_3.1_2_G (veraltet),9.974444,53.54972,2025-02,2167.8657372166667,1101.1342627833333,275.4455073022222,396.55449269777773,7.870397881777965,2.776753972177363,2.8343879078370326,True
9366,Zählfeld B_3.1_2_G (veraltet),9.974444,53.54972,2025-03,3934.2404833297223,1059.759516670278,368.8174108408333,375.1825891591667,10.667176677913346,2.824650043183874,3.776459566612215,True
9366,Zählfeld B_3.1_2_G (veraltet),9.974444,53.54972,2025-04,7164.9800999291665,1276.0199000708333,421.24926776527775,298.75073223472225,17.008884402195637,4.271185849574056,3.9822393595661145,True
9366,Zählfeld B_3.1_2_G (veraltet),9.974444,53.54972,2025-05,7129.925804291945,854.0741957080555,493.9207367352778,250.07926326472221,14.435364369229362,3.4152139787934854,4.226781823588411,True
9366,Zählfeld B_3.1_2_G (veraltet),9.974444,53.54972,2025-06,6762.6145909175,647.3854090825,508.2723593,211.7276407,13.30510004563512,3.057632942690699,4.351437957077578,True
9366,Zählfeld B_3.1_2_G (veraltet),9.974444,53.54972,2025-07,6491.653793349722,854.3462066502777,508.95938871444446,235.04061128555554,12.754757918400271,3.634887613580597,3.508982745641486,True
9366,Zählfeld B_3.1_2_G (veraltet),9.974444,53.54972,2025-08,5305.81375457,1321.18624543,456.3271263661111,287.6728736338889,11.627215319900023,4.592668848962892,2.5316903313256867,True
9366,Zählfeld B_3.1_2_G (veraltet),9.974444,53.54972,2025-09,4721.608347570555,1493.3916524294445,379.47910540944446,340.52089459055554,12.442340777830463,4.385609447623201,2.837083631460535,True
9366,Zählfeld B_3.1_2_G (veraltet),9.974444,53.54972,2025-10,2766.9723547783333,1596.0276452216667,326.24710055888886,417.7528994411111,8.481216691392126,3.8205064461716614,2.2199194821123074,True
9366,Zählfeld B_3.1_2_G (veraltet),9.974444,53.54972,2025-11,2064.163556735,1846.836443265,257.97459228055556,462.0254077194445,8.00142191712491,3.9972616492694137,2.0017258361326795,True
9366,Zählfeld B_3.1_2_G (veraltet),9.974444,53.54972,2025-12,1705.2186209272222,1784.7813790727778,234.07368837805555,509.9263116219445,7.28496497296655,3.500077047202854,2.0813727454338338,True
9366,Zählfeld B_3.1_2_G (veraltet),9.974444,53.54972,2026-01,972.2011709758333,925.7988290241667,251.92644384916667,492.0735561508333,3.8590675759227135,1.8814236559795652,2.051142263284388,True
9366,Zählfeld B_3.1_2_G (veraltet),9.974444,53.54972,2026-02,1677.6974296986111,935.3025703013889,274.9950323086111,397.00496769138886,6.10082813356362,2.355896390264932,2.589599508184463,True
9367,Zählfeld B_3.2_1_G (veraltet),9.973709,53.549496,2025-01,2168.572193478611,2247.427806521389,252.25277094527777,491.74722905472225,8.596822089811843,4.5702907382754,1.8810230206614504,True
9367,Zählfeld B_3.2_1_G (veraltet),9.973709,53.549496,2025-02,2886.0944223491665,1723.9055776508333,275.4455073022222,396.55449269777773,10.477914309135956,4.347209801919094,2.4102619350256425,True
9367,Zählfeld B_3.2_1_G (veraltet),9.973709,53.549496,2025-03,4715.958723730278,1376.0412762697222,368.8174108408333,375.1825891591667,12.786703081556784,3.6676576046708638,3.4863404548103296,True
9367,Zählfeld B_3.2_1_G (veraltet),9.973709,53.549496,2025-04,6689.221018742222,1193.7789812577778,421.24926776527775,298.75073223472225,15.8794840267105,3.995903114037727,3.9739412026596437,True
9367,Zählfeld B_3.2_1_G (veraltet),9.973709,53.549496,2025-05,7776.835770455,750.164229545,493.9207367352778,250.07926326472221,15.745108864751066,2.999705852263773,5.248884270725672,True
9367,Zählfeld B_3.2_1_G (veraltet),9.973709,53.549496,2025-06,8499.05460952111,520.9453904788888,508.2723593,211.7276407,16.72145741158565,2.460450552212141,6.7960956974127065,True
9367,Zählfeld B_3.2_1_G (veraltet),9.973709,53.549496,2025-07,8906.988167965834,684.0118320341667,508.95938871444446,235.04061128555554,17.50039072953062,2.910185726172857,6.013496173849058,True
9367,Zählfeld B_3.2_1_G (veraltet),9.973709,53.549496,2025-08,7196.197645080833,994.8023549191666,456.3271263661111,287.6728736338889,15.769822193974344,3.458102748280731,4.560252641947856,True
9367,Zählfeld B_3.2_1_G (veraltet),9.973709,53.549496,2025-09,6204.211548014722,1709.7884519852778,379.47910540944446,340.52089459055554,16.34928368801913,5.021097028542516,3.256117855337456,True
9367,Zählfeld B_3.2_1_G (veraltet),9.973709,53.549496,2025-10,4041.1784634966666,1808.8215365033334,326.24710055888886,417.7528994411111,12.386863995339073,4.329883859389743,2.8607843530207036,True
9367,Zählfeld B_3.2_1_G (veraltet),9.973709,53.549496,2025-11,2845.917985941389,2690.082014058611,257.97459228055556,462.0254077194445,11.031776272162348,5.822368140611237,1.894723247610417,True
9367,Zählfeld B_3.2_1_G (veraltet),9.973709,53.549496,2025-12,2066.5078738047223,2532.4921261952777,234.07368837805555,509.9263116219445,8.828450083920059,4.9663884143182795,1.777639875783238,True
9367,Zählfeld B_3.2_1_G (veraltet),9.973709,53.549496,2026-01,1170.5670088997222,1096.4329911002778,251.92644384916667,492.0735561508333,4.646463432003048,2.228189215606198,2.0853091826579626,True
9367,Zählfeld B_3.2_1_G (veraltet),9.973709,53.549496,2026-02,1991.7876839852777,1134.2123160147223,274.9950323086111,397.00496769138886,7.24299514527233,2.856922225961667,2.535244074708498,True
9368,Zählfeld B_3.2_2_I (veraltet),9.973709,53.549496,2025-01,14808.504742399722,19225.495257600276,252.25277094527777,491.74722905472225,58.705023088179246,39.09629606771173,1.5015494814779062,True
9368,Zählfeld B_3.2_2_I (veraltet),9.973709,53.549496,2025-02,21775.450626819165,13156.549373180833,275.4455073022222,396.55449269777773,79.05538500189394,33.17715374670514,2.3828260135107286,True
9368,Zählfeld B_3.2_2_I (veraltet),9.973709,53.549496,2025-03,39727.66103773222,9051.338962267777,368.8174108408333,375.1825891591667,107.71633841027389,24.125157253573555,4.464896841006843,True
9368,Zählfeld B_3.2_2_I (veraltet),9.973709,53.549496,2025-04,52938.39404165028,13914.605958349723,421.24926776527775,298.75073223472225,125.66999658536575,46.57597273240256,2.698172238020443,True
9368,Zählfeld B_3.2_2_I (veraltet),9.973709,53.549496,2025-05,64895.524997864166,5578.475002135833,493.9207367352778,250.07926326472221,131.38854105784515,22.306827560631127,5.890059476217504,True
9368,Zählfeld B_3.2_2_I (veraltet),9.973709,53.549496,2025-06,68023.78278795445,3423.2172120455557,508.2723593,211.7276407,133.83333077887175,16.168022279603836,8.277656256554284,True
9368,Zählfeld B_3.2_2_I (veraltet),9.973709,53.549496,2025-07,69682.81209358806,5422.187906411944,508.95938871444446,235.04061128555554,136.91232274857225,23.069153355053263,5.934865516795475,True
9368,Zählfeld B_3.2_2_I (veraltet),9.973709,53.549496,2025-08,56064.640789453886,10231.35921054611,456.3271263661111,287.6728736338889,122.86063560568005,35.5659505927806,3.454445433285257,True
9368,Zählfeld B_3.2_2_I (veraltet),9.973709,53.549496,2025-09,48415.66245339611,21584.33754660389,379.47910540944446,340.52089459055554,127.58452774667877,63.386235292718325,2.0128112540126737,True
9368,Zählfeld B_3.2_2_I (veraltet),9.973709,53.549496,2025-10,29864.995469725833,22857.004530274167,326.24710055888886,417.7528994411111,91.54102954038387,54.714173284861246,1.6730770848677372,True
9368,Zählfeld B_3.2_2_I (veraltet),9.973709,53.549496,2025-11,25387.140304359167,21903.859695640833,257.97459228055556,462.0254077194445,98.40945993917822,47.40834449723922,2.075783514121844,True
9368,Zählfeld B_3.2_2_I (veraltet),9.973709,53.549496,2025-12,17274.658082614165,22697.341917385835,234.07368837805555,509.9263116219445,73.80008493185971,44.51102325979498,1.6580181610545082,True
9368,Zählfeld B_3.2_2_I (veraltet),9.973709,53.549496,2026-01,7444.8487837033335,9087.151216296666,251.92644384916667,492.0735561508333,29.55167655270326,18.467058639321024,1.6002373269005759,True
9368,Zählfeld B_3.2_2_I (veraltet),9.973709,53.549496,2026-02,15068.701730666666,9506.298269333332,274.9950323086111,397.00496769138886,54.796268878617155,23.945036064946766,2.288418724030808,True
9369,Zählfeld B_8.1_1_I (veraltet),10.038101,53.55562,2025-01,7326.163120759166,9699.836879240833,252.25277094527777,491.74722905472225,29.04294408067557,19.725249693601064,1.472373963919818,True
9369,Zählfeld B_8.1_1_I (veraltet),10.038101,53.55562,2025-02,10815.397430646666,7313.602569353334,275.4455073022222,396.55449269777773,39.26510741298778,18.44286902311602,2.1290129731861933,True
9369,Zählfeld B_8.1_1_I (veraltet),10.038101,53.55562,2025-03,24126.348873919444,6221.6511260805555,368.8174108408333,375.1825891591667,65.41542824379134,16.582995335748627,3.944729339866163,True
9369,Zählfeld B_8.1_1_I (veraltet),10.038101,53.55562,2025-04,29523.242813461387,10748.75718653861,421.24926776527775,298.75073223472225,70.08497123349753,35.97901536888464,1.947940223347757,True
9369,Zählfeld B_8.1_1_I (veraltet),10.038101,53.55562,2025-05,34581.186993624724,4812.813006375278,493.9207367352778,250.07926326472221,70.01363664583066,19.24515029173234,3.6379885625475374,True
9369,Zählfeld B_8.1_1_I (veraltet),10.038101,53.55562,2025-06,37460.04793790389,2932.952062096111,508.2723593,211.7276407,73.70073790653186,13.85247600360245,5.320401774192959,True
9369,Zählfeld B_8.1_1_I (veraltet),10.038101,53.55562,2025-07,35595.64317889472,4429.356821105278,508.95938871444446,235.04061128555554,69.93808144261571,18.845070206714038,3.711213631759169,True
9369,Zählfeld B_8.1_1_I (veraltet),10.038101,53.55562,2025-08,29775.419700994724,7978.580299005278,456.3271263661111,287.6728736338889,65.25016371064015,27.734906660540176,2.3526368597257545,True
9369,Zählfeld B_8.1_1_I (veraltet),10.038101,53.55562,2025-09,24195.575380840557,13097.424619159445,379.47910540944446,340.52089459055554,63.75996737615999,38.462910286042415,1.6577000258687518,True
9369,Zählfeld B_8.1_1_I (veraltet),10.038101,53.55562,2025-10,14659.550289228055,12064.449710771945,326.24710055888886,417.7528994411111,44.93388681191344,28.87939192501672,1.5559152674883554,True
9369,Zählfeld B_8.1_1_I (veraltet),10.038101,53.55562,2025-11,9586.448864334445,8243.551135665555,257.97459228055556,462.0254077194445,37.16043808651077,17.842203043238875,2.0827270038602297,True
9369,Zählfeld B_8.1_1_I (veraltet),10.038101,53.55562,2025-12,4964.396657064723,6088.603342935277,234.07368837805555,509.9263116219445,21.20869155121211,11.940163125862236,1.776248056885786,True
9369,Zählfeld B_8.1_1_I (veraltet),10.038101,53.55562,2026-01,2141.032984916111,2201.967015083889,251.92644384916667,492.0735561508333,8.49864330319365,4.474873700404515,1.8991917699097065,True
9369,Zählfeld B_8.1_1_I (veraltet),10.038101,53.55562,2026-02,5497.7219077283335,3059.2780922716665,274.9950323086111,397.00496769138886,19.992077171628893,7.705893732417453,2.59438786282835,True
9370,Zählfeld B_8.1_2_I (veraltet),10.038101,53.55562,2025-01,9096.39367697139,8085.606323028611,252.25277094527777,491.74722905472225,36.06062935556299,16.44260678107214,2.1931211903135748,True
9370,Zählfeld B_8.1_2_I (veraltet),10.038101,53.55562,2025-02,12194.437083528055,5931.562916471945,275.4455073022222,396.55449269777773,44.27168626913986,14.957749882290477,2.9597824951971017,True
9370,Zählfeld B_8.1_2_I (veraltet),10.038101,53.55562,2025-03,23344.140462118055,5924.859537881945,368.8174108408333,375.1825891591667,63.29457280473248,15.791936270711098,4.008031169814389,True
9370,Zählfeld B_8.1_2_I (veraltet),10.038101,53.55562,2025-04,34284.83726108611,4477.1627389138885,421.24926776527775,298.75073223472225,81.38847918470401,14.986282060042868,5.430865297918409,True
9370,Zählfeld B_8.1_2_I (veraltet),10.038101,53.55562,2025-05,35947.79248231361,2388.207517686389,493.9207367352778,250.07926326472221,72.78048846444814,9.549802276721937,7.6211513448664565,True
9370,Zählfeld B_8.1_2_I (veraltet),10.038101,53.55562,2025-06,38093.39406846833,1658.6059315316666,508.2723593,211.7276407,74.94681418625854,7.833676916476719,9.567258770734021,True
9370,Zählfeld B_8.1_2_I (veraltet),10.038101,53.55562,2025-07,37378.35606394139,2126.643936058611,508.95938871444446,235.04061128555554,73.44074378577345,9.047985045762617,8.116806494962926,True
9370,Zählfeld B_8.1_2_I (veraltet),10.038101,53.55562,2025-08,33619.54929865028,3452.4507013497223,456.3271263661111,287.6728736338889,73.67422920126236,12.001307797076251,6.13885006925752,True
9370,Zählfeld B_8.1_2_I (veraltet),10.038101,53.55562,2025-09,30809.018156596667,6236.981843403333,379.47910540944446,340.52089459055554,81.18765359519553,18.316003342181745,4.432607489660171,True
9370,Zählfeld B_8.1_2_I (veraltet),10.038101,53.55562,2025-10,19884.14774503528,7103.852254964722,326.24710055888886,417.7528994411111,60.94812095179407,17.004914303332377,3.5841474919900262,True
9370,Zählfeld B_8.1_2_I (veraltet),10.038101,53.55562,2025-11,7558.256256831111,6168.743743168889,257.97459228055556,462.0254077194445,29.298452184823176,13.35152491638454,2.1943899568257637,True
9370,Zählfeld B_8.1_2_I (veraltet),10.038101,53.55562,2025-12,3281.5714009794447,3471.4285990205553,234.07368837805555,509.9263116219445,14.019394592011276,6.807706368355133,2.059341844880219,True
9370,Zählfeld B_8.1_2_I (veraltet),10.038101,53.55562,2026-01,1614.780187771111,1242.219812228889,251.92644384916667,492.0735561508333,6.409728820440588,2.5244595989793774,2.5390498715178484,True
9370,Zählfeld B_8.1_2_I (veraltet),10.038101,53.55562,2026-02,3521.6191689361112,1719.380831063889,274.9950323086111,397.00496769138886,12.806119221033786,4.330879890652771,2.9569324350631176,True
9371,Zählfeld D_24.2_1_I (veraltet),9.811921,53.563324,2025-01,1714.2589827219444,1681.7410172780556,252.25277094527777,491.74722905472225,6.795798421948061,3.4199298296216925,1.98711633293944,True
9371,Zählfeld D_24.2_1_I (veraltet),9.811921,53.563324,2025-02,2484.6056453702777,1341.3943546297223,275.4455073022222,396.55449269777773,9.020316467329916,3.382623017341595,2.666663243608798,True
9371,Zählfeld D_24.2_1_I (veraltet),9.811921,53.563324,2025-03,4396.248106713333,949.7518932866667,368.8174108408333,375.1825891591667,11.919849707449348,2.531439146510463,4.708724570322228,True
9371,Zählfeld D_24.2_1_I (veraltet),9.811921,53.563324,2025-04,6143.604159541666,1063.3958404583334,407.32593621083333,289.67406378916667,15.082771837935985,3.6710081204657117,4.108618489251,True
9371,Zählfeld D_24.2_1_I (veraltet),9.811921,53.563324,2025-05,7121.782525533055,519.2174744669444,493.9207367352778,250.07926326472221,14.418877353898289,2.076211628620023,6.944801365688312,True
9371,Zählfeld D_24.2_1_I (veraltet),9.811921,53.563324,2025-06,8019.602737261945,349.39726273805553,508.2723593,211.7276407,15.778160253110471,1.6502203566001175,9.561244466537534,True
9371,Zählfeld D_24.2_1_I (veraltet),9.811921,53.563324,2025-07,7996.174512172778,503.8254878272222,508.95938871444446,235.04061128555554,15.710830155564912,2.143567807586726,7.329290027569735,True
9371,Zählfeld D_24.2_1_I (veraltet),9.811921,53.563324,2025-08,5918.902198125278,588.0978018747222,456.3271263661111,287.6728736338889,12.970743697091864,2.0443283179462153,6.34474589195272,True
9371,Zählfeld D_24.2_1_I (veraltet),9.811921,53.563324,2025-09,6920.513502453611,1627.4864975463888,379.47910540944446,340.52089459055554,18.236876296487058,4.7794027426812935,3.815722858763726,True
9371,Zählfeld D_24.2_1_I (veraltet),9.811921,53.563324,2025-10,3775.8615967255555,1470.1384032744445,326.24710055888886,417.7528994411111,11.573624992397436,3.5191578687814324,3.288748451743939,True
9371,Zählfeld D_24.2_1_I (veraltet),9.811921,53.563324,2025-11,2775.0966603094444,2225.9033396905556,257.97459228055556,462.0254077194445,10.757247974604564,4.8177076465937345,2.2328561140919923,True
9371,Zählfeld D_24.2_1_I (veraltet),9.811921,53.563324,2025-12,2007.1641707108333,2049.8358292891667,234.07368837805555,509.9263116219445,8.574924352322059,4.019866758334485,2.1331364614370525,True
9371,Zählfeld D_24.2_1_I (veraltet),9.811921,53.563324,2026-01,441.5442687575,401.4557312425,251.92644384916667,492.0735561508333,1.7526713830083722,0.8158449610314833,2.1482897691645326,True
9371,Zählfeld D_24.2_1_I (veraltet),9.811921,53.563324,2026-02,1296.7211153733333,680.2788846266667,274.9950323086111,397.00496769138886,4.715434691627803,1.7135273862756306,2.7518875562746907,True
9372,Zählfeld I_24.3_2_I (veraltet),9.811806,53.563194,2025-01,1473.9631330719444,1194.0368669280556,252.25277094527777,491.74722905472225,5.843198976758504,2.428151693347278,2.4064390181090722,True
9372,Zählfeld I_24.3_2_I (veraltet),9.811806,53.563194,2025-02,2243.3668954372224,1077.6331045627778,275.4455073022222,396.55449269777773,8.144503489671271,2.7174905956343913,2.9970677737598415,True
9372,Zählfeld I_24.3_2_I (veraltet),9.811806,53.563194,2025-03,4521.383936106389,823.6160638936111,368.8174108408333,375.1825891591667,12.25913908402127,2.195240631340176,5.584416992380998,True
9372,Zählfeld I_24.3_2_I (veraltet),9.811806,53.563194,2025-04,6480.3405379597225,1120.6594620402777,421.24926776527775,298.75073223472225,15.38362445669722,3.7511521851594956,4.101039813196254,True
9372,Zählfeld I_24.3_2_I (veraltet),9.811806,53.563194,2025-05,8408.312241401667,574.6877585983333,493.9207367352778,250.07926326472221,17.023606453494974,2.298022439349542,7.407937434376631,True
9372,Zählfeld I_24.3_2_I (veraltet),9.811806,53.563194,2025-06,9400.868183823055,447.1318161769444,508.2723593,211.7276407,18.495729724059885,2.111825431477282,8.758171697516492,True
9372,Zählfeld I_24.3_2_I (veraltet),9.811806,53.563194,2025-07,9324.289717930556,708.7102820694445,508.95938871444446,235.04061128555554,18.320302021507693,3.015267353982577,6.0758466400368,True
9372,Zählfeld I_24.3_2_I (veraltet),9.811806,53.563194,2025-08,10112.948866125,1198.051133875,456.3271263661111,287.6728736338889,22.161621086736325,4.1646301882454075,5.321389915793026,True
9372,Zählfeld I_24.3_2_I (veraltet),9.811806,53.563194,2025-09,6376.165222586945,1825.8347774130555,379.47910540944446,340.52089459055554,16.80241449844067,5.361887644540729,3.1336752301306148,True
9372,Zählfeld I_24.3_2_I (veraltet),9.811806,53.563194,2025-10,3458.5709246205556,1606.4290753794444,326.24710055888886,417.7528994411111,10.601077890640964,3.8454049691303127,2.756817025968147,True
9372,Zählfeld I_24.3_2_I (veraltet),9.811806,53.563194,2025-11,2655.0567324152776,1493.9432675847222,257.97459228055556,462.0254077194445,10.291931112067886,3.2334656116831755,3.182941261190787,True
9372,Zählfeld I_24.3_2_I (veraltet),9.811806,53.563194,2025-12,1889.7527301633334,1483.2472698366666,234.07368837805555,509.9263116219445,8.073324017140997,2.908748256427166,2.7755320520784816,True
9372,Zählfeld I_24.3_2_I (veraltet),9.811806,53.563194,2026-01,874.8766702791667,658.1233297208333,251.92644384916667,492.0735561508333,3.47274647675721,1.3374490896623217,2.596544798302571,True
9372,Zählfeld I_24.3_2_I (veraltet),9.811806,53.563194,2026-02,1469.9938086605555,702.0061913394444,274.9950323086111,397.00496769138886,5.345528594897911,1.7682554337333827,3.023052265481634,True
9373,Zählfeld J_24.6_1_I (veraltet),9.812148,53.562725,2025-01,3927.441241340278,2244.558758659722,252.25277094527777,491.74722905472225,15.569467192066144,4.564456342691348,3.411023355935067,True
9373,Zählfeld J_24.6_1_I (veraltet),9.812148,53.562725,2025-02,5433.798562599167,1738.2014374008334,275.4455073022222,396.55449269777773,19.727308736377886,4.383259979166475,4.500602024552797,True
9373,Zählfeld J_24.6_1_I (veraltet),9.812148,53.562725,2025-03,9644.581349534445,1046.4186504655556,368.8174108408333,375.1825891591667,26.15001642017561,2.7890917134793405,9.37581804635386,True
9373,Zählfeld J_24.6_1_I (veraltet),9.812148,53.562725,2025-04,12942.178878910556,1572.8211210894444,421.24926776527775,298.75073223472225,30.72332670764903,5.264660305012112,5.835766208581306,True
9373,Zählfeld J_24.6_1_I (veraltet),9.812148,53.562725,2025-05,14482.275489895834,635.7245101041667,493.9207367352778,250.07926326472221,29.321051765554373,2.542092062352321,11.534221045646232,True
9373,Zählfeld J_24.6_1_I (veraltet),9.812148,53.562725,2025-06,16003.086713740278,342.9132862597222,508.2723593,211.7276407,31.485258682529892,1.6195962186420483,19.44019028948384,True
9373,Zählfeld J_24.6_1_I (veraltet),9.812148,53.562725,2025-07,15598.961366060556,554.0386339394445,508.95938871444446,235.04061128555554,30.64873487344679,2.3572038504713206,13.002157139408459,True
9373,Zählfeld J_24.6_1_I (veraltet),9.812148,53.562725,2025-08,13437.893568401667,986.1064315983333,456.3271263661111,287.6728736338889,29.447939410072347,3.4278742348620472,8.590729236966146,True
9373,Zählfeld J_24.6_1_I (veraltet),9.812148,53.562725,2025-09,13315.596657271111,2716.4033427288887,379.47910540944446,340.52089459055554,35.08914316350582,7.977200183251924,4.398679029915186,True
9373,Zählfeld J_24.6_1_I (veraltet),9.812148,53.562725,2025-10,7246.477176325,2601.522823675,326.24710055888886,417.7528994411111,22.211621693836275,6.227420149938961,3.566745322949502,True
9373,Zählfeld J_24.6_1_I (veraltet),9.812148,53.562725,2025-11,6271.0725609080555,2688.9274390919445,257.97459228055556,462.0254077194445,24.308876721037958,5.819869198026314,4.176876815252446,True
9373,Zählfeld J_24.6_1_I (veraltet),9.812148,53.562725,2025-12,5425.80135738,3051.19864262,234.07368837805555,509.9263116219445,23.17988576578806,5.983606990027484,3.873898436916157,True
9373,Zählfeld J_24.6_1_I (veraltet),9.812148,53.562725,2026-01,1592.3010647269443,767.6989352730556,251.92644384916667,492.0735561508333,6.320499906235672,1.5601304432578285,4.051263747560332,True
9373,Zählfeld J_24.6_1_I (veraltet),9.812148,53.562725,2026-02,2834.0025745716666,931.9974254283334,274.9950323086111,397.00496769138886,10.305650072221045,2.3475711924915257,4.389920146056762,True
9374,Zählfeld J_24.6_2_I (veraltet),9.812148,53.562725,2025-01,3869.581238046667,1576.4187619533334,252.25277094527777,491.74722905472225,15.340094079228612,3.2057501675884534,4.785180777442896,True
9374,Zählfeld J_24.6_2_I (veraltet),9.812148,53.562725,2025-02,4979.983173831667,1117.0168261683334,275.4455073022222,396.55449269777773,18.079740064039484,2.816805374134633,6.418526544310454,True
9374,Zählfeld J_24.6_2_I (veraltet),9.812148,53.562725,2025-03,8225.236272576389,779.7637274236112,368.8174108408333,375.1825891591667,22.30164854154911,2.078357978101179,10.730417366273086,True
9374,Zählfeld J_24.6_2_I (veraltet),9.812148,53.562725,2025-04,11358.601381438333,846.3986185616667,421.24926776527775,298.75073223472225,26.964085757811702,2.8331265072738594,9.517430897837865,True
9374,Zählfeld J_24.6_2_I (veraltet),9.812148,53.562725,2025-05,12483.333841986945,339.66615801305556,493.9207367352778,250.07926326472221,25.273961819257497,1.3582339998078963,18.607958439291135,True
9374,Zählfeld J_24.6_2_I (veraltet),9.812148,53.562725,2025-06,13340.796402438333,198.20359756166667,508.2723593,211.7276407,26.247337983933395,0.9361252829643734,28.038274856563515,True
9374,Zählfeld J_24.6_2_I (veraltet),9.812148,53.562725,2025-07,13305.53122958861,316.4687704113889,508.95938871444446,235.04061128555554,26.142618693401843,1.346442934608031,19.416061402566857,True
9374,Zählfeld J_24.6_2_I (veraltet),9.812148,53.562725,2025-08,11380.221614624445,496.77838537555556,456.3271263661111,287.6728736338889,24.938735738217098,1.7268864425770913,14.441445090622272,True
9374,Zählfeld J_24.6_2_I (veraltet),9.812148,53.562725,2025-09,11839.049185241667,1456.9508147583333,379.47910540944446,340.52089459055554,31.198158255558642,4.2785944648424,7.2916838723362885,True
9374,Zählfeld J_24.6_2_I (veraltet),9.812148,53.562725,2025-10,6853.000786503056,1677.9992134969443,326.24710055888886,417.7528994411111,21.005553075455033,4.016726672015558,5.2295201517694085,True
9374,Zählfeld J_24.6_2_I (veraltet),9.812148,53.562725,2025-11,5812.985057406667,2049.014942593333,257.97459228055556,462.0254077194445,22.533168890852867,4.434853383296089,5.0809275850525815,True
9374,Zählfeld J_24.6_2_I (veraltet),9.812148,53.562725,2025-12,5272.658157024444,2416.3418429755557,234.07368837805555,509.9263116219445,22.525633673565665,4.738609849901241,4.753637540772665,True
9374,Zählfeld J_24.6_2_I (veraltet),9.812148,53.562725,2026-01,1556.71669469,623.28330531,251.92644384916667,492.0735561508333,6.179250859516903,1.26664661719588,4.878433160147394,True
9374,Zählfeld J_24.6_2_I (veraltet),9.812148,53.562725,2026-02,2688.6086943669443,574.3913056330556,274.9950323086111,397.00496769138886,9.77693550241909,1.446811381160242,6.75757436645174,True
9375,Zählfeld A_54.1_1_I (veraltet),9.898177,53.553387,2025-01,7049.926667329167,7620.073332670833,252.25277094527777,491.74722905472225,27.947866106329258,15.49591514184793,1.8035634456240575,True
9375,Zählfeld A_54.1_1_I (veraltet),9.898177,53.553387,2025-02,9483.657684464444,5644.342315535556,275.4455073022222,396.55449269777773,34.43025002422297,14.233459510537495,2.4189656772292873,True
9375,Zählfeld A_54.1_1_I (veraltet),9.898177,53.553387,2025-03,17886.6162899575,2973.3837100425,368.8174108408333,375.1825891591667,48.49721234466515,7.925164429154994,6.119395096239798,True
9375,Zählfeld A_54.1_1_I (veraltet),9.898177,53.553387,2025-04,24990.317220815556,4687.682779184444,421.24926776527775,298.75073223472225,59.324298302971265,15.690949923769322,3.7807971213459983,True
9375,Zählfeld A_54.1_1_I (veraltet),9.898177,53.553387,2025-05,26975.242633515,2011.757366485,493.9207367352778,250.07926326472221,54.61451732481659,8.044478939285133,6.789068345757876,True
9375,Zählfeld A_54.1_1_I (veraltet),9.898177,53.553387,2025-06,30937.589511297778,1033.4104887022222,508.2723593,211.7276407,60.86813289218692,4.880848269435339,12.470810304297515,True
9375,Zählfeld A_54.1_1_I (veraltet),9.898177,53.553387,2025-07,29400.592225753055,1851.4077742469444,508.95938871444446,235.04061128555554,57.766086799213134,7.876969703748907,7.333541827858037,True
9375,Zählfeld A_54.1_1_I (veraltet),9.898177,53.553387,2025-08,22338.949699469165,2833.0503005308333,456.3271263661111,287.6728736338889,48.95380618145991,9.848166303425453,4.970854946309394,True
9375,Zählfeld A_54.1_1_I (veraltet),9.898177,53.553387,2025-09,25298.53873729778,6293.4612627022225,379.47910540944446,340.52089459055554,66.66648670946337,18.481865173852313,3.607129804397744,True
9375,Zählfeld A_54.1_1_I (veraltet),9.898177,53.553387,2025-10,13880.803267609444,6371.196732390556,326.24710055888886,417.7528994411111,42.54690154741745,15.251113136292371,2.7897571257386153,True
9375,Zählfeld A_54.1_1_I (veraltet),9.898177,53.553387,2025-11,11041.550692625833,9757.449307374167,257.97459228055556,462.0254077194445,42.80092312586271,21.118858712850656,2.02666837767226,True
9375,Zählfeld A_54.1_1_I (veraltet),9.898177,53.553387,2025-12,7623.640878994444,8696.359121005555,234.07368837805555,509.9263116219445,32.569405522765976,17.05414865403723,1.909764373670791,True
9375,Zählfeld A_54.1_1_I (veraltet),9.898177,53.553387,2026-01,2866.698865585278,3023.301134414722,251.92644384916667,492.0735561508333,11.379110591906052,6.144002449682547,1.8520680427941556,True
9375,Zählfeld A_54.1_1_I (veraltet),9.898177,53.553387,2026-02,5698.363202367223,3454.636797632778,274.9950323086111,397.00496769138886,20.721695059466665,8.701747027806045,2.3813258410353018,True
9376,Zählfeld A_54.1_2_I (veraltet),9.898177,53.553387,2025-01,8358.805714519167,7363.194285480833,252.25277094527777,491.74722905472225,33.136625945458796,14.97353487814254,2.2130129067805915,True
9376,Zählfeld A_54.1_2_I (veraltet),9.898177,53.553387,2025-02,11691.14646624139,5291.853533758611,275.4455073022222,396.55449269777773,42.4444986623569,13.344580962273048,3.180654288235299,True
9376,Zählfeld A_54.1_2_I (veraltet),9.898177,53.553387,2025-03,20495.987370611943,3029.0126293880558,368.8174108408333,375.1825891591667,55.572179534271456,8.073436019982882,6.8833368341215,True
9376,Zählfeld A_54.1_2_I (veraltet),9.898177,53.553387,2025-04,25817.233808475277,4851.766191524723,421.24926776527775,298.75073223472225,61.287308451443465,16.240181756986594,3.7738068063848735,True
9376,Zählfeld A_54.1_2_I (veraltet),9.898177,53.553387,2025-05,27528.030867905276,1597.9691320947222,493.9207367352778,250.07926326472221,55.733701423148034,6.389850606698192,8.722222920943553,True
9376,Zählfeld A_54.1_2_I (veraltet),9.898177,53.553387,2025-06,31684.782631394446,795.2173686055555,508.2723593,211.7276407,62.33819732993386,3.755850516146405,16.59762470895524,True
9376,Zählfeld A_54.1_2_I (veraltet),9.898177,53.553387,2025-07,30217.55364387389,1541.4463561261111,508.95938871444446,235.04061128555554,59.37124712484217,6.55821284541069,9.052961305821146,True
9376,Zählfeld A_54.1_2_I (veraltet),9.898177,53.553387,2025-08,22212.2836624675,2826.7163375325,456.3271263661111,287.6728736338889,48.67622891356801,9.826148367155263,4.953744549214466,True
9376,Zählfeld A_54.1_2_I (veraltet),9.898177,53.553387,2025-09,25179.583512505833,7740.416487494167,379.47910540944446,340.52089459055554,66.35301694763393,22.731105815991974,2.9190404322940027,True
9376,Zählfeld A_54.1_2_I (veraltet),9.898177,53.553387,2025-10,14696.699658576112,7141.300341423889,326.24710055888886,417.7528994411111,45.047755622653575,17.094556018588612,2.6352106234095034,True
9376,Zählfeld A_54.1_2_I (veraltet),9.898177,53.553387,2025-11,12805.243224654445,9230.756775345555,257.97459228055556,462.0254077194445,49.637613965984436,19.978894279664257,2.484502559108521,True
9376,Zählfeld A_54.1_2_I (veraltet),9.898177,53.553387,2025-12,8759.470868253056,8694.529131746944,234.07368837805555,509.9263116219445,37.42185176364426,17.050559921279376,2.194757939705029,True
9376,Zählfeld A_54.1_2_I (veraltet),9.898177,53.553387,2026-01,3632.04632402,2891.95367598,251.92644384916667,492.0735561508333,14.417090435312055,5.877075977424686,2.453106015762208,True
9376,Zählfeld A_54.1_2_I (veraltet),9.898177,53.553387,2026-02,6971.842104875555,3223.1578951244446,274.9950323086111,397.00496769138886,25.352611086630315,8.118684040321533,3.122748829824673,True
9377,Zählfeld B_62.1_1_I (veraltet),10.158565,53.49073,2025-01,863.2728783644444,924.7271216355556,252.25277094527777,491.74722905472225,3.422253302231188,1.8804927958885373,1.8198704667805787,True
9377,Zählfeld B_62.1_1_I (veraltet),10.158565,53.49073,2025-02,1179.8087281472222,758.1912718527777,275.4455073022222,396.55449269777773,4.283274538410683,1.911947250161684,2.240268154912991,True
9377,Zählfeld B_62.1_1_I (veraltet),10.158565,53.49073,2025-03,3167.189222554722,811.8107774452777,368.8174108408333,375.1825891591667,8.58741786439565,2.1637751881414644,3.96871999986822,True
9377,Zählfeld B_62.1_1_I (veraltet),10.158565,53.49073,2025-04,4114.757815792777,1295.2421842072222,421.24926776527775,298.75073223472225,9.76798805519952,4.335528065549902,2.253009992673311,True
9377,Zählfeld B_62.1_1_I (veraltet),10.158565,53.49073,2025-05,5106.541461100278,936.4585388997223,493.9207367352778,250.07926326472221,10.338787342385231,3.7446469038435666,2.7609511945634533,True
9377,Zählfeld B_62.1_1_I (veraltet),10.158565,53.49073,2025-06,4629.182867858889,554.8171321411111,508.2723593,211.7276407,9.107681704813274,2.6204284443297587,3.4756460244205583,True
9377,Zählfeld B_62.1_1_I (veraltet),10.158565,53.49073,2025-07,3651.7132917575,359.28670824249997,508.95938871444446,235.04061128555554,7.174861831277312,1.5286154434222237,4.6936996889253075,True
9377,Zählfeld B_62.1_1_I (veraltet),10.158565,53.49073,2025-08,4296.738066254445,295.26193374555555,456.3271263661111,287.6728736338889,9.415916385402811,1.0263808680179034,9.17390091612519,True
9377,Zählfeld B_62.1_1_I (veraltet),10.158565,53.49073,2025-09,3620.118651221667,1599.8813487783334,379.47910540944446,340.52089459055554,9.539704820679619,4.698335327416665,2.0304435839246358,True
9377,Zählfeld B_62.1_1_I (veraltet),10.158565,53.49073,2025-10,971.8383619127778,567.1616380872222,326.24710055888886,417.7528994411111,2.978841375901691,1.3576485976422832,2.194118110588263,True
9377,Zählfeld B_62.1_1_I (veraltet),10.158565,53.49073,2025-11,34.057713945833335,15.942286054166667,257.97459228055556,462.0254077194445,0.13201964443379946,0.03450521505485537,3.8260780065830207,True
9377,Zählfeld B_62.1_1_I (veraltet),10.158565,53.49073,2025-12,340.0764657988889,229.92353420111112,234.07368837805555,509.9263116219445,1.452860713031645,0.45089560777866805,3.2221664792636737,True
9377,Zählfeld B_62.1_1_I (veraltet),10.158565,53.49073,2026-01,187.49398192305554,214.50601807694446,251.92644384916667,492.0735561508333,0.7442409739063037,0.43592266927506423,1.7072775204463908,True
9377,Zählfeld B_62.1_1_I (veraltet),10.158565,53.49073,2026-02,536.6269653983334,297.3730346016667,274.9950323086111,397.00496769138886,1.9514060341137647,0.749041092183081,2.6052055814807034,True
9378,Zählfeld B_62.1_2_I (veraltet),10.158565,53.49073,2025-01,1131.3374760591666,670.6625239408334,252.25277094527777,491.74722905472225,4.484935772240108,1.363835898435131,3.288471712312409,True
9378,Zählfeld B_62.1_2_I (veraltet),10.158565,53.49073,2025-02,1445.4747878108333,451.52521218916667,275.4455073022222,396.55449269777773,5.247770428235159,1.1386208465762693,4.608883144915829,True
9378,Zählfeld B_62.1_2_I (veraltet),10.158565,53.49073,2025-03,3422.2754785702778,442.72452142972224,368.8174108408333,375.1825891591667,9.279050765982394,1.1800241648257874,7.863441311265269,True
9378,Zählfeld B_62.1_2_I (veraltet),10.158565,53.49073,2025-04,5120.664305022222,318.3356949777778,421.24926776527775,298.75073223472225,12.15590078574447,1.0655561999683,11.40803346281135,True
9378,Zählfeld B_62.1_2_I (veraltet),10.158565,53.49073,2025-05,5658.9716612405555,224.02833875944444,493.9207367352778,250.07926326472221,11.45724655871969,0.895829329608583,12.789541690631781,True
9378,Zählfeld B_62.1_2_I (veraltet),10.158565,53.49073,2025-06,5441.4424860633335,177.55751393666665,508.2723593,211.7276407,10.705761166232541,0.838612820459519,12.76603565441118,True
9378,Zählfeld B_62.1_2_I (veraltet),10.158565,53.49073,2025-07,4553.4769267452775,177.52307325472222,508.95938871444446,235.04061128555554,8.946640984945148,0.7552868088785128,11.845355803617917,True
9378,Zählfeld B_62.1_2_I (veraltet),10.158565,53.49073,2025-08,5270.462802167222,284.5371978327778,456.3271263661111,287.6728736338889,11.549746875969701,0.9890998558136497,11.677028166654306,True
9378,Zählfeld B_62.1_2_I (veraltet),10.158565,53.49073,2025-09,4976.197452032222,538.8025479677777,379.47910540944446,340.52089459055554,13.113231746088054,1.5822892413566494,8.287506104032417,True
9378,Zählfeld B_62.1_2_I (veraltet),10.158565,53.49073,2025-10,1375.4681954158334,263.53180458416665,326.24710055888886,417.7528994411111,4.216031937324623,0.6308317786345267,6.68329034794423,True
9378,Zählfeld B_62.1_2_I (veraltet),10.158565,53.49073,2025-11,46.11178516138889,14.88821483861111,257.97459228055556,462.0254077194445,0.17874545223136107,0.032223801093752134,5.547000855402437,True
9378,Zählfeld B_62.1_2_I (veraltet),10.158565,53.49073,2025-12,434.8012261366667,209.19877386333334,234.07368837805555,509.9263116219445,1.8575399445768266,0.4102529504663641,4.527791798852944,True
9378,Zählfeld B_62.1_2_I (veraltet),10.158565,53.49073,2026-01,293.76182666833336,133.23817333166667,251.92644384916667,492.0735561508333,1.166061895607173,0.270768814268137,4.306485216028036,True
9378,Zählfeld B_62.1_2_I (veraltet),10.158565,53.49073,2026-02,656.5294620319445,175.47053796805557,274.9950323086111,397.00496769138886,2.3874229891366157,0.44198574891500425,5.401583637022938,True
9391,Zählfeld D_26.2_1_I (veraltet),9.989417,53.561417,2025-01,25173.30378624611,29514.69621375389,252.25277094527777,491.74722905472225,99.79396338011708,60.02005597568798,1.6626769461951203,True
9391,Zählfeld D_26.2_1_I (veraltet),9.989417,53.561417,2025-02,32596.47090994639,19229.529090053613,275.4455073022222,396.55449269777773,118.34090608049432,48.491517418537555,2.440445512543487,True
9391,Zählfeld D_26.2_1_I (veraltet),9.989417,53.561417,2025-03,55803.29892289806,11543.701077101945,368.8174108408333,375.1825891591667,151.30332051211246,30.76822168899919,4.917519187214163,True
9391,Zählfeld D_26.2_1_I (veraltet),9.989417,53.561417,2025-04,72164.00332488361,17665.99667511639,421.24926776527775,298.75073223472225,171.3095044834446,59.1328983295565,2.897025333152302,True
9391,Zählfeld D_26.2_1_I (veraltet),9.989417,53.561417,2025-05,90527.94302634944,7280.056973650556,493.9207367352778,250.07926326472221,183.28435372995665,29.11099816358715,6.296051846109964,True
9391,Zählfeld D_26.2_1_I (veraltet),9.989417,53.561417,2025-06,96114.64259682361,4056.3574031763887,508.2723593,211.7276407,189.10066785688304,19.158374361351814,9.870392147590339,True
9391,Zählfeld D_26.2_1_I (veraltet),9.989417,53.561417,2025-07,99257.82473972777,6992.175260272222,508.95938871444446,235.04061128555554,195.02110962220038,29.748796269838184,6.555596665265044,True
9391,Zählfeld D_26.2_1_I (veraltet),9.989417,53.561417,2025-08,77724.51630027473,13307.483699725277,456.3271263661111,287.6728736338889,170.3263115634208,46.2590842564504,3.682007854266384,True
9391,Zählfeld D_26.2_1_I (veraltet),9.989417,53.561417,2025-09,64755.18892705945,27267.811072940556,379.47910540944446,340.52089459055554,170.6423041584619,80.07676329444494,2.1309840350440292,True
9391,Zählfeld D_26.2_1_I (veraltet),9.989417,53.561417,2025-10,41846.34155355778,28647.658446442223,326.24710055888886,417.7528994411111,128.26578836063663,68.57560650032201,1.8704287851983392,True
9391,Zählfeld D_26.2_1_I (veraltet),9.989417,53.561417,2025-11,35812.24537133556,29598.754628664443,257.97459228055556,462.0254077194445,138.82082361191834,64.06304530905297,2.166940752538673,True
9391,Zählfeld D_26.2_1_I (veraltet),9.989417,53.561417,2025-12,26002.295759950277,30655.704240049723,234.07368837805555,509.9263116219445,111.08594024439697,60.11791025754645,1.8478010923616999,True
9391,Zählfeld D_26.2_1_I (veraltet),9.989417,53.561417,2026-01,10368.504445265278,11267.495554734722,251.92644384916667,492.0735561508333,41.15687216810438,22.89799037947274,1.7974010594833727,True
9391,Zählfeld D_26.2_1_I (veraltet),9.989417,53.561417,2026-02,22527.903284031665,12137.096715968333,274.9950323086111,397.00496769138886,81.921128156053,30.571649484756787,2.6796437070528163,True
9394,Zählfeld D_4.1_1_I (veraltet),9.971919,53.545544,2025-01,8492.022122699722,7828.977877300278,252.25277094527777,491.74722905472225,33.66473276339918,15.920736131751664,2.114521117918638,True
9394,Zählfeld D_4.1_1_I (veraltet),9.971919,53.545544,2025-02,12384.929245390833,6288.070754609167,275.4455073022222,396.55449269777773,44.96326466418614,15.8567633714881,2.8355890550170013,True
9394,Zählfeld D_4.1_1_I (veraltet),9.971919,53.545544,2025-03,26573.123216240834,5388.876783759167,368.8174108408333,375.1825891591667,72.04953571920367,14.363344514030743,5.016208839718531,True
9394,Zählfeld D_4.1_1_I (veraltet),9.971919,53.545544,2025-04,41099.865559959166,4584.134440040833,421.24926776527775,298.75073223472225,97.56661602759206,15.344345453985948,6.358473635787933,True
9394,Zählfeld D_4.1_1_I (veraltet),9.971919,53.545544,2025-05,43893.00638931222,2519.9936106877776,493.9207367352778,250.07926326472221,88.86649845770124,10.076779568965021,8.818938416733538,True
9394,Zählfeld D_4.1_1_I (veraltet),9.971919,53.545544,2025-06,48536.56096146806,1915.4390385319443,508.2723593,211.7276407,95.49321357610968,9.046712239362067,10.555571023981573,True
9394,Zählfeld D_4.1_1_I (veraltet),9.971919,53.545544,2025-07,50870.570931862225,2374.429068137778,508.95938871444446,235.04061128555554,99.95015724212044,10.102207678710624,9.893892545166661,True
9394,Zählfeld D_4.1_1_I (veraltet),9.971919,53.545544,2025-08,48095.864636150276,3965.135363849722,456.3271263661111,287.6728736338889,105.39777685178194,13.783487173337065,7.646669926581758,True
9394,Zählfeld D_4.1_1_I (veraltet),9.971919,53.545544,2025-09,39595.03006356611,7099.9699364338885,379.47910540944446,340.52089459055554,104.34047487501185,20.850320932496484,5.004262294706022,True
9394,Zählfeld D_4.1_1_I (veraltet),9.971919,53.545544,2025-10,21446.602801590554,6887.397198409444,326.24710055888886,417.7528994411111,65.73729778701698,16.486772940711408,3.9872750127278946,True
9394,Zählfeld D_4.1_1_I (veraltet),9.971919,53.545544,2025-11,11514.862439868333,11037.137560131667,257.97459228055556,462.0254077194445,44.63564546443998,23.888594384042495,1.8684919148803687,True
9394,Zählfeld D_4.1_1_I (veraltet),9.971919,53.545544,2025-12,7922.765582019167,10152.234417980833,234.07368837805555,509.9263116219445,33.84731379642722,19.909218619626014,1.7000824815425644,True
9394,Zählfeld D_4.1_1_I (veraltet),9.971919,53.545544,2026-01,3676.9070718597222,3732.0929281402778,251.92644384916667,492.0735561508333,14.595161252945559,7.584420827922512,1.924360684102941,True
9394,Zählfeld D_4.1_1_I (veraltet),9.971919,53.545544,2026-02,7225.184328089166,3733.8156719108333,274.9950323086111,397.00496769138886,26.273872176646297,9.404959574242175,2.793618831558175,True
9395,Zählfeld D_4.2_2_I (veraltet),9.971936,53.54532,2025-01,8506.14662416639,9901.85337583361,252.25277094527777,491.74722905472225,33.720726207648525,20.136063389452715,1.6746434273399966,True
9395,Zählfeld D_4.2_2_I (veraltet),9.971936,53.54532,2025-02,13754.496301228612,7317.503698771389,275.4455073022222,396.55449269777773,49.93545342577328,18.45270658514064,2.7061316558289974,True
9395,Zählfeld D_4.2_2_I (veraltet),9.971936,53.54532,2025-03,32105.93852206889,4601.061477931111,368.8174108408333,375.1825891591667,87.05103820579804,12.263526109361024,7.098369378391915,True
9395,Zählfeld D_4.2_2_I (veraltet),9.971936,53.54532,2025-04,44408.17819258139,8131.821807418612,421.24926776527775,298.75073223472225,105.42019082470158,27.219420506824424,3.872977045865864,True
9395,Zählfeld D_4.2_2_I (veraltet),9.971936,53.54532,2025-05,46245.48641527722,2759.513584722778,493.9207367352778,250.07926326472221,93.62936798513684,11.034555799221488,8.485105308157724,True
9395,Zählfeld D_4.2_2_I (veraltet),9.971936,53.54532,2025-06,54498.024997256114,2074.975002743889,508.2723593,211.7276407,107.22209067656478,9.80020839926116,10.940797002301325,True
9395,Zählfeld D_4.2_2_I (veraltet),9.971936,53.54532,2025-07,51811.44121912083,3206.5587808791665,508.95938871444446,235.04061128555554,101.79877288439222,13.642573355050775,7.461845374406884,True
9395,Zählfeld D_4.2_2_I (veraltet),9.971936,53.54532,2025-08,53206.75571510611,6747.244284893889,456.3271263661111,287.6728736338889,116.59783659763929,23.454572548542995,4.971219848766009,True
9395,Zählfeld D_4.2_2_I (veraltet),9.971936,53.54532,2025-09,38218.959800279445,12518.040199720555,379.47910540944446,340.52089459055554,100.71426662356691,36.761445181718805,2.739671036481759,True
9395,Zählfeld D_4.2_2_I (veraltet),9.971936,53.54532,2025-10,19566.188571188333,11470.811428811667,317.3730299319444,404.6269700680555,61.650445141428655,28.349102450789065,2.174687725949951,True
9395,Zählfeld D_4.2_2_I (veraltet),9.971936,53.54532,2025-11,15135.627039910278,10795.372960089722,257.97459228055556,462.0254077194445,58.670998977487685,23.365323161285954,2.511028782803217,True
9395,Zählfeld D_4.2_2_I (veraltet),9.971936,53.54532,2025-12,9779.593171002221,10864.406828997779,234.07368837805555,509.9263116219445,41.77997637738365,21.305836905024364,1.9609638693672273,True
9395,Zählfeld D_4.2_2_I (veraltet),9.971936,53.54532,2026-01,3899.325421651111,4101.674578348889,251.92644384916667,492.0735561508333,15.478031452647796,8.335490755556105,1.8568830446282674,True
9395,Zählfeld D_4.2_2_I (veraltet),9.971936,53.54532,2026-02,8153.730088370277,4046.269911629722,248.12000039944445,355.87999960055555,32.86204286330693,11.369759233930846,2.8903024406388944,True
9396,Zählfeld B_26.1_1_G (veraltet),9.990389,53.561306,2025-01,1604.0079582177777,1541.9920417822223,252.25277094527777,491.74722905472225,6.358732759235941,3.13574119115296,2.0278244828291903,True
9396,Zählfeld B_26.1_1_G (veraltet),9.990389,53.561306,2025-02,1869.8156333794445,1004.1843666205556,275.4455073022222,396.55449269777773,6.788332297349325,2.532273332194637,2.6807265278373813,True
9396,Zählfeld B_26.1_1_G (veraltet),9.990389,53.561306,2025-03,3345.301093050278,736.6989069497222,368.8174108408333,375.1825891591667,9.070344822994201,1.9635743454960448,4.619302978672203,True
9396,Zählfeld B_26.1_1_G (veraltet),9.990389,53.561306,2025-04,5267.9715816866665,769.0284183133333,421.24926776527775,298.75073223472225,12.505592258078433,2.5741473922451297,4.858149263617441,True
9396,Zählfeld B_26.1_1_G (veraltet),9.990389,53.561306,2025-05,5209.828713903334,418.1712860966667,493.9207367352778,250.07926326472221,10.547904403324532,1.6721549825345179,6.307970561040261,True
9396,Zählfeld B_26.1_1_G (veraltet),9.990389,53.561306,2025-06,5532.904983822223,279.0950161777778,508.2723593,211.7276407,10.885708975877066,1.318179408484656,8.258139146924611,True
9396,Zählfeld B_26.1_1_G (veraltet),9.990389,53.561306,2025-07,5536.7282480825,459.2717519175,508.95938871444446,235.04061128555554,10.878526599278285,1.954010200218215,5.5672824011171596,True
9396,Zählfeld B_26.1_1_G (veraltet),9.990389,53.561306,2025-08,4456.077819896111,808.9221801038889,456.3271263661111,287.6728736338889,9.765095174992952,2.8119515402532373,3.472711046120493,True
9396,Zählfeld B_26.1_1_G (veraltet),9.990389,53.561306,2025-09,4512.708152799167,1367.2918472008332,379.47910540944446,340.52089459055554,11.891848822427562,4.015295005156361,2.961637639863644,True
9396,Zählfeld B_26.1_1_G (veraltet),9.990389,53.561306,2025-10,3201.493469864722,1679.5065301352777,326.24710055888886,417.7528994411111,9.8130940148749,4.020334825640225,2.440864863366747,True
9396,Zählfeld B_26.1_1_G (veraltet),9.990389,53.561306,2025-11,2176.5910755019445,1751.4089244980555,257.97459228055556,462.0254077194445,8.437230411957906,3.7907199371199143,2.225759368118417,True
9396,Zählfeld B_26.1_1_G (veraltet),9.990389,53.561306,2025-12,1520.185356548611,1603.814643451389,234.07368837805555,509.9263116219445,6.494473458688527,3.1451890339803548,2.064891295411115,True
9396,Zählfeld B_26.1_1_G (veraltet),9.990389,53.561306,2026-01,829.4958364133333,772.5041635866667,251.92644384916667,492.0735561508333,3.292611223099584,1.5698957075227877,2.097343923753477,True
9396,Zählfeld B_26.1_1_G (veraltet),9.990389,53.561306,2026-02,1970.8622928533334,1155.1377071466666,274.9950323086111,397.00496769138886,7.16690143930145,2.9096303602039835,2.463165609393423,True
9397,Zählfeld B_26.1_2_I (veraltet),9.990389,53.561306,2025-01,32073.186526771944,30134.813473228056,252.25277094527777,491.74722905472225,127.1470137139929,61.281104788644605,2.0748159510589184,True
9397,Zählfeld B_26.1_2_I (veraltet),9.990389,53.561306,2025-02,42410.246030959446,21542.753969040554,275.4455073022222,396.55449269777773,153.969641568437,54.3248263876277,2.834240839902676,True
9397,Zählfeld B_26.1_2_I (veraltet),9.990389,53.561306,2025-03,70791.01458395527,17760.98541604472,368.8174108408333,375.1825891591667,191.9405442995906,47.339577926175664,4.05454701347179,True
9397,Zählfeld B_26.1_2_I (veraltet),9.990389,53.561306,2025-04,103704.34749465695,12641.652505343056,421.24926776527775,298.75073223472225,246.18285521256155,42.3150511156263,5.817855555458611,True
9397,Zählfeld B_26.1_2_I (veraltet),9.990389,53.561306,2025-05,111940.23973265056,6983.760267349445,493.9207367352778,250.07926326472221,226.63603976734055,27.926186986390643,8.11553828948391,True
9397,Zählfeld B_26.1_2_I (veraltet),9.990389,53.561306,2025-06,117253.585561275,4775.414438725,508.2723593,211.7276407,230.69046233944007,22.554515900412618,10.228127411735748,True
9397,Zählfeld B_26.1_2_I (veraltet),9.990389,53.561306,2025-07,119230.74814036861,6655.2518596313885,508.95938871444446,235.04061128555554,234.26377582212936,28.31532739482961,8.273391035023174,True
9397,Zählfeld B_26.1_2_I (veraltet),9.990389,53.561306,2025-08,101106.45239580667,10535.547604193333,456.3271263661111,287.6728736338889,221.56572895622472,36.62336135871313,6.049846893791784,True
9397,Zählfeld B_26.1_2_I (veraltet),9.990389,53.561306,2025-09,98399.929559975,19477.070440025,379.47910540944446,340.52089459055554,259.30262867518087,57.19787170019141,4.533431419167877,True
9397,Zählfeld B_26.1_2_I (veraltet),9.990389,53.561306,2025-10,67244.75003523112,24011.24996476889,326.24710055888886,417.7528994411111,206.11600814240242,57.47715933723557,3.586050711606302,True
9397,Zählfeld B_26.1_2_I (veraltet),9.990389,53.561306,2025-11,43167.6636370775,36775.3363629225,257.97459228055556,462.0254077194445,167.3330046012101,79.59591777527,2.1022812385134597,True
9397,Zählfeld B_26.1_2_I (veraltet),9.990389,53.561306,2025-12,31035.43549529417,35816.564504705835,234.07368837805555,509.9263116219445,132.5883131519183,70.23870643345026,1.8876815915956968,True
9397,Zählfeld B_26.1_2_I (veraltet),9.990389,53.561306,2026-01,15729.288432341667,13335.711567658333,251.92644384916667,492.0735561508333,62.43603566189781,27.101053086401965,2.303823230146923,True
9397,Zählfeld B_26.1_2_I (veraltet),9.990389,53.561306,2026-02,29322.124587034443,14822.875412965555,274.9950323086111,397.00496769138886,106.62783374983992,37.336750467284055,2.8558412935070896,True
9400,Zählfeld D_58.3_2_I (veraltet),10.075197,53.58872,2025-01,2639.6245209508334,2287.3754790491666,252.25277094527777,491.74722905472225,10.464204262491364,4.651526930708184,2.2496277928456956,True
9400,Zählfeld D_58.3_2_I (veraltet),10.075197,53.58872,2025-02,3271.531775345,1758.468224655,275.4455073022222,396.55449269777773,11.877237742547148,4.434367172824252,2.6784515759849734,True
9400,Zählfeld D_58.3_2_I (veraltet),10.075197,53.58872,2025-03,6047.3957444269445,1290.6042555730555,368.8174108408333,375.1825891591667,16.396719804089606,3.4399364279282487,4.766576402682176,True
9400,Zählfeld D_58.3_2_I (veraltet),10.075197,53.58872,2025-04,7809.903111487222,1183.0968885127777,421.24926776527775,298.75073223472225,18.53986157155516,3.960147242696105,4.681609151212532,True
9400,Zählfeld D_58.3_2_I (veraltet),10.075197,53.58872,2025-05,9225.056852406944,617.9431475930555,493.9207367352778,250.07926326472221,18.677200948036354,2.4709891557019255,7.558592843249765,True
9400,Zählfeld D_58.3_2_I (veraltet),10.075197,53.58872,2025-06,10039.652288665,476.347711335,508.2723593,211.7276407,19.75250494142895,2.249813532895991,8.779618689555686,True
9400,Zählfeld D_58.3_2_I (veraltet),10.075197,53.58872,2025-07,10134.154234834166,717.8457651658333,508.95938871444446,235.04061128555554,19.911518403131396,3.0541350332590316,6.5195278487356365,True
9400,Zählfeld D_58.3_2_I (veraltet),10.075197,53.58872,2025-08,8912.863778614723,1097.1362213852778,456.3271263661111,287.6728736338889,19.53174217274985,3.8138327313459675,5.121289670681693,True
9400,Zählfeld D_58.3_2_I (veraltet),10.075197,53.58872,2025-09,8039.142174771388,2081.857825228611,379.47910540944446,340.52089459055554,21.184676732326118,6.113744731382343,3.4650901637393314,True
9400,Zählfeld D_58.3_2_I (veraltet),10.075197,53.58872,2025-10,4786.711641883611,2130.2883581163887,326.24710055888886,417.7528994411111,14.672043471600421,5.099398139345976,2.8772108140358275,True
9400,Zählfeld D_58.3_2_I (veraltet),10.075197,53.58872,2025-11,3418.323082173889,3010.676917826111,257.97459228055556,462.0254077194445,13.25061918677772,6.516258343208439,2.0334705115840226,True
9400,Zählfeld D_58.3_2_I (veraltet),10.075197,53.58872,2025-12,2346.707439501111,2879.292560498889,234.07368837805555,509.9263116219445,10.025507162987548,5.6464875313858585,1.7755298505949086,True
9400,Zählfeld D_58.3_2_I (veraltet),10.075197,53.58872,2026-01,866.5432532827778,716.4567467172222,251.92644384916667,492.0735561508333,3.439667706346835,1.4559952221809895,2.3624168911725056,True
9400,Zählfeld D_58.3_2_I (veraltet),10.075197,53.58872,2026-02,2088.5280765722223,1030.4719234277777,274.9950323086111,397.00496769138886,7.594784745887291,2.595614683161379,2.92600623473014,True
9404,Zählfeld B_65.2_1_G (veraltet),9.975668,53.460262,2025-01,798.5064191186111,652.4935808813889,252.25277094527777,491.74722905472225,3.1655010810241384,1.3268881700374129,2.3856577762200444,True
9404,Zählfeld B_65.2_1_G (veraltet),9.975668,53.460262,2025-02,995.2873749452777,596.7126250547223,275.4455073022222,396.55449269777773,3.613373057681555,1.5047430707322464,2.4013222775122633,True
9404,Zählfeld B_65.2_1_G (veraltet),9.975668,53.460262,2025-03,1464.0441822997223,604.9558177002777,368.8174108408333,375.1825891591667,3.96956363573504,1.6124304143645443,2.4618511288125493,True
9404,Zählfeld B_65.2_1_G (veraltet),9.975668,53.460262,2025-04,2131.979062217778,328.02093778222223,421.24926776527775,298.75073223472225,5.061086689901922,1.0979753432855288,4.6094720804543465,True
9404,Zählfeld B_65.2_1_G (veraltet),9.975668,53.460262,2025-05,2779.0223709030556,277.97762909694444,493.9207367352778,250.07926326472221,5.626454133656881,1.1115580934941027,5.0617724494907215,True
9404,Zählfeld B_65.2_1_G (veraltet),9.975668,53.460262,2025-06,3834.0463086786112,299.9536913213889,508.2723593,211.7276407,7.543290990599833,1.416695951127126,5.324565927218453,True
9404,Zählfeld B_65.2_1_G (veraltet),9.975668,53.460262,2025-07,4077.8853768191666,390.11462318083335,508.95938871444446,235.04061128555554,8.012201891233989,1.6597753939078863,4.827280799945783,True
9404,Zählfeld B_65.2_1_G (veraltet),9.975668,53.460262,2025-08,2782.844828756111,460.1551712438889,456.3271263661111,287.6728736338889,6.098355035162726,1.5995779005201307,3.812477675003974,True
9404,Zählfeld B_65.2_1_G (veraltet),9.975668,53.460262,2025-09,2836.0187953883333,717.9812046116666,379.47910540944446,340.52089459055554,7.473451778928302,2.108479144796597,3.5444750769158113,True
9404,Zählfeld B_65.2_1_G (veraltet),9.975668,53.460262,2025-10,2148.5424039816667,995.4575960183333,326.24710055888886,417.7528994411111,6.58562911456081,2.382886144776259,2.763719588112829,True
9404,Zählfeld B_65.2_1_G (veraltet),9.975668,53.460262,2025-11,1319.4029956186112,1191.5970043813888,257.97459228055556,462.0254077194445,5.114468769791555,2.5790724589435605,1.9830651721536137,True
9404,Zählfeld B_65.2_1_G (veraltet),9.975668,53.460262,2025-12,1147.8109726980556,1287.1890273019444,234.07368837805555,509.9263116219445,4.903630906367446,2.5242647770179323,1.9425976827044282,True
9404,Zählfeld B_65.2_1_G (veraltet),9.975668,53.460262,2026-01,542.9955922725,508.0044077275,251.92644384916667,492.0735561508333,2.1553735446589406,1.0323749394323956,2.0877817373637284,True
9404,Zählfeld B_65.2_1_G (veraltet),9.975668,53.460262,2026-02,918.7987751852778,652.2012248147222,274.9950323086111,397.00496769138886,3.3411468108055233,1.642803687337509,2.0338077133370196,True
9405,Zählfeld B_65.2_2_I (veraltet),9.975668,53.460262,2025-01,2203.637701741111,2082.362298258889,252.25277094527777,491.74722905472225,8.735831497443312,4.234619282475227,2.0629555846014638,True
9405,Zählfeld B_65.2_2_I (veraltet),9.975668,53.460262,2025-02,2751.4447014858333,1596.5552985141667,275.4455073022222,396.55449269777773,9.989070899845588,4.026067861828347,2.4810984917947407,True
9405,Zählfeld B_65.2_2_I (veraltet),9.975668,53.460262,2025-03,4327.397699655833,1154.6023003441667,368.8174108408333,375.1825891591667,11.733170865741377,3.077441047922244,3.8126387095743426,True
9405,Zählfeld B_65.2_2_I (veraltet),9.975668,53.460262,2025-04,4919.336875190278,1488.6631248097221,421.24926776527775,298.75073223472225,11.677971338175377,4.982960589499444,2.343580915085758,True
9405,Zählfeld B_65.2_2_I (veraltet),9.975668,53.460262,2025-05,5916.449977576666,831.5500224233333,493.9207367352778,250.07926326472221,11.97854136816218,3.3251458420328652,3.6024108226299525,True
9405,Zählfeld B_65.2_2_I (veraltet),9.975668,53.460262,2025-06,6680.020494443611,590.9795055563889,508.2723593,211.7276407,13.14260036418945,2.791225102223457,4.708541906462581,True
9405,Zählfeld B_65.2_2_I (veraltet),9.975668,53.460262,2025-07,7008.388594264166,916.6114057358333,508.95938871444446,235.04061128555554,13.77003499624265,3.8998001269756046,3.5309591640332774,True
9405,Zählfeld B_65.2_2_I (veraltet),9.975668,53.460262,2025-08,5375.937894135,1375.062105865,456.3271263661111,287.6728736338889,11.780886087017073,4.779950533726697,2.4646460259144325,True
9405,Zählfeld B_65.2_2_I (veraltet),9.975668,53.460262,2025-09,5069.547560390278,2311.452439609722,379.47910540944446,340.52089459055554,13.359227130359171,6.7879900362326575,1.9680681702611276,True
9405,Zählfeld B_65.2_2_I (veraltet),9.975668,53.460262,2025-10,4164.0669508075,2417.9330491924998,326.24710055888886,417.7528994411111,12.76353703580538,5.7879503707271,2.205191167560406,True
9405,Zählfeld B_65.2_2_I (veraltet),9.975668,53.460262,2025-11,3341.8990947986113,2414.1009052013887,257.97459228055556,462.0254077194445,12.954373007261854,5.225039283266652,2.479287198614684,True
9405,Zählfeld B_65.2_2_I (veraltet),9.975668,53.460262,2025-12,2575.0468980658334,2592.9531019341666,234.07368837805555,509.9263116219445,11.001009621836866,5.084956478685419,2.163442237499914,True
9405,Zählfeld B_65.2_2_I (veraltet),9.975668,53.460262,2026-01,1153.8281893716667,1038.1718106283333,251.92644384916667,492.0735561508333,4.580020150891688,2.1097898833444053,2.170841839298003,True
9405,Zählfeld B_65.2_2_I (veraltet),9.975668,53.460262,2026-02,1956.8023036616667,1043.1976963383333,274.9950323086111,397.00496769138886,7.115773282281188,2.6276691256651006,2.7080172358002206,True
9406,Zählfeld B_66.2_1_I (veraltet),9.961801,53.55905,2025-01,12037.395813758334,13912.604186241666,252.25277094527777,491.74722905472225,47.71957813842868,28.292186237603495,1.6866698719452087,True
9406,Zählfeld B_66.2_1_I (veraltet),9.961801,53.55905,2025-02,16351.587825016944,9813.412174983056,275.4455073022222,396.55449269777773,59.36414786782411,24.746692713583897,2.398871984830445,True
9406,Zählfeld B_66.2_1_I (veraltet),9.961801,53.55905,2025-03,28053.425973514168,6301.574026485833,368.8174108408333,375.1825891591667,76.06318234694427,16.796019347828707,4.528643410783953,True
9406,Zählfeld B_66.2_1_I (veraltet),9.961801,53.55905,2025-04,34852.13934025389,8049.860659746111,421.24926776527775,298.75073223472225,82.73519269278275,26.94507424142982,3.0705127011887003,True
9406,Zählfeld B_66.2_1_I (veraltet),9.961801,53.55905,2025-05,40219.93883836445,3250.0611616355554,493.9207367352778,250.07926326472221,81.42994583343595,12.996124185615473,6.26571004327315,True
9406,Zählfeld B_66.2_1_I (veraltet),9.961801,53.55905,2025-06,41847.55468310945,2098.4453168905557,508.2723593,211.7276407,82.33293413937068,9.911059840617947,8.307177583768608,True
9406,Zählfeld B_66.2_1_I (veraltet),9.961801,53.55905,2025-07,43057.5460941075,3273.4539058925,508.95938871444446,235.04061128555554,84.59917834085827,13.927184276744054,6.07439211399852,True
9406,Zählfeld B_66.2_1_I (veraltet),9.961801,53.55905,2025-08,34859.29775587778,6024.7022441222225,456.3271263661111,287.6728736338889,76.39102683523174,20.94289311334112,3.647587103740163,True
9406,Zählfeld B_66.2_1_I (veraltet),9.961801,53.55905,2025-09,33523.350732747225,13071.649267252778,379.47910540944446,340.52089459055554,88.34043891975745,38.38721639378462,2.301298380521826,True
9406,Zählfeld B_66.2_1_I (veraltet),9.961801,53.55905,2025-10,22242.204435143056,14524.795564856944,326.24710055888886,417.7528994411111,68.17594515641757,34.76886835325112,1.9608330206134725,True
9406,Zählfeld B_66.2_1_I (veraltet),9.961801,53.55905,2025-11,18621.152354415557,15724.847645584445,257.97459228055556,462.0254077194445,72.18211758685314,34.03459503061147,2.1208454962349617,True
9406,Zählfeld B_66.2_1_I (veraltet),9.961801,53.55905,2025-12,12869.673372965555,15469.326627034445,234.07368837805555,509.9263116219445,54.981290131933044,30.33639620954348,1.8123870004913953,True
9406,Zählfeld B_66.2_1_I (veraltet),9.961801,53.55905,2026-01,5893.852755479166,6420.147244520834,251.92644384916667,492.0735561508333,23.39513337872515,13.04712916243947,1.7931249922838102,True
9406,Zählfeld B_66.2_1_I (veraltet),9.961801,53.55905,2026-02,11238.616747295,6472.383252705,274.9950323086111,397.00496769138886,40.86843552389175,16.303028373529816,2.5068002451769766,True
9407,Zählfeld B_66.2_2_G (veraltet),9.961801,53.55905,2025-01,1014.9976707102778,1022.0023292897222,252.25277094527777,491.74722905472225,4.023732492240751,2.078308262670439,1.9360614421417048,True
9407,Zählfeld B_66.2_2_G (veraltet),9.961801,53.55905,2025-02,1287.341361963611,775.6586380363889,275.4455073022222,396.55449269777773,4.673669846976753,1.9559950834488065,2.3894077682118446,True
9407,Zählfeld B_66.2_2_G (veraltet),9.961801,53.55905,2025-03,1968.7406690297223,766.2593309702778,368.8174108408333,375.1825891591667,5.337981915065694,2.042363779959953,2.6136293482301975,True
9407,Zählfeld B_66.2_2_G (veraltet),9.961801,53.55905,2025-04,2729.7758098608333,565.2241901391667,421.24926776527775,298.75073223472225,6.4801912282061895,1.8919591791831385,3.42512211653744,True
9407,Zählfeld B_66.2_2_G (veraltet),9.961801,53.55905,2025-05,3130.6625939594446,431.33740604055555,493.9207367352778,250.07926326472221,6.33839067914526,1.7248027701679605,3.6748495473068097,True
9407,Zählfeld B_66.2_2_G (veraltet),9.961801,53.55905,2025-06,3265.024458826389,388.97554117361113,508.2723593,211.7276407,6.423769459592545,1.837150500934152,3.4965940222786296,True
9407,Zählfeld B_66.2_2_G (veraltet),9.961801,53.55905,2025-07,3632.1119146205556,404.8880853794444,508.95938871444446,235.04061128555554,7.136349176689183,1.7226303282862798,4.142704943427195,True
9407,Zählfeld B_66.2_2_G (veraltet),9.961801,53.55905,2025-08,2758.077879281389,609.9221207186112,456.3271263661111,287.6728736338889,6.044080485078558,2.1201933745579273,2.8507213340098208,True
9407,Zählfeld B_66.2_2_G (veraltet),9.961801,53.55905,2025-09,2571.307082781111,723.6929172188889,379.47910540944446,340.52089459055554,6.7758858027420565,2.125252601867682,3.1882731477601185,True
9407,Zählfeld B_66.2_2_G (veraltet),9.961801,53.55905,2025-10,1963.407403501389,870.5925964986111,326.24710055888886,417.7528994411111,6.018160468362496,2.0839893574965718,2.8878076784383944,True
9407,Zählfeld B_66.2_2_G (veraltet),9.961801,53.55905,2025-11,1285.2735651522223,1288.7264348477777,257.97459228055556,462.0254077194445,4.9821711269707,2.7892977600710878,1.7861739962978083,True
9407,Zählfeld B_66.2_2_G (veraltet),9.961801,53.55905,2025-12,1040.645623666111,1342.354376333889,234.07368837805555,509.9263116219445,4.445803502636103,2.6324477590972015,1.6888477605195829,True
9407,Zählfeld B_66.2_2_G (veraltet),9.961801,53.55905,2026-01,646.6655233933334,632.3344766066666,251.92644384916667,492.0735561508333,2.566882275290262,1.285040556848862,1.9975107101558673,True
9407,Zählfeld B_66.2_2_G (veraltet),9.961801,53.55905,2026-02,1026.4288608544443,728.5711391455555,274.9950323086111,397.00496769138886,3.7325360106961583,1.8351688226528922,2.033892448815941,True
9408,Zählfeld I_71.1_2_I (veraltet),9.997388,53.545395,2025-01,6303.113491196945,5253.886508803055,252.25277094527777,491.74722905472225,24.987291388621873,10.684120211317746,2.3387317714894955,True
9408,Zählfeld I_71.1_2_I (veraltet),9.997388,53.545395,2025-02,8359.275949842779,3316.7240501572223,275.4455073022222,396.55449269777773,30.348202196926298,8.363854429169121,3.6284947871744744,True
9408,Zählfeld I_71.1_2_I (veraltet),9.997388,53.545395,2025-03,13781.63012499,1869.36987501,368.8174108408333,375.1825891591667,37.3670811623847,4.982560302703552,7.499574293583403,True
9408,Zählfeld I_71.1_2_I (veraltet),9.997388,53.545395,2025-04,22555.5805412975,1800.4194587025,421.24926776527775,298.75073223472225,53.544497919140795,6.026493877470894,8.884850629203912,True
9408,Zählfeld I_71.1_2_I (veraltet),9.997388,53.545395,2025-05,23563.270340236388,755.7296597636112,493.9207367352778,250.07926326472221,47.70658242855954,3.021960517228616,15.786633265582955,True
9408,Zählfeld I_71.1_2_I (veraltet),9.997388,53.545395,2025-06,23054.46862569,453.53137431,508.2723593,211.7276407,45.35849373639154,2.14205085746275,21.175264620055977,True
9408,Zählfeld I_71.1_2_I (veraltet),9.997388,53.545395,2025-07,23493.328797555278,751.6712024447222,508.95938871444446,235.04061128555554,46.159535158386454,3.198048194026784,14.433658393454424,True
9408,Zählfeld I_71.1_2_I (veraltet),9.997388,53.545395,2025-08,26434.972158578334,1690.0278414216666,456.3271263661111,287.6728736338889,57.929872302549825,5.874825179285083,9.860697218159503,True
9408,Zählfeld I_71.1_2_I (veraltet),9.997388,53.545395,2025-09,27992.889946406944,4699.110053593055,379.47910540944446,340.52089459055554,73.76661731138955,13.799770082371289,5.345496111244908,True
9408,Zählfeld I_71.1_2_I (veraltet),9.997388,53.545395,2025-10,18299.539563791943,5431.460436208055,326.24710055888886,417.7528994411111,56.091041215211675,13.001610386126611,4.314161057699723,True
9408,Zählfeld I_71.1_2_I (veraltet),9.997388,53.545395,2025-11,11157.96770185,8632.03229815,257.97459228055556,462.0254077194445,43.25219628495568,18.683025119241115,2.315053157018532,True
9408,Zählfeld I_71.1_2_I (veraltet),9.997388,53.545395,2025-12,8464.35831882639,8745.64168117361,234.07368837805555,509.9263116219445,36.16108404783835,17.15079508910998,2.1084202720606866,True
9408,Zählfeld I_71.1_2_I (veraltet),9.997388,53.545395,2026-01,4239.864486079445,3592.1355139205557,251.92644384916667,492.0735561508333,16.829771505122086,7.299997061454513,2.305449079423161,True
9408,Zählfeld I_71.1_2_I (veraltet),9.997388,53.545395,2026-02,7730.730575284444,3124.2694247155555,274.9950323086111,397.00496769138886,28.11225537561235,7.869597811038478,3.5722607496128997,True
9409,Zählfeld D_80.1_1_I (veraltet),9.995139,53.583668,2025-01,12817.821037758611,11172.178962241389,252.25277094527777,491.74722905472225,50.81340034333749,22.719353159787982,2.236568972098838,True
9409,Zählfeld D_80.1_1_I (veraltet),9.995139,53.583668,2025-02,17449.439508799445,7896.560491200556,275.4455073022222,393.55449269777773,63.34987881887543,20.064719467615276,3.157277076368946,True
9409,Zählfeld D_80.1_1_I (veraltet),9.995139,53.583668,2025-03,29967.475252681943,5697.524747318055,347.0845659255556,341.9154340744444,86.34055845372714,16.66354946140731,5.181402596949192,True
9409,Zählfeld D_80.1_1_I (veraltet),9.995139,53.583668,2025-04,43486.03376399778,7127.966236002222,421.24926776527775,298.75073223472225,103.23112012678541,23.85924272949372,4.326672111817521,True
9409,Zählfeld D_80.1_1_I (veraltet),9.995139,53.583668,2025-05,49269.22500919778,3011.7749908022224,493.9207367352778,250.07926326472221,99.75127858542241,12.043281603937302,8.282732386894514,True
9409,Zählfeld D_80.1_1_I (veraltet),9.995139,53.583668,2025-06,52234.07517332278,1924.9248266772222,508.2723593,211.7276407,102.76788461458007,9.091514080604508,11.303715058179494,True
9409,Zählfeld D_80.1_1_I (veraltet),9.995139,53.583668,2025-07,51166.08409941694,2834.9159005830556,508.95938871444446,235.04061128555554,100.53077953558306,12.06138754097631,8.33492657408184,True
9409,Zählfeld D_80.1_1_I (veraltet),9.995139,53.583668,2025-08,43303.419975903336,5450.580024096666,456.3271263661111,287.6728736338889,94.89556389238412,18.947146302829466,5.008435696631155,True
9409,Zählfeld D_80.1_1_I (veraltet),9.995139,53.583668,2025-09,39876.35695563972,10421.643044360279,379.47910540944446,340.52089459055554,105.08182502595116,30.605003128784,3.4334851914170113,True
9409,Zählfeld D_80.1_1_I (veraltet),9.995139,53.583668,2025-10,23208.704808843057,10865.295191156943,326.24710055888886,417.7528994411111,71.13842473721478,26.008904320456022,2.7351565394957587,True
9409,Zählfeld D_80.1_1_I (veraltet),9.995139,53.583668,2025-11,17900.921111438332,13016.078888561666,257.97459228055556,462.0254077194445,69.39024867987973,28.171781618697068,2.4631118336451525,True
9409,Zählfeld D_80.1_1_I (veraltet),9.995139,53.583668,2025-12,13253.023973774722,13577.976026225278,234.07368837805555,509.9263116219445,56.61902482764139,26.62732970777136,2.1263500865096794,True
9409,Zählfeld D_80.1_1_I (veraltet),9.995139,53.583668,2026-01,5479.593260759167,4627.406739240833,251.92644384916667,492.0735561508333,21.750766521516525,9.403892327476369,2.312953590287817,True
9409,Zählfeld D_80.1_1_I (veraltet),9.995139,53.583668,2026-02,10874.89273714611,5295.107262853889,274.9950323086111,397.00496769138886,39.54577886680456,13.337634774812267,2.964976889417126,True
9434,Zählfeld D_21.2_1_G (veraltet),9.936657,53.550106,2025-01,15.309691880555555,9.690308119444445,252.25277094527777,491.74722905472225,0.060691868014709535,0.01970587234029151,,False
9434,Zählfeld D_21.2_1_G (veraltet),9.936657,53.550106,2025-02,27.878494853055557,12.121505146944445,275.4455073022222,396.55449269777773,0.10121237818000396,0.03056706044226434,3.3111583749172047,True
9434,Zählfeld D_21.2_1_G (veraltet),9.936657,53.550106,2025-03,23.920033488333335,7.079966511666667,368.8174108408333,375.1825891591667,0.0648560311559051,0.018870722459519772,,False
9434,Zählfeld D_21.2_1_G (veraltet),9.936657,53.550106,2025-04,49.632036275833336,17.367963724166668,421.24926776527775,298.75073223472225,0.11782106242968846,0.05813530093884764,2.0266698636964846,True
9434,Zählfeld D_21.2_1_G (veraltet),9.936657,53.550106,2025-05,60.93176926277778,12.068230737222223,493.9207367352778,250.07926326472221,0.12336345638274918,0.048257622721990176,2.556351710349266,True
9434,Zählfeld D_21.2_1_G (veraltet),9.936657,53.550106,2025-06,50.679490710555555,12.320509289444445,508.2723593,211.7276407,0.0997093187997712,0.05819036781740536,1.7135021231116376,True
9434,Zählfeld D_21.2_1_G (veraltet),9.936657,53.550106,2025-07,43.69850418027778,6.301495819722222,508.95938871444446,235.04061128555554,0.08585852849802748,0.026810242643839997,,False
9434,Zählfeld D_21.2_1_G (veraltet),9.936657,53.550106,2025-08,41.0,5.0,456.3271263661111,287.6728736338889,0.0898478254547281,0.017380853247787705,,False
9434,Zählfeld D_21.2_1_G (veraltet),9.936657,53.550106,2025-09,46.307526601111114,8.69247339888889,379.47910540944446,340.52089459055554,0.12202918669565993,0.025526989788220704,,False
9434,Zählfeld D_21.2_1_G (veraltet),9.936657,53.550106,2025-10,24.297725518333333,5.702274481666667,326.24710055888886,417.7528994411111,0.07447644891467012,0.01364987409852913,,False
9434,Zählfeld D_21.2_1_G (veraltet),9.936657,53.550106,2025-11,15.717185186944445,10.282814813055555,257.97459228055556,462.0254077194445,0.06092532232729147,0.022255950952592602,2.7374845701748933,True
9434,Zählfeld D_21.2_1_G (veraltet),9.936657,53.550106,2025-12,19.3855960525,9.6144039475,234.07368837805555,509.9263116219445,0.08281834744787746,0.01885449667603747,,False
9434,Zählfeld D_21.2_1_G (veraltet),9.936657,53.550106,2026-01,16.715138931944445,6.284861068055555,251.92644384916667,492.0735561508333,0.06634928305482742,0.012772198362411252,,False
9434,Zählfeld D_21.2_1_G (veraltet),9.936657,53.550106,2026-02,10.0,3.0,274.9950323086111,397.00496769138886,0.03636429326031452,0.007556580506901982,,False
9435,Zählfeld D_21.2_2_I (veraltet),9.936657,53.550106,2025-01,11464.944551560278,9899.055448439722,252.25277094527777,491.74722905472225,45.45022244392874,20.130373621969394,2.257793287767217,True
9435,Zählfeld D_21.2_2_I (veraltet),9.936657,53.550106,2025-02,15669.019514068612,7033.980485931389,275.4455073022222,396.55449269777773,56.886095792720155,17.737739996535932,3.2070656015833836,True
9435,Zählfeld D_21.2_2_I (veraltet),9.936657,53.550106,2025-03,24460.493999876388,4197.506000123612,368.8174108408333,375.1825891591667,66.3214188942738,11.18790189473017,5.9279585679521505,True
9435,Zählfeld D_21.2_2_I (veraltet),9.936657,53.550106,2025-04,30488.495215485,4994.504784515,421.24926776527775,298.75073223472225,72.37637557740123,16.717966671261316,4.329257080157864,True
9435,Zählfeld D_21.2_2_I (veraltet),9.936657,53.550106,2025-05,32106.611643709723,1666.388356290278,493.9207367352778,250.07926326472221,65.00357092906916,6.663440760885148,9.755256069903787,True
9435,Zählfeld D_21.2_2_I (veraltet),9.936657,53.550106,2025-06,34314.627796384164,958.3722036158333,508.2723593,211.7276407,67.5122838543547,4.526438779780128,14.915099295264104,True
9435,Zählfeld D_21.2_2_I (veraltet),9.936657,53.550106,2025-07,35465.047226759445,1671.9527732405554,508.95938871444446,235.04061128555554,69.68148739006243,7.1134633461673,9.795718906403938,True
9435,Zählfeld D_21.2_2_I (veraltet),9.936657,53.550106,2025-08,27799.31519961,3337.68480039,456.3271263661111,287.6728736338889,60.91970780037875,11.602361940590038,5.250629838331063,True
9435,Zählfeld D_21.2_2_I (veraltet),9.936657,53.550106,2025-09,28806.0033937875,8159.9966062124995,379.47910540944446,340.52089459055554,75.90932671433082,23.963277249180642,3.16773561166081,True
9435,Zählfeld D_21.2_2_I (veraltet),9.936657,53.550106,2025-10,19142.054501750557,9887.945498249444,326.24710055888886,417.7528994411111,58.673485431621,23.669364142003538,2.478878819034235,True
9435,Zählfeld D_21.2_2_I (veraltet),9.936657,53.550106,2025-11,16449.912900497777,11771.087099502221,257.97459228055556,462.0254077194445,63.76563193714819,25.47714238834669,2.502856519980622,True
9435,Zählfeld D_21.2_2_I (veraltet),9.936657,53.550106,2025-12,12533.800810652223,12139.199189347777,234.07368837805555,509.9263116219445,53.54638916275251,23.805790979359557,2.2493009876957704,True
9435,Zählfeld D_21.2_2_I (veraltet),9.936657,53.550106,2026-01,6057.022639621111,5541.977360378889,251.92644384916667,492.0735561508333,24.042821972462605,11.262497834124883,2.1347681772345286,True
9435,Zählfeld D_21.2_2_I (veraltet),9.936657,53.550106,2026-02,10851.4820941475,5119.5179058525,274.9950323086111,397.00496769138886,39.460647718063164,12.895349737366885,3.060068049470419,True
9436,Zählfeld G_59.2_1_I (veraltet),9.939639,53.579613,2025-01,9609.505220321389,8463.494779678611,252.25277094527777,491.74722905472225,38.094745934053655,17.211067555882014,2.213386578744471,True
9436,Zählfeld G_59.2_1_I (veraltet),9.939639,53.579613,2025-02,12270.538581804445,6257.461418195556,275.4455073022222,396.55449269777773,44.54797140089513,15.779575148993445,2.8231413697938996,True
9436,Zählfeld G_59.2_1_I (veraltet),9.939639,53.579613,2025-03,19921.95297052861,4232.047029471389,368.8174108408333,375.1825891591667,54.0157606038998,11.279966479670499,4.788645489439226,True
9436,Zählfeld G_59.2_1_I (veraltet),9.939639,53.579613,2025-04,25545.58010297,4945.41989703,421.24926776527775,298.75073223472225,60.64243206519739,16.553666195350065,3.6633837694656357,True
9436,Zählfeld G_59.2_1_I (veraltet),9.939639,53.579613,2025-05,29327.986811377777,2210.013188622222,493.9207367352778,250.07926326472221,59.377921658503745,8.837250877066147,6.719048998891434,True
9436,Zählfeld G_59.2_1_I (veraltet),9.939639,53.579613,2025-06,31471.920253559445,1369.0797464405555,508.2723593,211.7276407,61.91940143450457,6.466230587155244,9.575810914863371,True
9436,Zählfeld G_59.2_1_I (veraltet),9.939639,53.579613,2025-07,31230.821669776946,2174.1783302230556,508.95938871444446,235.04061128555554,61.36210935937609,9.250224113745189,6.633580830565637,True
9436,Zählfeld G_59.2_1_I (veraltet),9.939639,53.579613,2025-08,25546.426500015277,3762.5734999847223,456.3271263661111,287.6728736338889,55.982704125985684,13.079347567449883,4.280236750134838,True
9436,Zählfeld G_59.2_1_I (veraltet),9.939639,53.579613,2025-09,23978.483795621945,7774.516204378056,379.47910540944446,340.52089459055554,63.18788954071665,22.83124568237195,2.7676058687198193,True
9436,Zählfeld G_59.2_1_I (veraltet),9.939639,53.579613,2025-10,15459.137403999166,7888.862596000833,326.24710055888886,417.7528994411111,47.38475032426758,18.88404031798442,2.509248525546739,True
9436,Zählfeld G_59.2_1_I (veraltet),9.939639,53.579613,2025-11,12541.451292365833,8969.548707634167,257.97459228055556,462.0254077194445,48.61506391577744,19.41353994341528,2.5041833718876596,True
9436,Zählfeld G_59.2_1_I (veraltet),9.939639,53.579613,2025-12,8196.995795266112,8459.004204733888,211.49805383055556,456.50194616944447,38.756837932103345,18.530050694666862,2.0915667512586977,True
9437,Zählfeld D_55.2_1_I (veraltet),9.947198,53.548843,2025-01,5563.223156783611,5457.776843216388,252.25277094527777,491.74722905472225,22.054160737011145,11.0987444783528,1.987086087081831,True
9437,Zählfeld D_55.2_1_I (veraltet),9.947198,53.548843,2025-02,8172.702153131111,4311.297846868889,275.4455073022222,396.55449269777773,29.670849356653044,10.871892580358727,2.729133785800708,True
9437,Zählfeld D_55.2_1_I (veraltet),9.947198,53.548843,2025-03,14209.120019274722,3554.8799807252776,368.8174108408333,375.1825891591667,38.52616390012782,9.475066496801542,4.0660573636219794,True
9437,Zählfeld D_55.2_1_I (veraltet),9.947198,53.548843,2025-04,23046.501569272223,2892.4984307277778,421.24926776527775,298.75073223472225,54.70989110920865,9.681979384924826,5.650692790607861,True
9437,Zählfeld D_55.2_1_I (veraltet),9.947198,53.548843,2025-05,25451.788925268887,1731.211074731111,493.9207367352778,250.07926326472221,51.53010803616057,6.9226494517401544,7.443697444943913,True
9437,Zählfeld D_55.2_1_I (veraltet),9.947198,53.548843,2025-06,25983.61744166917,1148.3825583308333,508.2723593,211.7276407,51.12144496201639,5.423866976149767,9.42527631795017,True
9437,Zählfeld D_55.2_1_I (veraltet),9.947198,53.548843,2025-07,25859.090679964167,1494.9093200358334,508.95938871444446,235.04061128555554,50.80776826866359,6.360217121030366,7.988370098351712,True
9437,Zählfeld D_55.2_1_I (veraltet),9.947198,53.548843,2025-08,22716.693027273057,2392.3069727269444,456.3271263661111,287.6728736338889,49.78159682983094,8.316067283325257,5.986194571759802,True
9437,Zählfeld D_55.2_1_I (veraltet),9.947198,53.548843,2025-09,23081.258026730557,4878.741973269444,379.47910540944446,340.52089459055554,60.82352808813202,14.327291073094573,4.2452915752059655,True
9437,Zählfeld D_55.2_1_I (veraltet),9.947198,53.548843,2025-10,13771.336419037223,4927.663580962778,326.24710055888886,417.7528994411111,42.21136799513547,11.795641843671776,3.5785562629456553,True
9437,Zählfeld D_55.2_1_I (veraltet),9.947198,53.548843,2025-11,8698.533600300556,8567.466399699444,257.97459228055556,462.0254077194445,33.71856710152535,18.54327977759583,1.818371264735187,True
9437,Zählfeld D_55.2_1_I (veraltet),9.947198,53.548843,2025-12,6244.8820181119445,8333.117981888056,234.07368837805555,509.9263116219445,26.67912853163467,16.341808202409776,1.6325689422606577,True
9437,Zählfeld D_55.2_1_I (veraltet),9.947198,53.548843,2026-01,2915.0596150572223,2851.9403849427777,251.92644384916667,492.0735561508333,11.571074360111739,5.795760307161443,1.9964722050037362,True
9437,Zählfeld D_55.2_1_I (veraltet),9.947198,53.548843,2026-02,5561.478167489445,2978.5218325105557,274.9950323086111,397.00496769138886,20.223922304342278,7.502480006310411,2.6956316161231664,True
9438,Zählfeld I_31.2_1_I (veraltet),9.972362,53.582203,2025-01,11295.852880763889,9047.147119236111,252.25277094527777,491.74722905472225,44.77989612734262,18.397962580546302,2.4339595175985482,True
9438,Zählfeld I_31.2_1_I (veraltet),9.972362,53.582203,2025-02,14419.751153927778,6605.2488460722225,275.4455073022222,396.55449269777773,52.350649299595396,16.656598191931764,3.142937633264958,True
9438,Zählfeld I_31.2_1_I (veraltet),9.972362,53.582203,2025-03,22773.339835711668,4508.660164288333,368.8174108408333,375.1825891591667,61.7469218272337,12.017242522881542,5.138193866826263,True
9438,Zählfeld I_31.2_1_I (veraltet),9.972362,53.582203,2025-04,29305.433268491943,3385.5667315080555,421.24926776527775,298.75073223472225,69.56791503509766,11.33241316659966,6.138843864265127,True
9438,Zählfeld I_31.2_1_I (veraltet),9.972362,53.582203,2025-05,31830.57830992361,1464.4216900763888,493.9207367352778,250.07926326472221,64.44470932789274,5.8558301514437066,11.005221746741482,True
9438,Zählfeld I_31.2_1_I (veraltet),9.972362,53.582203,2025-06,32259.501597648057,806.4984023519445,508.2723593,211.7276407,63.46892764752407,3.809131390146098,16.66230989346097,True
9438,Zählfeld I_31.2_1_I (veraltet),9.972362,53.582203,2025-07,33760.10013669639,1194.899863303611,508.95938871444446,235.04061128555554,66.33161876032854,5.083801717363231,13.04764081057279,True
9438,Zählfeld I_31.2_1_I (veraltet),9.972362,53.582203,2025-08,29424.6349998025,2188.3650001975,456.3271263661111,287.6728736338889,64.4814504763741,7.607130184205532,8.476448925542922,True
9438,Zählfeld I_31.2_1_I (veraltet),9.972362,53.582203,2025-09,27515.3043389925,5123.6956610075,379.47910540944446,340.52089459055554,72.50808792042572,15.046641020863827,4.818888668898611,True
9438,Zählfeld I_31.2_1_I (veraltet),9.972362,53.582203,2025-10,18904.528141715,6691.471858285,326.24710055888886,417.7528994411111,57.94542881555099,16.01777478322031,3.617570455307731,True
9438,Zählfeld I_31.2_1_I (veraltet),9.972362,53.582203,2025-11,14336.570410074166,9842.429589925834,257.97459228055556,462.0254077194445,55.5735752243488,21.302788603137707,2.608746500735745,True
9438,Zählfeld I_31.2_1_I (veraltet),9.972362,53.582203,2025-12,11896.257258056945,11144.742741943055,234.07368837805555,509.9263116219445,50.822701776045584,21.855594598549924,2.3253863694661305,True
9438,Zählfeld I_31.2_1_I (veraltet),9.972362,53.582203,2026-01,6378.482683571111,4834.517316428889,251.92644384916667,492.0735561508333,25.3188295206915,9.824785859752609,2.5770362715395647,True
9438,Zählfeld I_31.2_1_I (veraltet),9.972362,53.582203,2026-02,9712.905694447778,4478.094305552222,274.9950323086111,397.00496769138886,35.320295108267786,11.279693379134896,3.1313169534912215,True
9439,Zählfeld I_31.2_2_I (veraltet),9.972362,53.582203,2025-01,11687.120881894722,10038.879118105278,252.25277094527777,491.74722905472225,46.33099108524781,20.414714155894387,2.2694900713008788,True
9439,Zählfeld I_31.2_2_I (veraltet),9.972362,53.582203,2025-02,14615.279788417778,7287.720211582222,275.4455073022222,396.55449269777773,53.06051251865841,18.37760092441152,2.887238260146162,True
9439,Zählfeld I_31.2_2_I (veraltet),9.972362,53.582203,2025-03,18307.074998071945,4175.925001928055,368.8174108408333,375.1825891591667,49.637230943992876,11.130380573594445,4.459616687478911,True
9439,Zählfeld I_31.2_2_I (veraltet),9.972362,53.582203,2025-04,13322.727586580279,1708.2724134197222,421.24926776527775,298.75073223472225,31.626707999416087,5.718052640880451,5.531027779161244,True
9439,Zählfeld I_31.2_2_I (veraltet),9.972362,53.582203,2025-05,33641.007789621945,1868.9922103780555,493.9207367352778,250.07926326472221,68.11013445595059,7.473599313988812,9.113431372814503,True
9439,Zählfeld I_31.2_2_I (veraltet),9.972362,53.582203,2025-06,33314.94141054556,1086.0585894544445,508.2723593,211.7276407,65.54545176611094,5.1295078236539595,12.778117125361984,True
9439,Zählfeld I_31.2_2_I (veraltet),9.972362,53.582203,2025-07,34034.84691791194,1662.1530820880555,508.95938871444446,235.04061128555554,66.87143939692102,7.071769737990821,9.456110970027149,True
9439,Zählfeld I_31.2_2_I (veraltet),9.972362,53.582203,2025-08,28845.401924581667,2908.5980754183333,456.3271263661111,287.6728736338889,63.21211310466565,10.110783261128761,6.251950167667692,True
9439,Zählfeld I_31.2_2_I (veraltet),9.972362,53.582203,2025-09,27475.417194433332,5749.582805566667,379.47910540944446,340.52089459055554,72.40297766800187,16.884669624987335,4.288089685856449,True
9439,Zählfeld I_31.2_2_I (veraltet),9.972362,53.582203,2025-10,19200.962406115,7015.037593885,326.24710055888886,417.7528994411111,58.85404766271371,16.792313358614717,3.5048207120623243,True
9439,Zählfeld I_31.2_2_I (veraltet),9.972362,53.582203,2025-11,14807.154996923611,10434.845003076389,257.97459228055556,462.0254077194445,57.3977261327362,22.5850025317498,2.5414088863637265,True
9439,Zählfeld I_31.2_2_I (veraltet),9.972362,53.582203,2025-12,13134.468019864167,12008.531980135833,234.07368837805555,509.9263116219445,56.11253494946648,23.54954374081969,2.3827440381447222,True
9439,Zählfeld I_31.2_2_I (veraltet),9.972362,53.582203,2026-01,6744.456201530278,5202.543798469722,251.92644384916667,492.0735561508333,26.771529413435918,10.572695348975444,2.5321385445983022,True
9439,Zählfeld I_31.2_2_I (veraltet),9.972362,53.582203,2026-02,10168.186321844167,4770.813678155833,274.9950323086111,397.00496769138886,36.97589093330601,12.017012547471237,3.0769619976045477,True
9471,Zählfeld B_65.1_1_I (veraltet),9.975855,53.46037,2025-01,3506.3867669725,2330.6132330275,252.25277094527777,491.74722905472225,13.900290386634266,4.739453717934721,2.9328887280898486,True
9471,Zählfeld B_65.1_1_I (veraltet),9.975855,53.46037,2025-02,4253.552605684722,1607.4473943152777,275.4455073022222,396.55449269777773,15.442446846728458,4.053534694260408,3.809624935144665,True
9471,Zählfeld B_65.1_1_I (veraltet),9.975855,53.46037,2025-03,7352.544869844444,1294.4551301555555,368.8174108408333,375.1825891591667,19.935460349016726,3.4502004292272703,5.778058625272852,True
9471,Zählfeld B_65.1_1_I (veraltet),9.975855,53.46037,2025-04,9938.699512509722,992.3004874902778,421.24926776527775,298.75073223472225,23.593392969522302,3.3214997669383046,7.103234871297385,True
9471,Zählfeld B_65.1_1_I (veraltet),9.975855,53.46037,2025-05,12248.003741197223,467.9962588027778,493.9207367352778,250.07926326472221,24.7975086491695,1.8713917047467419,13.25083817902537,True
9471,Zählfeld B_65.1_1_I (veraltet),9.975855,53.46037,2025-06,13098.183639341945,327.81636065805554,508.2723593,211.7276407,25.770009719554594,1.5482927008219176,16.644145971801375,True
9471,Zählfeld B_65.1_1_I (veraltet),9.975855,53.46037,2025-07,13441.496069344166,454.5039306558333,508.95938871444446,235.04061128555554,26.409761500412404,1.933725104652861,13.657453914657347,True
9471,Zählfeld B_65.1_1_I (veraltet),9.975855,53.46037,2025-08,10439.726196954445,794.2738030455555,456.3271263661111,287.6728736338889,22.87772432046623,2.761031281859407,8.285934487877046,True
9471,Zählfeld B_65.1_1_I (veraltet),9.975855,53.46037,2025-09,10560.611341388889,1481.3886586111112,379.47910540944446,340.52089459055554,27.829230096857017,4.350360527486403,6.396993978091393,True
9471,Zählfeld B_65.1_1_I (veraltet),9.975855,53.46037,2025-10,7004.7819452427775,2100.218054757222,326.24710055888886,417.7528994411111,21.47078681540156,5.027417062974284,4.2707391383000095,True
9471,Zählfeld B_65.1_1_I (veraltet),9.975855,53.46037,2025-11,4775.904742421111,2970.095257578889,257.97459228055556,462.0254077194445,18.513081851204802,6.428424082215017,2.8798787407979813,True
9471,Zählfeld B_65.1_1_I (veraltet),9.975855,53.46037,2025-12,3637.46122912,2924.53877088,234.07368837805555,509.9263116219445,15.53981250231375,5.735218411416728,2.7095415357468604,True
9471,Zählfeld B_65.1_1_I (veraltet),9.975855,53.46037,2026-01,1637.1865498608333,1144.8134501391667,251.92644384916667,492.0735561508333,6.4986689163962845,2.3265087827403015,2.7933137259605627,True
9471,Zählfeld B_65.1_1_I (veraltet),9.975855,53.46037,2026-02,2608.326381254167,1045.6736187458334,274.9950323086111,397.00496769138886,9.484994544654146,2.6339056279988067,3.601114042897836,True
9472,Zählfeld B_65.1_2_G (veraltet),9.975855,53.46037,2025-01,1484.9647120188888,1303.0352879811112,252.25277094527777,491.74722905472225,5.8868122893327035,2.64980707768484,2.22160033419341,True
9472,Zählfeld B_65.1_2_G (veraltet),9.975855,53.46037,2025-02,1737.2611075386112,918.7388924613889,275.4455073022222,396.55449269777773,6.307095456207485,2.3168036408090287,2.72232628830169,True
9472,Zählfeld B_65.1_2_G (veraltet),9.975855,53.46037,2025-03,3829.4976471158334,835.5023528841667,368.8174108408333,375.1825891591667,10.383180225644201,2.226921976194676,4.662570281598636,True
9472,Zählfeld B_65.1_2_G (veraltet),9.975855,53.46037,2025-04,6539.384970901389,818.6150290986111,421.24926776527775,298.75073223472225,15.523789526312408,2.7401272725766654,5.665353460649544,True
9472,Zählfeld B_65.1_2_G (veraltet),9.975855,53.46037,2025-05,8720.40392873389,715.5960712661112,493.9207367352778,250.07926326472221,17.655472386873452,2.8614770450143827,6.170055572395728,True
9472,Zählfeld B_65.1_2_G (veraltet),9.975855,53.46037,2025-06,9525.267208406667,664.7327915933333,508.2723593,211.7276407,18.740478474031132,3.13956547853477,5.969131270604135,True
9472,Zählfeld B_65.1_2_G (veraltet),9.975855,53.46037,2025-07,10640.00676328,854.99323672,508.95938871444446,235.04061128555554,20.90541406487278,3.637640457296342,5.746970958314727,True
9472,Zählfeld B_65.1_2_G (veraltet),9.975855,53.46037,2025-08,6699.4984190625,1085.5015809375,456.3271263661111,287.6728736338889,14.681350355857422,3.773388735703247,3.8907601056166445,True
9472,Zählfeld B_65.1_2_G (veraltet),9.975855,53.46037,2025-09,6793.722273215278,1352.2777267847223,379.47910540944446,340.52089459055554,17.902757164679972,3.9712033777272597,4.508144122028273,True
9472,Zählfeld B_65.1_2_G (veraltet),9.975855,53.46037,2025-10,3594.8925177702777,1547.107482229722,326.24710055888886,417.7528994411111,11.018925567804045,3.703403337952922,2.9753512005783365,True
9472,Zählfeld B_65.1_2_G (veraltet),9.975855,53.46037,2025-11,2272.696004522778,1645.3039954772223,257.97459228055556,462.0254077194445,8.809766824056645,3.5610682183008855,2.473911277178538,True
9472,Zählfeld B_65.1_2_G (veraltet),9.975855,53.46037,2025-12,1631.9152092155555,1560.0847907844445,234.07368837805555,509.9263116219445,6.971801147422547,3.0594318340275795,2.2787895026392992,True
9472,Zählfeld B_65.1_2_G (veraltet),9.975855,53.46037,2026-01,721.6553979811112,622.3446020188888,251.92644384916667,492.0735561508333,2.8645480282061238,1.2647389688791244,2.2649322102764264,True
9472,Zählfeld B_65.1_2_G (veraltet),9.975855,53.46037,2026-02,1298.6438915130555,637.3561084869444,274.9950323086111,397.00496769138886,4.722426731169683,1.605410915115783,2.94156884490168,True
9473,Zählfeld B_9.4_1_G (veraltet),10.109583,53.538,2025-01,128.50975361166667,131.49024638833333,252.25277094527777,491.74722905472225,0.5094483328373222,0.2673939752362101,1.9052348968868367,True
9473,Zählfeld B_9.4_1_G (veraltet),10.109583,53.538,2025-02,157.84209677555555,108.15790322444444,275.4455073022222,396.55449269777773,0.5730429162613615,0.2727441126404632,2.101027628841097,True
9473,Zählfeld B_9.4_1_G (veraltet),10.109583,53.538,2025-03,241.16664842416668,96.83335157583333,368.8174108408333,375.1825891591667,0.6538917126345872,0.2580966024912018,2.533515382702016,True
9473,Zählfeld B_9.4_1_G (veraltet),10.109583,53.538,2025-04,452.000168755,131.999831245,421.24926776527775,298.75073223472225,1.0729992983794499,0.4418393563678045,2.4284828477032336,True
9473,Zählfeld B_9.4_1_G (veraltet),10.109583,53.538,2025-05,572.4878176586111,77.5121823413889,493.9207367352778,250.07926326472221,1.1590681967366805,0.3099504586245447,3.7395272840706,True
9473,Zählfeld B_9.4_1_G (veraltet),10.109583,53.538,2025-06,570.5153753425,52.4846246575,508.2723593,211.7276407,1.1224599664011279,0.2478874486296583,4.528103268665585,True
9473,Zählfeld B_9.4_1_G (veraltet),10.109583,53.538,2025-07,621.8246969458334,68.17530305416666,508.95938871444446,235.04061128555554,1.2217570020988704,0.29005754657155447,4.212119341626833,True
9473,Zählfeld B_9.4_1_G (veraltet),10.109583,53.538,2025-08,626.7153500633333,89.28464993666667,456.3271263661111,287.6728736338889,1.3733905215192483,0.31036867956586023,4.42502936649513,True
9473,Zählfeld B_9.4_1_G (veraltet),10.109583,53.538,2025-09,240.6317595286111,51.36824047138889,379.47910540944446,340.52089459055554,0.6341106956837004,0.15085194855121706,4.203530029102726,True
9473,Zählfeld B_9.4_1_G (veraltet),10.109583,53.538,2025-10,216.21733466944445,94.78266533055556,326.24710055888886,417.7528994411111,0.6627410153195106,0.22688691199357358,2.9210191522121924,True
9473,Zählfeld B_9.4_1_G (veraltet),10.109583,53.538,2025-11,226.78469289416665,170.21530710583335,257.97459228055556,462.0254077194445,0.8790970106371216,0.36841113986786006,2.386184660302161,True
9473,Zählfeld B_9.4_1_G (veraltet),10.109583,53.538,2025-12,183.409565325,169.590434675,234.07368837805555,509.9263116219445,0.7835548138532031,0.3325783173172148,2.3560008967928137,True
9473,Zählfeld B_9.4_1_G (veraltet),10.109583,53.538,2026-01,111.57782612527778,104.42217387472222,251.92644384916667,492.0735561508333,0.4428984286861193,0.21220846470911375,2.087091244419611,True
9473,Zählfeld B_9.4_1_G (veraltet),10.109583,53.538,2026-02,168.55066963916667,70.44933036083333,271.8166817363889,385.1833182636111,0.6200894976807536,0.18289818644902825,3.3903534513917437,True
9474,Zählfeld B_9.4_2_I (veraltet),10.109583,53.538,2025-01,527.8638523194444,271.13614768055555,252.25277094527777,491.74722905472225,2.0925988259370043,0.5513730056024031,3.7952507733865817,True
9474,Zählfeld B_9.4_2_I (veraltet),10.109583,53.538,2025-02,571.3811301613889,205.61886983861112,275.4455073022222,396.55449269777773,2.0743889989625517,0.5185135299811556,4.000645844358085,True
9474,Zählfeld B_9.4_2_I (veraltet),10.109583,53.538,2025-03,1054.7427835969445,168.25721640305557,368.8174108408333,375.1825891591667,2.859796616413342,0.4484675495740408,6.376819502614196,True
9474,Zählfeld B_9.4_2_I (veraltet),10.109583,53.538,2025-04,1284.4766683105556,162.52333168944443,421.24926776527775,298.75073223472225,3.0492080737010863,0.544009818733275,5.6050607336484415,True
9474,Zählfeld B_9.4_2_I (veraltet),10.109583,53.538,2025-05,1490.847896712222,76.15210328777778,493.9207367352778,250.07926326472221,3.0183950294665567,0.3045118667322957,9.912241062579366,True
9474,Zählfeld B_9.4_2_I (veraltet),10.109583,53.538,2025-06,1559.71023901,41.28976099,508.2723593,211.7276407,3.0686505187062605,0.19501356012606813,15.73557508884257,True
9474,Zählfeld B_9.4_2_I (veraltet),10.109583,53.538,2025-07,1551.3009376380555,106.69906236194444,508.95938871444446,235.04061128555554,3.0479856979481417,0.45396011258800556,6.714214781055799,True
9474,Zählfeld B_9.4_2_I (veraltet),10.109583,53.538,2025-08,1580.1919363977777,156.80806360222223,456.3271263661111,287.6728736338889,3.462849006986252,0.5450915883079971,6.352783791316943,True
9474,Zählfeld B_9.4_2_I (veraltet),10.109583,53.538,2025-09,618.4504503827778,108.54954961722223,379.47910540944446,340.52089459055554,1.6297351858556002,0.31877500424090827,5.1124936528083555,True
9474,Zählfeld B_9.4_2_I (veraltet),10.109583,53.538,2025-10,547.9422315786111,180.0577684213889,326.24710055888886,417.7528994411111,1.679531344922115,0.4310150059096619,3.8966887971277138,True
9474,Zählfeld B_9.4_2_I (veraltet),10.109583,53.538,2025-11,584.5991477313889,314.4008522686111,257.97459228055556,462.0254077194445,2.2661113350869018,0.6804839020011744,3.330146868166458,True
9474,Zählfeld B_9.4_2_I (veraltet),10.109583,53.538,2025-12,525.0115868822222,316.9884131177778,234.07368837805555,509.9263116219445,2.242932943553523,0.6216357263650882,3.6081146054276854,True
9474,Zählfeld B_9.4_2_I (veraltet),10.109583,53.538,2026-01,267.20495326944445,115.79504673055555,251.92644384916667,492.0735561508333,1.060646707772469,0.23532060457859955,4.507241130337152,True
9474,Zählfeld B_9.4_2_I (veraltet),10.109583,53.538,2026-02,495.7766025622222,159.22339743777778,271.8166817363889,385.1833182636111,1.8239373661511782,0.4133704391860728,4.412355585325633,True
9483,Zählfeld I_19.1_1_I (veraltet),9.934159,53.555695,2025-01,28347.026653132223,28312.973346867777,252.25277094527777,491.74722905472225,112.37548173170181,57.576274301114715,1.9517671661767484,True
9483,Zählfeld I_19.1_1_I (veraltet),9.934159,53.555695,2025-02,37489.344989455,21337.655010545,275.4455073022222,396.55449269777773,136.10439813171914,53.80762392927134,2.529463079630215,True
9483,Zählfeld I_19.1_1_I (veraltet),9.934159,53.555695,2025-03,58493.68125693694,15412.318743063055,368.8174108408333,375.1825891591667,158.59793908205828,41.07951485063334,3.860754920274165,True
9483,Zählfeld I_19.1_1_I (veraltet),9.934159,53.555695,2025-04,79012.3513039,12854.6486961,421.24926776527775,298.75073223472225,187.56673862736798,43.028007328866956,4.359177899961261,True
9483,Zählfeld I_19.1_1_I (veraltet),9.934159,53.555695,2025-05,84350.8123094461,6004.187690553889,493.9207367352778,250.07926326472221,170.77803387440048,24.009138591383874,7.1130429450595685,True
9483,Zählfeld I_19.1_1_I (veraltet),9.934159,53.555695,2025-06,89888.01340122055,3600.9865987794446,508.2723593,211.7276407,176.85009179923853,17.007635785644705,10.398276046604247,True
9483,Zählfeld I_19.1_1_I (veraltet),9.934159,53.555695,2025-07,92236.041534105,5380.958465895,508.95938871444446,235.04061128555554,181.22475698322313,22.89373924133292,7.915909020927237,True
9483,Zählfeld I_19.1_1_I (veraltet),9.934159,53.555695,2025-08,68641.80070589778,8802.199294102222,456.3271263661111,287.6728736338889,150.42235435906673,30.597946837714247,4.91609306849504,True
9483,Zählfeld I_19.1_1_I (veraltet),9.934159,53.555695,2025-09,50063.79739172917,12438.202608270833,379.47910540944446,340.52089459055554,131.9276784362399,36.52698793484202,3.611786404933705,True
9483,Zählfeld I_19.1_1_I (veraltet),9.934159,53.555695,2025-10,28135.642081900834,12794.357918099167,326.24710055888886,417.7528994411111,86.24028239240165,30.626616679898678,2.8158605729703137,True
9483,Zählfeld I_19.1_1_I (veraltet),9.934159,53.555695,2025-11,222.07836747027778,189.92163252972222,257.97459228055556,462.0254077194445,0.8608536426283426,0.4110631782506824,2.094212491354213,True
9483,Zählfeld I_19.1_1_I (veraltet),9.934159,53.555695,2025-12,6990.387325709166,5612.612674290834,234.07368837805555,509.9263116219445,29.864045694956104,11.00671321791291,2.713257364274175,True
9483,Zählfeld I_19.1_1_I (veraltet),9.934159,53.555695,2026-01,12115.914632786667,12125.085367213333,251.92644384916667,492.0735561508333,48.093064180434766,24.6407985465829,1.951765649539152,True
9483,Zählfeld I_19.1_1_I (veraltet),9.934159,53.555695,2026-02,26211.626155498612,14714.37384450139,274.9950323086111,397.00496769138886,95.31672603482819,37.06345018820919,2.571717569487118,True
9484,Zählfeld B_37.1_1_I (veraltet),10.018309,53.564808,2025-01,12563.904547660833,17114.095452339167,252.25277094527777,491.74722905472225,49.80680489883052,34.802627124584546,1.43112198744465,True
9484,Zählfeld B_37.1_1_I (veraltet),10.018309,53.564808,2025-02,18787.109562303613,12701.89043769639,275.4455073022222,396.55449269777773,68.20626608256916,32.03063052264234,2.12940753802378,True
9484,Zählfeld B_37.1_1_I (veraltet),10.018309,53.564808,2025-03,35287.06761195361,8519.932388046389,368.8174108408333,375.1825891591667,95.67625219076785,22.708762704422593,4.213186488233225,True
9484,Zählfeld B_37.1_1_I (veraltet),10.018309,53.564808,2025-04,44614.93129521139,14486.068704788611,421.24926776527775,298.75073223472225,105.91100023008481,48.48881405722282,2.1842357312574543,True
9484,Zählfeld B_37.1_1_I (veraltet),10.018309,53.564808,2025-05,56880.80521797028,6037.194782029723,493.9207367352778,250.07926326472221,115.16180833779443,24.14112511055757,4.770357960136292,True
9484,Zählfeld B_37.1_1_I (veraltet),10.018309,53.564808,2025-06,63780.521388853056,3736.4786111469443,508.2723593,211.7276407,125.48492992357977,17.647571185290897,7.110606247514129,True
9484,Zählfeld B_37.1_1_I (veraltet),10.018309,53.564808,2025-07,60641.25774424889,5516.742255751111,508.95938871444446,235.04061128555554,119.14753728665792,23.471442767176566,5.076276668142393,True
9484,Zählfeld B_37.1_1_I (veraltet),10.018309,53.564808,2025-08,26606.886952438057,4118.113047561945,456.3271263661111,287.6728736338889,58.30660816576432,14.31526370749479,4.073037658065479,True
9484,Zählfeld B_37.1_1_I (veraltet),10.018309,53.564808,2025-09,32904.04148248083,15956.958517519166,379.47910540944446,340.52089459055554,86.70844063200408,46.86043873080362,1.8503548618081216,True
9484,Zählfeld B_37.1_1_I (veraltet),10.018309,53.564808,2025-10,26233.820069903333,21743.179930096667,326.24710055888886,417.7528994411111,80.4108910852007,52.04794499137094,1.5449388270474862,True
9484,Zählfeld B_37.1_1_I (veraltet),10.018309,53.564808,2025-11,23647.612290295277,20986.387709704723,257.97459228055556,462.0254077194445,91.66643924599268,45.422583604857245,2.018080698434564,True
9484,Zählfeld B_37.1_1_I (veraltet),10.018309,53.564808,2025-12,15589.48584715111,20767.51415284889,234.07368837805555,509.9263116219445,66.60076130373237,40.72650043649006,1.6353175595725757,True
9484,Zählfeld B_37.1_1_I (veraltet),10.018309,53.564808,2026-01,7297.147478216944,9297.852521783056,251.92644384916667,492.0735561508333,28.96538912995529,18.895249308891987,1.5329455915844603,True
9484,Zählfeld B_37.1_1_I (veraltet),10.018309,53.564808,2026-02,15393.786306311944,9974.213693688056,274.9950323086111,397.00496769138886,55.978415962934136,25.123649589799324,2.22811641130604,True
9485,Zählfeld B_37.1_2_G (veraltet),10.018309,53.564808,2025-01,3353.053609758889,3327.946390241111,252.25277094527777,491.74722905472225,13.292435191866655,6.767595613377159,1.9641296482892951,True
9485,Zählfeld B_37.1_2_G (veraltet),10.018309,53.564808,2025-02,5190.361783826389,2996.638216173611,275.4455073022222,396.55449269777773,18.84351585423196,7.556687091822737,2.493621295319077,True
9485,Zählfeld B_37.1_2_G (veraltet),10.018309,53.564808,2025-03,8297.466034306944,2690.5339656930555,368.8174108408333,375.1825891591667,22.497490059892524,7.171265520937137,3.1371715346767086,True
9485,Zählfeld B_37.1_2_G (veraltet),10.018309,53.564808,2025-04,12296.61464527139,1705.3853547286112,421.24926776527775,298.75073223472225,29.190827346726987,5.7083888697843435,5.113671828007363,True
9485,Zählfeld B_37.1_2_G (veraltet),10.018309,53.564808,2025-05,14561.541469566666,1187.4585304333334,493.9207367352778,250.07926326472221,29.48153496412337,4.748328649610365,6.208823596602257,True
9485,Zählfeld B_37.1_2_G (veraltet),10.018309,53.564808,2025-06,15245.796038002221,772.2039619977778,508.2723593,211.7276407,29.995327817941842,3.6471570714374746,8.224303815387806,True
9485,Zählfeld B_37.1_2_G (veraltet),10.018309,53.564808,2025-07,11892.131355559444,727.8686444405555,508.95938871444446,235.04061128555554,23.365580082130315,3.096778214026398,7.545125439173972,True
9485,Zählfeld B_37.1_2_G (veraltet),10.018309,53.564808,2025-08,2268.8508055841667,356.14919441583334,456.3271263661111,287.6728736338889,4.97198319909623,1.2380353764918823,4.016026757801481,True
9485,Zählfeld B_37.1_2_G (veraltet),10.018309,53.564808,2025-09,7180.600086246945,1680.3999137530554,379.47910540944446,340.52089459055554,18.922254173913824,4.934792373823576,3.8344580157589245,True
9485,Zählfeld B_37.1_2_G (veraltet),10.018309,53.564808,2025-10,5039.363148454722,1889.6368515452778,326.24710055888886,417.7528994411111,15.446461102096746,4.523336292993586,3.4148380977161734,True
9485,Zählfeld B_37.1_2_G (veraltet),10.018309,53.564808,2025-11,2780.2610396708333,2558.7389603291667,257.97459228055556,462.0254077194445,10.777266920329934,5.538091450336231,1.9460254524463694,True
9485,Zählfeld B_37.1_2_G (veraltet),10.018309,53.564808,2025-12,1736.7640834794445,2053.2359165205557,234.07368837805555,509.9263116219445,7.4197322027684445,4.026534559453777,1.8427091816082597,True
9485,Zählfeld B_37.1_2_G (veraltet),10.018309,53.564808,2026-01,964.3541633833333,988.6458366166667,251.92644384916667,492.0735561508333,3.827919565127951,2.0091423817816803,1.9052505187479067,True
9485,Zählfeld B_37.1_2_G (veraltet),10.018309,53.564808,2026-02,2035.6010429908333,1176.3989570091667,274.9950323086111,397.00496769138886,7.4023193288320766,2.963184475625097,2.498096014515102,True
9486,Zählfeld D_15.2_2_I (veraltet),10.024156,53.53503,2025-01,682.4243742680555,586.5756257319445,252.25277094527777,491.74722905472225,2.7053196351848863,1.1928397173879541,2.267965759145677,True
9486,Zählfeld D_15.2_2_I (veraltet),10.024156,53.53503,2025-02,414.9214037991667,217.07859620083335,275.4455073022222,396.55449269777773,1.5063647538237384,0.5474117686173168,2.7517946090720677,True
9486,Zählfeld D_15.2_2_I (veraltet),10.024156,53.53503,2025-03,851.24957798,123.75042202,368.8174108408333,375.1825891591667,2.308051499085451,0.3298405245758896,6.997477044560107,True
9486,Zählfeld D_15.2_2_I (veraltet),10.024156,53.53503,2025-04,1136.5352624172222,277.4647375827778,421.24926776527775,298.75073223472225,2.6980112474652547,0.9287499833298467,2.90499197404244,True
9486,Zählfeld D_15.2_2_I (veraltet),10.024156,53.53503,2025-05,1549.7860979827778,117.21390201722222,493.9207367352778,250.07926326472221,3.1377222754941805,0.4687070030798398,6.694421578675877,True
9486,Zählfeld D_15.2_2_I (veraltet),10.024156,53.53503,2025-06,1574.786616256389,60.21338374361111,508.2723593,211.7276407,3.09831252367374,0.2843907557111466,10.894561308528155,True
9486,Zählfeld D_15.2_2_I (veraltet),10.024156,53.53503,2025-07,1793.5982847675,132.4017152325,508.95938871444446,235.04061128555554,3.524049903662966,0.5633142056103765,6.2559223051094515,True
9486,Zählfeld D_15.2_2_I (veraltet),10.024156,53.53503,2025-08,2630.6762959641665,293.3237040358333,456.3271263661111,287.6728736338889,5.764891333358026,1.0196432507888666,5.653831699369271,True
9486,Zählfeld D_15.2_2_I (veraltet),10.024156,53.53503,2025-09,1252.9958736419444,428.00412635805554,379.47910540944446,340.52089459055554,3.3018837026349748,1.2569100256613925,2.6269849354551105,True
9486,Zählfeld D_15.2_2_I (veraltet),10.024156,53.53503,2025-10,1008.2786044038888,457.7213955961111,326.24710055888886,417.7528994411111,3.0905365984145834,1.0956749700803314,2.820669160844292,True
9486,Zählfeld D_15.2_2_I (veraltet),10.024156,53.53503,2025-11,108.78942308472222,28.210576915277777,257.97459228055556,462.0254077194445,0.42170595996682597,0.061058496879046256,6.906589279493791,True
9486,Zählfeld D_15.2_2_I (veraltet),10.024156,53.53503,2025-12,46.229893609722225,7.770106390277778,234.07368837805555,509.9263116219445,0.19750145319646395,0.015237704376467784,,False
9486,Zählfeld D_15.2_2_I (veraltet),10.024156,53.53503,2026-01,17.589567230277776,7.410432769722222,251.92644384916667,492.0735561508333,0.06982024975833422,0.015059603746417806,,False
9486,Zählfeld D_15.2_2_I (veraltet),10.024156,53.53503,2026-02,42.31638937583333,8.683610624166667,274.9950323086111,397.00496769138886,0.1538805592980461,0.021872800924034926,,False
9491,Zählfeld I_71.2_1_I (veraltet),9.997188,53.545395,2025-01,4977.012678992222,5798.987321007778,252.25277094527777,491.74722905472225,19.730259692853508,11.792618195643069,1.6731025600526184,True
9491,Zählfeld I_71.2_1_I (veraltet),9.997188,53.545395,2025-02,6399.907945091944,3510.0920549080556,275.4455073022222,396.55449269777773,23.234751613029164,8.851474688960764,2.624958261701488,True
9491,Zählfeld I_71.2_1_I (veraltet),9.997188,53.545395,2025-03,10513.482073266945,1764.5179267330557,368.8174108408333,375.1825891591667,28.505926684150328,4.703091182049709,6.06110440574678,True
9491,Zählfeld I_71.2_1_I (veraltet),9.997188,53.545395,2025-04,16167.720960156112,2668.2790398438888,421.24926776527775,298.75073223472225,38.3804132074239,8.931456066683301,4.297217936344446,True
9491,Zählfeld I_71.2_1_I (veraltet),9.997188,53.545395,2025-05,17145.944631813054,695.0553681869444,493.9207367352778,250.07926326472221,34.713959865594,2.7793402744120823,12.489999941780102,True
9491,Zählfeld I_71.2_1_I (veraltet),9.997188,53.545395,2025-06,16841.227638459168,380.77236154083334,508.2723593,211.7276407,33.13425829736865,1.79840648241273,18.424232019513163,True
9491,Zählfeld I_71.2_1_I (veraltet),9.997188,53.545395,2025-07,18984.12741839,836.87258161,508.95938871444446,235.04061128555554,37.29988647294841,3.5605446098558122,10.475893594957347,True
9491,Zählfeld I_71.2_1_I (veraltet),9.997188,53.545395,2025-08,16096.24836462,2093.75163538,456.3271263661111,287.6728736338889,35.27348569610562,7.278237982371059,4.8464320322505365,True
9491,Zählfeld I_71.2_1_I (veraltet),9.997188,53.545395,2025-09,14154.44707584611,5099.552924153889,379.47910540944446,340.52089459055554,37.29967440651038,14.975741592261535,2.4906729444226228,True
9491,Zählfeld I_71.2_1_I (veraltet),9.997188,53.545395,2025-10,8504.115266927778,6384.884733072222,326.24710055888886,417.7528994411111,26.06648534917095,15.283878918887726,1.7054888675516882,True
9491,Zählfeld I_71.2_1_I (veraltet),9.997188,53.545395,2025-11,7223.7202596619445,6134.2797403380555,257.97459228055556,462.0254077194445,28.001673326828712,13.276931609923434,2.1090470411024578,True
9491,Zählfeld I_71.2_1_I (veraltet),9.997188,53.545395,2025-12,5800.665617075833,6635.334382924167,234.07368837805555,509.9263116219445,24.781365463456535,13.012339688491213,1.9044511637960433,True
9491,Zählfeld I_71.2_1_I (veraltet),9.997188,53.545395,2026-01,2768.8332870680556,2929.1667129319444,251.92644384916667,492.0735561508333,10.990641731623104,5.952700925131768,1.8463285607414952,True
9491,Zählfeld I_71.2_1_I (veraltet),9.997188,53.545395,2026-02,5211.345041472778,2852.6549585272223,274.9950323086111,397.00496769138886,18.950687936880204,7.1854389508413625,2.6373737313099315,True
9507,Zählfeld D_15.1_1_I (veraltet),10.023593,53.53475,2025-01,784.0974257991667,873.9025742008333,252.25277094527777,491.74722905472225,3.108379832106043,1.7771377703148874,1.749093336503267,True
9507,Zählfeld D_15.1_1_I (veraltet),10.023593,53.53475,2025-02,668.9512163844445,395.0487836155556,275.4455073022222,396.55449269777773,2.4286154562341906,0.9962030209972437,2.437872005048768,True
9507,Zählfeld D_15.1_1_I (veraltet),10.023593,53.53475,2025-03,1504.7252732272223,343.2747267727778,368.8174108408333,375.1825891591667,4.079865074148034,0.914953776352206,4.459094196445521,True
9507,Zählfeld D_15.1_1_I (veraltet),10.023593,53.53475,2025-04,2387.9371952008332,334.06280479916666,421.24926776527775,298.75073223472225,5.668703492041211,1.1181991163680243,5.0694938039778545,True
9507,Zählfeld D_15.1_1_I (veraltet),10.023593,53.53475,2025-05,3174.058703919167,288.94129608083335,493.9207367352778,250.07926326472221,6.42625115296655,1.1553988615800328,5.561933083592027,True
9507,Zählfeld D_15.1_1_I (veraltet),10.023593,53.53475,2025-06,3178.670272056389,230.32972794361112,508.2723593,211.7276407,6.253871991847244,1.087858567649033,5.7487914126212765,True
9507,Zählfeld D_15.1_1_I (veraltet),10.023593,53.53475,2025-07,3814.8897573602776,472.11024263972223,508.95938871444446,235.04061128555554,7.4954698585993675,2.008632636111323,3.7316280358316107,True
9507,Zählfeld D_15.1_1_I (veraltet),10.023593,53.53475,2025-08,3500.416826367778,498.5831736322222,456.3271263661111,287.6728736338889,7.67084975693379,1.7331601945435822,4.425932340867004,True
9507,Zählfeld D_15.1_1_I (veraltet),10.023593,53.53475,2025-09,2481.4934291180557,551.5065708819444,379.47910540944446,340.52089459055554,6.539209652770243,1.6195968577642772,4.03755392672044,True
9507,Zählfeld D_15.1_1_I (veraltet),10.023593,53.53475,2025-10,1625.8927130522222,820.1072869477778,326.24710055888886,417.7528994411111,4.983623487433086,1.9631396647275334,2.538598540376784,True
9507,Zählfeld D_15.1_1_I (veraltet),10.023593,53.53475,2025-11,129.45830009583332,74.54169990416666,257.97459228055556,462.0254077194445,0.5018257765285788,0.16133679806074774,3.1104235522241344,True
9507,Zählfeld D_15.1_1_I (veraltet),10.023593,53.53475,2025-12,55.91769903555556,43.08230096444444,234.07368837805555,509.9263116219445,0.2388892977379078,0.08448730724918022,2.827517002445663,True
9507,Zählfeld D_15.1_1_I (veraltet),10.023593,53.53475,2026-01,26.349242373055556,51.65075762694444,251.92644384916667,492.0735561508333,0.1045910146250124,0.10496552188452114,0.9964320926263697,True
9507,Zählfeld D_15.1_1_I (veraltet),10.023593,53.53475,2026-02,41.809075229444446,21.190924770555554,274.9950323086111,397.00496769138886,0.15203574725860694,0.053376976348135485,2.8483394463372917,True
9508,Zählfeld B_46.5_1_I (veraltet),10.092938,53.6564,2025-01,4357.196924219722,4227.803075780278,252.25277094527777,491.74722905472225,17.27313800316963,8.597512758551412,2.009085474864706,True
9508,Zählfeld B_46.5_1_I (veraltet),10.092938,53.6564,2025-02,5306.2297030925,3035.7702969075,275.4455073022222,396.55449269777773,19.264172267912286,7.655367302120373,2.5164269077692096,True
9508,Zählfeld B_46.5_1_I (veraltet),10.092938,53.6564,2025-03,9366.795367326667,2324.2046326733334,368.8174108408333,375.1825891591667,25.396836190493723,6.194862714397756,4.099660857934399,True
9508,Zählfeld B_46.5_1_I (veraltet),10.092938,53.6564,2025-04,11520.136112646667,3372.863887353333,421.24926776527775,298.75073223472225,27.347551661658308,11.28989329038144,2.422303821503555,True
9508,Zählfeld B_46.5_1_I (veraltet),10.092938,53.6564,2025-05,11767.204331293611,1547.795668706389,493.9207367352778,250.07926326472221,23.824074302027885,6.189220363577147,3.8492851930478733,True
9508,Zählfeld B_46.5_1_I (veraltet),10.092938,53.6564,2025-06,13800.62735171139,849.3726482886111,508.2723593,211.7276407,27.152031974978556,4.011628550152786,6.768331523102868,True
9508,Zählfeld B_46.5_1_I (veraltet),10.092938,53.6564,2025-07,12746.934168731945,1206.0658312680555,508.95938871444446,235.04061128555554,25.04509092744865,5.131308264863139,4.880839278151738,True
9508,Zählfeld B_46.5_1_I (veraltet),10.092938,53.6564,2025-08,8779.088523699444,1608.9114763005555,456.3271263661111,287.6728736338889,19.238585690950103,5.592850851652284,3.439853162768767,True
9508,Zählfeld B_46.5_1_I (veraltet),10.092938,53.6564,2025-09,12157.587557443334,4833.412442556667,379.47910540944446,340.52089459055554,32.03756777155287,14.19417286674403,2.257092968524759,True
9508,Zählfeld B_46.5_1_I (veraltet),10.092938,53.6564,2025-10,1678.5770787097222,704.4229212902778,326.24710055888886,417.7528994411111,5.1451095682817645,1.6862191075937163,3.051269876560695,True
9508,Zählfeld B_46.5_1_I (veraltet),10.092938,53.6564,2025-11,469.4363002327778,393.5636997672222,257.97459228055556,462.0254077194445,1.8196997467186649,0.851822633975588,2.136242539395607,True
9508,Zählfeld B_46.5_1_I (veraltet),10.092938,53.6564,2025-12,1444.2004385705557,999.7995614294445,234.07368837805555,509.9263116219445,6.169853812180753,1.9606745889407808,3.146801538094042,True
9508,Zählfeld B_46.5_1_I (veraltet),10.092938,53.6564,2026-01,1870.8438859908333,1614.1561140091667,251.92644384916667,492.0735561508333,7.426151290060461,3.2803146883885503,2.2638533175939126,True
9508,Zählfeld B_46.5_1_I (veraltet),10.092938,53.6564,2026-02,3464.2799584247223,2101.7200415752777,274.9950323086111,397.00496769138886,12.59760923439868,5.293938899044322,2.37962875557042,True
9509,Zählfeld B_46.5_2_G (veraltet),10.092938,53.6564,2025-01,1064.9291151291666,802.0708848708333,252.25277094527777,491.74722905472225,4.221674597026274,1.631063354261581,2.588295902790067,True
9509,Zählfeld B_46.5_2_G (veraltet),10.092938,53.6564,2025-02,1008.9516787452778,561.0483212547222,275.4455073022222,396.55449269777773,3.6629810688407547,1.414807628172072,2.5890311841004965,True
9509,Zählfeld B_46.5_2_G (veraltet),10.092938,53.6564,2025-03,2062.1281780455556,481.87182195444444,368.8174108408333,375.1825891591667,5.5911898880920425,1.28436616164514,4.353267825843611,True
9509,Zählfeld B_46.5_2_G (veraltet),10.092938,53.6564,2025-04,2684.930513230278,404.06948676972223,421.24926776527775,298.75073223472225,6.373733365695332,1.3525305318825234,4.712450636381593,True
9509,Zählfeld B_46.5_2_G (veraltet),10.092938,53.6564,2025-05,2438.299897136111,232.7001028638889,493.9207367352778,250.07926326472221,4.9366218419028325,0.9305053918747491,5.3053124517169135,True
9509,Zählfeld B_46.5_2_G (veraltet),10.092938,53.6564,2025-06,2857.6346676858334,179.36533231416666,508.2723593,211.7276407,5.622250778345313,0.847151235054435,6.636655352316221,True
9509,Zählfeld B_46.5_2_G (veraltet),10.092938,53.6564,2025-07,2638.1934681941666,248.80653180583334,508.95938871444446,235.04061128555554,5.1835048663859995,1.0585682637778426,4.8967128939677345,True
9509,Zählfeld B_46.5_2_G (veraltet),10.092938,53.6564,2025-08,2221.5566725952776,366.4433274047222,456.3271263661111,287.6728736338889,4.8683423452957815,1.2738195394504999,3.8218461834836406,True
9509,Zählfeld B_46.5_2_G (veraltet),10.092938,53.6564,2025-09,3162.3889108188887,902.6110891811111,379.47910540944446,340.52089459055554,8.333499435777323,2.6506775458416914,3.1439129398635015,True
9509,Zählfeld B_46.5_2_G (veraltet),10.092938,53.6564,2025-10,606.3839646411111,221.6160353588889,326.24710055888886,417.7528994411111,1.858664685762185,0.5304955050111608,3.503638896474875,True
9509,Zählfeld B_46.5_2_G (veraltet),10.092938,53.6564,2025-11,212.69917565611112,147.30082434388888,257.97459228055556,462.0254077194445,0.8244966055602639,0.31881541985096695,2.5861252443363063,True
9509,Zählfeld B_46.5_2_G (veraltet),10.092938,53.6564,2025-12,353.0810124636111,280.9189875363889,234.07368837805555,509.9263116219445,1.5084182033024798,0.5509011422510398,2.7380923501790626,True
9509,Zählfeld B_46.5_2_G (veraltet),10.092938,53.6564,2026-01,376.3247675886111,356.6752324113889,251.92644384916667,492.0735561508333,1.4937882734292243,0.724841292430798,2.0608487527244996,True
9509,Zählfeld B_46.5_2_G (veraltet),10.092938,53.6564,2026-02,833.857863595,366.142136405,274.9950323086111,397.00496769138886,3.0322651889187924,0.9222608435711563,3.287860706714304,True
9510,Zählfeld B_37.2_1_G (veraltet),10.018335,53.564533,2025-01,852.4027535966667,895.5972464033333,252.25277094527777,491.74722905472225,3.379161110509989,1.8212552984282706,1.8554022126530967,True
9510,Zählfeld B_37.2_1_G (veraltet),10.018335,53.564533,2025-02,963.7955587222223,603.2044412777777,275.4455073022222,396.55449269777773,3.4990425807335237,1.5211136234371,2.300316377962026,True
9510,Zählfeld B_37.2_1_G (veraltet),10.018335,53.564533,2025-03,1876.9560590580556,514.0439409419445,368.8174108408333,375.1825891591667,5.0891199924075,1.3701167266156573,3.7143696544587117,True
9510,Zählfeld B_37.2_1_G (veraltet),10.018335,53.564533,2025-04,2437.6311110330557,587.3688889669445,421.24926776527775,298.75073223472225,5.78667144981559,1.9660835124094724,2.9432480427669705,True
9510,Zählfeld B_37.2_1_G (veraltet),10.018335,53.564533,2025-05,2663.513110334167,309.48688966583336,493.9207367352778,250.07926326472221,5.392592195945208,1.2375551880054325,4.3574559326412325,True
9510,Zählfeld B_37.2_1_G (veraltet),10.018335,53.564533,2025-06,2976.4050642144443,209.59493578555555,508.2723593,211.7276407,5.855925489069664,0.9899271304049229,5.9155116666762515,True
9510,Zählfeld B_37.2_1_G (veraltet),10.018335,53.564533,2025-07,3022.034968568611,335.96503143138887,508.95938871444446,235.04061128555554,5.937674076907827,1.4293914128023528,4.153987510857427,True
9510,Zählfeld B_37.2_1_G (veraltet),10.018335,53.564533,2025-08,2554.7673338119444,564.2326661880555,456.3271263661111,287.6728736338889,5.598543645994552,1.9613690337245162,2.854406055021309,True
9510,Zählfeld B_37.2_1_G (veraltet),10.018335,53.564533,2025-09,2039.462885606111,802.5371143938888,379.47910540944446,340.52089459055554,5.374374653396537,2.3567925702734467,2.280376610646297,True
9510,Zählfeld B_37.2_1_G (veraltet),10.018335,53.564533,2025-10,1422.0554133072221,887.9445866927778,326.24710055888886,417.7528994411111,4.35882927655486,2.1255258500436756,2.0507063117888187,True
9510,Zählfeld B_37.2_1_G (veraltet),10.018335,53.564533,2025-11,1177.1499701877779,925.8500298122223,257.97459228055556,462.0254077194445,4.563046150326269,2.0038941892442974,2.2770893667030747,True
9510,Zählfeld B_37.2_1_G (veraltet),10.018335,53.564533,2025-12,855.1032067361111,862.8967932638889,234.07368837805555,509.9263116219445,3.6531368077347612,1.6921989973791234,2.1588104078732684,True
9510,Zählfeld B_37.2_1_G (veraltet),10.018335,53.564533,2026-01,453.70417836583334,433.29582163416666,251.92644384916667,492.0735561508333,1.8009390813989934,0.8805509180854055,2.0452412738547827,True
9510,Zählfeld B_37.2_1_G (veraltet),10.018335,53.564533,2026-02,846.2013331913889,453.79866680861113,274.9950323086111,397.00496769138886,3.0771513437440787,1.143055386554686,2.6920404557289244,True
9511,Zählfeld B_37.2_2_I (veraltet),10.018335,53.564533,2025-01,2628.43956221,2416.56043779,252.25277094527777,491.74722905472225,10.419863981514789,4.914232953453169,2.12034392349937,True
9511,Zählfeld B_37.2_2_I (veraltet),10.018335,53.564533,2025-02,3044.8766006030555,1652.1233993969445,275.4455073022222,396.55449269777773,11.054370174432286,4.166195137917808,2.6533491131567755,True
9511,Zählfeld B_37.2_2_I (veraltet),10.018335,53.564533,2025-03,6822.045654705833,1864.9543452941666,368.8174108408333,375.1825891591667,18.497081358368824,4.9707912871803925,3.7211542971181593,True
9511,Zählfeld B_37.2_2_I (veraltet),10.018335,53.564533,2025-04,12453.009430724167,1559.9905692758334,421.24926776527775,298.75073223472225,29.562091577718892,5.221712956506433,5.661378138544271,True
9511,Zählfeld B_37.2_2_I (veraltet),10.018335,53.564533,2025-05,14599.954993065556,1112.0450069344445,493.9207367352778,250.07926326472221,29.559307611922684,4.4467701656545815,6.6473657308014795,True
9511,Zählfeld B_37.2_2_I (veraltet),10.018335,53.564533,2025-06,26077.329607561667,1232.6703924383332,508.2723593,211.7276407,51.305818879224006,5.821962538112452,8.81246118355443,True
9511,Zählfeld B_37.2_2_I (veraltet),10.018335,53.564533,2025-07,36412.05112729389,2141.948872706111,508.95938871444446,235.04061128555554,71.54215431464051,9.11310118277311,7.850472948756428,True
9511,Zählfeld B_37.2_2_I (veraltet),10.018335,53.564533,2025-08,46053.7991611675,4227.2008388325,456.3271263661111,287.6728736338889,100.9227733795044,14.694471485734555,6.868077799019896,True
9511,Zählfeld B_37.2_2_I (veraltet),10.018335,53.564533,2025-09,31868.510431939445,6478.489568060556,379.47910540944446,340.52089459055554,83.97961831799529,19.02523360820584,4.414117589692761,True
9511,Zählfeld B_37.2_2_I (veraltet),10.018335,53.564533,2025-10,23711.130782605,8454.869217395,326.24710055888886,417.7528994411111,72.67844140832463,20.238924083366772,3.59102297676263,True
9511,Zählfeld B_37.2_2_I (veraltet),10.018335,53.564533,2025-11,15953.665385141388,15832.334614858612,257.97459228055556,462.0254077194445,61.84200251702025,34.26723801404548,1.8046976091762166,True
9511,Zählfeld B_37.2_2_I (veraltet),10.018335,53.564533,2025-12,11486.786856079721,15432.213143920279,234.07368837805555,509.9263116219445,49.07337913831331,30.263614157964074,1.6215306896978567,True
9511,Zählfeld B_37.2_2_I (veraltet),10.018335,53.564533,2026-01,6389.370579921667,5904.629420078333,251.92644384916667,492.0735561508333,25.362048073631797,11.999485333587833,2.113594655817507,True
9511,Zählfeld B_37.2_2_I (veraltet),10.018335,53.564533,2026-02,11860.584100981667,6515.415899018333,274.9950323086111,397.00496769138886,43.13017584867212,16.411421592293728,2.6280584900045865,True
9512,Zählfeld D_74.2_1_I (veraltet),9.932612,53.59693,2025-01,8792.025061906112,7436.974938093889,252.25277094527777,491.74722905472225,34.854027684054266,15.123572637897453,2.3046160135942473,True
9512,Zählfeld D_74.2_1_I (veraltet),9.932612,53.59693,2025-02,10844.854033833612,5242.1459661663885,275.4455073022222,396.55449269777773,39.37204908531873,13.219232319129302,2.9783914931538176,True
9512,Zählfeld D_74.2_1_I (veraltet),9.932612,53.59693,2025-03,15665.559292415834,3648.440707584167,368.8174108408333,375.1825891591667,42.47510782286918,9.724440347194149,4.3678717032929075,True
9512,Zählfeld D_74.2_1_I (veraltet),9.932612,53.59693,2025-04,22088.17490035833,4419.825099641666,421.24926776527775,298.75073223472225,52.43492770334257,14.794357378073643,3.5442517956917206,True
9512,Zählfeld D_74.2_1_I (veraltet),9.932612,53.59693,2025-05,23310.309773854166,2354.6902261458335,493.9207367352778,250.07926326472221,47.19443432954624,9.415775604126235,5.012272627744487,True
9512,Zählfeld D_74.2_1_I (veraltet),9.932612,53.59693,2025-06,27113.766751063333,1614.2332489366668,508.2723593,211.7276407,53.34495621285565,7.624102566862763,6.996883337419021,True
9512,Zählfeld D_74.2_1_I (veraltet),9.932612,53.59693,2025-07,26174.78286955889,2365.2171304411113,508.95938871444446,235.04061128555554,51.428038169553155,10.063014716922948,5.110599518757211,True
9512,Zählfeld D_74.2_1_I (veraltet),9.932612,53.59693,2025-08,17546.447152080833,3621.5528479191667,456.3271263661111,287.6728736338889,38.45146636757975,12.589135715758133,3.0543372663342643,True
9512,Zählfeld D_74.2_1_I (veraltet),9.932612,53.59693,2025-09,21489.01141237778,6758.988587622222,379.47910540944446,340.52089459055554,56.627653818230385,19.848968727012398,2.852926748842422,True
9512,Zählfeld D_74.2_1_I (veraltet),9.932612,53.59693,2025-10,13140.557612445555,6541.442387554444,326.24710055888886,417.7528994411111,40.27792918292506,15.65864030221187,2.5722494677418175,True
9512,Zählfeld D_74.2_1_I (veraltet),9.932612,53.59693,2025-11,12335.3925073975,7659.6074926025,257.97459228055556,462.0254077194445,47.816307793530186,16.578325270920253,2.884266475179126,True
9512,Zählfeld D_74.2_1_I (veraltet),9.932612,53.59693,2025-12,8065.5947971450005,7163.405202855,234.07368837805555,509.9263116219445,34.457502904462075,14.047922296988462,2.4528540360626097,True
9512,Zählfeld D_74.2_1_I (veraltet),9.932612,53.59693,2026-01,3818.8757558730554,3009.1242441269446,251.92644384916667,492.0735561508333,15.158693535798456,6.11519193932171,2.47885817586943,True
9512,Zählfeld D_74.2_1_I (veraltet),9.932612,53.59693,2026-02,6851.809008664444,3307.1909913355557,274.9950323086111,397.00496769138886,24.916119215473877,8.3303516592427,2.9910044899279757,True
9527,Zählfeld D_56.1_1_I (veraltet),9.999764,53.55507,2025-01,6493.109758670833,6539.890241329167,135.55056015916668,240.44943984083335,47.90175526420894,27.198608762234084,1.7611840253653586,True
9527,Zählfeld D_56.1_1_I (veraltet),9.999764,53.55507,2025-02,16110.520091924722,9016.479908075278,275.4455073022222,396.55449269777773,58.48895576375497,22.737051462299082,2.5724072384995518,True
9527,Zählfeld D_56.1_1_I (veraltet),9.999764,53.55507,2025-03,32110.96629231972,4704.033707680278,368.8174108408333,375.1825891591667,87.0646703449082,12.537985086735057,6.944071933617221,True
9527,Zählfeld D_56.1_1_I (veraltet),9.999764,53.55507,2025-04,37595.00600389861,10126.99399610139,421.24926776527775,298.75073223472225,89.24646018576996,33.8978047697129,2.632809433887298,True
9527,Zählfeld D_56.1_1_I (veraltet),9.999764,53.55507,2025-05,43148.19540581778,3118.8045941822224,493.9207367352778,250.07926326472221,87.35854196164986,12.471264324226683,7.004786338458654,True
9527,Zählfeld D_56.1_1_I (veraltet),9.999764,53.55507,2025-06,46221.299176151944,1661.7008238480555,508.2723593,211.7276407,90.93805384146519,7.8482942442198365,11.58698323631786,True
9527,Zählfeld D_56.1_1_I (veraltet),9.999764,53.55507,2025-07,31484.195798204444,1696.8042017955554,475.64259723472225,218.35740276527775,66.19296921942313,7.770765636095823,8.518204295333723,True
9527,Zählfeld D_56.1_1_I (veraltet),9.999764,53.55507,2025-08,33243.081471705555,5729.9185282944445,456.3271263661111,287.6728736338889,72.84923369870991,19.91817461241309,3.6574251966497955,True
9527,Zählfeld D_56.1_1_I (veraltet),9.999764,53.55507,2025-09,23144.085794293056,9672.914205706944,379.47910540944446,340.52089459055554,60.98909126846763,28.406228103381782,2.147032370735868,True
9527,Zählfeld D_56.1_1_I (veraltet),9.999764,53.55507,2025-10,12747.439546079167,9535.560453920833,326.24710055888886,417.7528994411111,39.07295888374709,22.825839070603557,1.7117863121214905,True
9527,Zählfeld D_56.1_1_I (veraltet),9.999764,53.55507,2025-11,15239.168293168612,10530.831706831388,257.97459228055556,462.0254077194445,59.07236119049868,22.792754534456297,2.591716639653962,True
9527,Zählfeld D_56.1_1_I (veraltet),9.999764,53.55507,2025-12,11214.45602815139,12581.54397184861,234.07368837805555,509.9263116219445,47.909938557633915,24.673259028015153,1.941775851468781,True
9527,Zählfeld D_56.1_1_I (veraltet),9.999764,53.55507,2026-01,4316.893143462222,4961.106856537778,251.92644384916667,492.0735561508333,17.135530028149134,10.082043211883287,1.6996088657854784,True
9527,Zählfeld D_56.1_1_I (veraltet),9.999764,53.55507,2026-02,9229.780385038333,4942.219614961667,274.9950323086111,397.00496769138886,33.563444064983265,12.448760134415982,2.6961274618982647,True
9528,Zählfeld D_55.3_2_I (veraltet),9.947548,53.54874,2025-01,3662.739577299722,4104.260422700278,252.25277094527777,491.74722905472225,14.520116324487452,8.346280731647091,1.7397109912000275,True
9528,Zählfeld D_55.3_2_I (veraltet),9.947548,53.54874,2025-02,7867.012426824722,4402.987573175278,275.4455073022222,396.55449269777773,28.561048259149636,11.103108536790389,2.572347029168632,True
9528,Zählfeld D_55.3_2_I (veraltet),9.947548,53.54874,2025-03,14022.76261600889,2992.237383991111,368.8174108408333,375.1825891591667,38.02088026169824,7.9754164250987944,4.767259568045346,True
9528,Zählfeld D_55.3_2_I (veraltet),9.947548,53.54874,2025-04,19452.312708864167,4410.687291135833,421.24926776527775,298.75073223472225,46.177677202997764,14.76377064632748,3.1277698840766375,True
9528,Zählfeld D_55.3_2_I (veraltet),9.947548,53.54874,2025-05,22946.38721379722,1741.6127862027777,493.9207367352778,250.07926326472221,46.45763076373039,6.964243110230167,6.670880098296134,True
9528,Zählfeld D_55.3_2_I (veraltet),9.947548,53.54874,2025-06,22633.343575845,1050.656424155,508.2723593,211.7276407,44.52995163265609,4.962301665863696,8.973648647558711,True
9528,Zählfeld D_55.3_2_I (veraltet),9.947548,53.54874,2025-07,21273.784765809167,1499.2152341908334,508.95938871444446,235.04061128555554,41.7985899023173,6.3785369940576215,6.553005797608095,True
9528,Zählfeld D_55.3_2_I (veraltet),9.947548,53.54874,2025-08,18331.36447131778,2847.6355286822222,456.3271263661111,287.6728736338889,40.17154232599911,9.898867045442412,4.05819596743596,True
9528,Zählfeld D_55.3_2_I (veraltet),9.947548,53.54874,2025-09,17565.505584306666,5559.494415693333,379.47910540944446,340.52089459055554,46.28846577825177,16.326441355024937,2.8351840288823964,True
9528,Zählfeld D_55.3_2_I (veraltet),9.947548,53.54874,2025-10,11109.789869007222,6108.2101309927775,326.24710055888886,417.7528994411111,34.053298404722106,14.621586443001641,2.328974255801162,True
9528,Zählfeld D_55.3_2_I (veraltet),9.947548,53.54874,2025-11,8329.367969037223,6877.632030962778,257.97459228055556,462.0254077194445,32.28755163601061,14.885830770456415,2.1690124074291517,True
9528,Zählfeld D_55.3_2_I (veraltet),9.947548,53.54874,2025-12,5846.388068623333,6973.611931376667,234.07368837805555,509.9263116219445,24.976699043511264,13.67572484972466,1.826352849151841,True
9528,Zählfeld D_55.3_2_I (veraltet),9.947548,53.54874,2026-01,2815.8843982591666,2802.1156017408334,251.92644384916667,492.0735561508333,11.177407005137944,5.6945055606318995,1.9628406515942758,True
9528,Zählfeld D_55.3_2_I (veraltet),9.947548,53.54874,2026-02,5216.277783828334,2898.722216171667,274.9950323086111,397.00496769138886,18.968625505839704,7.30147593121551,2.5979165972107654,True
9529,Zählfeld I_86.1_2_I (veraltet),10.010613,53.559757,2025-01,18209.007423754723,20471.992576245277,252.25277094527777,490.74722905472225,72.18555956994771,41.71596162790047,1.7304062222952226,True
9529,Zählfeld I_86.1_2_I (veraltet),10.010613,53.559757,2025-02,25285.075746434723,14769.924253565277,275.4455073022222,396.55449269777773,91.79701638295964,37.24563591017424,2.464638182157707,True
9529,Zählfeld I_86.1_2_I (veraltet),10.010613,53.559757,2025-03,45653.51303714,11679.48696286,368.8174108408333,375.1825891591667,123.7835083030888,31.130141164160257,3.9763233854396782,True
9529,Zählfeld I_86.1_2_I (veraltet),10.010613,53.559757,2025-04,66579.08446753472,9880.915532465278,421.24926776527775,298.75073223472225,158.051513823955,33.07411318644752,4.778707532775764,True
9529,Zählfeld I_86.1_2_I (veraltet),10.010613,53.559757,2025-05,49102.05648708611,3929.9435129138888,493.9207367352778,250.07926326472221,99.41282646207846,15.71479162889981,6.326067109872225,True
9529,Zählfeld I_86.1_2_I (veraltet),10.010613,53.559757,2025-06,43375.482090920275,2051.5179090797224,508.2723593,211.7276407,85.33905355517977,9.689419398889672,8.80744759226326,True
9529,Zählfeld I_86.1_2_I (veraltet),10.010613,53.559757,2025-07,31078.673737450277,2353.3262625497223,508.95938871444446,235.04061128555554,61.06317012041054,10.012424021866668,6.098739924223287,True
9529,Zählfeld I_86.1_2_I (veraltet),10.010613,53.559757,2025-08,50296.88120451333,5489.118795486666,456.3271263661111,287.6728736338889,110.22110739951971,19.081113648805392,5.776450443521168,True
9529,Zählfeld I_86.1_2_I (veraltet),10.010613,53.559757,2025-09,32898.37483710472,7518.625162895278,379.47910540944446,340.52089459055554,86.69350793796286,22.0797762555385,3.926376197594694,True
9529,Zählfeld I_86.1_2_I (veraltet),10.010613,53.559757,2025-10,25892.64875362972,10659.351246370277,326.24710055888886,417.7528994411111,79.36514595615846,25.515924032199045,3.110416297524872,True
9529,Zählfeld I_86.1_2_I (veraltet),10.010613,53.559757,2025-11,24555.524906876388,25558.475093123612,257.97459228055556,462.0254077194445,95.18582698319172,55.31833242522341,1.7206922698159641,True
9529,Zählfeld I_86.1_2_I (veraltet),10.010613,53.559757,2025-12,17700.690733096668,25903.309266903332,234.07368837805555,509.9263116219445,75.6201641275804,50.798142156092254,1.4886403501768857,True
9529,Zählfeld I_86.1_2_I (veraltet),10.010613,53.559757,2026-01,9268.720128625278,9624.279871374722,251.92644384916667,492.0735561508333,36.79137444648186,19.558620354767914,1.8810822941053214,True
9529,Zählfeld I_86.1_2_I (veraltet),10.010613,53.559757,2026-02,17094.642333355834,9241.357666644166,274.9950323086111,397.00496769138886,62.16345869903388,23.27768773369083,2.6705169091628442,True
9530,Zählfeld A_27.3_1_G (veraltet),9.993779,53.558514,2025-01,53.102015962222225,33.897984037777775,252.25277094527777,491.74722905472225,0.21051113041585523,0.06893375709089265,3.053817741839976,True
9530,Zählfeld A_27.3_1_G (veraltet),9.993779,53.558514,2025-02,79.60769156444445,32.392308435555556,275.4455073022222,396.55449269777773,0.2890143039330749,0.08168438142054388,3.538183174150682,True
9530,Zählfeld A_27.3_1_G (veraltet),9.993779,53.558514,2025-03,124.51889424611112,18.48110575388889,368.8174108408333,375.1825891591667,0.33761663789741325,0.04925896426939072,6.853912641180045,True
9530,Zählfeld A_27.3_1_G (veraltet),9.993779,53.558514,2025-04,287.0278599736111,15.972140026388889,421.24926776527775,298.75073223472225,0.681372958809615,0.05346309917607134,12.744733644520545,True
9530,Zählfeld A_27.3_1_G (veraltet),9.993779,53.558514,2025-05,381.8040278361111,19.19597216388889,493.9207367352778,250.07926326472221,0.7730066778725736,0.07675955180485688,10.070494937721385,True
9530,Zählfeld A_27.3_1_G (veraltet),9.993779,53.558514,2025-06,681.9923291116667,14.007670888333333,508.2723593,211.7276407,1.3417851996730972,0.0661589145471139,20.281245677293704,True
9530,Zählfeld A_27.3_1_G (veraltet),9.993779,53.558514,2025-07,660.8573834416667,27.142616558333334,508.95938871444446,235.04061128555554,1.2984481632432283,0.11548053934116613,11.243869925193202,True
9530,Zählfeld A_27.3_1_G (veraltet),9.993779,53.558514,2025-08,375.68925314722225,52.310746852777775,456.3271263661111,287.6728736338889,0.8232893278533849,0.1818410828660606,4.527521035825542,True
9530,Zählfeld A_27.3_1_G (veraltet),9.993779,53.558514,2025-09,348.31272023944445,64.68727976055555,378.6129751238889,340.3870248761111,0.9199703737714492,0.19004038060528142,4.840920497219223,True
9530,Zählfeld A_27.3_1_G (veraltet),9.993779,53.558514,2025-10,241.9712712275,106.0287287725,326.24710055888886,417.7528994411111,0.7416809860163747,0.25380728395745444,2.9222210428787463,True
9530,Zählfeld A_27.3_1_G (veraltet),9.993779,53.558514,2025-11,136.9342808413889,140.0657191586111,257.97459228055556,462.0254077194445,0.5308052999749235,0.3031558802144127,1.7509318954971334,True
9530,Zählfeld A_27.3_1_G (veraltet),9.993779,53.558514,2025-12,102.59618535416666,79.40381464583334,234.07368837805555,509.9263116219445,0.4383072102852594,0.15571625318424973,2.814781381662431,True
9530,Zählfeld A_27.3_1_G (veraltet),9.993779,53.558514,2026-01,57.478070565277775,48.521929434722225,251.92644384916667,492.0735561508333,0.22815417741414645,0.09860706560677078,2.313771087398431,True
9530,Zählfeld A_27.3_1_G (veraltet),9.993779,53.558514,2026-02,107.02944881388889,54.97055118611111,274.9950323086111,397.00496769138886,0.3892050264158078,0.13846313184887493,2.810892843595392,True
9531,Zählfeld A_27.3_2_I (veraltet),9.993779,53.558514,2025-01,2338.2350748152776,2578.7649251847224,252.25277094527777,491.74722905472225,9.269412843526387,5.244086337083872,1.7675934848702197,True
9531,Zählfeld A_27.3_2_I (veraltet),9.993779,53.558514,2025-02,5632.101906891944,3093.8980931080555,275.4455073022222,396.55449269777773,20.447245489875908,7.801949416989656,2.620786728679584,True
9531,Zählfeld A_27.3_2_I (veraltet),9.993779,53.558514,2025-03,12678.92432857861,2732.075671421389,368.8174108408333,375.1825891591667,34.37723913215779,7.281989490888498,4.720858108237027,True
9531,Zählfeld A_27.3_2_I (veraltet),9.993779,53.558514,2025-04,20401.21912445889,1720.780875541111,421.24926776527775,298.75073223472225,48.43027795083683,5.759921867535806,8.408148420172258,True
9531,Zählfeld A_27.3_2_I (veraltet),9.993779,53.558514,2025-05,21882.662896241945,1028.3371037580555,493.9207367352778,250.07926326472221,44.3039971167888,4.112044678688556,10.77420129854196,True
9531,Zählfeld A_27.3_2_I (veraltet),9.993779,53.558514,2025-06,24572.139966313334,692.8600336866666,508.2723593,211.7276407,48.34443486195952,3.272411818296271,14.773334637059609,True
9531,Zählfeld A_27.3_2_I (veraltet),9.993779,53.558514,2025-07,31198.69215203083,948.3078479691667,508.95938871444446,235.04061128555554,61.29898149798175,4.034655299704988,15.193114887029854,True
9531,Zählfeld A_27.3_2_I (veraltet),9.993779,53.558514,2025-08,32451.711808529722,1839.2881914702778,456.3271263661111,287.6728736338889,71.11501800682724,6.39367962726675,11.122705883408234,True
9531,Zählfeld A_27.3_2_I (veraltet),9.993779,53.558514,2025-09,32354.05455749889,3651.9454425011113,378.6129751238889,340.3870248761111,85.45416212139077,10.728803319780743,7.964929505589737,True
9531,Zählfeld A_27.3_2_I (veraltet),9.993779,53.558514,2025-10,21063.90724946778,5245.092750532222,326.24710055888886,417.7528994411111,64.5642741755667,12.555490955417298,5.142313781661342,True
9531,Zählfeld A_27.3_2_I (veraltet),9.993779,53.558514,2025-11,9869.952362513612,11094.047637486388,257.97459228055556,462.0254077194445,38.25939707961521,24.011769595630167,1.593360161450905,True
9531,Zählfeld A_27.3_2_I (veraltet),9.993779,53.558514,2025-12,7937.2765578525,11683.7234421475,234.07368837805555,509.9263116219445,33.909306991535495,22.91257222045393,1.4799432671843293,True
9531,Zählfeld A_27.3_2_I (veraltet),9.993779,53.558514,2026-01,4123.518323638334,4200.481676361666,251.92644384916667,492.0735561508333,16.3679455821921,8.536288170450089,1.917454665934629,True
9531,Zählfeld A_27.3_2_I (veraltet),9.993779,53.558514,2026-02,8476.078061597778,4033.921938402222,274.9950323086111,397.00496769138886,30.822658832925985,10.16088529536483,3.0334619412529533,True
9535,Zählfeld K_87.1_1_I (veraltet),9.912326,53.56031,2025-01,3456.5049765525,2799.4950234475,252.25277094527777,491.74722905472225,13.702545124082437,5.692955360071727,2.406930013923348,True
9535,Zählfeld K_87.1_1_I (veraltet),9.912326,53.56031,2025-02,4486.127947220555,2156.8720527794444,275.4455073022222,396.55449269777773,16.286807474766036,5.439030681776289,2.994431991225146,True
9535,Zählfeld K_87.1_1_I (veraltet),9.912326,53.56031,2025-03,6988.5890711875,1345.4109288125,368.8174108408333,375.1825891591667,18.948641972337615,3.586016429567646,5.284036574986408,True
9535,Zählfeld K_87.1_1_I (veraltet),9.912326,53.56031,2025-04,1239.6543662694444,255.34563373055556,421.24926776527775,298.75073223472225,2.942804797847592,0.854711323451873,3.4430394416241703,True
9535,Zählfeld K_87.1_1_I (veraltet),9.912326,53.56031,2025-05,20.97258618277778,0.0274138172222221,491.9207367352778,250.07926326472221,0.04263407621716904,0.00010962051336980753,,False
9535,Zählfeld K_87.1_1_I (veraltet),9.912326,53.56031,2025-06,15.886320543888889,0.113679456111111,442.4804757277778,188.5195242722222,0.03590287349460917,0.0006030115795696463,,False
9535,Zählfeld K_87.1_1_I (veraltet),9.912326,53.56031,2025-08,145.20608718305556,9.793912816944445,90.34359728666666,53.656402713333335,1.607264837178293,0.18253017946934988,,False
9536,Zählfeld K_87.1_2_I (veraltet),9.912326,53.56031,2025-01,3453.803972925,2880.196027075,252.25277094527777,491.74722905472225,13.691837596005032,5.857066104086757,2.337661442211072,True
9536,Zählfeld K_87.1_2_I (veraltet),9.912326,53.56031,2025-02,4485.096597308333,2199.9034026916665,275.4455073022222,396.55449269777773,16.283063177310165,5.547543763091994,2.9351842676108233,True
9536,Zählfeld K_87.1_2_I (veraltet),9.912326,53.56031,2025-03,6804.546053494722,1367.4539465052778,368.8174108408333,375.1825891591667,18.449633486612402,3.644769203096341,5.061948359017872,True
9536,Zählfeld K_87.1_2_I (veraltet),9.912326,53.56031,2025-04,1235.2823352922221,320.7176647077778,421.24926776527775,298.75073223472225,2.9324260712555774,1.073529300861417,2.731575252675965,True
9536,Zählfeld K_87.1_2_I (veraltet),9.912326,53.56031,2025-05,43.95122213194445,3.0487778680555557,491.9207367352778,250.07926326472221,0.08934614633982457,0.012191246200322744,,False
9536,Zählfeld K_87.1_2_I (veraltet),9.912326,53.56031,2025-06,18.0,0.0,442.4804757277778,188.5195242722222,0.0406797610005146,0.0,,False
9536,Zählfeld K_87.1_2_I (veraltet),9.912326,53.56031,2025-08,95.38128575638889,10.618714243611112,90.34359728666666,53.656402713333335,1.0557614332506295,0.19790209008872706,5.334766463443066,True
9589,Zählfeld B_72.2_1_I (veraltet),9.973194,53.569805,2025-04,1242.5043646288889,258.4956353711111,41.63114470694445,30.368855293055557,29.845548888345316,8.511866281315559,3.5063460705273806,True
9589,Zählfeld B_72.2_1_I (veraltet),9.973194,53.569805,2025-05,5649.704844646944,439.2951553530556,96.4874928725,58.5125071275,58.553753201076,7.507713767858589,7.7991456536011725,True
9590,Zählfeld D_72.2_1_I (veraltet),9.973194,53.569805,2025-03,3149.5357927708333,616.4642072291667,89.26354867083333,79.73645132916667,35.28356019527081,7.731272171673274,4.563745708571324,True
9590,Zählfeld D_72.2_1_I (veraltet),9.973194,53.569805,2025-04,20299.68490491,4190.31509509,421.24926776527775,298.75073223472225,48.18924674361947,14.026124936148294,3.4356778485143518,True
9590,Zählfeld D_72.2_1_I (veraltet),9.973194,53.569805,2025-05,29207.69908846111,1805.3009115388888,493.9207367352778,250.07926326472221,59.13438516778715,7.218914867115078,8.191589214767848,True
9590,Zählfeld D_72.2_1_I (veraltet),9.973194,53.569805,2025-06,31074.05407980111,987.9459201988889,508.2723593,211.7276407,61.13661998578232,4.666116889285721,13.10224785113366,True
9590,Zählfeld D_72.2_1_I (veraltet),9.973194,53.569805,2025-07,25494.19915232611,1224.800847673889,508.95938871444446,235.04061128555554,50.09083183772414,5.21101796398008,9.612484966270522,True
9590,Zählfeld D_72.2_1_I (veraltet),9.973194,53.569805,2025-08,22460.2360615125,3089.7639384875,456.3271263661111,287.6728736338889,49.219594373823526,10.74054671703156,4.582596740236207,True
9590,Zählfeld D_72.2_1_I (veraltet),9.973194,53.569805,2025-09,19746.38607386778,7810.613926132222,379.47910540944446,340.52089459055554,52.03550285742909,22.93725304440937,2.2686022060567534,True
9590,Zählfeld D_72.2_1_I (veraltet),9.973194,53.569805,2025-10,12003.866815750833,7965.133184249166,326.24710055888886,417.7528994411111,36.793788497084556,19.066613768343164,1.9297495058180871,True
9590,Zählfeld D_72.2_1_I (veraltet),9.973194,53.569805,2025-11,11744.324584496944,8587.675415503056,257.97459228055556,462.0254077194445,45.525121217071714,18.58701983055821,2.4492964247138533,True
9590,Zählfeld D_72.2_1_I (veraltet),9.973194,53.569805,2025-12,8210.134673251112,8979.865326748888,234.07368837805555,509.9263116219445,35.07500022809404,17.610123506249845,1.991752085988829,True
9590,Zählfeld D_72.2_1_I (veraltet),9.973194,53.569805,2026-01,3996.299292243611,3962.700707756389,251.92644384916667,492.0735561508333,15.862960756260563,8.05306576267577,1.9698039509104692,True
9590,Zählfeld D_72.2_1_I (veraltet),9.973194,53.569805,2026-02,7840.6080974275,4169.3919025725,274.9950323086111,397.00496769138886,28.511817219405028,10.502115192204773,2.714864262826598,True
11871,Zählfeld J_6.1_2_I (veraltet),9.96656,53.541073,2025-03,6110.4650500775,979.5349499225,89.26354867083333,79.73645132916667,68.45420265118902,12.284656936622378,5.572333277546964,True
11871,Zählfeld J_6.1_2_I (veraltet),9.96656,53.541073,2025-04,32514.999883019165,4715.000116980833,421.24926776527775,298.75073223472225,77.18707751234997,15.782388487256846,4.890709512991208,True
11871,Zählfeld J_6.1_2_I (veraltet),9.96656,53.541073,2025-05,37179.878802488056,2374.1211975119445,493.9207367352778,250.07926326472221,75.27499057488453,9.493474854805578,7.929129399524398,True
11871,Zählfeld J_6.1_2_I (veraltet),9.96656,53.541073,2025-06,39563.802674496386,2806.197325503611,508.2723593,211.7276407,77.83976828679849,13.253807184673413,5.8730119732548784,True
11871,Zählfeld J_6.1_2_I (veraltet),9.96656,53.541073,2025-07,33310.662251845555,3333.3377481544444,508.95938871444446,235.04061128555554,65.44856621268609,14.18196510774347,4.614915190910365,True
11871,Zählfeld J_6.1_2_I (veraltet),9.96656,53.541073,2025-08,30445.10066530528,6268.899334694722,456.3271263661111,287.6728736338889,66.71770952507256,21.79176387229659,3.0616020766400367,True
11871,Zählfeld J_6.1_2_I (veraltet),9.96656,53.541073,2025-09,30710.845199034444,7099.154800965555,379.47910540944446,340.52089459055554,80.92894908113198,20.847927142625487,3.8818702947050006,True
11871,Zählfeld J_6.1_2_I (veraltet),9.96656,53.541073,2025-10,17226.906512168887,5893.093487831111,326.24710055888886,417.7528994411111,52.80324785310809,14.106648920247258,3.7431460973923896,True
11871,Zählfeld J_6.1_2_I (veraltet),9.96656,53.541073,2025-11,14454.111767025834,8933.888232974166,257.97459228055556,462.0254077194445,56.02920674957993,19.336357013506685,2.8976092399640136,True
11871,Zählfeld J_6.1_2_I (veraltet),9.96656,53.541073,2025-12,9770.652238800832,8467.347761199168,234.07368837805555,509.9263116219445,41.74177929396371,16.605041881966653,2.5138015062338366,True
11871,Zählfeld J_6.1_2_I (veraltet),9.96656,53.541073,2026-01,5425.183694838333,3514.8163051616666,251.92644384916667,492.0735561508333,21.534792505095247,7.142867689651431,3.0148664991085865,True
11871,Zählfeld J_6.1_2_I (veraltet),9.96656,53.541073,2026-02,9127.63790363611,3445.3620963638887,274.9950323086111,397.00496769138886,33.1920101501786,8.678385352200769,3.8246757666460813,True
11872,Zählfeld J_6.2_1_I (veraltet),9.96656,53.541008,2025-03,4676.424852043333,2138.5751479566666,89.26354867083333,79.73645132916667,52.38896415924527,26.82054583954629,1.9533146145742837,True
11872,Zählfeld J_6.2_1_I (veraltet),9.96656,53.541008,2025-04,24518.53605294639,10371.463947053611,421.24926776527775,298.75073223472225,58.204341061568904,34.71611222329982,1.6765800469588554,True
11872,Zählfeld J_6.2_1_I (veraltet),9.96656,53.541008,2025-05,28409.17272326861,6898.827276731389,493.9207367352778,250.07926326472221,57.51767563161621,27.586562702836392,2.084988849506153,True
11872,Zählfeld J_6.2_1_I (veraltet),9.96656,53.541008,2025-06,31336.504088962778,5553.495911037222,508.2723593,211.7276407,61.65297702224032,26.229432740461373,2.350526510896852,True
11872,Zählfeld J_6.2_1_I (veraltet),9.96656,53.541008,2025-07,26922.589236053056,5879.410763946945,508.95938871444446,235.04061128555554,52.89732311266622,25.01444636222432,2.1146709524041016,True
11872,Zählfeld J_6.2_1_I (veraltet),9.96656,53.541008,2025-08,26474.869996484165,7066.130003515833,456.3271263661111,287.6728736338889,58.01730483855432,24.563073724179663,2.3619725075955222,True
11872,Zählfeld J_6.2_1_I (veraltet),9.96656,53.541008,2025-09,23425.065298091668,13082.934701908332,379.47910540944446,340.52089459055554,61.72952598488092,38.420358074177315,1.606687940432547,True
11872,Zählfeld J_6.2_1_I (veraltet),9.96656,53.541008,2025-10,8643.723327645277,7801.276672354722,326.24710055888886,417.7528994411111,26.49440657966875,18.674380675254742,1.4187569076802773,True
11872,Zählfeld J_6.2_1_I (veraltet),9.96656,53.541008,2025-11,8820.186224732222,13470.813775267778,257.97459228055556,462.0254077194445,34.19013534146801,29.15600213797691,1.1726619849891535,True
11872,Zählfeld J_6.2_1_I (veraltet),9.96656,53.541008,2025-12,5604.996606061389,11843.00339393861,234.07368837805555,509.9263116219445,23.945436349123888,23.22493098320238,1.0310229281819014,True
11872,Zählfeld J_6.2_1_I (veraltet),9.96656,53.541008,2026-01,3053.7446946125,5913.2553053875,251.92644384916667,492.0735561508333,12.121572662061777,12.017015000039818,1.0087008014903545,True
11872,Zählfeld J_6.2_1_I (veraltet),9.96656,53.541008,2026-02,5737.9266529013885,6573.0733470986115,274.9950323086111,397.00496769138886,20.865564751228103,16.556652641707444,1.2602526128177738,True
11882,Zählfeld D_6.2_1_I (veraltet),9.966496,53.5413,2025-01,3265.2217541630557,6138.778245836945,252.25277094527777,491.74722905472225,12.944245337433355,12.4836051595805,1.0368996112873161,True
11882,Zählfeld D_6.2_1_I (veraltet),9.966496,53.5413,2025-02,8326.5802083625,9057.4197916375,275.4455073022222,396.55449269777773,30.229500890811313,22.840290447901555,1.323516483284854,True
11882,Zählfeld D_6.2_1_I (veraltet),9.966496,53.5413,2025-03,13093.865632353056,6489.134367646944,279.55386217,296.44613783,46.83843582311348,21.889758507726633,2.139742007961416,True
11964,Zählfeld J_87.1_1_I (veraltet),9.912326,53.56031,2025-08,642.0419166063889,77.9580833936111,345.73603956166664,222.26396043833336,1.8570291874124165,0.3507454975600527,5.294520386806865,True
11964,Zählfeld J_87.1_1_I (veraltet),9.912326,53.56031,2025-09,2172.387427013611,452.6125729863889,379.47910540944446,340.52089459055554,5.72465623547226,1.3291770936130456,4.306917613146018,True
11964,Zählfeld J_87.1_1_I (veraltet),9.912326,53.56031,2025-10,2469.0811311269445,859.9188688730555,326.24710055888886,417.7528994411111,7.568132029057729,2.0584390198691485,3.6766364978540014,True
11964,Zählfeld J_87.1_1_I (veraltet),9.912326,53.56031,2025-11,2497.5957309119444,1683.4042690880556,257.97459228055556,462.0254077194445,9.681557043399568,3.643531807909292,2.6571902082432968,True
11964,Zählfeld J_87.1_1_I (veraltet),9.912326,53.56031,2025-12,1864.7782348013889,1725.2217651986111,234.07368837805555,509.9263116219445,7.966629003553618,3.3832766144408675,2.3547081458103634,True
11964,Zählfeld J_87.1_1_I (veraltet),9.912326,53.56031,2026-01,626.5185528805556,496.48144711944445,251.92644384916667,492.0735561508333,2.4869106367240454,1.008957788756403,2.4648311995185668,True
11964,Zählfeld J_87.1_1_I (veraltet),9.912326,53.56031,2026-02,1253.8791725033334,572.1208274966667,274.9950323086111,397.00496769138886,4.559642994191171,1.441092364217981,3.1640185649484684,True
11965,Zählfeld J_87.1_2_I (veraltet),9.912326,53.56031,2025-08,494.56983178583334,45.43016821416666,345.73603956166664,222.26396043833336,1.4304838813242096,0.20439736664717248,6.998543595688727,True
11965,Zählfeld J_87.1_2_I (veraltet),9.912326,53.56031,2025-09,3121.3599154575,775.6400845425,379.47910540944446,340.52089459055554,8.225380188165206,2.277804671795939,3.6110998849079934,True
11965,Zählfeld J_87.1_2_I (veraltet),9.912326,53.56031,2025-10,3576.6730227041667,1431.3269772958333,326.24710055888886,417.7528994411111,10.963079875888624,3.426252646506411,3.199728977098978,True
11965,Zählfeld J_87.1_2_I (veraltet),9.912326,53.56031,2025-11,3162.6135887747223,2469.3864112252777,257.97459228055556,462.0254077194445,12.259399504487945,5.344698300065701,2.293749584394173,True
11965,Zählfeld J_87.1_2_I (veraltet),9.912326,53.56031,2025-12,2575.640940221667,2508.359059778333,234.07368837805555,509.9263116219445,11.003547464342573,4.919061838170084,2.236919930332884,True
11965,Zählfeld J_87.1_2_I (veraltet),9.912326,53.56031,2026-01,854.1967300294444,708.8032699705556,251.92644384916667,492.0735561508333,3.39065926140278,1.4404417004544112,2.35390245945611,True
11965,Zählfeld J_87.1_2_I (veraltet),9.912326,53.56031,2026-02,1797.606263728611,837.3937362713889,274.9950323086111,397.00496769138886,6.53686813408055,2.109277728036732,3.0991026203860406,True
